4,8,4,7,2,0,185,206,199,192,10,9,8,1,185,171,178,199,192,4,4,9,10,2,7,1,5,3,1,1,1,2,0,9,1,6,9,2,1,3,9,11,7,10,4,7,6,4,0,9,8,11,7,6,0,6,6,7,10,9,11,2,6,4,5,6,2,11,1,11,1,8,7,2,0,4,10,5,1,10,2,3,6,0,4,0,8,7,4,4,9,6,11,3,10,5,6,9,5,9,0,6,9,10,10,2,2,9,1,1,225,1,231,82,693,46,444,72,70,67,78,77,73,69,64,75,66,77,67,65,78,64,69,72,76,68,65,429,688,89,216,222,79,772,59,55,58,57,48,59,50,60,56,52,49,56,48,55,51,52,57,52,51,50,50,57,55,55,56,50,60,47,60,55,47,60,57,51,55,51
1,8,1,3,0,337,186,207,200,193,302,178,185,316,186,172,179,200,193,302,206,171,6,0,1,6,3,2,4,7,11,1,4,1,4,7,0,10,0,7,9,11,10,9,0,5,11,5,6,7,9,5,7,7,1,11,6,1,3,2,3,1,7,4,10,3,10,8,11,5,11,10,3,5,1,9,8,1,7,1,9,1,7,8,5,9,7,1,4,11,6,8,0,10,6,4,8,8,9,2,0,3,4,10,6,2,0,4,5,11,226,9,232,82,695,42,466,457,76,68,68,68,69,66,66,76,66,76,77,67,70,73,67,77,77,63,74,430,691,86,217,223,83,818,786,826,60,56,51,48,62,57,51,60,55,61,55,55,54,56,55,58,59,49,52,56,48,56,62,53,61,48,49,50,52,60,59,47,47,49
0,6,5,192,316,338,187,208,201,194,303,179,186,317,187,173,180,201,194,303,207,172,267,4,11,8,9,0,5,0,5,5,6,3,5,7,7,10,8,6,0,2,3,10,7,2,9,9,8,6,9,9,3,7,1,3,6,1,5,1,8,9,6,8,4,8,2,3,2,6,0,5,11,10,2,5,7,3,1,4,11,0,9,4,1,1,0,4,3,9,0,4,5,4,2,2,7,8,5,10,6,7,2,11,7,0,9,9,2,1,227,9,233,84,731,704,728,435,67,70,71,66,74,66,76,69,64,71,70,67,71,69,66,76,68,74,65,433,692,86,218,224,132,99,134,770,54,58,48,47,57,53,54,47,59,58,58,61,47,60,56,59,62,48,59,55,50,58,47,48,49,51,60,53,55,54,52,48,50,50
4,7,344,193,317,339,188,209,202,195,304,180,187,318,188,174,181,202,195,304,208,173,268,274,11,10,9,0,5,1,2,9,8,6,6,3,7,1,6,2,3,6,4,8,11,10,3,2,6,0,5,6,11,6,2,3,1,4,11,8,5,1,3,2,6,11,1,9,1,1,8,3,10,9,5,5,8,4,5,2,5,2,3,7,2,7,7,7,10,11,6,1,8,3,0,5,11,0,5,6,7,2,3,4,7,9,7,10,7,8,264,259,242,128,99,138,698,436,71,63,67,78,73,69,74,66,65,64,74,73,77,66,73,72,68,77,73,434,689,88,219,363,4,10,83,819,822,53,55,47,59,50,54,53,62,51,56,55,49,835,786,786,785,789,822,55,59,62,57,59,54,48,54,51,56,50,49,55,61,50
9,357,345,194,318,340,189,210,203,196,305,181,188,319,189,175,182,203,196,305,209,174,269,275,351,3,1,11,3,8,3,3,2,7,8,9,6,1,9,6,6,7,1,5,0,9,8,6,10,5,2,6,1,7,4,1,9,4,5,7,5,5,6,3,9,10,9,4,11,10,3,0,3,9,4,4,6,5,11,6,6,2,6,11,5,7,9,7,8,10,11,6,10,8,11,1,1,1,0,6,0,9,10,0,1,7,2,3,5,11,9,225,258,165,265,84,696,437,69,73,65,70,76,66,72,68,64,75,70,64,78,78,63,76,68,78,449,456,687,90,220,364,288,2,131,136,816,825,53,60,60,58,53,59,59,48,48,57,837,831,145,99,101,137,818,786,822,50,52,48,62,55,52,55,50,48,47,56,57,52
4,358,346,195,319,341,190,211,204,197,306,182,189,320,190,176,183,204,197,306,210,175,270,276,352,8,4,0,4,2,8,9,2,10,0,7,3,10,0,8,7,3,3,1,4,6,3,8,6,2,3,5,11,11,7,2,3,3,7,8,10,0,4,1,2,7,5,2,3,5,4,0,8,5,10,2,8,2,8,11,6,3,3,8,2,1,2,8,5,4,10,0,8,11,4,9,11,4,7,2,4,11,8,8,6,3,10,2,9,4,2,226,1,166,228,84,693,438,63,78,70,77,64,76,69,75,66,65,71,71,77,74,77,67,76,68,429,714,720,90,221,365,289,295,9,130,135,767,62,61,49,47,58,834,821,55,61,50,774,147,140,9,7,127,97,138,818,785,825,60,58,53,48,55,56,52,60,54,62,60
1,359,347,196,320,342,191,212,205,198,307,183,190,321,191,177,184,205,198,307,211,176,271,277,353,5,4,7,2,4,10,3,4,1,5,3,0,5,7,4,2,206,178,7,0,3,5,1,11,7,3,4,3,6,11,7,5,3,11,7,5,4,6,8,11,1,2,11,6,10,0,4,0,2,11,1,10,4,6,8,11,2,7,9,8,3,1,2,6,10,2,10,10,5,10,0,3,0,7,2,4,2,10,8,5,9,1,9,4,7,4,227,10,1,229,79,697,441,67,76,75,67,69,65,76,66,77,66,69,78,63,64,68,71,70,71,430,691,149,142,222,366,290,296,295,3,82,817,790,787,822,55,838,832,819,785,821,49,775,90,8,5,7,7,11,129,98,137,816,822,51,54,55,59,48,50,47,53,62,49
4,360,348,197,321,343,10,192,178,9,308,184,191,322,171,185,178,192,2,308,212,177,272,278,354,10,4,10,3,10,206,323,288,185,330,302,3,3,10,11,337,207,179,302,0,2,1,1,9,9,0,1,10,2,5,5,9,4,10,0,5,10,10,5,8,5,11,10,5,0,7,5,4,4,6,10,2,11,2,1,10,10,3,0,8,0,0,8,5,7,2,10,9,11,8,9,8,0,7,11,11,0,4,0,2,2,1,1,3,3,2,242,1,2,230,81,697,442,73,66,74,74,71,76,71,69,66,73,74,71,64,63,73,77,73,75,431,692,85,8,223,367,291,297,296,302,132,100,102,137,815,789,830,149,97,137,820,788,828,85,6,4,206,171,178,185,4,132,138,818,788,821,51,61,58,61,61,56,54,58
1,361,349,198,322,9,309,193,179,267,199,171,185,344,172,186,179,193,302,192,206,185,273,279,355,1,8,7,0,357,207,324,289,186,331,303,302,171,185,337,338,208,180,303,302,178,199,10,1,1,0,9,3,6,3,3,0,7,8,2,9,7,3,3,10,5,3,9,6,6,1,6,2,1,2,6,3,10,6,0,7,8,9,8,5,6,10,7,10,11,3,8,1,7,2,5,10,0,1,11,2,11,9,4,5,4,1,4,8,8,9,256,257,10,225,82,695,468,467,66,72,75,68,77,74,78,69,68,76,63,76,76,67,72,75,76,432,687,86,7,224,368,292,298,297,303,295,199,185,129,97,99,101,144,2,130,100,102,101,140,10,323,207,172,179,186,274,1,130,98,135,817,823,61,52,54,53,52,61,52
4,362,350,7,178,309,310,194,180,268,200,172,186,345,173,187,180,194,303,193,207,186,267,280,356,3,0,4,8,358,208,325,290,187,332,304,303,172,186,338,339,209,181,304,303,179,200,295,192,206,1,6,4,7,5,10,6,11,5,8,2,7,1,2,1,10,10,11,6,9,2,6,11,4,11,7,3,11,2,0,11,8,6,7,11,11,7,11,3,11,11,11,2,11,185,2,0,9,4,2,2,7,10,8,11,10,8,8,9,9,11,9,228,10,226,84,729,725,444,63,65,70,74,73,64,72,69,69,78,67,69,72,75,68,70,455,452,691,89,11,363,369,293,299,298,304,296,200,186,288,192,330,295,192,192,192,192,178,185,178,323,324,208,173,180,187,275,295,185,185,129,138,815,822,54,62,49,50,60,58
5,228,3,357,179,310,311,195,181,269,201,173,187,346,174,188,181,195,304,194,208,187,268,351,222,1,9,0,7,359,209,326,291,188,333,305,304,173,187,339,340,210,182,305,304,180,201,296,193,207,267,171,6,0,4,10,1,6,10,7,10,7,6,4,2,8,1,2,2,8,11,5,0,3,10,2,0,4,1,11,8,10,11,0,11,3,0,6,2,1,4,6,1,330,186,274,8,2,1,7,0,6,3,8,9,2,4,8,10,10,9,9,229,6,227,130,135,696,464,463,76,66,68,75,78,72,65,65,73,78,72,77,63,74,76,429,716,718,90,6,364,295,294,300,299,305,297,201,187,289,193,331,296,193,193,193,193,179,186,179,324,325,209,174,181,188,276,296,186,186,281,127,138,820,822,51,58,53,60,56
8,229,5,358,180,311,312,196,182,270,202,174,188,347,175,189,182,196,305,195,209,188,269,352,223,7,4,8,6,360,210,327,292,189,334,306,305,174,188,340,341,211,183,306,305,181,202,297,194,208,268,172,274,8,7,3,2,8,9,9,5,9,11,10,1,3,10,3,1,7,10,11,5,10,5,8,9,6,2,0,4,3,8,4,1,6,7,309,295,9,0,11,316,331,187,275,274,171,206,10,2,7,0,9,6,6,7,9,6,0,8,11,230,6,266,263,82,729,724,468,465,66,77,77,77,78,69,64,68,74,66,67,76,68,70,430,690,150,144,11,365,296,302,301,300,306,298,202,188,290,194,332,297,194,194,194,194,180,187,180,325,326,210,175,182,189,277,297,187,187,282,288,129,134,819,785,821,52,47,48
1,230,5,359,181,312,313,197,183,271,203,175,189,348,176,190,183,197,306,196,210,189,270,353,224,5,11,0,9,361,211,328,293,190,335,307,306,175,189,341,342,212,184,307,306,182,203,298,195,209,269,173,275,302,9,11,8,6,199,206,178,185,192,206,199,1,1,1,5,192,171,171,178,171,199,5,0,9,7,6,5,5,8,5,3,4,330,310,296,288,192,344,317,332,188,276,275,172,207,302,8,6,3,5,10,4,3,0,9,2,1,9,266,167,265,242,127,135,734,726,444,67,71,78,71,71,78,78,78,78,73,77,74,67,72,433,690,89,8,10,366,297,303,295,301,307,299,203,189,291,195,333,298,195,195,195,195,181,188,181,326,327,211,176,183,190,278,298,188,188,283,289,295,131,135,19,770,49,55,58
6,258,265,360,182,313,314,198,184,272,204,176,190,349,177,191,184,198,307,197,211,190,271,354,213,11,6,1,4,362,212,329,294,191,336,308,307,176,190,342,343,10,2,308,307,183,204,299,196,210,270,174,276,303,281,7,9,323,200,207,179,186,193,207,200,274,178,185,323,193,172,172,179,172,200,302,199,1,9,11,1,11,1,171,185,344,331,311,297,289,193,345,318,333,189,277,276,173,208,303,274,1,7,1,1,11,4,5,3,8,2,4,5,168,240,262,261,128,136,693,468,459,69,75,72,74,72,70,65,66,77,67,66,68,66,434,690,85,2,9,367,298,304,296,267,308,300,204,190,292,196,334,299,196,196,196,196,182,189,182,327,328,212,177,184,191,279,299,189,189,284,290,296,281,132,135,815,822,48,56
8,3,377,361,183,314,315,11,6,273,205,177,191,350,10,1,4,4,308,198,212,191,272,355,214,7,10,0,6,231,7,316,281,178,178,9,308,177,191,343,10,10,10,2,308,184,205,300,197,211,271,175,277,304,282,295,309,324,201,208,180,187,194,208,201,275,179,186,324,194,173,173,180,173,201,303,200,295,10,6,7,0,316,172,186,345,332,312,298,290,194,346,319,334,190,278,277,174,209,304,275,274,9,3,6,4,0,7,6,3,11,5,11,11,241,10,266,265,81,729,724,444,73,71,78,73,66,70,66,75,66,74,76,77,65,443,688,89,1,3,368,299,305,297,268,288,301,205,191,293,197,335,300,197,197,197,197,183,190,183,328,329,10,185,206,199,280,300,190,190,285,291,297,282,288,129,138,815,826,48
2,357,378,362,184,315,6,2,4,8,11,10,5,9,2,3,2,4,10,9,2,6,273,356,215,7,10,3,5,232,357,317,282,179,179,302,185,178,171,178,185,316,281,9,2,0,3,301,198,212,272,176,278,305,283,296,310,325,202,209,181,188,195,209,202,276,180,187,325,195,174,174,181,174,202,304,201,296,267,6,2,309,317,173,187,346,333,313,299,291,195,347,320,335,191,279,278,175,210,305,276,275,281,10,6,8,7,8,2,2,171,192,178,171,264,255,7,242,127,133,696,520,71,68,65,64,71,73,69,71,76,78,78,67,451,452,689,89,5,11,369,300,306,298,269,289,295,199,185,294,198,336,301,198,198,198,198,184,191,184,329,11,323,186,207,200,288,301,191,191,286,292,298,283,289,267,132,134,767,60
5,358,379,228,5,11,10,10,0,7,10,5,5,5,10,3,1,9,1,5,6,0,0,222,216,4,9,2,4,233,358,318,283,180,180,303,186,179,172,179,186,317,282,274,192,199,171,171,185,10,273,177,279,306,284,297,311,326,203,210,182,189,196,210,203,277,181,188,326,196,175,175,182,175,203,305,202,297,268,288,316,310,318,174,188,347,334,314,300,292,196,348,321,336,2,280,279,176,211,306,277,276,282,288,178,10,5,192,171,330,172,193,179,172,295,384,6,266,259,84,696,521,74,78,72,76,76,64,75,73,70,68,66,69,433,713,720,88,6,8,3,301,307,299,270,290,296,200,186,274,185,171,323,274,171,199,199,199,206,185,171,309,324,187,208,201,289,274,192,185,287,293,299,284,290,268,351,82,770,57
8,359,380,229,1,0,4,0,11,9,7,8,0,4,104,91,116,9,6,5,6,9,5,223,217,10,10,6,8,228,359,319,284,181,181,304,187,180,173,180,187,318,283,275,193,200,172,172,186,302,192,192,280,307,285,298,312,327,204,211,183,190,197,211,204,278,182,189,327,197,176,176,183,176,204,306,203,298,269,289,317,311,319,175,189,348,335,315,301,293,197,349,322,171,171,206,280,177,212,307,278,277,283,289,179,295,316,193,172,331,173,194,180,173,296,385,0,10,231,80,696,522,78,63,72,71,68,71,71,68,67,70,75,78,434,689,145,155,92,120,1,0,308,300,271,291,297,201,187,275,186,172,324,275,172,200,200,200,207,186,172,310,325,188,209,202,290,275,193,186,295,294,300,285,291,269,352,81,770,52
7,360,381,230,7,11,11,8,1,6,11,0,8,107,110,12,89,5,4,0,11,5,1,224,218,6,8,10,1,229,360,320,285,182,182,305,188,181,174,181,188,319,284,276,194,201,173,173,187,303,193,193,267,308,286,299,313,328,205,212,184,191,198,212,205,279,183,190,328,198,177,177,184,177,205,307,204,299,270,290,318,312,320,176,190,349,336,0,178,294,198,350,337,172,172,207,295,206,4,308,279,278,284,290,180,296,317,194,173,332,174,195,181,174,297,386,9,5,232,80,695,441,71,70,78,69,77,66,66,65,76,64,71,73,443,689,90,80,13,90,3,3,5,301,272,292,298,202,188,276,187,173,325,276,173,201,201,201,208,187,173,311,326,189,210,203,291,276,194,187,296,281,301,286,292,270,353,79,769,52
9,361,382,242,0,107,93,96,94,95,93,96,96,111,13,147,143,10,10,0,5,1,3,355,219,9,7,3,7,230,361,321,286,183,183,306,189,182,175,182,189,320,285,277,195,202,174,174,188,304,194,194,268,295,287,300,314,329,106,91,95,93,95,95,116,280,184,191,329,105,94,96,96,92,119,308,205,300,271,291,319,313,321,177,191,350,9,344,179,288,206,337,338,173,173,208,296,207,288,5,280,279,285,291,181,297,318,195,174,333,175,196,182,175,298,387,10,1,233,83,696,442,69,74,72,71,77,64,70,66,67,63,75,447,448,690,89,132,98,155,95,95,94,115,273,293,299,203,189,277,188,174,326,277,174,202,202,202,209,188,174,312,327,190,211,204,292,277,195,188,297,282,288,287,293,271,354,83,769,47
1,362,383,262,257,84,15,27,27,30,24,26,25,13,18,121,118,7,3,2,10,9,8,356,220,4,3,5,10,242,362,322,287,184,184,307,190,183,176,183,190,321,286,278,196,203,175,175,189,305,195,195,269,296,281,301,315,1,81,16,30,28,14,30,125,95,116,104,93,112,27,23,16,29,124,91,118,301,272,292,320,314,322,4,192,185,323,345,180,289,207,338,339,174,174,209,297,208,289,288,6,280,286,292,182,298,319,196,175,334,176,197,183,176,299,388,3,11,240,80,698,458,463,63,74,68,77,72,64,73,68,75,67,427,715,720,89,10,106,111,27,27,23,87,6,294,300,204,190,278,189,175,327,278,175,203,203,203,210,189,175,313,328,191,212,205,293,278,196,189,298,283,289,267,294,272,355,80,769,47
3,228,8,10,242,129,97,98,97,98,135,25,26,146,133,15,89,1,105,91,116,3,6,239,221,6,5,0,1,377,234,105,92,115,1,308,191,184,177,184,191,322,287,279,197,204,176,176,190,306,196,196,270,297,282,274,185,192,127,102,99,135,30,13,19,29,123,110,30,23,147,98,98,135,17,17,90,2,273,293,321,315,10,337,193,186,324,346,181,290,208,339,340,175,175,210,298,209,290,289,274,7,287,293,183,299,320,197,176,335,177,198,184,177,300,389,3,7,241,83,732,725,466,467,67,73,75,72,68,66,78,69,78,428,690,15,126,118,83,29,22,149,100,158,95,120,301,205,191,279,190,176,328,279,176,204,204,204,211,190,176,314,329,11,3,0,294,279,197,190,299,284,290,268,267,273,356,81,770,50
2,229,5,0,384,105,96,119,0,7,80,16,24,122,109,22,89,4,82,15,87,6,243,246,213,7,3,10,357,378,235,83,28,88,1,7,6,8,10,9,7,11,2,280,198,205,177,177,191,307,197,197,271,298,283,275,186,193,302,7,6,84,29,16,12,19,24,19,147,97,141,2,2,129,134,28,90,4,8,294,322,192,316,338,194,187,325,347,182,291,209,340,341,176,176,211,299,210,291,290,275,288,199,294,184,300,321,198,177,336,11,5,0,206,301,390,192,199,377,127,137,730,726,466,459,71,70,71,66,77,71,76,449,452,690,19,25,124,109,27,16,125,118,82,26,123,119,3,5,280,191,177,329,280,177,205,205,205,212,191,177,315,2,6,2,11,6,280,198,191,300,285,291,269,268,351,213,81,769,55
6,230,5,309,385,83,29,88,8,103,111,21,22,25,14,16,87,6,128,97,143,0,216,4,214,5,5,9,358,379,236,79,15,88,10,11,8,10,0,6,10,106,93,95,95,96,115,0,5,308,198,198,272,299,284,276,187,194,303,302,1,127,99,101,97,97,98,101,140,4,10,199,185,178,130,102,142,9,2,0,323,193,317,339,195,188,326,348,183,292,210,341,342,177,177,212,300,211,292,291,276,289,200,281,206,301,322,171,5,6,178,171,309,207,302,323,193,200,378,11,127,133,734,725,464,401,461,72,73,72,67,449,448,715,722,147,133,22,30,28,12,28,121,111,26,24,85,103,92,117,6,7,108,94,118,6,2,9,7,9,7,10,2,0,106,94,115,106,96,118,301,286,292,270,269,352,214,83,772,60
8,231,357,310,386,130,102,141,0,79,26,15,12,15,16,21,90,104,95,119,11,11,217,11,215,8,5,11,359,380,234,84,150,139,10,0,5,9,1,5,108,114,20,29,29,17,123,116,8,4,5,6,273,300,285,277,188,195,304,303,274,206,206,1,1,206,2,8,206,192,309,200,186,179,281,178,171,206,171,323,324,194,318,340,196,189,327,349,184,293,211,342,343,106,93,116,301,212,293,292,277,290,201,282,207,267,337,172,274,344,179,172,310,208,303,324,194,201,379,5,2,80,17,734,700,402,444,75,70,445,395,452,711,719,147,141,83,22,145,136,28,23,18,145,136,17,90,82,30,124,94,117,83,25,123,95,119,104,94,120,3,9,3,0,84,23,85,83,16,124,116,287,293,271,270,353,215,82,772,55
4,232,358,311,387,4,10,2,3,82,29,147,97,134,27,24,86,82,19,89,1,6,218,3,355,10,6,0,360,381,235,83,125,119,105,91,94,91,93,93,111,30,17,17,30,16,20,124,92,92,119,11,9,301,286,278,189,196,305,304,275,207,207,267,344,207,302,330,207,193,310,201,187,180,282,179,172,207,172,324,325,195,319,341,197,190,328,350,11,294,212,343,106,112,19,122,94,118,294,293,278,291,202,283,208,268,338,173,275,345,180,173,311,209,304,325,195,202,380,1,104,110,18,149,137,695,460,393,395,446,396,699,719,17,123,92,153,101,156,113,21,21,150,142,84,29,90,131,102,136,18,121,153,100,135,29,88,83,19,123,91,91,91,91,113,25,90,80,20,12,87,11,294,272,271,354,219,83,819,786
6,233,359,312,388,2,4,9,2,129,102,141,1,84,13,27,88,132,101,141,2,4,363,5,356,11,6,11,361,382,236,130,99,144,128,98,100,138,23,25,13,17,148,97,134,146,100,138,16,13,89,7,7,10,287,279,190,197,306,305,276,208,208,268,345,208,303,331,208,194,311,202,188,181,283,180,173,208,173,325,326,196,320,342,198,191,329,106,96,95,92,91,112,19,29,13,12,123,115,294,279,292,203,284,209,269,339,174,276,346,181,174,312,210,305,326,196,203,381,7,79,17,146,141,83,731,700,394,396,699,720,147,101,138,25,16,126,96,114,18,146,101,156,94,151,97,144,8,8,80,17,22,90,104,113,148,158,112,15,21,14,22,24,30,25,28,85,82,28,147,140,8,2,273,272,355,220,129,101,98
1,225,360,313,389,3,11,9,3,7,7,7,107,111,14,28,87,4,10,4,1,7,364,351,239,6,4,11,362,383,266,159,263,8,4,4,3,81,30,22,17,21,86,5,79,86,5,127,138,18,87,5,5,6,6,280,191,198,307,306,277,209,209,269,346,209,304,332,209,195,312,203,189,182,284,181,174,209,174,326,327,197,321,343,104,95,96,113,30,27,14,26,150,102,102,138,20,19,122,117,280,293,204,285,210,270,340,175,277,347,182,175,313,211,306,327,197,204,382,103,110,21,90,11,127,100,97,98,102,133,23,125,120,80,13,148,136,29,149,100,144,8,81,14,85,9,243,165,263,131,99,101,157,111,20,88,80,21,21,13,30,22,24,150,134,18,88,132,102,143,8,2,9,9,273,356,221,11,9,11
6,226,361,314,390,4,2,106,93,120,1,106,113,22,29,22,85,3,5,1,0,8,365,352,354,5,0,2,256,265,9,160,266,167,259,8,8,130,100,102,102,102,144,1,81,86,106,92,112,12,126,117,107,95,117,11,1,7,308,307,278,210,210,270,347,210,305,333,210,196,313,204,190,183,285,182,175,210,175,327,328,198,322,10,80,27,25,29,150,135,17,24,121,91,95,112,12,19,21,88,11,294,205,286,211,271,341,176,278,348,183,176,314,212,307,328,198,205,383,81,18,23,89,3,9,6,5,105,91,113,28,18,88,130,97,143,130,101,143,5,2,10,130,102,143,247,252,166,260,263,4,103,113,30,145,140,131,99,102,134,21,25,20,122,112,28,121,91,117,7,8,11,6,7,0,355,216,0,9,108
10,227,362,315,8,0,11,81,28,123,92,114,14,14,146,102,139,9,7,2,0,0,366,353,355,7,11,7,6,262,167,263,5,168,258,159,263,247,169,163,167,159,161,259,129,142,132,99,102,98,100,140,84,25,89,3,2,3,7,308,279,211,211,271,348,211,306,334,211,197,314,205,191,184,286,183,176,211,176,328,329,1,0,5,83,27,16,20,122,109,13,19,21,25,18,145,100,135,29,90,1,3,3,287,212,272,342,177,279,349,184,177,315,7,308,329,5,5,3,131,138,21,123,117,2,104,93,109,15,18,16,149,142,3,3,7,6,10,6,251,167,165,169,263,9,222,249,163,259,231,11,81,14,149,157,95,92,115,8,80,14,22,22,17,21,20,13,26,123,92,96,116,2,5,10,356,217,9,11,128
8,240,242,0,8,8,0,82,17,30,12,27,15,16,85,5,2,103,94,117,8,1,367,354,356,106,95,91,92,119,168,256,169,259,7,160,264,246,170,164,168,160,162,262,167,165,159,161,159,161,255,9,132,101,144,7,5,7,7,7,280,212,212,272,349,212,307,335,212,198,315,3,5,5,287,184,177,212,177,329,2,2,1,105,109,25,25,26,29,20,18,25,19,15,25,86,6,81,24,88,108,95,119,9,8,273,343,1,280,350,1,106,93,118,10,6,108,95,91,95,113,29,28,122,95,111,13,29,19,12,150,141,253,169,169,255,261,3,243,248,168,166,170,260,255,223,219,164,234,232,3,129,101,141,84,19,26,124,96,114,28,16,30,15,12,13,14,27,20,26,25,86,11,0,11,237,218,8,5,0
4,241,266,265,105,93,119,132,98,100,101,99,138,21,85,7,6,83,15,90,7,0,368,355,222,84,792,781,803,123,119,4,170,266,161,167,259,247,163,161,165,161,165,265,168,166,160,162,160,162,260,259,108,116,2,7,5,8,2,5,0,10,5,273,350,8,308,336,11,11,4,6,9,3,10,3,8,6,9,3,105,117,8,80,12,14,19,30,15,12,26,13,22,12,145,142,105,112,19,126,112,15,88,11,7,1,7,0,11,11,6,82,21,126,94,94,113,27,28,27,15,146,98,136,24,16,29,149,136,30,85,7,239,170,170,239,258,262,250,247,161,169,169,263,242,224,220,11,235,233,5,2,8,8,81,28,30,23,25,22,13,25,23,28,20,146,138,26,150,136,13,85,8,0,2,238,216,5,5,9
0,260,263,225,80,30,89,6,4,2,7,0,79,23,90,4,7,130,102,139,11,4,369,356,223,81,769,47,809,807,123,91,119,0,162,168,242,239,164,162,166,162,166,266,163,169,165,165,159,165,259,240,79,121,92,95,118,1,10,8,0,2,4,8,9,11,1,2,3,3,2,2,0,103,96,115,9,108,95,96,114,123,94,113,30,27,18,15,147,136,14,24,22,146,158,94,111,19,21,24,148,134,126,93,92,96,116,108,96,93,91,110,150,137,20,15,29,24,150,100,100,143,2,82,29,26,12,88,128,97,144,245,248,243,167,244,159,167,169,246,162,170,170,242,264,250,221,3,236,242,5,10,0,10,83,16,146,100,136,20,18,16,21,16,148,143,81,20,88,79,22,121,118,253,169,252,217,10,1,10
11,10,234,226,128,136,85,0,4,3,105,93,154,97,143,106,91,119,5,8,11,9,5,237,224,81,815,821,58,814,782,808,122,95,93,115,256,252,0,10,11,3,2,8,164,170,166,166,160,166,225,241,132,100,137,15,121,96,119,10,2,6,7,9,8,8,1,106,94,115,10,105,94,110,12,87,4,83,22,23,28,25,14,146,136,15,24,30,121,109,23,28,150,142,82,25,12,147,137,14,123,112,12,15,14,17,121,110,30,12,16,26,87,127,136,26,145,133,121,92,93,93,117,84,28,15,21,125,115,8,1,239,249,244,168,4,160,168,170,10,10,2,1,258,163,257,239,3,240,260,161,167,259,7,132,97,144,2,82,22,24,147,134,13,122,91,112,14,121,112,13,25,87,213,170,9,218,3,4,6
6,5,235,227,6,79,89,4,2,4,84,26,85,107,93,109,20,124,120,8,1,9,9,238,237,130,135,820,824,60,49,811,782,779,804,122,91,94,91,91,94,95,94,92,91,96,92,120,3,5,226,264,161,257,84,12,19,30,121,96,115,2,0,107,93,95,92,114,29,125,108,113,28,18,19,122,93,113,28,19,150,137,27,89,79,16,26,14,12,17,14,150,144,5,127,102,102,141,128,99,134,18,19,149,102,137,12,23,30,147,99,97,140,10,131,101,139,82,18,14,19,27,86,84,22,26,23,21,88,245,169,252,237,249,167,163,169,169,169,265,4,8,10,11,164,262,246,5,241,11,162,168,258,263,2,11,0,9,81,25,25,122,109,17,15,27,27,23,13,16,147,135,88,214,245,159,248,4,9,11
0,1,236,234,3,129,144,108,96,120,129,97,139,82,29,25,24,21,85,6,7,3,243,254,238,103,151,133,816,825,59,62,52,60,809,784,779,784,783,780,784,784,784,780,782,784,805,126,91,119,227,3,162,240,84,14,149,137,14,29,123,94,95,113,22,27,30,25,24,89,80,21,29,12,17,15,15,14,30,20,125,114,30,88,81,19,19,25,25,755,741,90,1,10,7,3,9,247,261,10,132,98,100,156,94,153,102,101,97,142,4,11,249,165,257,10,1,83,14,147,136,13,88,84,24,24,25,148,141,216,170,0,238,237,168,164,170,170,170,258,159,165,161,161,167,255,0,3,260,159,167,161,261,258,255,10,3,0,130,136,12,26,29,21,12,25,15,21,19,22,85,81,85,215,237,160,5,0,7,2
0,7,234,235,0,6,105,114,15,90,2,6,10,132,97,134,23,21,126,118,10,2,213,253,252,130,144,128,136,820,786,824,57,54,55,61,58,50,53,49,48,50,47,51,55,47,810,784,806,88,266,159,261,241,129,102,141,108,148,98,136,23,15,15,25,18,13,145,97,139,131,102,102,97,135,145,136,25,18,20,21,13,16,125,109,18,29,25,13,733,720,88,5,10,245,169,169,248,260,159,165,257,6,83,22,86,0,247,163,169,165,165,252,166,242,3,2,130,101,141,131,100,142,83,16,145,100,140,2,217,253,169,252,238,103,96,92,96,117,4,160,166,162,162,168,258,255,5,6,160,168,162,260,255,266,167,161,257,5,129,98,102,101,97,100,102,133,13,19,26,86,80,88,219,238,105,92,95,95,115
9,6,235,236,3,11,81,22,15,89,3,11,6,9,11,129,135,13,15,85,8,2,214,219,0,4,9,4,131,99,136,816,790,826,53,57,49,56,50,54,48,837,786,786,785,822,60,55,775,121,116,160,242,266,167,169,263,80,86,1,132,100,99,98,135,23,146,143,249,165,261,247,169,265,131,140,84,16,22,19,149,138,18,30,25,28,27,24,28,150,138,89,11,8,239,170,170,245,257,160,166,258,259,129,99,143,9,239,164,170,166,166,251,261,266,165,161,163,257,5,10,10,1,128,97,139,3,2,4,218,216,170,251,252,80,795,781,803,123,116,104,95,96,96,92,119,262,169,165,169,169,165,255,262,265,168,162,258,255,5,11,2,7,5,7,1,131,135,30,150,144,84,88,220,363,132,134,15,30,90
11,7,236,256,263,7,132,99,101,142,2,2,108,92,116,0,127,97,97,140,0,4,215,220,6,9,11,7,5,8,131,100,138,818,785,789,823,55,62,61,837,832,149,134,794,802,48,53,813,807,88,10,264,255,168,170,242,131,139,251,165,255,3,9,129,101,139,243,246,166,7,252,170,264,259,8,84,13,149,136,123,153,101,138,20,12,13,28,22,87,83,87,251,159,254,251,167,250,262,169,167,261,240,7,3,10,253,250,253,165,167,167,248,256,265,166,162,164,262,161,265,249,167,165,159,265,253,163,165,244,217,243,244,7,79,772,54,809,805,125,109,795,784,784,807,88,8,170,166,170,170,166,266,255,262,163,165,259,240,7,9,247,163,259,1,103,92,113,15,88,106,152,143,221,364,267,130,135,25,87
3,2,264,263,260,259,2,0,7,2,3,4,130,97,144,4,9,11,3,1,11,4,237,221,8,6,10,9,6,4,4,9,130,102,101,137,818,790,786,785,830,145,142,83,770,53,61,50,62,776,123,118,8,262,163,257,262,265,245,252,166,260,159,161,163,257,243,244,249,167,261,245,159,255,242,1,82,27,88,82,21,122,92,109,15,26,18,26,15,88,80,89,213,160,249,248,168,11,5,170,168,240,241,9,1,11,239,251,250,166,168,168,4,10,260,163,161,163,263,162,260,250,168,166,160,262,246,164,166,11,218,219,9,105,114,771,62,47,813,783,781,798,61,58,774,124,95,91,92,94,92,96,117,242,1,164,166,240,241,243,163,254,164,262,265,79,27,12,20,86,79,85,253,248,365,268,295,130,135,90
116,8,10,242,4,242,6,4,10,11,4,9,6,7,11,8,1,8,8,8,10,0,238,213,9,3,1,7,1,5,0,8,10,0,8,127,97,102,100,102,100,143,4,81,817,785,787,822,56,810,804,121,119,9,164,262,263,3,252,243,161,263,160,162,164,266,244,8,239,168,242,239,160,242,262,257,129,136,125,151,133,16,22,19,22,18,147,102,98,142,84,88,214,1,219,1,2,0,8,4,2,241,262,161,163,169,246,239,2,10,7,4,2,10,4,164,162,164,262,261,11,249,159,167,159,259,243,161,261,249,246,220,104,110,792,799,53,54,53,56,55,54,51,49,811,781,783,783,783,779,783,807,89,258,163,163,261,241,266,252,164,245,159,259,228,127,97,137,24,87,81,88,237,11,366,269,296,351,132,142
139,9,11,264,257,256,261,10,6,9,4,11,0,0,4,5,11,9,0,10,243,169,252,214,0,2,4,7,4,9,4,11,0,1,4,7,6,5,4,0,3,4,11,129,102,98,133,819,821,60,809,807,122,92,119,6,260,163,169,252,162,264,161,167,169,169,165,169,248,4,266,254,9,264,263,264,257,128,100,156,109,22,29,16,23,29,121,93,91,93,113,86,215,2,220,11,5,3,3,0,1,264,257,162,164,170,245,254,4,8,11,7,11,6,1,11,6,11,6,258,161,244,160,168,160,258,250,162,260,254,2,221,83,791,802,47,58,60,48,50,49,62,57,53,61,54,57,54,48,61,52,774,125,120,164,164,240,260,165,255,243,254,160,225,229,4,2,80,20,122,111,90,238,1,367,270,297,352,2,4
3,9,6,1,256,265,242,8,6,0,11,4,10,0,4,7,2,6,11,245,250,170,2,215,4,0,4,5,10,11,9,8,6,0,3,0,11,1,6,7,6,3,1,0,4,8,131,136,768,61,55,810,783,805,90,8,8,164,170,9,4,3,162,168,170,170,166,170,3,11,8,4,3,9,266,255,258,163,263,130,135,12,29,14,16,24,22,23,22,30,30,87,237,0,221,10,2,5,9,3,3,7,260,159,169,161,244,5,0,0,10,7,10,1,8,10,4,4,0,0,162,2,9,5,3,8,4,4,6,8,1,216,83,769,60,49,59,50,56,49,60,834,823,50,58,50,58,50,50,62,49,812,807,122,96,119,241,11,166,260,250,11,0,226,230,4,2,80,30,14,24,85,363,5,368,271,298,353,2,3
8,7,7,1,6,242,264,161,163,265,2,9,9,1,7,3,5,5,8,239,245,169,263,219,10,3,8,2,2,11,6,2,10,11,5,11,8,9,11,2,0,8,9,0,6,0,11,79,816,790,824,49,59,775,123,96,115,11,10,11,4,8,6,3,6,2,9,11,11,4,11,0,7,9,5,240,3,164,258,257,130,138,22,13,19,16,146,97,98,134,147,142,238,10,237,0,10,1,11,3,5,1,5,160,170,162,9,9,11,4,0,2,2,2,4,8,1,6,7,2,9,2,7,4,3,10,6,7,5,5,1,217,81,819,789,787,788,790,823,52,834,827,815,822,50,56,51,51,55,838,824,48,813,779,808,86,264,167,259,8,11,6,9,227,234,8,9,129,138,25,146,139,364,281,369,272,299,354,1,8
5,6,2,3,2,256,263,162,164,256,265,4,243,165,265,0,0,253,163,254,239,170,240,220,7,4,5,8,1,8,8,0,3,9,4,8,2,11,8,10,2,2,8,9,6,5,1,132,99,138,771,54,60,811,782,804,123,96,93,91,91,120,8,11,3,4,1,0,2,0,5,3,9,2,3,241,253,169,261,231,6,130,101,97,98,137,124,118,6,80,89,245,244,5,238,5,3,4,1,3,7,3,7,4,10,7,7,2,11,6,0,10,0,1,3,8,1,6,3,2,9,6,3,11,7,2,7,4,6,1,9,218,129,99,97,98,97,133,820,785,828,145,134,818,826,61,58,51,59,810,801,50,52,49,778,121,118,168,262,159,169,263,1,231,235,3,0,6,82,24,125,119,365,282,267,273,300,355,11,4
7,7,11,7,11,8,266,161,159,257,266,163,248,166,260,163,167,248,164,251,244,3,241,221,3,6,9,8,11,8,4,7,10,10,10,10,0,11,1,2,1,11,2,9,3,7,2,10,2,83,818,787,821,60,50,814,782,779,783,781,808,89,4,5,10,1,4,11,0,11,5,5,11,9,6,266,244,170,228,232,11,5,10,2,11,132,98,139,0,82,86,216,243,159,254,9,6,11,7,10,11,9,3,9,5,4,10,9,10,1,9,0,5,5,11,7,0,5,4,8,6,10,2,5,8,5,2,4,8,6,11,370,178,206,206,192,178,130,97,100,102,142,131,136,820,824,52,47,59,49,56,60,57,61,810,807,121,96,115,160,170,234,0,232,236,104,95,119,84,23,28,88,366,283,268,351,301,356,10,5
9,5,5,10,1,8,11,162,160,240,4,164,0,5,6,164,168,247,167,246,7,10,266,252,8,8,6,5,10,0,10,8,5,3,8,7,2,1,2,7,7,0,7,2,9,0,2,10,9,128,102,135,819,822,49,47,61,56,59,53,778,86,5,4,3,11,10,0,0,2,5,2,8,0,7,1,7,11,229,233,253,165,261,3,4,9,245,165,255,131,143,217,216,160,11,7,10,1,5,5,11,3,6,1,3,5,7,8,1,1,10,2,8,2,2,10,5,11,4,7,4,5,2,8,0,7,1,9,8,3,6,371,179,207,207,193,179,295,178,199,171,192,4,128,137,820,821,56,52,53,60,53,52,55,52,809,783,808,125,92,118,235,4,233,240,83,15,86,82,19,150,144,367,284,269,352,8,355,8,10
1,3,10,8,11,9,2,5,8,241,247,167,259,247,165,169,169,254,168,11,1,7,5,9,11,9,10,11,6,4,11,11,3,0,10,0,1,5,4,1,4,7,6,1,7,8,1,7,7,10,9,131,138,815,789,790,790,790,788,787,832,90,6,9,1,10,5,8,5,6,0,6,4,4,6,0,2,8,230,256,246,166,260,261,11,253,250,166,256,255,6,218,217,3,0,7,10,11,4,10,9,9,5,11,5,7,2,1,4,10,0,4,7,1,2,1,3,7,1,0,10,7,6,5,0,11,6,4,5,10,8,372,180,208,208,194,180,296,179,200,172,193,274,1,129,137,819,788,825,50,62,50,57,55,58,52,52,814,784,805,89,236,5,240,241,130,100,143,80,18,89,8,368,285,270,353,6,356,9,3
11,9,9,3,10,7,1,2,7,266,252,168,260,254,166,170,170,6,10,4,2,7,9,8,10,7,3,5,9,11,7,2,10,7,7,7,1,1,3,6,2,10,7,2,10,5,1,4,0,11,10,11,128,101,100,100,101,100,101,97,101,141,3,8,1,11,10,8,3,8,6,5,3,4,6,4,6,8,225,4,251,169,259,262,161,244,245,167,265,256,165,254,218,7,6,9,10,7,6,9,10,8,6,4,0,0,7,11,3,10,9,8,9,10,10,0,6,0,6,3,9,11,6,4,3,5,2,6,10,4,2,373,181,209,209,195,181,297,180,201,173,194,275,274,8,131,101,136,772,61,52,57,60,62,59,51,51,47,47,778,90,258,257,241,264,261,4,3,80,18,88,0,369,286,271,354,0,213,9,11
1,0,8,6,10,0,6,3,8,1,11,7,7,2,0,0,5,3,8,6,11,6,3,2,4,8,8,10,5,0,4,1,4,4,7,6,1,8,10,4,11,11,9,2,10,6,3,10,6,10,0,9,8,9,9,2,4,6,10,2,4,8,11,11,4,3,0,3,1,6,10,0,4,6,3,6,11,10,226,10,239,170,240,1,162,247,248,168,264,261,166,0,213,3,10,6,2,3,3,1,2,2,1,11,1,3,4,0,4,1,11,8,6,9,8,10,9,5,2,9,9,5,11,5,10,0,6,2,11,9,5,374,182,210,210,196,182,298,181,202,174,195,276,275,267,1,7,84,818,822,61,48,55,52,833,821,47,55,57,778,122,119,231,256,259,225,10,5,79,14,87,1,0,287,272,355,8,214,5,7
2,9,1,6,7,1,7,4,2,9,8,5,6,6,9,3,4,11,0,1,2,5,3,3,5,10,5,7,8,9,5,8,3,5,8,7,7,1,7,9,0,3,2,4,2,10,10,7,0,4,10,3,4,7,11,9,11,7,2,9,5,11,5,11,8,0,0,2,7,10,4,6,9,8,2,9,1,11,227,249,244,4,241,3,247,244,6,6,7,266,161,259,214,3,5,8,0,1,4,6,8,9,2,8,3,10,2,8,3,4,7,9,6,11,10,9,9,1,11,6,5,11,9,9,8,2,4,5,11,5,8,375,183,211,211,197,183,299,182,203,175,196,277,276,268,274,7,129,135,820,788,788,787,788,828,769,54,50,51,813,807,87,232,4,225,226,7,5,81,29,126,91,95,119,273,356,4,215,11,11
6,11,7,9,8,3,4,6,1,9,6,2,3,0,8,4,6,9,9,8,8,1,2,6,3,10,9,11,2,9,2,11,11,4,2,6,1,11,3,3,6,4,7,10,1,1,8,8,8,11,2,0,3,9,7,8,9,6,5,0,0,2,11,5,2,4,7,6,4,6,10,9,8,9,3,1,5,2,260,250,8,10,258,159,250,10,8,9,4,1,162,242,215,9,6,1,4,10,5,3,11,2,2,3,11,4,6,3,3,9,11,3,10,3,5,11,6,5,2,2,9,0,3,4,10,6,2,10,6,6,5,376,184,212,212,198,184,300,183,204,176,197,278,277,269,275,267,11,132,100,102,100,98,100,136,817,823,56,58,50,775,88,233,8,226,227,8,9,79,14,30,14,17,85,253,252,3,213,1,2
3,0,11,6,11,6,10,7,2,4,0,0,4,1,10,0,2,2,5,3,0,6,1,10,9,10,3,8,8,2,1,5,8,7,10,4,0,6,7,6,9,5,8,5,7,6,10,9,4,2,11,9,4,4,0,0,9,8,8,8,7,7,3,1,6,7,8,3,6,8,5,6,1,3,1,11,7,6,7,7,7,7,1,160,4,7,1,6,2,5,0,256,246,1,0,4,0,6,9,7,2,0,0,2,2,0,8,11,4,3,10,10,9,5,8,11,11,1,4,6,5,3,4,11,11,8,6,1,7,3,2,10,5,9,9,4,1,301,184,205,177,198,279,278,270,276,268,281,206,206,178,192,199,6,130,136,815,787,823,54,773,88,228,5,227,266,261,10,128,134,29,28,148,140,370,4,2,214,6,7
7,9,9,11,8,0,6,11,4,5,7,7,2,4,9,7,5,9,10,11,1,2,0,0,6,0,2,1,4,3,0,5,4,10,11,9,3,8,3,11,3,5,5,11,6,4,4,6,6,8,8,6,5,3,10,0,5,0,9,3,6,10,8,10,6,5,9,9,2,11,0,0,11,11,6,6,10,6,4,2,0,1,5,8,2,1,7,2,10,9,10,11,7,10,8,6,3,6,8,8,8,1,7,1,7,0,11,7,2,3,0,9,9,7,4,8,5,8,6,2,11,2,1,1,5,3,9,3,8,9,5,9,1,4,1,7,3,10,6,0,5,7,280,279,271,277,269,282,207,207,179,193,200,288,3,127,99,137,816,786,830,90,229,9,258,255,242,1,6,130,138,24,87,4,371,351,9,215,5,5
7,10,10,1,3,1,2,3,9,11,3,11,1,10,2,1,0,9,11,1,2,6,1,0,4,10,5,5,0,1,5,0,2,4,6,7,6,10,0,8,4,10,3,5,5,9,6,7,10,7,8,8,2,9,6,7,3,5,9,9,10,10,6,3,5,1,6,7,10,6,9,0,11,7,8,7,7,5,3,6,3,6,5,11,1,1,1,3,8,9,8,6,5,4,1,0,4,1,9,4,2,0,8,8,9,3,11,10,3,10,8,1,2,1,6,4,6,0,8,4,7,10,3,3,9,2,7,5,2,2,5,8,5,5,3,5,11,10,9,0,7,6,10,280,272,278,270,283,208,208,180,194,201,289,267,192,4,132,100,102,98,140,230,6,5,231,264,255,2,0,129,100,157,119,372,352,1,239,5,3
10,8,10,2,10,8,4,0,11,2,4,6,9,0,5,2,2,4,5,3,9,6,10,1,2,7,1,11,3,1,8,7,4,8,7,1,1,1,4,2,0,6,1,4,5,11,9,6,5,10,0,7,8,8,0,8,4,4,2,10,5,1,5,4,5,5,7,8,5,1,3,8,0,10,3,2,1,0,9,1,1,6,9,6,7,11,0,3,4,5,2,2,5,4,6,4,8,0,11,9,0,6,10,2,4,6,5,8,5,4,9,2,10,1,4,7,3,2,3,8,2,4,3,0,3,3,0,4,0,7,4,0,0,3,2,2,3,2,6,9,1,8,7,0,273,279,271,284,209,209,181,195,202,290,268,193,295,192,171,199,171,199,377,1,11,232,1,225,8,6,3,9,82,85,373,353,253,248,4,1
1,8,9,5,8,5,9,5,6,4,2,11,2,2,7,3,0,6,7,3,6,10,5,10,10,5,6,8,6,3,8,3,8,3,8,1,9,4,2,4,5,3,11,0,2,3,4,3,2,1,10,6,9,8,7,11,9,1,5,5,1,4,2,1,10,9,7,7,6,6,9,6,1,1,5,2,7,8,5,4,8,6,3,9,11,11,3,8,0,11,10,10,10,5,7,0,5,8,1,7,0,5,10,6,4,7,9,9,11,6,3,5,11,3,4,8,0,7,6,2,10,6,5,4,8,5,7,0,8,10,2,9,9,8,4,4,5,4,7,3,4,10,4,11,11,280,272,285,210,210,182,196,203,291,269,194,296,193,172,200,172,200,378,6,10,233,9,226,5,7,2,10,131,142,374,354,219,7,11,0
2,11,10,4,3,10,2,9,6,1,5,0,8,2,7,1,6,6,5,1,4,2,4,3,5,8,5,5,11,1,4,4,11,2,4,6,5,0,8,1,0,4,0,5,8,5,8,0,9,2,10,7,4,6,9,2,7,5,6,10,9,3,10,6,3,1,0,7,5,3,9,6,10,0,6,8,11,5,10,7,9,9,8,0,11,9,1,5,2,7,6,9,11,1,1,4,0,5,0,5,0,6,3,2,9,0,5,7,6,2,2,8,7,2,11,6,9,9,10,3,3,8,3,8,2,11,11,6,9,1,5,5,7,0,5,9,1,10,5,10,7,8,5,9,2,7,273,286,211,211,183,197,204,292,270,195,297,194,173,201,173,201,379,5,4,234,5,227,5,1,104,92,120,5,375,355,220,3,9,0
0,2,4,4,8,6,3,6,11,11,0,2,4,11,1,6,6,7,2,3,10,9,3,7,1,9,8,0,3,2,11,11,4,0,3,3,8,11,6,8,8,3,9,7,8,1,6,11,2,3,4,9,5,0,10,2,8,4,6,2,4,9,6,8,3,9,8,8,11,5,2,0,11,9,0,7,5,9,4,10,7,0,5,7,5,10,4,10,11,1,11,3,3,1,9,0,2,10,4,7,0,0,6,4,3,4,0,7,8,10,8,6,1,1,1,6,11,0,1,6,0,8,3,3,4,1,5,7,1,6,3,6,1,1,3,0,11,7,4,0,7,10,10,9,4,4,7,287,212,212,184,198,205,293,271,196,298,195,174,202,174,202,380,0,11,235,1,242,7,10,80,28,85,0,376,356,221,7,8,10
0,2,0,2,0,2,7,10,4,7,2,6,7,3,7,1,0,4,9,6,7,9,6,9,3,3,7,1,5,2,9,7,7,10,9,11,1,8,3,1,8,11,0,2,2,0,5,7,1,10,7,1,4,9,1,8,7,2,6,1,2,1,0,2,9,0,11,9,5,4,9,11,11,0,3,4,8,3,5,11,6,2,0,3,11,8,0,9,8,8,8,2,7,2,11,3,10,9,10,4,7,11,2,11,7,8,0,2,0,11,11,11,6,5,0,6,9,3,10,1,4,9,4,7,1,5,3,5,7,8,4,1,1,9,11,10,0,4,9,10,1,3,9,9,2,10,2,7,7,11,4,0,4,294,272,197,299,196,175,203,175,203,381,1,4,236,5,384,4,5,80,16,90,3,3,239,216,6,11,6
10,1,6,11,11,6,11,10,2,3,9,11,0,7,8,5,2,6,4,4,9,6,11,6,2,1,1,6,10,4,3,1,5,11,6,1,9,6,0,6,9,4,2,9,6,11,11,4,8,9,9,8,9,7,10,5,6,0,10,0,11,10,0,0,8,2,1,9,6,2,4,7,4,5,11,0,5,4,5,1,3,0,9,7,3,7,8,6,3,5,2,7,6,8,0,7,10,10,11,11,2,4,2,1,9,2,11,11,8,9,5,7,4,1,2,5,7,5,4,3,10,3,1,1,9,0,8,1,5,2,8,8,11,1,2,3,5,0,3,1,5,9,6,4,4,7,5,11,10,3,9,9,7,1,273,198,300,197,176,204,176,204,382,0,10,234,357,385,9,2,83,28,90,251,159,252,217,7,8,6
1,0,3,11,4,7,0,6,0,0,10,8,11,8,2,8,2,7,11,11,10,0,6,6,4,10,11,0,0,1,11,2,4,9,11,5,6,5,1,4,1,7,0,9,2,7,6,6,0,1,3,10,9,4,10,1,9,11,8,8,8,5,10,1,9,1,7,2,5,10,6,1,3,5,7,2,7,7,4,10,9,10,6,10,4,6,5,8,6,4,10,9,8,1,10,3,5,8,4,10,8,5,2,7,6,2,3,2,10,11,7,1,8,10,7,6,1,11,7,5,8,0,3,4,3,8,8,0,7,7,7,8,6,5,5,11,7,6,11,11,8,9,4,2,11,7,4,2,1,3,4,9,8,7,11,4,301,198,177,205,177,205,383,0,2,235,358,386,10,10,79,14,90,222,160,3,218,11,8,7
6,1,10,6,4,4,8,5,7,8,2,2,10,11,7,9,5,2,5,1,8,2,7,5,0,5,5,6,1,7,3,2,8,10,5,8,3,3,0,3,6,0,3,4,7,9,11,4,8,4,6,8,5,5,2,3,0,1,2,3,2,5,11,5,10,7,8,7,8,10,8,11,8,10,11,5,9,6,0,8,10,2,7,9,3,9,8,1,3,2,5,0,8,10,3,6,10,4,10,10,7,8,5,5,10,3,0,6,11,5,6,1,4,8,5,6,5,9,1,2,1,2,6,9,11,0,3,10,6,10,6,5,10,10,10,10,11,9,3,4,4,1,6,7,3,5,7,4,0,7,7,10,7,2,1,7,9,7,10,11,1,11,9,10,1,236,359,387,8,2,79,16,87,223,0,247,248,9,11,9
0,11,0,2,5,8,6,7,1,10,6,5,1,5,6,6,0,8,8,10,4,11,2,4,3,6,8,3,8,11,2,9,5,11,8,6,9,10,11,2,2,0,11,1,10,8,6,2,8,2,3,1,11,11,9,2,6,1,8,9,4,5,0,0,11,1,0,4,7,1,8,8,9,6,11,11,7,11,3,11,11,0,6,0,6,5,2,0,2,3,5,0,4,7,4,3,7,4,0,1,7,5,1,9,7,5,2,6,2,5,5,4,7,2,2,2,7,5,1,4,9,5,9,10,0,3,5,2,8,11,5,8,4,0,0,5,5,10,3,5,7,11,1,5,5,5,7,5,2,11,11,1,1,11,2,1,9,4,7,8,108,93,94,93,115,234,360,388,11,7,81,149,141,224,0,216,2,11,6,10
7,4,1,7,1,11,2,1,11,2,1,2,3,8,9,4,5,6,7,9,1,9,10,2,6,0,7,1,8,7,6,2,10,0,4,11,0,7,10,8,6,5,10,4,10,4,8,9,1,2,9,9,7,2,11,2,5,3,8,1,4,8,11,2,0,10,2,6,5,8,4,4,4,2,10,11,8,5,0,7,1,3,11,4,5,4,0,10,11,6,11,1,5,8,6,5,0,2,4,10,7,1,11,0,5,3,10,7,0,2,3,4,10,8,4,11,10,6,1,5,5,0,11,8,7,9,5,0,4,4,5,10,7,3,10,3,5,1,3,10,7,6,2,5,3,4,5,1,11,8,9,10,6,6,9,0,3,7,9,9,80,16,20,12,89,235,361,389,5,103,111,89,243,252,6,217,107,93,92,115
0,10,6,4,1,2,10,4,4,7,1,7,6,6,9,2,10,10,1,11,10,8,11,1,5,3,2,6,3,9,6,5,9,8,7,10,11,10,11,5,7,0,8,8,6,3,9,7,4,1,4,6,1,1,3,6,11,10,11,4,9,10,6,5,4,11,6,11,0,5,0,7,11,3,3,7,1,10,5,11,2,4,10,3,9,5,9,7,2,7,9,7,2,4,9,0,9,4,8,2,4,9,8,8,6,8,10,6,4,9,3,5,9,5,2,1,5,1,11,10,9,7,5,10,6,11,9,0,0,2,4,10,0,4,0,6,2,7,7,11,3,10,11,6,8,2,11,6,11,9,1,5,7,7,1,4,7,8,8,0,130,102,133,17,88,236,362,390,5,82,17,86,239,4,1,218,83,794,806,90
4,0,2,4,11,0,6,7,8,5,1,5,6,4,4,1,4,11,1,10,3,1,11,4,7,10,8,9,8,3,1,3,0,1,10,5,1,9,2,0,7,1,8,3,10,2,10,8,7,3,5,10,11,8,2,2,11,3,6,1,4,5,11,11,8,5,4,6,11,9,6,2,10,8,3,5,6,2,7,1,10,6,10,9,8,2,9,11,9,1,6,6,8,6,1,5,4,4,7,4,11,9,11,5,8,9,6,0,11,2,6,2,5,2,11,5,3,4,0,1,4,8,6,10,11,10,5,3,9,2,4,5,7,5,8,8,1,11,10,7,7,8,0,5,0,11,7,4,6,7,0,2,2,10,7,4,9,11,11,8,105,95,113,15,87,240,242,6,7,81,30,87,363,7,0,237,79,772,773,86
8,1,9,7,10,11,5,0,2,8,6,2,5,5,4,10,10,6,6,3,0,9,3,3,10,6,7,3,8,7,2,8,2,3,9,6,10,1,9,6,6,8,7,11,2,11,10,11,7,0,10,4,2,2,10,11,5,6,7,2,1,5,9,0,7,5,10,2,5,0,0,4,8,4,2,8,11,8,11,7,2,10,6,10,4,3,9,11,1,11,0,5,2,9,5,6,1,9,10,7,10,11,1,1,4,1,10,1,5,11,5,11,6,8,10,9,5,6,0,9,6,3,1,0,7,1,2,6,0,1,5,11,10,11,4,1,5,10,5,1,4,10,10,4,1,2,9,4,6,0,7,8,3,5,11,10,11,6,2,1,79,792,784,808,85,241,260,263,5,81,14,87,364,288,6,238,82,817,832,87
0,2,0,10,4,0,0,4,3,2,2,11,7,0,2,8,9,0,8,11,10,7,2,11,10,7,0,6,2,0,0,9,10,2,9,7,8,10,2,4,10,8,4,8,1,10,7,2,10,5,0,9,11,7,2,4,3,11,1,11,10,6,4,2,4,3,3,4,11,7,0,7,8,1,6,4,6,4,5,2,5,0,6,3,11,5,6,6,11,7,3,5,4,5,5,3,3,4,4,4,5,9,11,11,2,8,1,8,0,4,2,9,0,10,9,10,0,0,1,3,2,0,7,10,7,1,11,10,8,10,2,8,10,6,9,6,3,9,0,7,3,6,1,11,3,10,7,10,0,2,1,1,7,7,4,3,5,10,107,118,80,771,59,777,86,258,265,234,0,81,13,89,365,289,351,363,127,134,12,88
9,9,9,2,11,3,2,2,0,2,6,6,5,10,5,8,1,2,4,2,8,5,2,2,1,5,10,10,2,10,1,10,11,9,0,9,7,10,10,5,0,11,2,7,1,8,9,10,2,2,7,7,8,7,9,2,5,7,9,3,3,2,3,2,9,2,5,0,0,10,6,2,8,5,11,4,5,6,3,4,7,2,5,10,4,6,5,0,2,10,6,1,6,4,9,8,11,3,10,3,2,2,7,0,9,3,7,0,0,1,8,5,4,4,8,11,0,4,5,3,7,10,6,7,10,4,11,5,2,1,5,1,8,5,1,2,2,9,3,0,5,5,11,1,11,11,7,7,2,9,11,8,1,10,8,9,3,3,79,88,79,815,786,828,90,10,377,235,1,79,20,88,366,290,352,364,267,128,97,143
2,3,10,2,4,6,1,6,0,3,4,5,5,9,4,11,6,11,11,10,7,3,9,8,7,11,6,5,11,9,1,3,2,5,2,3,7,5,5,0,4,8,3,9,4,10,10,8,11,6,7,2,6,11,3,8,11,9,4,9,6,6,9,10,2,3,11,6,0,5,5,9,11,4,9,9,1,4,5,9,6,10,8,8,4,3,9,1,10,9,3,6,4,3,7,1,6,9,2,6,9,3,1,2,9,9,9,10,9,9,3,7,8,3,9,2,9,6,9,10,2,4,3,9,3,5,0,4,1,0,0,10,8,0,1,7,6,5,8,2,2,11,10,5,0,8,9,4,7,5,3,9,0,105,96,117,8,10,128,141,132,102,136,150,139,357,378,236,2,83,20,87,367,291,353,365,268,351,3,3
8,5,0,10,8,4,5,6,6,5,9,10,3,0,10,11,1,8,2,9,7,3,9,1,7,5,5,7,3,0,6,2,4,10,10,1,2,8,2,10,8,6,9,8,4,3,11,11,8,7,11,10,5,3,11,5,1,5,4,11,3,8,11,6,5,1,5,9,6,1,7,7,11,6,2,3,10,10,4,9,0,1,1,11,4,2,0,3,11,6,1,7,1,1,7,1,7,4,1,2,3,8,2,5,1,5,1,7,337,267,7,4,0,8,5,3,1,3,4,1,9,7,10,9,2,6,0,2,10,9,8,10,5,11,7,6,5,10,0,9,2,2,10,5,3,3,0,104,91,92,93,91,94,152,98,157,115,3,6,1,8,4,80,89,8,358,379,234,0,80,25,88,368,292,354,366,269,352,10,1
9,1,10,178,4,10,3,5,6,3,2,6,10,5,8,9,10,7,0,5,5,1,7,10,1,2,11,9,4,4,6,8,5,4,8,10,8,7,3,5,5,11,3,10,11,0,5,5,3,9,11,10,10,11,11,5,1,11,4,3,8,6,6,5,1,4,3,2,5,4,1,6,9,3,10,4,1,11,8,8,8,0,8,10,2,8,5,1,11,3,9,3,3,11,7,2,4,1,8,0,4,4,9,8,10,8,3,344,338,268,288,7,7,6,1,1,5,8,0,2,6,2,9,3,1,1,6,6,9,6,2,7,0,3,0,5,10,0,9,1,4,4,1,5,11,10,8,82,146,102,97,99,102,141,3,84,123,96,117,4,6,103,112,126,118,359,380,235,108,109,12,85,369,293,355,367,270,353,2,7
171,185,344,179,281,0,7,7,8,4,8,9,10,2,10,4,1,4,9,10,5,6,11,6,4,7,7,5,0,7,8,6,10,10,2,8,6,3,5,6,2,7,0,10,4,11,11,9,0,8,4,1,3,10,10,7,6,7,7,0,6,9,10,7,6,2,10,6,8,1,3,2,4,10,10,0,3,3,3,11,4,8,3,5,1,0,6,9,4,2,1,8,3,3,1,0,11,4,4,3,3,6,4,1,7,2,323,345,339,269,289,267,1,6,5,7,1,9,7,11,5,5,7,0,7,1,6,5,8,0,9,11,11,104,92,94,92,119,8,4,6,0,2,8,1,6,8,84,89,0,3,8,10,108,95,114,16,25,90,4,6,81,796,806,90,360,381,236,80,18,17,90,7,294,356,368,271,354,5,9
172,186,345,180,282,288,1,10,10,4,10,10,3,1,9,11,1,5,8,5,5,3,9,6,9,2,5,2,2,4,8,10,9,5,6,3,0,7,9,5,4,3,2,2,2,9,2,9,4,11,2,0,6,10,0,2,3,3,0,11,7,10,7,10,5,9,9,5,9,11,10,4,0,5,1,11,6,10,7,4,2,5,1,1,7,7,2,0,1,11,4,10,6,2,9,8,4,0,8,9,7,8,1,1,9,344,324,346,340,270,290,268,288,8,0,1,11,8,7,3,2,1,10,7,8,3,9,5,0,8,9,3,11,83,791,783,808,125,95,95,94,115,4,1,104,91,91,114,89,11,108,115,5,130,101,102,134,23,122,94,95,111,770,777,85,361,382,242,84,29,24,125,92,116,219,369,272,355,1,6
173,187,346,181,283,289,302,3,3,5,3,1,9,2,7,9,9,9,9,4,2,5,10,2,1,9,0,5,3,1,8,6,11,5,1,6,4,8,8,0,7,11,10,5,8,2,9,6,6,1,10,2,0,11,2,6,0,2,2,0,10,0,10,1,6,7,9,9,2,7,10,5,6,10,11,3,10,4,0,4,3,2,5,2,171,206,185,185,171,185,171,171,11,9,11,0,1,1,2,7,9,1,11,1,323,345,325,347,341,271,291,269,289,274,199,171,1,3,8,11,1,10,9,7,3,0,6,0,9,4,0,4,1,82,771,50,814,780,779,782,803,122,116,9,84,791,781,804,125,93,111,87,2,8,4,9,84,792,779,779,779,782,799,773,88,362,383,384,128,97,135,26,24,86,220,9,273,356,7,11
174,188,347,182,284,290,303,274,1,6,8,11,4,4,0,0,6,7,7,11,3,8,11,1,6,11,1,10,9,9,0,6,1,1,6,1,0,0,6,3,2,10,11,9,3,7,0,2,0,4,6,8,7,0,10,8,4,3,3,11,9,3,3,9,0,9,11,11,1,8,0,10,8,0,4,10,0,4,1,9,5,11,1,309,172,207,186,186,172,186,172,172,288,206,3,3,206,10,2,5,2,5,178,323,324,346,326,348,342,272,292,270,290,275,200,172,281,11,11,3,5,10,11,10,7,9,206,199,11,10,11,0,5,84,770,55,59,56,837,789,832,30,121,92,113,770,49,811,784,780,805,125,95,92,96,94,110,770,56,51,47,52,53,778,89,231,357,385,0,3,130,134,147,141,221,4,4,222,5,8
175,189,348,183,285,291,304,275,295,2,9,10,6,5,11,4,4,3,8,4,9,4,10,4,3,2,5,5,1,10,10,7,8,1,4,10,2,206,178,192,5,3,6,4,11,9,8,9,8,1,5,5,10,3,9,7,6,6,4,11,7,5,9,10,10,6,10,0,6,11,8,9,0,6,11,5,2,5,4,3,3,185,337,310,173,208,187,187,173,187,173,173,289,207,274,323,207,288,171,178,192,316,179,324,325,347,327,349,343,273,293,271,291,276,201,173,282,267,185,171,199,344,281,185,185,337,207,200,302,0,10,3,3,80,819,786,786,822,774,149,101,135,795,784,784,799,56,58,61,49,809,806,148,100,136,794,781,800,50,62,59,53,61,774,89,232,358,386,10,7,7,131,144,8,237,6,0,223,3,2
176,190,349,184,286,292,305,276,296,302,10,10,11,7,3,7,6,3,6,7,4,1,8,6,10,1,1,9,6,3,4,4,7,206,206,192,330,207,179,193,281,8,6,10,2,4,9,7,7,4,10,10,2,3,0,5,4,2,7,4,3,8,7,7,6,11,6,10,2,9,10,5,9,5,9,9,5,6,199,185,330,186,338,311,174,209,188,188,174,188,174,174,290,208,275,324,208,289,172,179,193,317,180,325,326,348,328,350,4,8,294,272,292,277,202,174,283,268,186,172,200,345,282,186,186,338,208,201,303,267,185,206,206,132,98,101,136,769,774,89,8,83,769,57,835,821,48,48,53,60,57,777,89,11,82,815,824,51,51,55,55,51,48,773,89,233,359,387,7,0,4,4,10,10,238,8,2,224,8,5
177,191,350,7,287,293,306,277,297,303,288,171,206,8,2,11,3,7,7,7,1,0,7,8,6,2,3,5,3,7,8,6,337,207,207,193,331,208,180,194,282,274,4,9,1,7,8,10,11,3,11,6,4,11,7,6,10,4,9,8,0,8,5,2,0,5,9,9,9,2,8,10,10,9,11,4,7,344,200,186,331,187,339,312,175,210,189,189,175,189,175,175,291,209,276,325,209,290,173,180,194,318,181,326,327,349,329,8,3,8,0,273,293,278,203,175,284,269,187,173,201,346,283,187,187,339,209,202,304,268,186,207,207,274,10,1,80,817,828,89,2,80,817,790,830,819,790,823,62,56,61,775,125,93,112,21,816,790,787,825,52,56,60,775,89,240,360,388,4,1,7,9,0,253,248,1,7,216,6,4
10,10,2,2,8,294,307,278,298,304,289,172,207,281,199,8,0,2,10,5,4,3,6,4,9,1,3,1,206,192,206,337,338,208,208,194,332,209,181,195,283,275,267,9,8,10,7,2,2,11,7,1,6,5,5,5,11,3,3,7,3,7,6,8,2,11,2,1,2,5,10,5,4,5,7,9,316,345,201,187,332,188,340,313,176,211,190,190,176,190,176,176,292,210,277,326,210,291,174,181,195,319,182,327,328,350,171,192,206,316,295,4,294,279,204,176,285,270,188,174,202,347,284,188,188,340,210,203,305,269,187,208,208,275,295,11,128,101,135,85,8,82,146,101,97,99,138,820,790,787,785,829,12,145,102,99,101,101,133,817,788,785,786,828,86,241,361,389,7,107,93,91,117,363,1,1,8,217,8,0
6,5,8,1,2,0,308,279,299,305,290,173,208,282,200,274,192,192,199,3,4,0,8,1,3,1,206,316,207,193,207,338,339,209,209,195,333,210,182,196,284,276,268,302,2,10,3,5,11,5,8,2,6,7,3,8,10,3,9,10,7,192,171,206,199,171,9,4,4,11,11,0,2,7,5,316,317,346,202,188,333,189,341,314,177,212,191,191,177,191,177,177,293,211,278,327,211,292,175,182,196,320,183,328,329,309,172,193,207,317,296,281,3,280,205,177,286,271,189,175,203,348,285,189,189,341,211,204,306,270,188,209,209,276,296,288,178,2,131,142,3,129,139,1,171,7,130,102,97,102,99,102,102,144,309,274,199,0,130,99,101,101,98,101,139,377,362,390,11,82,24,18,87,364,281,7,0,218,5,11
0,4,9,0,11,9,2,280,300,306,291,174,209,283,201,275,193,193,200,274,8,3,8,7,7,316,207,317,208,194,208,339,340,210,210,196,334,211,183,197,285,277,269,303,267,192,199,171,330,302,9,0,11,0,4,0,7,5,9,7,323,193,172,207,200,172,295,8,5,6,11,7,5,5,337,317,318,347,203,189,334,190,342,315,104,95,94,91,119,108,95,120,294,212,279,328,212,293,176,183,197,321,184,329,316,310,173,194,208,318,297,282,274,5,7,206,287,272,190,176,204,349,286,190,190,342,212,205,307,271,189,210,210,277,297,289,179,302,206,192,192,192,185,309,172,288,206,171,199,185,192,192,171,337,310,275,200,288,199,185,185,171,3,1,316,378,242,2,6,83,19,22,87,365,282,351,4,237,6,8
9,10,0,8,8,5,6,8,301,307,292,175,210,284,202,276,194,194,201,275,302,6,2,6,330,317,208,318,209,195,209,340,341,211,211,197,335,212,184,198,286,278,270,304,268,193,200,172,331,303,288,0,0,9,10,185,185,178,192,309,324,194,173,208,201,173,296,281,192,199,192,8,7,323,338,318,319,348,204,190,335,191,343,3,82,30,23,30,125,111,14,121,94,117,280,329,7,294,177,184,198,322,171,330,317,311,174,195,209,319,298,283,275,295,330,207,281,273,191,177,205,350,287,191,191,343,178,8,308,272,190,211,211,278,298,290,180,303,207,193,193,193,186,310,173,289,207,172,200,186,193,193,172,338,311,276,201,289,200,186,186,172,288,309,317,379,262,255,10,82,20,14,88,366,283,352,11,238,4,7
4,7,0,2,11,11,8,3,0,308,293,176,211,285,203,277,195,195,202,276,303,295,192,337,331,318,209,319,210,196,210,341,342,212,212,198,336,103,94,120,287,279,271,305,269,194,201,173,332,304,289,302,1,6,323,186,186,179,193,310,325,195,174,209,202,174,297,282,193,200,193,274,344,324,339,319,320,349,205,191,336,103,94,93,109,14,23,25,18,20,150,133,26,88,8,3,8,1,7,5,199,323,172,331,318,312,175,196,210,320,299,284,276,296,331,208,282,295,171,206,323,302,192,178,199,323,179,274,199,273,191,212,212,279,299,291,181,304,208,194,194,194,187,311,174,290,208,173,201,187,194,194,173,339,312,277,202,290,201,187,187,173,289,310,318,380,9,240,10,132,137,12,85,367,284,353,251,248,0,9
9,2,6,5,4,7,0,8,6,5,294,177,212,286,204,278,196,196,203,277,304,296,193,338,332,319,210,320,211,197,211,342,343,108,96,91,93,113,29,90,3,280,272,306,270,195,202,174,333,305,290,303,302,316,324,187,187,180,194,311,326,196,175,210,203,175,298,283,194,201,194,275,345,325,340,320,321,350,105,96,95,110,14,19,20,27,27,27,19,148,139,128,102,142,9,6,6,2,4,316,200,324,173,332,319,313,176,197,211,321,300,285,277,297,332,209,283,296,172,207,324,303,193,179,200,324,180,275,200,288,185,199,8,280,300,292,182,305,209,195,195,195,188,312,175,291,209,174,202,188,195,195,174,340,313,278,203,291,202,188,188,174,290,311,319,381,2,241,3,8,79,20,88,368,285,354,216,106,96,92
0,5,8,10,0,6,1,2,11,2,4,10,8,287,205,279,197,197,204,278,305,297,194,339,333,320,211,321,212,198,212,343,10,81,17,24,13,149,99,141,7,2,273,307,271,196,203,175,334,306,291,304,303,317,325,188,188,181,195,312,327,197,176,211,204,176,299,284,195,202,195,276,346,326,341,321,322,108,110,28,17,146,135,17,25,27,24,26,23,86,3,9,3,7,0,8,6,2,337,317,201,325,174,333,320,314,177,198,212,322,301,286,278,298,333,210,284,297,173,208,325,304,194,180,201,325,181,276,201,289,186,200,267,6,301,293,183,306,210,196,196,196,189,313,176,292,210,175,203,189,196,196,175,341,314,279,204,292,203,189,189,175,291,312,320,382,1,384,8,4,80,14,85,369,286,355,217,84,792,780
10,2,11,2,0,4,7,6,4,8,3,10,11,8,8,280,198,198,205,279,306,298,195,340,334,321,212,322,105,94,116,7,103,114,19,26,20,89,11,6,6,5,1,308,272,197,204,176,335,307,292,305,304,318,326,189,189,182,196,313,328,198,177,212,205,177,300,285,196,203,196,277,347,327,342,322,0,79,27,147,98,140,79,24,149,97,100,99,99,141,3,206,3,10,178,171,178,330,338,318,202,326,175,334,321,315,0,11,7,4,9,287,279,299,334,211,285,298,174,209,326,305,195,181,202,326,182,277,202,290,187,201,268,274,2,294,184,307,211,197,197,197,190,314,177,293,211,176,204,190,197,197,176,342,315,280,205,293,204,190,190,176,292,313,321,383,309,385,7,1,81,24,123,119,287,356,218,84,772,58
8,8,3,5,3,11,6,2,3,8,9,6,2,11,11,10,4,192,9,280,307,299,196,341,335,322,105,95,109,13,126,91,114,21,26,17,145,144,330,281,199,206,1,10,273,198,205,177,336,308,293,306,305,319,327,190,190,183,197,314,329,108,96,96,96,116,301,286,197,204,197,278,348,328,343,6,11,128,98,143,1,3,131,97,141,2,185,171,192,171,323,207,281,323,179,172,179,331,339,319,203,327,176,335,322,1,1,7,108,117,11,5,280,300,335,212,286,299,175,210,327,306,196,182,203,327,183,278,203,291,188,202,269,275,267,185,3,308,212,198,198,198,191,315,1,294,212,177,205,191,198,198,177,343,9,171,4,294,205,191,191,177,293,314,322,330,310,386,0,105,113,25,148,140,5,222,239,81,815,788
10,5,1,5,1,1,3,8,11,7,4,1,0,9,10,9,357,193,267,5,308,300,197,342,336,0,84,19,21,26,19,28,26,28,16,150,144,344,331,282,200,207,288,3,6,2,8,6,0,7,294,307,306,320,328,191,191,184,198,315,103,112,27,28,13,126,116,287,198,205,198,279,349,329,5,10,178,206,199,192,337,295,185,206,192,316,186,172,193,172,324,208,282,324,180,173,180,332,340,320,204,328,177,336,9,2,10,10,81,126,119,3,2,301,336,4,287,300,176,211,328,307,197,183,204,328,184,279,204,292,189,203,270,276,268,186,288,206,206,206,171,178,199,206,192,206,192,199,206,192,206,206,199,206,316,172,302,185,171,192,171,11,294,315,330,331,311,387,1,83,12,150,139,0,5,223,363,131,100,102
5,11,9,0,5,9,6,2,8,8,4,2,6,5,6,5,358,194,268,274,4,301,198,343,2,5,82,21,27,28,22,28,14,145,102,142,323,345,332,283,201,208,289,267,206,5,3,2,8,6,10,308,307,321,329,108,92,96,92,93,110,16,26,26,28,16,124,93,96,95,119,280,350,10,9,344,179,207,200,193,338,296,186,207,193,317,187,173,194,173,325,209,283,325,181,174,181,333,341,321,205,329,1,1,6,6,9,107,110,16,121,93,91,118,2,4,9,301,177,212,329,308,198,184,205,329,7,280,205,293,190,204,271,277,269,187,289,207,207,207,172,179,200,207,193,207,193,200,207,193,207,207,200,207,317,173,303,186,172,193,172,267,206,323,331,332,312,388,0,80,30,125,95,93,117,224,364,351,4,7
4,10,5,1,1,4,6,2,4,9,245,163,165,165,263,11,359,195,269,275,281,185,199,171,206,5,129,99,136,16,28,13,29,89,7,323,324,346,333,284,202,209,290,268,207,302,206,206,178,9,9,11,308,322,3,84,30,18,30,20,29,17,24,23,18,29,21,23,28,15,88,4,3,7,330,345,180,208,201,194,339,297,187,208,194,318,188,174,195,174,326,210,284,326,182,175,182,334,342,322,2,7,2,2,6,103,92,111,22,24,12,26,27,126,95,120,3,6,3,11,6,0,1,11,2,1,3,7,8,294,191,205,272,278,270,188,290,208,208,208,173,180,201,208,194,208,194,201,208,194,208,208,201,208,318,174,304,187,173,194,173,268,207,324,332,333,313,389,6,81,24,14,13,19,88,222,365,352,8,8
281,10,8,0,7,9,9,11,11,8,222,164,166,166,242,9,360,196,270,276,282,186,200,172,207,281,5,1,79,15,13,13,148,141,330,324,325,347,334,285,203,210,291,269,208,303,207,207,179,295,185,206,178,3,10,127,102,102,135,14,27,24,28,21,13,16,21,28,25,147,142,1,3,323,331,346,181,209,202,195,340,298,188,209,195,319,189,175,196,175,327,211,285,327,183,176,183,335,343,10,11,1,11,11,4,79,20,13,30,12,20,20,30,13,26,126,94,91,116,9,10,7,10,10,5,4,11,107,96,95,95,120,273,279,271,189,291,209,209,209,174,181,202,209,195,209,195,202,209,195,209,209,202,209,319,175,305,188,174,195,174,269,208,325,333,334,314,390,2,81,29,22,18,23,90,223,366,353,0,4
282,295,4,9,10,7,3,8,4,7,223,7,11,7,256,257,361,197,271,277,283,187,201,173,208,282,281,178,127,102,102,101,140,344,331,325,326,348,335,286,204,211,292,270,209,304,208,208,180,296,186,207,179,302,4,9,2,5,132,98,102,99,100,138,23,20,16,19,25,87,2,11,316,324,332,347,182,210,203,196,341,299,189,210,196,320,190,176,197,176,328,212,286,328,184,177,184,336,10,5,8,9,8,11,106,111,19,28,23,29,26,28,150,137,19,17,15,18,125,93,96,120,103,95,116,2,107,110,15,28,16,122,118,280,272,190,292,210,210,210,175,182,203,210,196,210,196,203,210,196,210,210,203,210,320,176,306,189,175,196,175,270,209,326,334,335,315,11,1,82,18,18,148,99,140,224,367,354,5,3
283,296,295,1,2,9,10,5,7,2,224,4,1,5,7,231,362,198,272,278,284,188,202,174,209,283,282,179,267,192,178,171,330,345,332,326,327,349,336,287,205,212,293,271,210,305,209,209,181,297,187,208,180,303,267,7,0,171,11,8,192,2,4,130,99,99,99,102,97,139,10,344,317,325,333,348,183,211,204,197,342,300,190,211,197,321,191,177,198,177,329,4,287,329,107,92,116,9,3,103,92,116,0,106,151,101,98,100,136,22,30,30,86,84,28,145,135,30,19,28,22,85,79,26,89,10,81,29,22,147,133,17,87,7,273,191,293,211,211,211,176,183,204,211,197,211,197,204,211,197,211,211,204,211,321,177,307,190,176,197,176,271,210,327,335,336,5,6,3,79,19,15,90,11,249,250,368,355,8,1
284,297,296,288,6,7,10,3,5,3,370,3,11,11,4,232,228,11,273,279,285,189,203,175,210,284,283,180,268,193,179,172,331,346,333,327,328,350,108,119,5,1,294,272,211,306,210,210,182,298,188,209,181,304,268,295,330,172,274,337,193,288,206,1,0,9,1,2,1,1,323,345,318,326,334,349,184,212,205,198,343,301,191,212,198,322,9,10,2,1,8,2,1,8,80,18,85,3,4,82,12,89,104,113,125,96,94,96,154,135,28,17,85,81,14,90,79,25,148,101,100,141,82,15,123,94,112,25,149,144,127,134,125,115,5,10,294,212,212,212,177,184,205,212,198,212,198,205,212,198,212,212,205,212,322,10,308,191,177,198,177,272,211,328,336,3,9,9,11,84,27,18,88,0,219,10,369,356,7,10
285,298,297,289,267,0,5,1,8,10,371,351,10,0,1,233,229,107,119,280,286,190,204,176,211,285,284,181,269,194,180,173,332,347,334,328,329,103,112,126,94,93,116,273,212,307,211,211,183,299,189,210,182,305,269,296,331,173,275,338,194,289,207,302,192,192,171,171,206,309,324,346,319,327,335,350,8,1,11,5,8,2,10,1,5,1,7,10,3,4,108,94,120,6,131,98,141,9,104,112,147,156,111,15,12,22,24,16,121,112,15,17,124,111,146,143,130,98,156,93,93,94,111,21,16,18,26,28,122,95,116,82,23,85,10,8,8,7,2,3,4,8,7,107,92,94,120,7,4,3,0,8,8,10,10,10,106,91,120,9,5,273,212,329,5,6,3,5,106,110,20,146,144,9,220,251,163,246,1,10
286,299,298,290,268,274,7,8,8,6,372,352,2,4,1,231,230,84,124,117,287,191,205,177,212,286,285,182,270,195,181,174,333,348,335,329,108,114,29,25,20,18,89,9,9,308,212,212,184,300,190,211,183,306,270,297,332,174,276,339,195,290,208,303,193,193,172,172,207,310,325,347,320,328,336,1,4,1,108,93,91,93,118,3,104,96,94,115,4,107,111,26,123,96,116,5,10,6,82,23,122,111,27,18,147,100,133,17,25,24,147,97,138,25,89,6,1,108,112,14,28,16,20,14,12,26,20,22,17,29,126,113,22,89,0,6,8,107,96,119,2,4,7,81,17,18,126,92,120,3,7,103,91,119,1,2,79,28,86,6,10,11,9,7,5,2,8,3,83,30,14,85,0,3,221,213,164,9,6,7
287,300,299,291,269,275,295,1,1,11,373,353,3,6,3,232,234,82,22,125,91,117,11,6,10,287,286,183,271,196,182,175,334,349,336,107,109,29,150,133,15,147,139,2,11,8,0,11,2,301,191,212,184,307,271,298,333,175,277,340,196,291,209,304,194,194,173,173,208,311,326,348,321,329,10,0,107,93,110,12,26,19,89,7,80,25,17,123,93,113,30,150,135,12,122,92,96,115,130,137,14,24,17,26,123,120,80,13,19,19,89,7,79,16,123,95,93,113,15,19,146,102,97,138,12,145,98,98,133,15,21,15,16,86,104,93,117,81,17,87,3,8,106,112,150,98,133,29,87,6,7,81,14,87,105,91,154,100,140,108,94,115,6,4,103,94,92,115,131,98,98,143,10,0,239,214,2,8,4,11
117,301,300,292,270,276,296,288,8,6,374,354,1,8,6,233,235,81,28,25,150,140,5,8,7,0,287,184,272,197,183,176,335,350,107,112,21,27,124,109,13,124,119,1,3,10,2,107,95,92,93,115,9,308,272,299,334,176,278,341,197,292,210,305,195,195,174,174,209,312,327,349,322,1,5,107,109,21,145,98,101,98,139,0,127,102,99,134,27,19,30,125,110,20,28,12,18,121,93,112,12,21,21,29,145,140,129,134,21,25,89,3,82,15,14,26,14,19,18,149,140,0,11,80,17,125,117,8,129,101,100,135,24,86,83,17,125,114,26,124,116,6,81,12,90,9,128,133,121,117,11,131,102,141,79,17,122,91,91,112,25,87,1,106,113,20,23,90,8,8,2,2,9,249,252,215,9,0,11,8
126,116,301,293,271,277,297,289,267,7,375,355,8,10,8,231,236,127,135,148,139,6,2,6,6,8,9,5,273,198,184,177,336,108,113,16,28,28,13,16,17,25,126,93,95,96,95,109,18,146,101,155,115,4,273,300,335,177,279,342,198,293,211,306,196,196,175,175,210,313,328,350,5,11,2,84,19,146,141,7,8,0,9,0,5,1,3,132,98,97,137,14,23,16,21,16,150,133,12,23,14,145,136,27,89,104,94,111,30,18,122,91,110,14,147,102,134,15,145,141,4,0,0,130,133,26,88,5,8,3,4,129,99,141,131,100,136,19,12,12,90,1,129,98,140,8,8,80,18,90,8,4,8,6,132,98,134,28,24,27,28,124,91,109,24,23,150,141,108,91,119,11,8,216,251,244,6,10,9,9
13,126,115,294,272,278,298,290,268,274,376,356,1,10,11,232,260,255,132,157,96,92,91,117,11,10,1,4,7,10,106,118,104,109,20,21,25,13,22,20,28,18,18,18,15,30,23,29,13,89,1,84,122,93,117,301,336,1,280,343,7,294,212,307,197,197,176,176,211,314,329,104,94,119,4,129,99,139,10,6,4,8,7,10,7,10,0,4,9,11,79,13,15,22,27,27,121,109,20,28,148,142,128,99,139,79,12,150,99,136,18,18,23,12,89,2,128,101,143,253,169,261,0,10,128,101,142,245,259,5,5,11,2,11,10,11,129,99,102,99,142,4,1,0,5,1,1,131,99,139,251,257,10,0,7,10,127,99,101,135,16,26,28,15,145,98,155,91,114,16,90,9,11,217,219,107,92,96,96,115
19,20,126,119,273,279,299,291,269,275,351,237,2,6,11,233,8,228,10,83,24,22,15,85,7,0,4,4,11,3,130,155,114,27,16,14,12,22,150,98,98,99,97,135,21,18,30,17,13,125,93,110,14,147,139,2,11,10,10,105,93,118,5,308,198,198,177,177,212,315,2,82,19,86,5,4,4,9,4,253,163,169,163,163,163,259,5,0,8,7,82,12,147,138,12,23,22,25,24,150,143,104,93,119,11,128,133,126,116,131,102,102,101,99,139,247,163,163,165,252,170,264,159,257,5,2,245,246,260,167,169,259,0,11,6,6,7,5,11,5,243,165,167,165,165,249,261,7,6,251,252,266,163,161,265,4,6,5,6,129,136,25,145,102,144,6,83,21,150,98,144,5,9,218,220,82,795,782,805,126
97,135,13,124,117,280,300,292,270,276,352,238,6,7,8,258,257,229,6,127,101,135,29,125,95,93,118,11,2,10,103,109,28,12,150,137,147,97,143,5,11,1,10,130,101,134,19,19,28,26,22,21,19,124,119,103,119,5,10,79,25,121,117,4,8,1,1,9,8,10,3,131,99,139,11,5,5,9,253,252,164,170,164,164,164,264,263,7,8,6,129,101,141,83,23,14,148,138,19,89,0,82,13,123,119,1,81,28,123,91,120,11,3,4,8,239,164,164,166,9,2,0,160,264,169,255,239,1,3,168,170,260,163,161,159,163,159,163,167,163,246,166,168,166,166,7,262,167,169,252,2,0,164,162,242,251,257,8,10,2,79,15,89,2,11,6,79,17,87,6,9,7,249,254,221,84,771,61,814,780
6,130,138,25,125,117,301,293,271,277,353,370,0,3,1,11,228,230,8,11,1,130,138,12,20,14,121,95,96,93,113,13,19,147,142,79,85,249,165,167,259,1,1,10,5,130,101,99,138,16,18,23,21,13,124,110,124,92,96,111,12,20,89,2,9,3,8,105,95,116,10,11,0,2,5,245,165,255,239,243,167,161,159,159,161,259,264,161,265,9,7,0,108,154,98,101,142,132,134,121,93,111,26,13,121,92,152,98,133,12,89,7,8,243,159,252,0,1,1,8,10,0,3,3,170,258,252,3,7,2,9,1,164,162,160,164,160,164,168,164,7,3,11,7,1,1,3,168,170,9,104,96,115,9,264,246,234,4,2,3,82,25,89,1,10,10,132,99,142,5,0,247,250,8,239,84,767,55,59,56
3,4,81,20,16,126,120,294,272,278,354,371,351,1,2,1,229,225,7,108,92,95,111,27,22,148,136,24,19,25,14,13,149,141,103,151,139,239,166,168,256,169,265,243,159,255,7,10,82,18,25,12,13,23,15,30,26,25,22,27,18,16,126,94,96,118,0,84,22,86,6,7,7,5,253,248,166,258,1,239,168,162,160,160,162,242,10,162,260,255,6,6,130,143,2,5,106,92,111,25,28,28,145,134,24,30,121,91,153,102,143,2,245,244,160,249,161,161,161,159,165,165,167,163,261,2,2,5,11,4,9,1,0,0,9,0,3,1,5,6,0,5,4,8,5,2,7,0,106,96,113,25,122,117,1,4,235,7,11,3,129,97,139,249,263,0,4,7,2,245,169,244,10,245,244,81,769,49,50,50
6,4,129,100,101,99,139,6,273,279,355,372,352,10,5,4,230,226,1,79,15,29,13,26,16,89,83,16,145,97,100,134,123,96,151,140,251,254,8,5,2,170,264,244,160,266,263,8,131,133,24,24,30,25,27,30,30,29,17,16,22,22,21,21,18,87,9,130,100,141,0,6,2,247,252,251,165,263,249,248,106,93,93,96,120,260,169,169,259,242,0,10,11,0,2,8,81,25,20,12,29,149,142,82,28,147,99,100,143,10,0,247,250,251,165,252,162,162,162,160,166,166,168,164,264,165,161,159,165,257,5,9,3,253,163,263,6,0,4,6,9,11,8,8,9,10,9,10,84,16,28,22,23,124,116,4,236,1,5,3,243,169,159,254,264,263,7,4,4,239,170,5,2,213,6,79,770,48,47,58
10,3,0,5,4,10,1,0,4,280,356,373,353,5,9,8,234,227,6,129,98,137,18,145,100,143,130,100,140,6,5,84,30,15,86,247,250,11,9,2,10,5,3,4,4,11,240,1,10,84,24,27,146,101,135,24,12,27,150,138,13,13,145,133,22,89,1,5,9,2,5,3,245,246,5,239,166,260,248,104,110,791,784,803,125,115,170,170,242,258,167,255,6,1,9,3,132,98,100,100,97,142,9,127,101,139,0,2,5,249,169,244,249,246,166,107,95,92,93,95,93,93,93,91,119,166,162,160,166,242,247,161,167,244,164,258,263,249,159,265,6,11,251,163,263,9,10,9,130,98,102,98,134,29,85,7,242,245,159,261,237,170,160,1,5,266,261,253,167,244,9,7,8,214,104,110,769,51,54,54
6,1,4,8,3,7,2,11,8,0,222,374,354,4,0,4,235,240,2,6,9,127,98,139,247,167,167,163,259,2,10,80,18,148,139,239,6,4,3,7,9,104,96,91,95,115,241,3,4,83,29,27,88,1,129,102,100,101,141,131,135,13,88,128,101,144,3,6,8,245,161,265,237,245,167,248,107,94,94,109,794,800,54,811,803,124,93,119,262,263,168,264,169,261,3,3,1,245,263,11,249,261,0,253,167,169,261,3,245,250,170,251,252,106,93,109,791,804,796,783,807,791,783,807,124,94,93,116,1,266,254,162,168,11,3,3,256,250,160,242,251,169,254,164,234,0,10,11,10,6,3,9,128,99,139,5,260,244,160,242,238,0,1,11,9,0,260,250,168,8,5,7,2,215,84,795,802,51,53,49
94,92,95,119,11,10,2,10,5,8,223,375,355,10,0,3,236,241,10,10,1,8,6,245,250,168,168,164,260,167,259,129,99,141,243,248,1,104,91,95,94,114,791,780,807,87,260,165,265,129,133,17,89,2,10,0,11,3,6,11,129,98,143,6,2,251,165,159,167,252,162,242,238,216,168,6,83,796,783,784,801,53,47,61,814,780,807,123,119,260,255,6,170,264,169,163,159,250,260,165,248,258,161,252,168,170,266,167,252,243,159,254,105,112,793,781,799,814,797,57,813,801,56,773,792,779,803,90,9,0,9,11,104,91,94,91,95,120,0,266,248,170,9,9,235,6,4,6,5,11,8,7,11,9,1,3,0,2,7,258,246,6,5,2,11,11,5,4,6,11,7,11,1,219,80,770,57,57,51,49
17,28,19,126,118,5,10,1,9,9,224,376,356,6,10,5,242,256,163,163,169,163,167,248,249,169,167,255,10,168,242,243,161,259,239,0,11,79,796,780,780,782,802,47,776,125,117,166,266,2,129,100,143,9,2,8,9,245,167,167,159,161,159,163,159,248,166,160,168,10,11,258,252,217,104,94,114,770,59,56,58,56,61,51,50,48,811,806,87,11,240,7,5,1,170,164,160,11,2,166,245,265,162,249,167,167,261,168,249,250,160,106,113,795,802,62,54,49,52,54,54,49,55,810,798,61,778,124,95,95,91,96,109,792,784,784,808,88,10,11,1,6,1,11,236,6,5,10,11,3,1,8,4,4,2,4,5,6,9,0,8,4,6,2,8,8,1,6,3,5,4,3,9,220,79,817,786,821,53,56
28,26,15,19,86,3,2,11,1,3,237,5,219,4,0,5,260,259,164,164,170,164,168,2,239,170,168,258,161,255,266,252,162,262,252,9,3,80,818,789,787,825,60,51,809,803,121,96,120,260,167,265,7,249,265,251,161,250,168,168,160,162,160,164,160,251,165,165,159,159,165,257,10,218,82,791,779,797,61,62,57,52,53,54,53,52,50,778,126,116,241,5,9,253,159,159,161,159,169,165,254,260,163,250,168,168,260,165,254,108,92,110,793,802,50,49,48,58,59,62,48,50,48,50,50,61,778,28,791,784,808,27,791,798,60,57,778,124,91,92,91,118,4,2,242,6,8,6,11,6,3,5,5,6,3,8,1,0,9,1,0,11,4,9,1,11,4,4,9,1,9,0,10,221,131,99,135,768,56,53
19,147,101,98,140,9,4,8,10,1,238,10,220,10,5,10,10,266,167,167,165,169,167,169,252,0,8,8,162,264,161,261,3,9,2,11,6,131,97,98,135,815,790,826,50,813,781,803,89,5,168,242,3,237,266,248,162,253,161,167,161,159,161,165,163,254,166,166,160,160,166,242,8,239,83,770,59,53,61,51,54,55,53,48,50,54,47,809,804,89,266,165,167,246,160,160,162,160,170,166,106,115,164,103,95,91,120,166,105,112,794,783,800,49,56,59,54,60,56,57,62,52,51,48,62,53,812,784,800,59,809,781,802,51,58,53,812,779,779,781,803,122,95,119,264,165,259,8,6,9,8,10,5,11,9,7,2,4,6,2,2,1,4,11,3,11,6,9,0,6,1,9,249,244,103,95,113,769,60,52
148,140,243,159,161,165,159,159,159,163,246,3,221,10,8,4,4,11,168,168,166,170,168,170,107,94,94,96,117,9,162,242,9,249,165,163,161,167,159,255,132,101,136,769,48,59,52,777,123,93,116,262,259,238,6,245,165,246,162,168,162,160,162,166,164,103,95,94,96,91,116,256,169,248,84,772,48,56,61,62,50,49,61,49,57,57,55,61,776,86,10,166,168,9,108,92,93,92,91,93,111,122,96,114,795,807,124,96,110,796,802,50,56,54,57,62,50,57,59,47,56,48,51,51,62,48,56,52,52,58,51,56,54,54,53,53,60,58,61,59,811,783,804,126,115,166,266,261,0,10,10,8,1,4,7,1,3,6,2,7,9,8,1,8,4,11,5,6,11,8,8,243,254,9,84,795,780,797,62,59
139,245,250,160,162,166,160,160,160,164,249,169,244,11,5,8,9,7,8,8,11,105,96,91,110,794,781,804,126,95,119,264,257,239,166,164,162,168,160,256,169,261,80,767,47,52,59,811,784,804,86,6,266,246,7,239,166,7,106,93,96,94,93,92,94,111,793,782,779,806,122,116,170,9,82,768,47,50,48,50,57,62,49,48,56,55,54,837,831,126,93,116,2,104,114,791,779,807,28,795,780,784,780,783,798,812,783,780,784,800,50,60,55,62,57,48,61,49,54,60,51,54,58,50,51,56,48,50,59,58,51,57,48,51,58,50,61,54,49,57,58,51,809,803,124,92,115,262,159,257,6,8,6,0,0,9,9,5,4,1,8,8,0,5,2,10,0,253,161,167,167,254,104,93,112,768,54,54,53,58
169,252,253,159,255,247,159,167,163,167,246,170,4,2,4,7,7,104,93,95,93,112,795,779,803,768,57,812,783,803,88,4,264,250,104,96,94,96,120,2,170,234,83,770,51,53,50,55,56,775,123,119,1,2,247,252,105,95,113,791,783,781,805,795,781,780,799,49,54,812,805,124,95,93,112,770,51,57,49,54,52,56,60,58,47,54,55,812,783,783,805,121,96,109,796,800,54,809,779,802,58,60,57,58,53,59,62,51,50,62,55,52,55,55,54,51,49,55,56,59,60,48,52,60,49,59,54,58,56,58,57,62,62,56,53,47,57,48,59,60,58,51,51,810,784,807,85,1,160,260,259,0,10,3,6,4,0,11,3,6,10,4,10,7,8,247,167,246,162,168,168,3,81,793,784,802,61,51,49,57
170,4,239,160,264,244,160,168,164,168,5,105,94,93,96,118,103,112,791,783,780,780,799,52,811,800,49,49,58,774,89,5,9,9,79,791,781,807,122,96,120,235,81,772,47,56,54,56,53,814,804,124,92,116,213,103,110,792,783,802,58,50,810,802,56,48,50,49,57,53,810,779,781,782,780,799,61,55,53,62,51,50,56,59,58,62,62,55,51,49,809,779,782,784,799,48,55,57,56,57,57,48,48,50,59,57,51,58,59,57,57,55,58,48,50,59,54,47,62,59,52,62,62,62,60,58,53,47,62,59,61,49,61,54,61,57,57,49,60,60,48,53,55,58,49,774,121,92,95,119,231,11,4,6,11,8,4,11,8,3,2,8,1,6,5,222,168,9,103,93,92,92,111,772,50,54,61,59,52,54
243,167,252,103,91,92,91,95,93,94,92,109,793,784,808,126,110,792,797,54,59,52,60,57,49,59,51,49,60,773,126,92,93,93,113,771,50,811,784,806,90,236,82,767,55,51,55,52,56,55,811,779,805,90,214,83,792,800,55,56,51,59,49,48,52,52,47,47,57,59,59,56,50,60,52,55,51,49,60,58,61,55,50,57,62,62,57,58,55,59,49,55,61,51,60,62,54,61,56,50,47,61,60,60,52,48,55,48,53,53,60,62,47,61,49,53,62,59,50,60,59,60,49,48,57,50,53,60,51,47,58,58,62,48,59,49,48,51,59,58,57,59,62,53,53,810,783,779,806,90,232,0,9,11,4,10,3,9,5,1,0,8,6,4,2,223,105,94,109,793,779,781,782,800,50,59,56,52,62,60
237,168,3,83,794,781,784,781,784,781,781,784,801,55,810,782,782,802,53,58,56,48,51,50,56,57,62,53,51,810,783,782,782,779,807,815,785,822,555,776,87,240,79,770,60,53,54,58,52,57,47,49,776,88,215,80,769,55,47,49,61,53,57,50,50,47,52,62,60,60,52,48,57,62,62,51,55,52,50,57,58,60,62,55,54,51,47,58,50,61,49,58,60,52,53,55,58,48,59,50,62,53,50,50,60,61,55,61,52,51,60,60,54,58,55,55,55,62,49,55,50,52,49,52,61,51,61,56,47,52,56,58,61,50,54,57,51,61,60,62,49,60,48,62,60,61,62,56,777,87,233,6,10,11,11,3,6,11,0,7,2,6,0,7,7,224,79,796,781,798,50,54,55,47,62,49,49,54,50,54
238,8,4,79,771,52,55,48,54,55,58,48,59,62,50,55,59,47,62,47,59,48,58,52,52,62,56,49,58,47,47,58,58,61,776,150,134,815,556,828,86,241,84,815,824,56,61,57,55,54,50,837,832,86,239,84,768,51,61,56,50,56,59,56,59,60,48,52,54,54,59,49,52,51,47,48,61,60,56,51,54,52,60,48,52,59,47,61,51,54,62,60,55,52,61,55,50,52,58,55,54,59,54,57,48,55,62,48,59,48,49,47,55,51,55,55,54,49,50,60,47,59,60,62,61,59,60,48,61,54,52,56,51,55,62,52,47,62,50,47,59,52,57,50,55,53,58,834,829,89,242,3,0,7,0,3,9,2,6,9,10,5,6,6,5,239,82,768,52,57,60,59,50,54,60,55,49,58,62,833
