79,64,68,71,65,64,67,78,74,68,73,65,68,73,69,65,66,76,75,71,74,79,78,76,70,67,70,75,72,69,73,64,69,64,64,75,76,75,73,73,71,65,72,74,79,67,67,76,76,72,76,74,65,67,66,65,66,75,75,64,76,76,70,64,74,76,66,67,79,78,70,72,67,74,72,66,64,67,71,65,68,74,574,7,11,3,13,14,3,9,1,15,7,242,23,17,24,27,17,30,26,20,17,19,24,263,261,0,15,609,604,79,69,64,75,72,79,66,67,75,66,69,68,69,73,72,70,72,75,76,74,65,68,77,69,73,79,76,586,370,47,41,43,35,39,47,40,33,39,41,43,45,42,32,37,36,42,42,42,37,38,32,365,10,9,14,9,2,4,2,4,1,1,9,4
78,77,66,65,66,65,78,75,68,68,75,72,77,71,74,71,74,67,66,64,79,68,66,68,77,69,73,66,65,70,79,79,79,74,71,65,66,79,73,67,79,78,72,76,75,71,71,68,72,79,68,66,67,67,66,64,71,76,73,67,75,79,68,71,74,79,79,65,67,75,79,74,79,72,76,68,74,67,77,66,66,64,575,4,0,15,8,2,4,3,8,14,8,243,21,18,27,29,22,31,19,25,20,27,31,20,265,262,14,15,609,604,69,76,64,74,73,74,73,74,68,67,79,73,73,72,76,68,79,76,68,70,73,68,79,594,530,530,591,373,34,39,47,44,40,36,35,47,43,32,35,42,47,36,42,35,44,36,34,46,44,38,362,15,12,8,12,13,3,14,12,15,4,6,13
79,67,65,74,77,73,66,68,64,75,75,64,72,76,79,70,75,78,67,68,77,67,68,64,73,78,66,66,76,69,64,75,67,67,66,72,68,75,70,73,74,69,71,74,79,71,66,67,65,77,65,72,70,68,69,73,79,65,67,71,78,65,69,67,64,72,76,79,67,76,70,77,76,65,69,71,66,70,77,64,69,76,572,0,7,15,0,13,9,11,8,5,6,243,29,27,17,29,21,27,26,16,20,19,26,28,16,264,261,1,2,609,608,76,67,73,72,75,66,79,73,69,65,65,79,72,68,67,66,76,72,73,71,77,598,595,531,531,432,426,44,36,44,43,40,44,32,32,43,37,40,38,38,47,43,40,43,37,39,47,44,47,415,380,421,5,1,11,1,6,6,8,2,5,4
68,70,74,75,65,69,69,69,66,77,73,65,69,69,64,76,72,69,68,65,74,64,75,78,68,68,64,77,67,65,77,74,67,67,74,79,64,74,78,79,76,68,72,79,71,76,77,67,65,75,73,68,70,78,70,79,74,69,78,69,65,75,66,68,72,74,68,79,71,73,77,79,64,73,68,69,68,66,72,74,73,79,573,1,12,9,4,11,10,11,0,3,13,244,26,17,27,16,25,17,19,17,18,18,23,23,22,20,245,14,5,14,605,600,64,67,78,77,75,74,65,73,78,64,72,79,71,77,76,73,75,598,530,522,599,7,13,430,422,43,46,34,43,46,42,46,33,36,32,33,44,38,41,36,40,39,47,38,44,41,35,38,41,45,365,7,0,0,4,10,10,2,3,2,1
73,74,70,76,74,66,70,77,69,70,71,66,66,66,72,64,72,67,74,67,66,64,73,79,66,77,79,77,79,64,70,77,79,67,79,70,79,79,70,65,75,78,74,76,78,66,71,74,68,72,78,72,65,71,69,78,69,68,71,79,75,73,65,68,72,66,66,64,78,73,72,72,65,74,79,78,75,70,76,75,65,67,574,9,2,9,13,1,11,11,2,0,12,266,252,271,30,18,28,31,19,25,30,30,27,24,21,30,264,250,262,11,12,609,602,76,72,74,72,67,69,70,78,70,78,71,78,74,67,66,590,599,531,523,11,6,10,373,33,43,44,37,41,45,43,47,34,42,47,36,41,45,46,43,36,38,33,37,40,38,45,42,40,44,362,11,10,6,8,13,10,13,11,12,8
73,69,71,65,70,79,71,76,79,69,76,77,66,68,78,75,71,67,75,71,75,72,72,74,78,65,78,77,65,66,72,68,65,70,77,78,78,66,66,70,70,78,64,66,65,76,73,68,73,66,69,68,78,79,77,79,77,77,74,65,75,79,66,72,69,71,68,70,71,65,67,75,78,75,79,69,77,69,74,65,69,77,575,12,7,14,11,6,7,6,3,1,8,2,15,267,269,23,28,31,17,31,29,18,27,23,25,19,25,30,264,261,3,6,611,608,75,65,65,74,64,73,76,72,79,71,64,68,67,73,570,11,9,13,13,9,15,368,40,44,33,40,45,36,33,37,47,47,47,34,37,40,32,39,35,43,44,44,44,39,45,40,42,40,367,5,11,6,14,7,2,3,1,3,10
65,70,79,70,70,65,66,75,69,71,73,70,78,74,65,71,68,69,72,74,64,79,64,78,71,77,70,67,74,78,64,67,77,78,77,79,67,76,72,77,70,75,66,74,70,71,73,72,72,67,71,74,76,76,78,70,73,73,69,78,72,72,76,75,77,78,79,73,75,72,66,76,66,72,74,69,75,65,76,79,74,68,572,0,0,9,3,10,6,15,1,7,4,6,13,255,258,21,19,22,19,16,23,30,19,18,19,16,22,30,21,264,260,2,14,607,602,75,68,70,78,69,78,70,64,72,79,69,68,68,571,13,4,2,11,13,8,372,45,34,35,38,36,32,32,39,32,45,38,43,44,44,39,45,45,41,47,38,41,44,41,36,37,36,362,7,6,0,0,9,2,13,7,5,12
79,76,78,78,73,79,75,74,65,69,67,69,77,67,73,67,69,64,69,74,72,73,73,69,76,69,74,79,74,71,70,76,64,70,66,67,67,71,72,65,75,66,79,69,71,68,76,65,66,72,78,75,73,64,79,71,73,73,64,69,72,72,66,70,79,75,590,528,602,75,74,64,72,74,79,77,69,69,70,78,75,73,573,8,8,2,13,13,5,3,14,254,250,249,248,257,28,20,19,18,22,23,28,20,22,29,23,23,27,24,27,26,263,260,0,14,605,610,69,67,75,68,68,72,71,69,66,66,78,74,572,2,13,7,15,9,14,407,401,33,32,47,36,32,32,43,37,34,46,44,41,44,38,37,42,34,45,41,40,36,36,42,44,43,413,417,13,12,11,8,5,5,12,1,7
74,79,72,70,64,70,76,78,69,75,75,65,79,76,64,65,65,74,65,78,64,79,76,75,75,76,68,76,67,72,65,64,76,76,64,76,75,69,70,79,71,67,74,66,76,68,79,74,68,78,69,68,72,79,71,72,74,75,77,76,66,71,73,70,77,596,595,529,609,608,68,76,70,78,66,75,68,65,75,72,65,598,597,10,9,13,0,14,15,14,8,242,28,22,20,24,31,31,27,22,31,19,19,16,29,29,23,17,31,18,18,28,25,264,260,13,9,607,610,78,68,70,76,77,71,70,76,79,73,67,573,2,7,12,0,13,9,12,407,401,35,32,43,39,35,42,32,45,45,43,36,38,36,43,37,32,35,36,42,42,42,43,46,41,45,365,1,1,13,6,2,9,0,5,11
77,72,72,70,75,68,79,79,72,69,73,78,79,78,68,73,64,72,67,76,67,74,76,72,67,71,68,72,64,77,69,69,68,66,75,68,69,75,66,69,73,65,71,67,72,65,78,73,75,72,65,79,71,74,69,71,70,76,69,75,65,65,76,67,590,597,256,248,260,603,606,64,72,64,64,77,73,74,71,77,588,589,15,10,9,5,7,12,9,0,3,244,31,17,30,25,27,18,31,23,29,30,17,16,23,19,29,18,20,17,23,22,19,27,264,260,11,8,607,606,70,66,78,75,64,65,69,69,65,78,576,10,4,3,15,10,13,5,12,371,47,39,39,34,33,47,33,44,39,38,38,46,33,40,39,38,44,32,38,35,38,32,43,33,37,366,2,5,10,11,6,9,5,4,0
78,75,70,78,79,69,64,71,78,67,72,78,78,76,79,64,69,75,78,66,70,71,66,79,68,68,75,66,77,73,76,79,79,79,68,74,65,79,65,66,67,78,69,79,65,70,69,73,67,73,73,65,74,70,71,72,65,79,75,75,74,67,77,588,597,255,259,23,263,261,601,606,74,68,68,64,70,72,73,598,599,256,248,249,249,248,249,249,249,250,248,258,22,24,31,31,26,29,16,19,17,30,22,23,20,21,31,23,22,24,22,21,20,25,25,263,260,3,3,601,606,74,76,79,73,73,74,65,76,76,577,7,12,0,11,11,2,10,11,407,400,47,43,39,34,36,35,32,43,35,35,42,34,32,35,44,40,40,36,45,38,37,37,42,35,415,417,5,8,9,11,4,10,7,6
67,70,79,66,68,67,67,78,79,75,68,73,66,70,79,74,69,65,67,68,73,64,78,72,73,79,68,69,66,79,64,67,69,73,70,75,71,73,73,75,64,70,77,71,71,77,76,65,73,78,68,75,74,65,71,73,78,68,76,71,67,72,590,599,256,258,20,18,17,265,260,603,610,79,67,75,74,65,594,595,256,259,30,18,28,26,30,22,31,26,16,31,16,30,29,21,30,27,19,24,22,21,23,25,25,23,21,31,16,19,25,25,20,24,19,17,263,260,0,5,603,602,79,78,71,74,75,67,67,72,694,7,7,13,7,15,11,2,11,14,369,32,39,45,37,46,38,42,35,39,36,39,42,35,47,42,33,46,35,44,44,32,43,38,391,375,393,0,6,4,12,15,6,14,14
72,69,75,72,76,594,526,530,526,528,530,524,530,524,522,522,526,526,526,522,526,530,610,67,70,71,70,65,67,65,69,70,65,71,74,79,65,79,69,71,66,74,68,76,64,77,66,74,77,65,79,64,79,64,66,71,67,75,77,75,64,588,597,256,258,26,26,16,18,25,265,260,601,604,64,68,75,596,591,254,258,20,27,16,21,30,31,27,24,31,26,22,20,24,30,30,26,29,22,29,21,17,18,24,26,30,23,21,30,22,21,26,29,23,20,31,19,264,260,5,14,607,606,75,66,69,70,72,65,76,695,636,6,12,0,13,10,5,0,5,368,40,39,45,42,33,42,43,37,44,43,37,43,41,38,47,45,46,44,36,32,45,43,386,394,255,248,261,10,433,418,11,0,9,0
65,77,64,73,75,572,527,531,527,529,531,525,531,525,523,523,527,527,527,523,527,531,584,68,69,73,69,71,65,74,71,75,75,75,64,74,73,68,67,69,68,75,73,69,65,73,71,77,64,75,75,75,68,79,75,70,65,64,78,67,596,597,255,259,28,16,17,19,21,26,31,263,262,607,600,79,69,586,256,258,18,16,24,19,29,27,31,24,17,31,29,19,26,19,31,16,22,18,31,17,17,20,23,31,18,16,26,22,25,25,30,24,29,25,26,20,27,19,264,262,3,7,603,524,532,600,70,72,78,74,696,637,642,15,8,12,6,7,11,11,409,398,37,42,37,32,42,37,46,38,34,36,37,45,32,44,37,45,35,44,39,44,388,397,255,259,24,264,262,373,367,1,1,5,3
74,64,69,72,68,573,9,0,14,9,3,8,11,11,6,9,4,8,4,3,14,10,585,71,67,70,77,74,78,70,77,76,65,68,75,77,73,65,69,68,74,75,76,66,74,72,64,74,70,65,65,72,71,72,77,76,73,78,75,598,593,254,259,24,26,25,31,28,23,20,23,24,264,260,611,602,598,591,242,22,24,19,19,26,18,29,24,18,20,25,26,27,28,17,16,23,23,17,27,27,27,30,31,24,26,25,17,17,29,27,28,16,29,28,28,18,26,30,19,245,12,2,3,525,533,578,65,79,71,78,697,638,643,636,11,5,3,9,14,11,13,368,46,389,379,376,403,32,36,34,37,35,44,35,44,41,34,45,36,37,35,386,392,256,258,30,19,26,247,406,396,13,8,0,15
67,68,72,64,77,576,11,2,1,2,6,10,1,1,14,1,0,2,12,0,4,5,582,72,71,70,72,64,67,70,69,77,72,78,68,78,77,70,64,76,77,64,78,75,77,73,71,67,73,66,65,65,72,74,76,65,73,77,598,597,254,258,21,17,21,26,31,16,29,27,26,26,30,264,261,605,599,255,257,24,29,24,22,17,26,26,16,29,16,22,17,19,21,29,16,24,18,21,19,26,24,22,24,22,20,26,22,31,31,24,30,17,23,24,27,28,21,27,16,263,262,2,433,384,419,579,79,64,78,76,698,639,644,637,630,5,8,5,3,14,0,409,376,394,7,3,405,400,33,43,32,42,33,37,44,39,44,43,42,43,388,396,255,257,17,27,28,18,245,9,8,15,12,4,6
67,66,73,69,65,577,3,12,13,15,5,3,4,9,0,5,9,12,12,2,1,9,583,78,68,66,76,66,67,76,66,64,65,66,64,65,66,78,66,68,67,66,64,77,77,77,67,71,69,72,67,77,75,77,78,68,70,596,593,13,243,20,20,19,17,25,18,28,28,24,31,20,20,17,265,262,254,258,20,23,29,30,29,16,19,30,23,21,29,24,31,19,29,30,25,29,25,28,16,25,27,19,21,16,18,22,24,19,21,21,25,23,31,18,18,23,30,22,18,275,273,431,426,39,366,609,606,66,67,68,699,640,645,638,631,642,3,13,13,4,9,11,4,13,3,13,0,408,376,399,40,34,37,34,36,47,34,47,41,387,395,256,258,29,23,29,21,276,274,9,1,12,0,3,7
64,76,72,66,77,576,0,10,13,13,11,7,6,4,0,4,8,13,12,10,12,15,582,68,76,73,77,74,71,74,68,75,65,74,77,70,72,73,65,77,64,77,71,76,76,73,66,76,76,75,72,74,78,74,73,65,73,572,10,255,259,26,24,27,26,25,21,18,30,26,23,20,29,31,26,263,259,30,24,24,19,26,21,24,20,31,31,26,29,20,23,16,18,17,27,24,29,22,23,16,17,24,30,31,22,29,26,17,28,16,22,22,17,17,24,26,22,19,276,274,433,425,43,43,411,420,601,610,64,69,66,641,646,639,632,643,618,14,1,11,11,5,12,14,14,2,6,13,3,369,39,34,37,43,32,34,44,32,387,397,254,257,23,28,18,21,275,273,10,433,384,382,383,384,385
67,77,73,65,66,577,1,15,0,6,2,10,14,1,1,0,3,2,9,2,7,9,583,67,79,70,77,77,68,66,72,77,72,76,72,77,73,79,68,73,73,73,71,77,78,79,67,67,73,79,75,75,77,76,72,65,65,573,256,258,19,16,31,21,20,18,28,21,25,31,23,24,22,26,25,31,25,27,23,20,28,21,26,18,26,29,31,22,26,16,28,19,24,31,27,22,30,27,17,29,29,25,17,25,17,18,26,21,26,17,27,17,20,28,31,28,20,277,272,429,426,32,33,39,39,363,2,609,606,79,75,71,647,640,633,644,619,612,2,11,1,3,13,13,4,10,1,13,13,373,45,43,46,36,44,36,33,390,392,255,259,24,31,28,21,277,273,428,385,426,38,32,47,45,36
76,65,76,66,71,572,1,11,7,0,10,4,5,8,0,8,9,4,5,0,11,5,584,68,75,67,78,67,77,64,64,72,77,70,71,73,76,65,75,71,78,64,78,65,77,76,67,75,74,77,72,74,79,75,78,73,77,700,267,270,22,16,25,17,27,16,20,31,31,27,28,18,19,28,29,17,24,17,22,25,29,21,16,16,29,30,29,25,19,26,22,21,16,24,26,18,28,21,19,29,22,31,31,16,18,23,26,22,26,16,19,30,29,22,25,17,277,272,430,426,44,47,36,47,45,412,380,421,611,610,67,71,74,641,634,645,620,613,684,2,9,1,2,15,13,3,14,11,8,370,44,38,42,37,40,41,391,396,254,257,23,26,19,31,276,274,430,424,34,32,38,46,36,45,33
71,70,66,78,64,573,13,10,10,9,14,1,0,5,4,4,15,7,11,12,4,0,585,76,65,64,73,73,71,64,69,71,76,70,75,69,66,75,66,66,73,79,70,79,71,66,68,68,73,70,76,77,78,73,69,77,75,701,612,266,271,22,26,28,28,20,21,18,16,19,22,16,30,28,31,30,27,22,23,28,25,26,28,20,28,17,16,20,27,25,22,19,17,27,20,26,25,20,22,17,18,19,16,23,30,30,28,20,275,253,252,252,269,23,24,18,246,432,422,45,33,32,32,47,36,40,34,412,420,611,604,74,71,78,635,646,621,614,685,0,2,15,3,1,12,3,15,2,11,408,377,374,402,35,43,390,396,256,257,24,31,21,20,275,272,431,424,36,47,39,42,40,38,35,42
66,74,69,78,73,570,3,9,9,14,4,5,14,7,5,11,5,6,5,5,14,6,582,73,69,67,70,74,76,74,68,67,76,76,78,65,73,70,64,66,75,67,79,74,66,72,71,66,70,65,79,77,64,67,78,66,78,702,613,642,268,269,16,24,26,25,28,25,19,24,19,22,19,20,19,29,29,23,29,28,16,20,31,21,24,29,22,28,16,28,23,24,22,23,21,30,17,27,21,25,28,29,31,19,18,25,19,29,245,6,10,12,243,25,31,29,246,373,45,46,35,47,42,42,35,41,40,44,365,4,605,606,70,73,79,647,622,615,686,2,0,13,8,10,13,4,9,15,14,5,3,428,422,34,389,397,254,258,31,17,27,19,277,273,432,423,46,42,41,43,36,36,43,39,38
78,73,72,65,68,571,14,5,12,14,7,6,10,10,12,6,11,4,4,12,11,6,583,64,69,78,77,79,76,68,71,73,71,67,67,65,70,67,73,67,66,74,77,74,79,73,69,65,69,67,69,66,79,78,72,72,71,703,614,643,642,267,270,25,31,19,16,24,24,30,28,28,19,31,29,26,19,17,31,17,30,31,18,20,30,19,16,18,22,30,20,28,23,20,18,22,24,22,24,23,29,23,19,28,21,31,16,30,245,9,6,4,266,253,251,253,272,369,45,42,39,33,41,35,45,39,47,388,395,6,5,603,610,74,71,72,623,616,687,9,5,2,6,6,11,8,3,14,8,10,8,370,44,388,396,254,257,28,20,22,19,276,272,433,427,47,37,41,36,32,47,42,37,46,44
69,74,65,75,65,574,14,14,9,4,0,13,3,4,1,1,2,8,1,5,4,9,582,72,71,79,67,72,76,67,68,71,64,67,74,78,76,64,79,79,67,71,79,66,78,70,76,73,71,67,78,71,73,64,65,76,70,704,615,644,643,618,267,269,31,20,31,18,20,25,20,24,17,28,16,17,27,30,19,24,17,30,16,18,23,19,19,19,29,27,23,26,22,20,30,22,18,22,24,19,24,24,22,24,26,19,276,253,273,10,255,249,260,3,4,429,382,427,37,37,40,34,43,37,37,35,391,393,0,8,2,8,607,602,76,77,64,617,688,0,2,8,6,2,0,3,7,0,11,13,1,405,374,393,254,257,30,25,20,23,276,273,433,424,45,39,34,34,40,36,34,42,33,36,44
67,77,75,65,67,575,2,11,11,8,3,9,4,0,5,13,10,5,9,8,14,1,583,75,68,66,79,78,75,76,70,77,78,74,66,66,71,77,64,68,69,73,76,68,66,67,68,64,74,76,68,68,64,72,70,72,75,705,616,645,644,619,612,266,271,17,28,17,25,21,19,24,24,21,27,20,28,21,20,18,26,29,21,18,20,17,30,19,19,21,26,29,23,23,29,18,27,21,26,20,25,28,30,29,22,29,263,262,254,250,257,276,273,428,384,427,35,45,37,35,44,38,46,47,47,389,394,256,262,7,1,13,3,603,600,75,75,68,586,7,2,2,15,7,6,5,13,14,8,14,7,2,7,255,258,23,27,24,31,277,274,428,422,36,35,36,44,35,38,35,45,40,43,32,33
73,64,70,73,70,576,9,5,5,11,5,10,9,14,12,2,14,8,11,13,3,13,580,66,72,66,65,72,72,73,69,76,67,72,75,70,64,69,70,72,68,73,69,79,70,67,77,68,68,71,64,65,78,76,75,71,77,72,617,646,645,620,613,684,244,26,18,17,16,22,20,27,19,25,24,16,30,18,31,26,30,22,23,28,21,26,29,27,22,23,28,23,27,19,22,17,31,23,22,23,24,27,23,29,30,27,25,264,258,24,18,245,433,423,32,42,33,44,41,35,37,34,41,42,44,367,254,257,264,260,13,15,8,14,603,608,70,596,593,10,2,14,3,11,15,13,11,14,0,9,9,15,256,259,19,20,16,17,275,272,431,426,40,47,45,34,36,39,42,45,33,38,33,43,46
79,74,68,77,78,577,15,2,7,13,15,10,9,14,1,2,12,6,7,1,8,10,581,71,66,68,75,72,66,64,65,70,74,64,75,79,77,77,74,71,78,79,67,66,79,78,67,66,69,77,70,71,77,75,78,79,76,65,76,647,646,621,614,685,268,269,23,26,26,25,26,31,18,16,22,26,19,16,18,27,23,27,17,31,26,18,16,29,25,31,18,27,23,27,19,17,20,23,26,26,16,30,26,17,22,29,23,25,28,23,22,246,370,45,47,43,46,39,36,32,35,36,46,42,32,363,243,17,24,265,260,0,5,3,6,601,526,599,10,1,1,15,1,6,0,256,248,249,260,15,5,256,257,21,26,29,16,277,272,429,423,42,39,47,36,34,46,40,35,45,34,42,34,32,42
65,72,79,76,69,576,11,8,13,3,10,6,11,11,7,2,10,7,6,6,14,14,582,71,75,79,75,69,79,73,68,74,71,74,64,76,69,72,77,67,69,68,79,73,78,71,74,76,69,77,70,71,78,75,79,70,64,78,71,70,647,622,615,686,7,268,252,270,26,16,29,30,20,23,31,20,26,16,25,23,24,18,31,24,19,26,18,26,22,18,23,17,21,29,26,27,30,29,19,16,22,28,20,23,27,19,25,17,17,25,31,245,407,399,32,46,43,41,33,41,46,45,44,45,386,397,242,26,19,21,265,260,13,15,1,15,527,12,10,9,10,5,13,11,255,257,26,27,246,255,250,279,269,31,28,30,277,272,433,425,42,36,42,43,43,42,36,39,35,32,42,33,41,32,36
79,72,67,64,77,577,5,11,7,0,11,2,0,7,4,2,1,11,13,8,13,8,583,67,78,74,67,77,78,74,68,72,76,76,66,65,67,75,69,76,68,78,71,65,74,70,79,67,67,69,69,74,76,65,79,73,68,78,64,70,71,623,616,687,13,2,9,266,269,25,17,19,28,22,28,24,20,23,28,19,31,19,31,30,29,21,26,21,30,24,19,29,30,25,31,30,24,17,28,18,20,22,24,22,24,26,27,23,18,31,20,265,260,405,401,35,37,32,41,34,39,44,46,36,367,256,257,30,31,25,22,264,262,2,3,4,13,3,13,4,0,12,6,256,259,20,26,25,264,258,25,265,278,251,271,275,274,14,371,45,32,40,38,45,36,37,46,33,32,36,43,38,46,44,46
79,64,79,75,79,574,15,3,8,5,9,5,14,4,1,11,14,6,9,9,5,10,578,73,75,79,79,74,68,72,74,70,76,69,70,71,77,65,78,72,73,76,73,72,71,68,70,67,71,78,71,71,72,64,71,67,79,68,76,76,66,65,617,688,3,7,15,0,267,269,21,20,21,31,23,30,16,26,28,25,23,17,25,18,29,31,30,25,31,28,17,27,19,19,27,16,24,26,22,27,27,18,26,25,26,19,28,26,23,23,17,16,265,261,408,399,37,38,38,36,43,46,35,386,394,242,17,22,16,30,31,18,265,250,261,2,13,10,1,14,4,0,255,259,28,22,17,26,28,22,19,27,245,0,267,273,7,6,371,47,35,40,45,47,36,44,38,42,33,46,40,42,46,34,32
65,72,70,69,75,575,3,5,12,6,14,4,1,2,9,6,3,9,5,10,13,15,579,64,76,79,65,66,77,66,73,65,70,77,65,79,67,72,73,66,77,79,64,71,64,74,79,77,79,79,79,70,67,70,76,75,72,71,66,72,72,76,69,586,8,14,9,6,7,267,270,26,16,30,27,17,29,20,27,16,21,16,30,28,31,16,22,23,16,17,16,16,16,20,30,27,16,31,27,27,18,29,31,28,27,18,23,21,23,17,23,25,31,265,260,408,398,35,36,46,33,35,390,394,7,267,269,21,24,20,20,24,23,275,273,9,5,3,9,8,8,255,257,28,29,17,30,27,30,18,21,21,247,15,5,7,12,430,422,46,33,35,45,35,45,45,46,44,36,45,42,32,44,47,34
74,70,66,64,77,574,13,14,4,15,10,13,4,3,4,2,7,5,8,6,15,4,578,78,71,71,78,72,70,77,69,78,67,69,70,68,75,67,68,67,70,71,67,72,77,72,73,66,70,79,66,73,70,77,79,76,76,75,67,74,73,77,68,700,4,0,15,7,0,9,266,269,20,18,29,25,20,16,19,19,16,25,25,27,19,17,26,17,27,28,29,23,19,17,25,19,20,27,22,16,22,19,30,22,30,22,29,18,16,17,19,22,21,26,263,262,369,40,34,36,34,387,392,6,15,4,242,20,21,20,16,24,28,247,2,12,15,7,14,6,256,258,23,30,26,17,20,26,20,20,29,22,247,9,14,5,428,422,33,35,32,47,39,44,32,47,35,44,39,32,43,45,38,47,45
69,71,73,67,76,575,15,3,15,15,10,0,12,15,12,14,9,8,5,7,4,1,579,65,70,73,71,79,64,73,66,75,69,75,68,71,68,76,78,69,76,76,77,79,78,72,70,74,71,77,70,64,65,70,67,77,79,67,73,64,68,70,77,701,618,8,5,0,4,7,1,266,270,24,18,24,17,18,26,26,19,20,16,18,18,20,16,18,19,26,18,22,22,17,26,28,26,26,30,24,16,25,27,24,20,18,31,17,21,18,24,20,27,18,24,246,407,376,376,378,378,394,256,261,4,12,244,23,31,26,21,17,17,246,1,14,13,9,6,254,259,29,18,23,24,30,29,21,29,22,29,29,263,262,15,10,371,42,37,35,36,42,41,36,47,45,45,40,32,34,43,40,34,40,37
73,79,68,79,71,574,4,12,3,15,10,3,9,5,9,8,15,13,5,3,11,2,580,70,64,71,78,76,73,66,73,64,69,78,76,70,67,65,74,77,66,64,77,78,66,66,68,67,75,79,70,73,70,76,71,66,67,65,77,70,73,73,79,702,619,624,13,7,2,7,1,5,266,269,25,27,25,16,16,24,25,23,22,31,21,20,25,27,23,31,17,30,17,28,19,19,25,31,18,16,25,31,31,17,26,19,19,22,24,27,31,30,28,19,20,265,248,249,249,249,250,260,266,274,14,14,244,26,25,277,253,251,251,273,10,2,5,9,255,258,29,17,18,19,19,28,26,30,24,17,25,28,30,263,248,261,406,378,403,47,39,36,37,38,35,35,43,41,43,32,33,43,36,40,46
74,70,70,66,76,575,15,15,6,4,3,13,15,10,15,3,2,14,5,1,7,7,581,72,65,64,79,76,76,67,71,68,65,70,64,76,67,66,68,76,73,71,64,77,76,65,68,74,69,74,78,78,67,75,72,65,65,74,76,76,74,72,72,703,620,625,624,11,13,9,6,9,7,267,271,23,26,17,28,25,27,20,23,29,21,24,29,26,17,31,27,31,16,27,20,29,24,24,20,23,25,18,29,26,20,27,20,28,19,31,25,28,30,17,30,21,16,16,29,31,276,274,2,430,381,420,243,21,27,247,430,384,380,418,14,9,0,255,259,29,30,27,26,24,23,22,18,21,29,30,26,28,28,18,24,263,249,262,370,47,42,47,34,42,33,34,39,38,44,38,45,32,43,39,41
75,75,64,72,77,570,0,5,0,8,8,14,7,9,14,7,7,11,13,6,2,10,584,76,78,67,71,64,68,66,79,66,72,74,64,78,79,74,74,73,78,69,74,70,77,70,66,70,71,65,71,64,73,65,66,79,75,79,73,79,69,78,74,704,621,626,625,636,8,11,3,14,15,12,268,269,19,25,22,18,20,30,23,16,30,23,28,31,30,24,26,22,25,16,18,28,275,269,31,26,24,22,16,28,30,17,25,21,27,26,23,31,29,20,16,27,24,28,28,275,273,6,9,369,35,365,267,269,277,273,373,43,45,412,421,3,256,258,25,23,27,29,17,27,27,20,25,31,21,21,31,24,31,25,18,17,17,246,405,403,33,41,37,32,44,33,44,37,32,43,32,35,39,39,39
71,69,76,64,77,571,7,12,8,7,11,10,6,1,2,4,6,2,13,11,13,10,585,75,65,68,79,74,65,77,74,79,71,66,67,77,74,74,68,67,70,65,79,73,79,64,70,68,71,70,67,76,71,64,76,72,77,70,74,77,69,75,78,705,622,627,626,637,642,10,1,4,6,15,11,267,270,24,17,27,19,30,18,20,28,27,21,17,16,19,28,16,17,29,19,275,272,266,251,252,270,28,21,21,24,24,28,30,25,22,21,31,22,24,28,27,24,23,276,274,15,15,428,424,38,415,416,267,272,431,426,42,42,34,414,417,244,19,21,22,27,31,22,20,31,31,19,17,26,27,16,16,20,30,17,275,252,273,7,409,403,45,33,47,32,45,34,38,32,37,44,36,39,35,35
75,67,65,78,65,586,10,5,3,5,4,10,11,8,1,2,3,2,15,1,1,14,712,73,71,66,69,79,75,75,76,77,74,64,77,75,72,75,68,69,72,70,78,79,73,71,71,75,66,78,76,66,72,70,73,76,64,65,68,79,78,67,67,64,623,628,627,638,643,630,15,6,0,13,9,0,268,269,29,19,22,29,27,17,24,16,31,20,29,28,26,17,26,20,24,245,6,9,0,256,257,28,31,25,18,27,25,28,29,29,31,22,28,28,29,28,16,275,273,12,4,430,424,34,41,42,366,9,432,422,41,47,38,38,37,364,266,269,27,19,27,18,17,25,17,23,17,25,26,19,23,27,27,26,275,272,540,6,14,10,409,401,33,42,40,43,34,34,46,41,46,46,39,41,42
76,79,79,77,71,700,540,552,540,558,552,540,558,546,564,558,540,534,546,558,564,666,713,68,72,75,79,71,64,72,73,75,68,74,71,77,65,69,65,70,64,67,77,65,64,65,74,76,69,65,67,79,77,79,74,69,65,74,74,67,78,74,67,73,73,629,628,639,644,631,618,0,4,11,7,8,0,267,270,16,26,24,17,26,25,23,30,29,28,16,22,23,28,26,277,274,4,15,12,243,19,21,20,17,26,31,16,26,27,26,23,27,24,28,21,28,276,273,12,8,428,427,37,44,34,388,396,10,370,37,42,41,45,36,387,396,254,258,24,17,22,17,16,25,21,31,17,27,17,24,24,29,24,275,273,672,541,618,10,5,7,407,399,36,41,41,43,42,33,35,35,35,45,38,38
65,66,74,64,66,701,541,553,541,559,553,541,559,547,565,559,541,535,547,559,565,667,714,77,75,66,77,71,69,78,77,67,68,74,79,65,77,69,72,73,64,65,67,72,74,74,74,67,77,69,68,65,65,71,70,78,78,67,73,67,67,74,74,79,74,73,629,640,645,632,619,618,12,7,7,4,13,9,268,270,25,28,31,23,24,25,29,19,27,28,25,20,277,252,273,12,0,10,256,259,18,23,21,27,24,18,18,19,19,30,23,28,16,22,22,30,247,5,7,433,423,43,32,39,386,395,3,15,405,402,41,44,39,386,392,255,258,19,30,25,25,16,30,22,21,31,30,20,19,19,17,18,20,247,689,673,542,619,636,6,14,15,405,402,39,41,40,41,42,39,33,40,32,44,47
78,69,73,77,74,702,542,554,542,560,554,542,560,548,566,560,542,536,548,560,566,668,715,79,69,77,79,77,76,77,77,67,66,65,77,66,73,77,66,64,68,72,71,79,64,67,70,72,64,76,64,78,68,69,66,69,79,67,77,77,74,73,68,65,64,76,77,641,646,633,620,619,618,12,6,10,3,10,6,267,270,30,24,28,25,26,18,27,25,31,27,23,247,12,15,4,15,254,259,29,22,26,31,30,25,24,31,19,21,24,27,21,21,17,25,275,272,11,431,423,45,41,38,40,367,4,8,255,262,405,400,42,391,397,254,258,16,30,27,30,29,26,18,18,25,27,16,24,17,23,18,31,276,272,690,674,543,620,637,612,5,6,9,404,398,42,34,32,46,43,32,39,41,390,375
73,75,77,73,70,703,543,555,543,561,555,543,561,549,567,561,543,537,549,561,567,669,716,67,77,75,71,65,67,70,65,71,68,68,78,78,79,65,71,75,73,76,69,79,67,79,69,69,70,72,72,71,78,76,65,70,69,76,69,65,71,78,79,72,72,66,74,66,647,634,621,620,619,636,0,3,3,4,13,0,268,271,29,23,22,20,26,26,18,28,30,17,247,14,5,6,254,257,17,24,25,24,28,31,26,18,16,16,18,25,22,21,19,22,23,247,430,383,427,46,41,39,42,390,394,0,10,266,274,0,370,391,397,255,257,19,25,30,23,19,29,21,28,25,28,20,20,30,19,19,24,275,272,10,691,675,544,621,638,613,612,2,15,12,405,374,402,39,36,40,38,32,32,366,13
67,76,72,74,67,704,544,556,544,562,556,544,562,550,568,562,544,538,550,562,568,670,717,68,78,79,66,67,64,76,75,72,77,72,75,72,73,66,66,66,75,77,77,67,68,72,69,67,69,78,77,72,70,70,78,73,75,66,64,78,65,75,77,72,72,75,77,74,65,635,622,621,620,637,642,6,10,6,6,5,13,267,271,22,30,29,28,275,252,252,253,251,273,10,12,12,242,19,26,24,18,19,21,31,25,29,23,26,20,23,275,251,253,251,269,246,369,35,42,42,39,46,388,396,7,429,380,382,417,14,404,394,255,257,25,31,31,25,26,16,27,17,29,17,16,19,23,31,30,20,277,274,4,5,692,676,545,622,639,614,613,630,2,8,3,12,371,43,36,40,41,46,39,366,14
68,64,67,65,76,705,545,557,545,563,557,545,563,551,569,563,545,539,551,563,569,671,77,73,68,72,76,67,68,77,77,71,67,65,65,73,72,70,66,76,64,72,72,71,70,79,77,71,73,75,67,71,77,68,64,72,75,67,79,66,71,74,70,79,76,71,74,69,75,67,623,622,621,638,643,630,5,5,11,6,15,8,268,270,19,27,27,247,11,1,6,3,3,256,250,249,257,20,23,16,19,24,19,28,19,17,17,23,24,23,245,1,6,13,242,247,373,41,42,34,43,391,393,3,13,372,42,33,364,256,248,250,257,16,19,27,25,23,25,29,27,28,24,24,16,19,19,26,17,275,272,6,1,12,693,677,73,623,640,615,614,631,624,3,8,15,405,377,401,43,45,38,40,366,8
72,65,69,69,71,75,76,69,68,67,78,73,71,73,79,68,74,68,71,72,75,71,65,78,66,67,66,68,68,78,78,67,77,72,74,68,66,71,74,76,76,67,67,65,74,71,66,76,71,68,76,65,75,71,68,65,70,64,75,73,64,73,76,75,73,69,64,78,65,74,65,623,622,639,644,631,642,13,14,14,8,14,1,267,270,23,29,263,260,13,13,255,248,257,26,19,20,26,20,27,17,27,27,24,22,24,28,21,30,19,245,3,3,1,243,245,405,400,39,40,390,393,14,256,260,371,46,39,362,244,20,19,22,16,28,26,18,19,26,24,26,22,16,20,21,24,31,20,276,272,7,4,9,10,580,72,66,66,641,616,615,632,625,636,7,3,15,2,408,399,36,38,386,392,6
68,64,71,65,70,66,73,70,67,73,65,66,72,68,74,67,68,76,74,71,73,66,67,73,66,73,75,76,76,76,67,76,75,76,77,71,68,66,79,77,77,73,73,74,66,68,74,67,79,64,77,71,68,79,65,78,76,68,72,79,68,65,79,66,73,65,71,67,68,67,65,68,623,640,645,632,643,624,1,0,5,11,10,7,268,270,22,30,265,260,15,243,20,23,25,17,24,16,27,29,23,20,24,28,21,19,16,30,26,23,247,8,9,13,268,273,7,368,33,386,395,14,255,257,246,409,378,377,393,242,29,19,22,26,29,26,31,18,24,23,23,25,17,21,16,29,17,275,273,7,10,11,2,5,581,64,73,70,78,617,616,633,626,637,618,9,8,15,15,408,399,386,394,5,2
74,78,67,69,74,68,68,70,64,70,69,72,75,74,76,70,74,66,76,71,76,67,78,77,64,76,66,70,69,75,72,66,73,72,64,65,78,70,77,75,68,64,78,76,73,69,77,77,70,77,65,74,69,78,75,69,75,65,70,74,67,68,72,79,77,67,79,66,73,79,76,72,69,641,646,633,644,625,618,4,0,15,0,14,4,266,270,21,22,265,248,258,22,19,17,25,26,25,30,19,19,16,27,19,26,26,27,22,30,19,246,10,5,1,11,1,4,370,388,397,13,255,257,28,264,249,248,248,248,257,28,27,23,23,21,16,20,16,18,16,29,31,25,16,27,25,277,273,0,0,14,9,5,14,607,608,74,71,70,73,617,634,627,638,619,630,14,7,8,0,404,395,5,10,6
71,78,67,65,65,70,79,66,73,66,76,64,66,72,79,74,72,64,67,66,67,79,72,76,76,77,71,70,65,74,75,67,67,69,70,64,79,65,74,64,76,68,69,65,77,70,71,73,72,74,68,67,75,73,76,71,79,64,78,78,72,68,69,73,78,64,68,75,67,69,67,74,72,77,647,634,645,626,619,630,12,8,14,14,0,1,268,269,23,17,19,26,17,28,20,31,27,24,25,23,20,30,18,23,31,27,24,23,17,277,272,14,1,10,8,5,12,409,394,4,2,244,19,29,17,24,28,29,29,18,31,27,29,24,25,28,17,29,26,17,25,17,23,20,19,275,273,11,4,11,8,12,15,5,14,605,602,70,68,73,65,635,628,639,620,631,630,12,10,9,14,13,6,2,4
66,79,73,79,76,71,67,68,75,67,76,79,78,71,78,66,67,65,72,64,69,69,78,76,78,73,65,70,68,68,74,72,68,65,68,71,69,64,67,67,69,78,66,67,72,74,75,77,70,73,73,67,67,73,75,78,75,77,64,70,78,75,79,77,77,78,76,67,78,64,68,66,67,65,68,635,646,627,620,631,624,15,15,6,5,13,8,266,269,25,21,21,24,30,26,24,23,19,30,26,22,21,19,23,22,23,28,18,29,246,2,4,1,1,14,13,12,15,432,384,420,267,270,21,18,23,24,20,20,16,18,19,29,28,30,18,27,17,29,25,30,16,28,28,277,273,4,3,2,10,0,6,4,12,1,0,601,606,74,79,78,68,629,640,621,632,631,618,1,1,10,0,14,13,13
73,64,79,72,72,73,66,68,76,66,71,79,67,76,64,73,75,67,71,64,70,71,68,76,68,72,68,66,78,66,79,75,66,72,74,75,78,75,75,64,78,72,64,67,73,66,66,67,72,66,76,78,70,74,74,64,72,79,69,70,66,79,70,74,71,64,77,77,70,77,78,74,66,72,76,69,647,628,621,632,625,612,5,8,0,5,7,3,268,270,24,17,22,28,22,22,20,30,29,23,20,27,30,27,31,23,26,19,275,274,13,8,2,12,14,433,384,381,425,35,414,420,266,269,22,19,18,28,31,28,30,18,24,27,25,20,24,18,27,25,29,31,21,277,273,12,7,2,5,7,10,3,14,15,2,13,13,609,604,67,74,76,76,641,622,633,632,619,624,9,11,13,0,15,12
74,78,79,67,64,68,70,66,78,75,77,74,69,67,68,67,64,75,70,70,65,66,79,74,76,75,68,71,74,71,79,69,75,79,65,64,66,71,66,67,79,67,76,72,68,75,70,66,64,68,64,71,76,70,77,78,68,64,65,65,76,78,65,79,73,79,78,69,72,75,76,71,77,73,67,75,72,629,622,633,626,613,636,9,9,0,4,6,3,266,271,19,30,28,17,24,17,26,23,27,16,21,30,30,29,23,22,24,247,7,0,5,11,8,14,369,35,33,43,41,42,414,421,244,31,17,17,28,30,19,29,25,16,29,28,24,30,16,18,24,18,17,276,273,7,3,8,13,12,6,7,0,3,11,9,1,9,10,611,606,67,71,69,73,623,634,633,620,625,630,13,1,11,558,534
74,64,69,76,76,65,78,79,73,74,72,67,71,66,75,76,64,73,76,77,67,71,77,64,70,76,68,68,67,72,74,74,68,76,67,71,76,68,70,64,73,72,69,67,68,65,79,68,78,76,71,79,68,74,69,79,75,67,73,75,65,78,76,72,79,77,69,66,73,79,75,73,65,68,74,77,67,69,623,634,627,614,637,642,0,15,10,13,5,9,268,271,31,16,29,23,23,25,21,21,26,30,21,22,31,26,21,25,247,13,8,3,5,2,9,370,40,39,34,43,37,42,366,242,29,22,28,21,19,19,26,29,23,31,29,18,25,21,25,22,21,275,274,13,0,11,7,1,9,15,7,9,2,3,15,1,2,8,7,603,608,75,77,78,67,635,634,621,626,631,630,558,666,559,535
65,67,73,76,77,77,64,75,72,71,75,69,69,67,69,70,71,64,76,72,70,68,70,66,68,68,76,65,78,64,79,72,67,71,78,74,71,64,72,67,64,79,74,76,78,64,69,68,79,68,75,79,71,65,65,73,69,70,68,72,72,68,78,65,79,77,70,64,67,75,64,79,65,69,70,79,75,72,71,635,628,615,638,643,612,9,5,7,9,6,9,267,269,23,16,19,27,18,30,17,20,18,21,21,28,28,275,253,274,10,4,0,433,382,382,425,44,40,47,44,387,379,394,244,29,25,30,28,20,31,22,16,29,28,22,31,16,16,21,23,276,274,11,14,3,0,3,3,255,248,248,261,13,6,10,0,15,3,8,8,611,600,67,66,78,76,635,622,627,632,631,559,667,560,536
75,78,75,73,67,75,71,76,75,73,79,74,68,69,79,71,64,76,72,65,74,76,79,73,64,77,76,75,73,73,75,64,72,69,68,79,73,70,71,74,67,68,74,64,64,65,68,75,64,74,67,70,66,77,72,68,78,64,70,72,70,64,65,73,75,72,78,72,75,72,64,65,69,73,70,75,70,66,65,69,629,616,639,644,613,612,3,10,10,9,11,14,267,269,30,20,26,26,24,19,30,22,27,17,25,28,246,10,4,5,1,6,373,39,35,39,44,32,34,390,393,1,254,259,26,16,19,21,18,31,24,22,24,22,17,21,23,18,17,276,273,15,4,10,4,5,3,8,243,29,30,246,1,9,5,10,6,14,8,15,3,587,71,77,74,66,78,623,628,633,632,560,668,561,537
73,72,79,74,68,67,72,73,74,68,77,68,78,70,64,74,70,73,75,72,78,79,69,77,79,68,78,75,78,78,75,66,76,75,74,65,71,68,66,78,79,66,66,64,73,71,79,72,77,65,77,66,79,69,73,77,76,71,71,67,76,64,78,68,72,67,73,72,71,64,72,64,65,72,77,68,70,65,65,75,74,617,640,645,614,613,618,5,6,9,5,0,8,266,271,19,24,26,16,30,24,30,29,31,16,31,246,7,7,9,7,431,424,45,33,41,45,34,389,393,8,254,259,19,25,21,19,30,30,16,17,21,31,30,19,31,27,16,276,274,8,2,10,8,12,13,4,255,259,31,18,263,260,6,0,12,6,9,3,1,6,611,528,606,78,71,76,78,629,634,633,561,669,562,538
75,69,70,77,75,67,76,69,70,67,71,74,77,71,68,75,79,67,76,66,65,79,68,67,65,70,69,68,67,64,72,68,68,75,67,64,64,74,72,64,70,79,71,72,64,76,65,76,79,79,77,66,79,68,66,65,75,71,77,70,64,76,66,71,69,70,73,70,77,75,67,79,65,67,73,68,70,72,73,78,75,77,641,646,615,614,619,636,2,0,5,4,8,3,267,269,29,23,20,30,31,28,19,22,21,17,246,12,6,5,429,422,45,39,39,34,43,386,394,10,255,257,20,28,27,16,22,20,18,20,18,20,30,28,23,16,30,276,273,7,3,7,15,15,1,10,254,259,20,16,19,21,246,8,3,1,12,3,10,1,14,11,529,603,610,68,79,74,65,635,634,562,670,563,539
74,79,74,79,74,69,66,70,71,77,78,70,66,66,67,76,75,64,78,70,68,68,74,78,72,78,72,65,79,67,67,70,73,73,76,70,68,77,68,68,68,70,69,65,71,65,79,68,76,66,66,77,75,64,65,75,73,76,64,70,71,77,75,71,78,64,64,74,79,67,69,76,67,78,71,74,78,69,68,71,65,75,72,647,616,615,620,637,642,6,8,5,3,14,9,268,270,26,18,24,23,19,18,21,24,22,247,12,11,13,373,33,37,35,35,35,389,395,10,255,259,19,31,25,22,31,18,26,19,29,19,30,19,22,18,31,276,272,3,15,0,7,6,3,10,254,257,21,27,28,25,16,246,5,14,2,6,7,1,12,2,4,3,15,605,600,70,74,76,70,635,563,671,70,75
64,72,65,74,74,64,66,66,64,67,68,78,71,74,65,77,72,74,69,64,68,79,69,77,67,68,69,69,74,66,69,68,79,68,70,77,65,64,65,74,64,67,65,79,67,77,71,75,68,79,68,69,71,76,67,67,66,64,71,76,77,68,65,76,69,77,71,68,76,70,69,67,72,74,68,65,67,66,72,73,69,79,79,69,617,616,621,638,643,612,8,12,3,14,8,5,266,270,26,18,17,24,25,31,24,23,247,15,428,380,427,32,41,47,41,386,395,15,255,257,21,20,30,28,23,28,20,31,27,22,26,24,17,18,26,277,273,5,6,15,6,10,12,12,6,267,252,251,253,252,252,252,274,6,4,4,7,8,7,11,0,2,1,14,13,605,600,70,74,74,75,66,75,64,69
65,74,71,66,71,65,67,73,78,69,73,69,79,73,64,65,67,74,65,79,70,73,72,71,79,70,74,69,71,71,75,77,75,65,72,72,72,68,69,72,79,69,66,67,78,70,74,65,74,64,74,64,78,68,77,69,72,68,68,67,76,69,67,69,72,75,77,78,67,76,72,75,73,73,70,78,68,66,66,75,79,77,71,69,75,617,622,639,644,613,624,12,5,0,9,2,4,267,271,29,16,31,17,29,30,23,264,260,371,43,41,33,40,40,386,394,1,256,259,27,26,24,17,20,27,31,30,18,26,29,22,20,18,27,277,273,5,15,4,11,6,4,5,12,428,381,383,385,385,384,382,383,381,383,418,11,9,5,13,1,11,6,13,7,5,4,605,600,71,74,65,66,76,68,77
64,72,74,67,73,76,70,79,65,79,79,76,77,64,70,64,76,72,71,78,66,64,70,77,72,71,75,77,79,70,66,73,71,72,67,69,71,79,76,68,76,75,70,70,66,65,77,71,68,74,77,68,73,76,66,72,78,70,75,65,70,74,72,71,68,70,67,64,67,68,68,73,71,69,78,71,74,72,75,76,64,75,69,78,66,68,623,640,645,614,625,636,8,14,0,15,0,10,267,269,29,20,30,18,27,23,276,273,404,400,33,34,42,389,396,6,12,244,24,18,30,23,16,16,31,27,28,23,20,24,20,30,29,276,274,2,8,1,5,11,8,10,3,8,373,46,34,45,37,37,35,39,33,32,367,11,0,0,6,8,15,8,8,7,15,11,7,611,604,66,67,73,67,79,68
73,67,74,76,72,65,74,71,79,71,75,70,64,67,78,73,71,75,73,66,73,71,72,76,77,71,76,77,78,74,64,72,75,79,66,65,73,64,69,76,72,70,70,74,77,77,71,71,73,68,67,79,76,71,67,64,72,74,71,72,70,71,65,73,73,68,74,68,70,70,79,76,76,64,70,71,72,78,76,78,72,68,71,69,76,67,71,641,646,615,626,637,642,3,10,10,0,9,9,266,269,23,31,20,20,30,245,431,380,439,401,37,390,397,4,2,256,257,26,28,28,24,22,19,24,19,17,20,27,22,28,19,275,273,0,0,9,1,15,0,11,14,5,8,371,39,36,45,45,39,34,38,38,41,365,15,11,9,10,9,15,11,13,14,3,5,7,1,601,604,64,66,68,66,78
79,79,72,70,65,64,72,64,78,71,68,72,78,71,74,76,68,67,74,69,75,71,65,68,68,69,71,76,75,71,72,68,75,65,77,70,76,65,75,76,66,69,78,71,73,65,74,79,70,77,79,72,78,74,66,79,68,70,69,67,79,67,65,74,68,76,69,77,78,77,65,71,79,73,76,73,64,78,73,76,70,66,78,72,64,65,78,79,647,616,627,638,643,624,2,11,3,2,6,0,266,269,27,29,18,19,246,373,41,414,440,377,396,8,254,249,257,26,18,17,19,31,24,31,31,23,16,29,30,26,30,21,263,262,13,8,7,0,7,8,1,13,13,2,370,36,38,33,36,35,37,41,32,37,364,10,9,2,9,6,7,14,14,2,1,13,1,10,6,601,604,77,73,79,72
75,78,69,78,72,70,76,76,68,68,70,68,73,70,67,68,72,69,78,72,76,79,79,79,66,75,75,77,79,68,69,68,76,75,72,68,72,78,67,72,66,75,71,76,77,72,73,64,72,66,77,76,66,68,75,74,67,79,69,73,75,64,64,66,65,65,64,68,74,78,70,64,66,77,70,72,69,70,67,64,76,67,78,70,71,76,74,76,72,617,628,639,644,625,624,7,9,15,7,0,15,268,271,28,25,19,247,405,401,42,415,421,13,256,257,19,19,25,27,25,21,18,21,27,25,20,22,21,22,30,27,29,18,263,260,12,7,7,5,11,14,3,5,0,369,38,43,47,32,44,42,34,47,46,363,9,14,15,9,11,2,11,3,5,4,9,3,13,3,15,605,600,75,74,72
70,79,68,68,66,64,79,77,75,67,68,74,69,71,78,66,71,68,75,64,72,74,74,71,65,73,66,67,68,72,70,74,72,65,65,79,78,73,67,74,72,75,78,72,70,72,72,79,66,71,74,68,70,65,73,79,75,79,75,78,79,75,70,66,74,72,68,70,76,75,68,68,74,68,74,74,65,77,78,74,67,65,65,76,73,71,67,68,67,77,629,640,645,626,625,636,10,13,14,3,4,14,267,270,17,24,264,261,406,400,32,362,255,257,28,20,25,21,29,31,18,26,22,23,25,29,28,29,29,22,29,26,18,24,264,261,2,13,7,1,13,13,13,5,371,46,39,42,47,33,32,44,37,38,414,418,13,0,0,8,0,4,12,4,5,11,11,1,13,7,10,605,600,76,65
79,64,65,77,77,78,66,66,71,73,70,76,73,72,64,74,68,65,79,73,71,69,76,77,64,68,66,68,77,71,68,67,78,77,79,79,74,64,64,66,77,67,69,73,74,76,76,64,73,67,65,75,66,73,70,66,73,75,77,76,68,68,64,78,74,79,68,68,65,79,65,70,65,68,70,66,65,66,76,67,69,75,72,70,79,78,79,73,73,68,72,641,646,627,626,637,618,4,15,3,3,15,15,267,270,29,28,263,262,408,374,396,244,16,18,18,24,28,23,18,20,18,26,17,22,21,30,30,18,31,22,26,24,21,16,247,11,3,8,14,11,10,6,10,369,37,42,40,41,34,38,40,43,34,42,415,421,9,0,1,2,4,10,13,15,3,3,10,14,13,14,8,607,600,68
526,524,524,532,530,526,528,532,522,532,526,530,532,530,524,522,532,532,524,528,532,524,530,526,528,528,528,524,530,524,532,530,526,528,532,524,526,526,532,524,532,522,526,530,522,532,524,524,524,526,530,528,532,528,526,526,530,522,526,530,524,530,524,532,522,530,522,522,528,526,522,524,526,524,530,530,532,532,524,530,522,524,526,528,524,522,532,526,610,64,78,79,647,628,627,638,619,636,4,7,12,8,11,11,266,271,29,29,264,248,249,248,257,29,29,20,29,29,21,24,20,27,26,24,24,16,29,19,26,26,24,31,29,16,25,245,13,254,248,262,430,385,381,382,422,46,37,34,41,35,39,47,36,33,43,39,367,12,1,0,15,1,6,10,2,2,2,2,7,10,9,4,15,603,608
527,525,525,533,531,527,529,533,523,533,527,531,533,531,525,523,533,533,525,529,533,525,531,527,529,529,529,525,531,525,533,531,527,529,533,525,527,527,533,525,533,523,527,531,523,533,525,525,525,527,531,529,533,529,527,527,531,523,527,531,525,531,525,533,523,531,523,523,529,527,523,525,527,525,531,531,533,533,525,531,523,525,527,529,525,523,533,527,603,602,65,65,77,629,628,639,620,637,684,7,2,8,3,14,6,267,270,23,22,21,28,19,23,30,18,23,31,26,27,26,17,29,18,30,30,19,275,271,23,19,20,20,16,21,277,273,1,268,252,273,369,42,45,32,42,39,46,45,41,46,32,36,46,36,39,40,413,382,382,416,13,6,8,5,1,12,2,8,0,1,6,1,8,2,601
15,2,6,6,9,6,10,1,14,7,5,9,4,5,15,7,11,13,11,0,1,14,12,15,4,9,430,383,420,1,0,8,1,12,15,0,13,3,15,7,9,7,11,13,10,7,10,14,3,1,11,10,3,15,2,0,13,14,0,4,12,1,5,8,7,7,0,0,9,14,2,15,12,13,5,13,2,13,13,4,6,5,3,0,11,4,14,1,13,607,600,68,77,68,629,640,621,638,685,14,14,13,6,2,5,8,243,25,22,18,30,18,21,29,31,24,28,21,18,24,22,28,19,20,18,275,273,266,271,30,21,17,22,277,273,428,385,383,384,384,422,39,46,44,41,33,46,39,33,32,32,34,44,38,33,46,43,43,38,367,8,15,10,256,248,262,14,0,7,7,13,0,11,5,2
13,1,5,13,11,11,0,0,14,1,0,15,9,3,13,9,13,0,0,4,11,8,5,8,9,2,370,35,410,416,10,11,1,6,12,9,1,6,9,8,6,14,5,12,4,5,3,4,5,14,9,8,1,0,0,9,2,4,7,15,7,8,2,9,4,5,14,11,3,13,15,2,4,13,7,1,9,11,7,0,5,10,0,8,3,15,15,11,431,418,611,608,76,77,73,641,622,639,686,0,14,7,14,4,10,256,258,17,18,31,31,22,18,17,26,19,30,18,31,23,19,27,31,19,276,272,4,3,266,269,21,16,275,274,430,426,35,47,42,43,46,45,42,37,37,45,33,45,45,33,44,38,41,35,46,43,45,42,38,415,417,12,256,257,30,246,0,2,8,10,7,7,9,9,1
10,7,8,8,7,14,0,14,10,13,0,6,7,5,14,10,14,14,15,0,10,4,6,0,11,11,368,46,33,413,418,8,0,9,15,5,9,11,7,2,11,3,10,14,3,14,6,0,3,1,3,13,12,5,6,7,2,8,4,6,1,15,9,5,10,15,4,7,4,15,10,15,13,11,1,11,11,0,8,2,15,9,11,0,12,4,4,8,370,414,417,601,600,75,66,70,623,640,687,9,6,1,4,254,249,258,24,22,22,22,26,26,31,17,23,16,18,27,29,30,27,20,25,275,273,6,8,8,3,267,269,276,272,429,422,35,43,38,35,40,32,34,37,43,35,44,40,37,37,40,47,46,32,43,35,37,41,33,46,41,362,254,259,20,16,245,12,3,8,0,10,8,12,14,11
12,14,1,6,13,10,8,13,3,0,13,9,14,4,15,11,14,5,9,1,10,4,4,2,11,13,370,35,34,44,414,417,8,13,11,15,3,10,0,12,13,13,1,14,1,2,5,15,2,1,5,15,0,12,4,1,0,2,1,7,7,14,1,14,11,8,11,7,12,1,2,3,0,2,10,0,15,12,15,14,10,15,1,6,5,7,4,4,372,47,410,416,603,608,68,78,78,641,688,11,3,5,256,259,31,16,27,16,23,28,30,25,23,21,19,19,16,22,23,29,29,26,275,272,3,15,15,8,5,11,266,272,430,425,45,44,44,45,39,46,33,37,41,37,36,33,37,41,33,36,36,36,45,44,42,33,33,45,33,44,367,244,25,30,275,272,7,4,254,249,249,260,14,9,12
5,2,1,14,8,14,13,0,13,6,5,5,10,12,5,12,6,1,5,7,7,14,14,13,3,8,369,37,38,35,35,367,12,9,2,4,10,9,4,4,15,7,12,8,0,15,12,5,11,6,9,7,1,0,11,0,3,9,6,5,15,9,8,6,10,15,15,11,12,2,13,13,12,11,11,15,1,14,3,13,5,0,10,9,8,4,5,10,368,44,391,392,14,587,71,67,73,592,597,12,1,254,257,19,30,21,21,23,20,31,25,21,27,22,20,20,24,23,22,17,23,275,274,7,11,9,3,4,5,2,13,432,424,45,40,39,35,40,37,39,42,36,44,41,46,34,44,45,37,46,38,39,47,32,33,37,45,38,43,43,367,266,251,253,273,8,13,11,243,26,31,247,14,6,15
5,13,6,15,12,13,10,12,11,11,8,5,0,5,2,10,7,3,0,7,3,13,8,2,11,7,370,35,37,47,36,366,13,6,11,3,8,2,12,6,10,15,11,5,3,11,8,13,13,13,4,11,11,1,14,2,1,0,6,14,4,4,0,11,7,2,14,7,12,2,12,4,6,10,10,12,4,5,11,0,0,8,15,1,15,13,9,1,409,374,397,14,1,609,532,522,522,597,13,13,254,258,21,29,25,26,23,17,17,31,31,21,21,20,27,20,22,27,23,16,277,273,10,11,9,6,12,12,1,14,11,368,43,46,40,35,39,35,37,45,34,41,40,34,43,47,47,40,40,47,43,46,32,41,38,36,39,32,43,45,411,382,380,380,418,0,4,2,244,23,23,263,249,261,9
1,6,1,1,9,5,15,11,13,5,1,14,7,6,12,13,8,3,8,2,4,14,7,15,12,14,407,398,45,35,386,392,11,8,5,1,10,15,4,15,8,5,12,8,12,0,6,14,4,4,0,1,5,0,12,15,15,10,15,3,11,12,1,14,14,10,1,9,4,7,13,9,12,1,4,3,12,3,6,12,0,4,10,11,11,14,9,3,7,14,0,3,9,9,533,523,523,4,3,255,258,29,23,25,29,26,19,21,20,28,28,27,17,26,31,23,19,29,28,275,273,4,10,12,13,12,11,2,12,14,13,373,37,42,33,43,47,38,44,34,46,47,39,36,34,34,45,38,41,32,43,44,47,33,41,46,32,34,37,41,45,47,46,43,413,417,10,2,268,253,251,252,253,274,13
15,13,2,3,6,6,7,0,14,11,11,4,5,12,11,2,4,9,8,9,7,4,12,6,11,8,12,368,45,388,392,13,1,12,5,0,4,6,2,12,5,1,13,10,12,3,10,15,15,11,4,9,7,3,14,9,14,11,1,9,2,12,0,2,5,9,10,15,9,8,5,0,7,13,4,9,6,9,6,14,7,5,2,11,2,2,13,12,0,0,4,6,431,381,385,420,14,9,256,258,22,29,29,25,19,31,29,30,30,27,31,24,16,26,24,31,25,16,275,272,7,2,8,0,10,0,12,9,6,9,4,371,34,37,46,46,36,40,35,43,42,45,37,32,46,44,40,44,39,45,41,40,38,45,37,44,36,33,42,40,36,46,44,45,45,413,380,383,383,380,382,385,382,384,421
6,15,8,6,6,2,6,7,8,2,2,9,10,14,6,13,1,9,5,14,13,15,13,14,14,2,9,404,376,394,8,1,5,6,1,4,431,381,383,417,15,3,1,13,4,7,255,250,261,15,11,1,15,3,11,1,2,5,2,6,6,8,11,13,3,15,4,10,0,6,6,0,4,4,9,10,12,7,3,0,8,2,2,9,6,3,4,0,2,8,12,431,423,42,44,363,5,255,259,22,22,26,26,24,17,17,19,31,21,18,21,18,17,22,17,22,19,275,273,12,6,9,15,7,15,10,11,9,0,2,5,373,44,45,41,47,38,43,38,44,35,36,33,43,45,42,34,389,376,400,39,37,47,32,44,32,45,35,32,45,44,38,39,34,37,43,39,33,43,47,35,41,38,42,365
8,15,4,5,11,14,13,14,2,8,15,9,0,13,12,0,1,12,9,3,1,10,4,6,4,12,9,12,11,15,2,12,13,12,13,13,372,44,45,363,1,3,14,9,4,255,259,24,246,9,9,7,7,13,2,9,11,0,6,12,0,10,3,9,0,4,9,0,4,2,9,7,10,15,1,6,6,0,3,0,12,2,1,13,14,1,6,13,9,1,432,426,34,35,391,395,254,258,22,24,20,30,29,19,16,27,21,17,31,29,22,29,16,26,30,27,276,273,5,10,15,15,2,1,10,8,3,7,3,428,380,424,35,34,35,40,33,40,39,39,35,43,34,45,36,33,391,394,10,407,403,39,32,34,35,43,37,34,45,38,46,40,46,35,45,47,43,47,40,44,47,36,41,32,362
7,5,6,2,15,12,15,14,3,6,14,13,4,0,9,7,2,11,11,14,1,13,11,2,4,0,9,5,4,9,14,5,6,3,13,2,368,36,41,363,12,0,8,8,0,242,22,20,246,7,13,10,13,2,13,7,6,10,8,7,5,12,8,0,12,15,9,9,1,7,10,7,5,14,15,8,9,7,0,1,2,13,8,6,14,15,0,6,10,8,370,41,43,38,363,254,258,24,27,22,19,29,24,23,23,28,29,31,25,24,28,19,17,19,19,277,274,13,12,0,8,4,8,1,14,4,3,0,8,372,36,45,34,36,36,42,35,45,42,45,39,40,41,47,43,387,394,255,249,262,409,403,38,42,32,41,40,47,39,32,46,32,35,43,32,40,43,38,39,38,33,32,42,37,366
1,14,15,0,2,6,11,5,15,13,3,1,0,15,0,11,0,10,9,15,5,10,5,1,9,3,6,4,3,6,12,5,6,15,2,15,408,378,375,396,13,15,14,11,2,268,271,21,245,15,8,13,4,1,12,12,6,8,15,9,3,11,3,15,0,7,1,8,10,12,2,3,15,9,15,14,8,9,11,4,14,15,9,13,0,14,3,3,432,383,425,38,42,386,396,243,16,27,29,23,20,31,26,23,24,19,29,17,29,25,26,28,19,28,276,272,14,7,3,1,7,6,0,11,6,0,10,1,5,371,44,47,37,37,37,41,33,40,47,39,32,44,37,35,391,397,254,257,27,264,261,404,398,40,39,39,44,40,45,37,45,45,42,36,43,37,34,45,47,36,39,33,46,41,415
9,8,1,0,0,4,14,10,14,13,0,7,1,10,9,0,8,0,1,4,11,6,13,9,3,11,11,0,1,9,7,3,13,5,1,0,12,9,4,10,11,15,15,3,13,9,243,29,245,6,6,11,11,11,11,254,250,262,0,7,14,10,4,7,7,4,9,15,13,14,7,12,2,0,6,0,13,11,6,8,5,9,12,4,7,11,10,430,426,46,42,44,387,393,254,258,31,20,29,28,19,18,26,16,31,20,24,24,16,24,31,29,30,277,272,8,7,1,1,15,12,9,7,256,249,249,260,4,12,369,42,41,40,44,42,32,36,44,46,42,47,32,44,47,363,8,242,19,21,26,246,4,373,42,36,37,44,37,39,42,41,40,37,42,45,45,45,47,32,47,38,44,34,41,32
15,5,0,6,5,14,6,13,15,7,6,11,14,5,8,0,13,15,13,3,1,6,1,0,14,11,2,10,8,15,5,9,10,8,11,0,9,8,7,4,6,15,0,3,15,2,242,18,247,3,8,12,7,11,11,242,29,245,14,0,12,12,3,9,2,7,10,8,7,8,10,9,12,13,12,10,1,2,5,12,7,14,10,8,13,2,433,426,40,42,39,387,392,254,259,25,19,26,30,31,24,26,23,25,21,21,18,22,23,23,29,19,277,273,10,5,7,13,5,2,2,11,11,242,27,17,247,14,12,368,45,40,40,39,45,33,37,45,41,34,44,32,42,43,412,420,267,269,24,277,272,432,426,41,43,46,34,45,37,32,40,34,44,33,47,39,39,46,35,32,36,33,36,47,46
15,11,0,12,1,3,6,1,4,11,9,8,6,6,10,0,10,13,10,15,1,6,2,8,7,254,250,260,5,12,9,2,10,15,8,10,2,13,3,10,11,13,10,12,2,13,242,18,246,6,8,6,6,256,250,278,253,272,10,1,11,6,0,3,15,6,1,1,11,5,0,1,11,5,4,12,10,0,10,13,14,14,1,10,13,429,427,34,32,36,386,394,255,258,20,27,21,28,26,31,22,25,23,16,26,29,27,29,20,22,17,275,274,13,5,6,10,10,5,7,4,0,5,242,28,25,263,260,6,371,44,38,37,33,46,43,41,35,37,35,46,44,33,32,44,412,421,266,251,274,433,427,32,39,39,34,43,43,38,36,40,39,40,43,36,42,38,39,41,35,45,47,42,43,38
11,14,10,8,1,5,13,12,11,0,3,11,15,5,10,1,12,2,10,12,5,12,8,4,6,244,30,265,248,262,0,15,10,10,3,10,13,2,7,10,10,2,8,7,15,0,267,253,273,3,2,7,254,257,18,247,0,2,10,2,4,15,4,6,254,249,261,11,13,1,11,13,0,6,3,7,6,0,14,2,7,13,11,1,428,424,35,34,38,390,397,254,257,23,19,19,26,22,20,25,16,24,31,16,19,22,17,17,23,18,276,274,8,546,12,4,2,11,10,8,12,3,10,266,269,21,18,246,6,370,38,34,37,36,45,45,35,39,38,33,41,33,42,40,42,32,414,419,7,431,424,40,39,32,39,43,43,37,43,42,43,38,36,46,46,39,43,32,34,35,38,34,46,47,46
9,13,15,5,12,10,7,15,7,13,6,7,9,0,6,12,3,3,8,14,13,12,13,4,8,242,19,23,30,263,261,6,3,4,13,255,250,248,250,260,7,11,6,15,0,5,4,5,3,9,0,12,243,19,276,273,11,9,4,8,7,11,5,256,257,29,247,2,4,11,15,1,3,14,3,10,5,12,12,11,7,14,4,432,427,35,38,46,389,395,256,258,16,21,29,26,18,31,24,29,20,21,27,22,27,21,29,20,27,276,272,0,660,547,612,3,14,11,5,11,0,1,7,11,266,269,21,246,432,423,43,41,47,40,47,46,37,41,47,41,46,46,35,36,44,39,42,412,381,422,45,42,32,41,40,43,38,37,35,41,42,35,37,45,35,32,38,32,43,41,33,42,40,46,44
10,8,3,4,5,9,8,1,11,9,1,12,11,12,11,4,13,10,7,1,11,15,11,12,14,244,20,18,22,28,247,3,13,15,254,257,23,23,24,245,10,14,3,11,12,4,0,6,13,6,6,9,242,31,246,4,10,4,0,10,1,14,14,243,27,30,245,12,2,2,11,8,6,6,1,11,14,3,6,5,15,10,429,422,37,45,33,389,393,256,259,22,25,25,20,16,31,26,18,31,16,16,30,29,29,17,26,20,276,274,13,666,661,548,613,630,5,6,4,0,1,6,10,9,8,266,270,246,372,32,43,32,36,38,39,43,42,35,34,35,36,47,46,33,37,40,45,38,46,39,34,40,42,47,46,44,46,36,45,43,36,45,47,33,44,39,44,39,47,34,47,36,41,47,33
1,7,9,0,4,3,14,14,11,10,9,14,15,4,15,2,10,9,4,2,3,8,256,248,261,267,251,251,269,25,245,15,10,2,244,28,23,24,18,247,6,0,8,0,8,6,12,15,7,0,11,14,243,26,246,6,4,1,3,3,1,4,256,259,22,275,273,2,0,1,10,6,8,9,4,1,6,14,15,7,2,428,425,33,36,32,386,393,256,258,21,19,22,19,22,23,29,31,25,21,27,21,18,27,21,17,21,275,274,7,666,667,662,549,614,631,636,6,1,5,9,4,15,10,13,2,266,272,371,36,38,47,45,34,35,41,32,36,32,37,39,35,32,34,34,42,37,39,34,47,36,32,34,43,47,43,41,44,32,32,39,32,42,45,36,46,40,34,37,46,42,37,42,32,33
9,0,0,12,8,1,3,2,14,9,14,11,9,10,9,4,2,1,9,9,10,255,259,30,263,262,2,4,243,21,246,5,254,248,259,18,20,276,253,274,3,7,11,1,9,10,0,2,14,13,4,11,242,28,247,12,8,14,12,1,0,6,242,30,17,245,0,1,6,15,0,8,3,7,2,5,7,8,9,5,428,423,35,36,39,387,396,255,258,20,24,19,18,17,23,19,25,28,31,29,19,31,25,21,28,22,275,273,2,678,667,668,663,550,615,632,637,642,14,13,14,4,3,8,13,4,13,4,372,46,43,41,39,42,35,38,32,45,47,34,41,39,37,33,33,32,41,35,43,42,38,37,43,45,33,46,40,43,41,44,47,35,45,43,40,32,43,42,35,33,41,35,35,44,389
0,2,10,0,14,5,4,11,6,12,14,14,3,2,1,1,0,1,1,2,4,244,24,21,18,265,249,250,257,19,265,261,242,28,26,29,18,246,7,13,254,249,250,262,5,9,8,0,12,5,6,14,268,253,274,1,14,15,12,15,10,254,259,277,252,274,14,10,11,0,15,12,12,14,9,3,5,15,14,433,425,40,34,43,390,393,254,257,22,28,24,22,20,25,30,18,22,26,16,18,26,16,18,24,23,276,274,2,689,679,668,669,664,551,616,633,638,643,636,15,12,1,14,12,3,13,4,14,405,403,40,42,43,42,35,44,42,34,35,33,34,39,34,38,46,46,36,32,41,44,32,39,46,42,35,34,41,45,32,38,41,46,47,33,36,46,32,41,36,37,38,42,41,386,393
1,11,9,15,7,1,2,11,4,8,3,0,10,6,15,9,6,13,8,13,3,268,251,270,30,17,23,25,16,25,29,247,243,25,27,19,26,246,12,13,244,19,24,263,250,261,13,4,1,11,1,4,0,13,4,6,7,15,0,1,256,257,30,245,0,6,7,7,5,8,1,1,11,10,6,8,1,10,432,423,41,39,35,388,397,254,258,28,25,27,28,26,19,19,26,16,30,17,27,16,16,24,31,28,275,274,14,11,690,680,669,670,665,67,617,634,639,644,637,618,3,6,0,10,1,3,5,0,10,368,38,43,36,40,40,42,32,47,46,46,44,40,45,46,38,32,40,45,38,39,34,36,33,33,40,36,32,45,41,38,42,39,36,34,36,43,43,36,42,41,34,33,47,362,10
12,0,3,8,3,10,6,11,10,15,11,13,4,15,13,5,1,3,10,7,10,3,255,259,31,26,17,22,28,25,17,263,258,25,18,275,251,273,14,10,244,19,25,26,17,247,11,14,0,3,14,0,1,0,4,1,7,13,12,7,243,28,24,245,12,3,2,12,7,11,11,6,7,6,13,7,7,430,424,46,36,46,390,392,255,258,20,26,20,16,29,24,31,22,18,21,18,21,30,26,21,30,31,276,273,5,10,15,691,681,670,671,70,70,74,635,640,645,638,619,612,6,15,8,3,1,14,11,1,405,379,400,46,37,33,45,33,33,41,43,40,47,35,38,46,36,46,47,33,47,46,39,32,45,39,41,46,40,40,33,32,37,34,45,41,46,47,43,42,37,41,44,391,392,10
2,4,0,1,5,4,2,13,1,10,2,3,5,5,5,2,0,13,5,9,6,7,243,18,16,27,31,26,28,23,22,24,23,275,253,272,13,0,1,12,268,271,30,275,251,272,14,15,12,14,4,13,4,3,6,9,4,9,9,9,242,21,18,246,14,15,7,11,1,9,14,3,11,7,5,5,428,424,38,45,47,387,393,255,259,16,20,29,31,18,22,25,31,18,18,26,16,29,20,16,28,28,275,273,5,2,3,4,692,682,671,68,79,76,76,77,641,646,639,620,613,630,0,2,1,8,2,15,8,6,8,409,401,38,32,34,42,36,36,34,44,41,38,43,47,43,47,32,42,33,40,32,38,33,43,40,43,44,42,45,37,42,38,37,37,33,42,42,36,42,389,378,397,8,15
11,14,10,11,11,0,11,15,3,2,4,15,3,11,8,1,8,14,9,7,15,256,258,26,26,30,22,27,19,17,31,22,28,263,262,9,15,0,4,12,3,244,30,247,5,6,6,7,14,14,6,9,5,7,12,15,3,5,8,5,266,251,251,272,15,12,13,8,14,12,11,4,11,12,2,430,427,37,35,37,390,392,255,258,25,21,23,29,23,22,24,27,25,23,20,19,29,23,29,23,19,276,274,3,5,15,10,10,693,683,78,64,79,64,74,69,79,647,640,621,614,631,642,13,13,0,1,10,15,1,3,9,407,401,34,43,34,41,47,38,40,39,45,39,40,33,36,36,37,45,41,42,46,47,44,32,42,35,37,45,45,37,35,39,42,36,40,36,32,40,363,0,11,1,12
9,9,11,13,11,13,2,9,15,1,10,15,3,12,2,4,4,4,9,6,255,257,18,16,276,251,270,18,19,277,271,28,25,18,246,11,9,7,6,4,10,243,20,246,2,256,248,250,260,13,14,2,8,13,7,15,1,5,14,0,2,2,14,7,10,7,2,11,6,12,0,10,7,11,432,423,47,39,35,387,393,255,259,30,22,28,22,29,25,18,17,22,26,25,23,29,21,17,28,20,276,273,14,15,12,9,6,15,603,604,73,66,70,76,67,71,78,69,641,622,615,632,643,624,13,7,2,8,13,15,14,14,8,409,402,40,39,42,47,43,36,32,43,46,38,37,32,36,37,40,47,35,42,32,42,45,42,40,47,32,41,37,38,46,33,47,41,33,389,375,395,15,12,2,678
11,13,7,5,3,0,15,9,9,15,3,11,13,6,10,2,2,10,10,1,243,30,21,22,246,3,242,21,277,273,268,253,253,253,273,3,1,9,1,8,4,266,251,274,254,257,18,22,247,8,8,2,3,2,12,3,1,4,7,14,13,3,11,12,9,12,6,12,15,8,2,13,13,430,426,47,38,40,390,396,256,257,19,24,30,16,17,16,19,16,25,25,17,31,17,25,22,22,30,276,273,9,3,0,15,15,12,13,5,587,68,73,64,75,70,69,74,78,74,623,616,633,644,625,618,12,12,2,15,1,10,15,0,10,404,400,41,43,36,41,33,47,40,43,36,38,38,42,41,43,47,40,34,44,44,33,47,47,45,37,37,40,35,33,36,45,40,388,396,10,4,6,6,660,679
0,4,15,6,1,5,8,13,3,5,11,7,7,11,11,3,3,8,14,4,244,19,25,276,274,1,243,17,247,256,248,260,11,14,13,6,8,11,12,13,6,11,11,7,244,25,30,277,281,248,260,12,3,6,7,0,11,1,3,13,6,11,13,13,15,7,2,10,14,10,7,9,428,422,43,40,38,388,396,254,257,21,21,24,21,30,26,16,22,19,24,21,28,28,18,23,21,23,277,274,13,0,4,7,13,9,12,14,12,611,604,73,68,79,65,79,73,64,78,73,617,634,645,626,619,618,6,1,9,1,0,1,3,6,4,408,402,37,44,32,37,47,36,40,42,45,38,39,35,45,35,45,34,44,38,45,40,45,35,44,38,43,36,41,47,40,386,397,5,10,7,12,678,661,680
8,8,4,14,13,8,12,12,15,9,12,3,0,14,10,1,11,4,12,1,242,19,19,247,4,6,266,253,280,259,24,246,5,5,10,6,8,7,4,11,13,14,0,6,266,269,16,265,258,25,265,248,262,1,4,4,10,1,14,0,0,9,14,4,15,8,9,9,3,13,433,383,426,47,45,46,386,393,256,257,25,25,20,18,31,17,18,27,31,20,23,20,25,16,26,18,31,276,273,14,14,12,4,9,15,13,14,1,1,14,603,608,64,69,69,74,73,64,79,70,69,635,646,627,620,619,618,9,10,0,10,15,7,0,12,10,369,40,46,43,38,42,36,42,45,43,38,36,40,43,32,41,47,38,36,34,40,35,41,35,37,44,43,35,35,386,395,8,8,2,13,666,679,662,681
8,15,8,13,9,10,5,11,10,12,12,7,15,15,5,12,9,7,5,11,268,252,252,273,15,5,254,248,257,26,27,247,10,6,12,3,14,10,3,9,0,7,5,9,8,266,271,28,18,28,23,25,265,262,12,2,8,5,6,6,15,11,8,15,10,7,10,0,6,3,372,41,32,37,40,390,393,255,259,20,27,28,29,16,22,29,16,21,31,19,27,27,29,30,17,30,276,274,2,0,0,12,1,7,8,5,9,13,14,5,5,607,600,79,76,67,76,64,75,71,68,67,647,628,621,620,619,612,11,8,0,14,4,14,14,5,405,376,403,38,41,46,39,44,40,32,43,33,37,46,34,35,44,45,41,37,36,37,43,45,40,40,35,33,391,392,15,5,15,2,660,667,680,663,682
12,2,1,15,13,10,3,9,4,1,10,1,6,12,6,8,15,9,14,7,11,7,7,13,1,8,242,29,16,23,24,247,0,5,12,0,3,1,10,15,13,0,6,5,14,7,267,270,24,21,17,29,21,247,6,7,5,11,3,4,5,5,4,15,2,4,10,11,429,385,423,37,42,43,389,393,256,258,26,17,28,21,24,31,21,30,26,25,22,31,21,27,30,23,28,275,272,3,11,5,7,4,8,9,15,12,14,8,12,1,5,2,603,610,65,70,75,69,70,76,65,67,64,629,622,621,620,613,636,12,5,11,2,10,15,14,5,2,371,44,37,41,40,33,40,33,40,39,38,40,34,35,32,43,39,40,46,41,47,38,42,45,36,386,392,7,1,1,10,654,661,668,681,664,683
7,12,3,1,0,5,11,15,10,0,11,9,12,10,11,15,11,12,0,10,6,15,11,0,3,15,267,251,252,271,22,246,10,2,14,7,4,15,8,7,11,2,3,2,13,5,14,268,253,253,252,252,252,272,2,1,13,11,10,2,4,2,7,9,7,5,13,431,424,36,39,44,35,390,396,254,257,20,23,25,17,22,27,25,21,18,28,25,17,31,30,31,30,28,276,273,4,2,1,13,8,6,4,8,15,3,11,7,15,7,1,13,11,601,600,74,67,79,74,73,73,78,71,79,623,622,621,614,637,636,9,3,13,13,0,12,11,2,407,374,398,36,37,36,36,37,38,389,402,34,39,38,40,40,43,40,39,35,36,40,41,42,391,393,11,5,4,14,660,655,662,669,682,665,69
5,13,1,1,6,14,11,9,3,8,3,2,3,12,4,14,6,9,5,11,2,12,11,8,3,11,8,3,14,243,18,245,7,1,15,9,6,7,2,6,0,7,4,2,12,11,3,0,1,14,255,250,262,6,3,14,15,1,0,12,14,1,8,0,13,0,2,372,43,45,43,32,387,393,255,259,18,19,16,31,21,24,25,23,19,25,25,31,25,17,26,30,19,277,272,11,10,3,15,8,13,14,7,4,1,10,0,3,13,5,5,3,0,14,601,600,76,67,67,76,65,70,78,66,74,623,622,615,638,637,642,13,11,11,3,2,6,15,8,4,371,45,33,33,47,40,36,363,371,43,47,42,42,47,40,45,43,43,36,38,32,389,392,11,15,13,5,648,661,656,663,670,683,76,68
2,6,10,6,12,9,12,15,13,15,10,7,0,4,4,13,10,0,0,6,0,12,11,4,4,14,10,4,6,267,253,280,250,261,9,11,1,2,3,6,11,2,12,10,1,10,3,1,0,13,244,19,246,5,256,250,261,12,0,14,1,12,4,12,9,430,382,422,32,43,38,391,392,255,259,18,30,31,16,20,31,18,22,28,18,21,24,19,25,16,25,30,276,274,5,7,2,13,8,0,13,14,11,4,13,5,5,4,2,14,1,6,4,3,10,607,608,70,78,69,75,76,79,64,79,67,623,616,639,638,643,618,9,12,1,3,9,4,10,12,406,399,42,37,45,45,39,366,370,35,47,37,47,42,45,34,42,47,41,33,391,393,3,11,3,10,654,649,662,657,664,671,68,67,79
15,6,1,10,8,9,10,14,9,13,14,15,9,15,3,6,12,8,10,0,1,5,13,7,13,2,10,6,254,249,248,257,25,247,12,5,5,7,3,1,6,2,13,3,9,12,2,11,6,2,267,252,273,11,243,16,247,15,9,15,12,11,8,7,8,372,32,38,33,34,390,395,256,257,19,18,30,30,24,27,25,27,16,27,29,23,19,17,21,21,29,276,273,12,1,8,13,11,4,13,11,10,4,1,9,1,12,11,2,5,1,0,15,3,2,14,609,602,73,78,72,74,73,64,78,77,77,617,640,639,644,619,642,15,14,14,6,12,13,1,11,409,399,33,44,41,39,415,426,39,47,40,44,32,40,43,33,34,36,390,396,3,5,0,10,660,655,650,663,658,665,75,78,68,65
8,14,10,12,7,3,5,13,13,1,8,12,0,0,7,8,5,3,5,14,0,15,9,10,3,10,1,8,242,16,22,26,276,274,9,255,249,261,12,14,6,11,12,15,8,7,11,8,8,2,5,254,249,250,257,23,246,10,0,9,2,6,11,0,1,373,34,41,46,389,393,255,257,27,17,29,26,20,23,28,30,19,18,21,19,16,29,23,24,19,276,274,12,6,2,13,7,6,14,13,1,11,0,11,8,15,5,7,13,8,12,4,15,7,10,9,3,601,602,64,74,73,76,76,76,73,77,77,641,640,645,620,643,636,8,2,9,15,0,5,0,14,404,402,34,35,38,43,386,376,377,378,376,379,398,40,46,33,391,393,9,6,4,15,678,661,656,651,664,659,78,77,65,70,71
11,6,6,10,12,0,14,0,0,2,8,15,0,12,14,3,8,13,11,14,13,4,14,5,10,5,10,2,244,19,18,20,263,262,254,257,22,245,9,4,6,9,6,10,0,2,4,15,11,11,8,242,23,22,26,25,264,260,7,10,7,7,8,431,381,425,46,35,390,394,255,257,24,28,27,16,31,31,24,18,27,26,21,26,30,30,27,16,21,276,273,0,7,15,7,6,3,11,0,0,1,13,2,2,1,1,2,9,8,13,6,11,0,5,2,14,10,6,605,604,69,76,77,72,73,68,69,72,68,641,646,621,644,637,642,2,5,6,14,5,5,13,11,409,399,41,39,47,413,420,4,433,383,383,422,37,43,40,366,1,15,10,14,666,679,662,657,652,665,65,68,73,69,72,67
12,13,14,15,9,10,2,3,4,5,6,7,12,0,4,4,3,10,10,14,4,5,7,2,8,3,4,14,266,271,23,30,18,264,258,19,17,246,0,8,8,1,15,8,9,8,1,0,15,8,6,244,22,23,19,29,21,265,248,260,7,11,8,371,38,32,47,387,392,256,259,28,18,28,24,27,24,25,19,30,16,28,16,16,16,30,27,22,276,272,0,9,14,14,4,10,4,12,10,2,0,6,4,12,8,12,2,0,2,7,3,10,7,8,15,6,9,7,12,605,606,68,69,65,66,79,67,74,65,79,647,622,645,638,643,630,7,11,12,4,13,5,0,8,408,403,40,41,41,412,419,371,33,38,36,36,38,388,397,12,1,10,660,667,680,663,658,653,75,73,76,75,77,66,78
5,3,8,0,12,1,1,8,4,6,5,3,6,3,15,11,2,4,10,2,2,6,1,8,12,7,6,15,11,243,16,21,31,18,18,19,19,245,11,15,10,4,12,10,7,8,1,7,10,15,4,267,270,26,276,271,20,23,28,245,7,3,1,373,36,41,390,392,254,257,20,16,27,27,19,22,31,23,16,29,30,25,23,22,19,30,19,277,272,14,0,1,3,9,12,4,8,3,3,3,2,14,5,14,1,6,2,14,12,9,7,8,7,6,12,9,13,10,7,15,607,608,64,72,64,79,74,70,71,78,70,623,646,639,644,631,642,4,2,3,6,0,6,4,3,373,41,36,43,32,410,427,43,35,37,44,42,362,1,4,8,678,661,668,681,664,659,65,71,74,68,69,78,79,68
1,6,4,7,12,2,7,8,13,15,4,14,1,1,11,13,6,8,1,6,1,10,5,4,3,5,6,13,11,268,251,252,270,26,30,29,30,246,11,0,4,7,14,7,12,6,9,5,12,2,12,4,267,253,273,243,31,275,251,273,11,3,2,405,399,388,394,254,259,20,29,25,19,19,30,21,17,17,18,31,31,17,29,30,31,31,275,272,6,15,9,1,5,8,2,7,14,15,15,13,6,10,11,13,2,13,3,6,11,1,13,15,0,5,5,12,0,7,3,9,0,603,608,79,66,76,75,65,71,77,67,70,647,640,645,632,643,624,4,14,10,13,14,10,7,409,401,41,38,46,43,34,43,34,38,389,374,394,6,0,654,679,662,669,682,665,78,65,79,64,64,67,73,64,76
3,2,12,4,15,13,7,13,11,6,9,0,6,5,2,12,8,10,5,9,7,4,1,3,6,10,15,10,9,1,14,5,268,251,269,29,275,274,254,248,260,4,2,4,7,2,8,12,3,4,12,2,2,7,12,268,251,272,4,256,248,262,1,3,408,392,256,259,22,20,22,19,23,31,19,18,27,26,19,21,17,17,24,31,24,276,274,3,6,0,0,7,2,15,5,11,1,13,2,12,10,12,10,4,8,13,2,15,2,12,4,2,15,2,13,6,12,2,4,3,4,10,609,602,78,74,72,76,79,68,69,64,78,641,646,633,644,625,624,8,6,11,9,8,11,13,408,398,42,44,47,33,38,36,388,394,14,0,13,660,655,680,663,670,683,71,71,74,72,69,64,74,76,75,71
1,13,1,0,1,14,4,5,10,15,1,7,3,0,8,14,0,15,3,5,14,12,0,1,3,6,6,7,7,12,1,3,3,15,267,252,272,256,257,25,246,8,14,6,13,4,1,0,13,0,13,5,5,11,6,254,249,250,250,258,26,263,261,6,5,255,257,16,20,16,18,24,18,19,17,25,26,31,24,16,28,17,24,16,276,272,7,13,5,3,12,10,0,0,3,13,9,8,2,3,13,3,12,4,11,1,2,1,0,13,11,6,15,7,0,0,10,11,3,5,8,6,3,601,604,65,67,69,78,68,70,73,77,78,647,634,645,626,625,618,9,9,1,6,14,2,0,405,400,36,34,44,44,387,395,9,15,4,672,661,656,681,664,671,74,67,65,68,68,67,79,70,65,66,64
5,4,2,0,13,0,11,8,12,12,15,0,1,10,12,13,6,13,11,11,2,10,3,0,15,8,3,8,14,13,6,10,0,4,15,255,249,257,30,31,245,5,13,12,3,0,10,4,10,9,2,2,14,12,5,243,29,26,29,26,30,17,247,1,255,258,19,20,21,27,18,16,18,26,21,18,31,25,25,28,30,25,19,277,273,11,13,0,9,7,10,14,14,3,10,4,3,12,2,6,1,6,1,12,8,8,3,11,6,15,15,11,9,13,11,14,13,0,15,14,13,14,8,11,611,602,71,75,79,68,73,78,67,64,73,635,646,627,626,619,630,10,2,13,4,15,4,15,409,400,34,42,388,396,10,13,13,666,673,662,657,682,665,73,74,70,67,76,74,73,64,64,67,78,73
0,8,7,8,12,12,2,10,7,14,8,6,15,6,15,3,10,12,4,0,9,2,10,13,13,5,4,0,13,1,7,7,2,9,0,243,20,17,25,26,263,249,248,249,261,7,3,14,11,14,14,0,432,421,12,266,271,27,18,27,25,276,273,254,259,23,31,25,25,19,18,24,26,26,31,31,30,21,27,21,25,17,276,273,12,5,7,7,4,6,13,1,3,2,3,6,3,12,6,12,1,15,8,8,8,6,2,9,6,4,8,7,5,9,10,13,15,14,12,7,10,9,15,2,4,607,602,73,76,70,73,70,71,64,66,64,647,628,627,620,631,630,4,6,1,15,11,4,12,406,378,375,397,13,5,7,678,667,674,663,658,683,72,66,75,65,75,65,72,64,72,77,65,76,68
15,15,15,13,12,9,5,11,8,9,14,3,11,1,2,11,11,10,3,5,12,9,14,6,1,6,9,7,13,5,3,12,11,14,8,267,251,270,22,20,18,21,31,26,245,11,15,5,3,13,9,429,426,411,419,6,244,20,24,18,22,263,249,257,29,26,22,23,30,26,31,16,16,26,25,17,28,30,21,17,21,275,274,4,11,13,6,0,9,2,15,0,14,11,14,0,3,5,10,12,5,4,5,3,9,13,4,8,8,0,10,1,12,9,15,11,11,1,12,11,4,4,1,7,1,7,611,600,78,69,72,73,77,71,68,74,64,629,628,621,632,631,624,1,8,6,10,7,10,3,8,13,9,14,13,660,679,668,675,664,659,70,69,65,77,77,64,77,78,69,74,73,74,75,74
4,4,13,11,14,3,0,1,8,3,3,11,10,2,0,15,0,8,4,5,8,1,2,5,11,0,2,3,7,5,15,1,12,11,10,7,0,242,26,28,23,277,251,270,264,250,262,6,5,8,430,427,42,43,362,15,244,20,275,253,271,30,28,31,24,22,22,25,28,22,19,22,25,26,27,25,22,30,25,16,275,273,8,2,12,8,13,0,4,10,5,13,13,12,15,11,8,4,6,13,8,11,7,11,12,1,6,8,10,1,8,3,6,1,5,4,8,3,7,7,1,2,3,15,1,6,3,609,604,77,66,78,69,75,72,75,69,71,629,622,633,632,625,618,7,12,2,2,15,4,8,3,10,15,654,661,680,669,676,665,67,69,73,69,65,65,67,70,79,65,66,70,66,70,67
5,14,4,8,3,10,14,6,5,11,8,1,3,11,9,15,4,3,3,0,9,7,8,6,14,15,3,8,12,12,9,1,7,7,2,3,1,266,252,270,24,247,15,244,25,30,245,2,10,432,426,42,34,387,397,10,243,31,245,13,244,20,27,20,25,26,16,26,23,29,30,20,22,31,28,29,27,22,19,276,274,4,3,4,12,1,5,5,9,7,8,13,0,15,11,4,12,6,3,15,12,6,7,11,0,14,2,0,14,14,12,15,14,0,4,10,5,1,2,9,5,9,15,8,4,9,5,14,609,606,73,72,66,66,68,74,79,72,76,623,634,633,626,619,636,14,7,4,6,15,12,6,4,648,655,662,681,670,677,71,79,76,71,68,64,70,76,68,69,76,64,70,78,76,67
13,13,7,15,12,7,15,5,2,15,8,14,2,1,15,14,9,4,3,14,10,7,5,3,10,2,2,14,8,6,7,12,15,8,7,7,9,6,14,242,27,264,248,278,271,31,246,8,11,371,34,34,390,394,13,5,268,252,273,255,258,30,20,29,27,23,25,28,28,19,19,24,31,22,20,27,21,18,277,273,7,11,11,3,13,7,5,4,7,13,2,0,12,4,15,14,12,7,1,4,15,3,9,5,8,6,9,5,1,4,8,3,1,4,12,13,7,12,2,6,10,11,0,2,6,3,10,13,1,611,608,68,70,73,65,78,66,69,69,78,635,634,627,620,637,624,8,6,15,9,12,12,672,649,656,663,682,671,72,72,73,75,68,79,77,68,64,64,65,79,76,76,78,68,75
10,5,7,0,8,7,7,7,8,13,0,2,1,5,12,13,7,5,13,4,12,1,9,13,12,14,1,15,9,13,5,1,13,3,3,3,8,0,3,243,17,24,21,245,244,20,264,250,260,408,399,391,393,7,9,2,12,8,255,259,20,28,23,28,24,26,29,30,29,21,26,29,30,23,21,28,24,277,273,3,9,0,0,5,5,0,1,12,13,12,0,13,6,0,14,6,9,15,11,8,1,13,2,4,10,6,12,15,1,13,7,15,11,7,3,10,7,3,8,6,2,10,7,9,11,4,13,1,12,4,609,606,76,71,74,77,66,79,69,78,65,635,628,621,638,625,618,14,12,12,0,648,673,650,657,664,683,64,72,66,71,76,68,69,79,78,70,79,64,69,64,64,68,78,67
10,13,1,0,0,13,14,10,13,8,13,0,14,3,7,9,10,10,9,4,15,7,11,10,1,1,6,14,12,13,5,14,10,0,9,11,3,14,11,267,269,30,17,245,242,18,26,19,246,13,406,392,9,4,15,3,10,255,259,29,22,29,23,26,31,21,19,25,22,21,16,30,26,19,30,18,276,273,8,8,4,12,14,13,8,1,6,13,13,0,5,5,13,5,5,11,7,13,12,1,4,1,7,11,7,1,11,3,9,256,261,15,3,1,14,1,10,10,5,5,8,15,13,2,2,13,4,13,4,3,11,601,604,75,69,76,70,76,70,67,78,72,629,622,639,626,619,618,540,552,648,649,674,651,658,665,77,75,73,79,65,77,76,66,73,72,68,66,74,74,64,70,66,73,75
2,15,3,5,1,2,11,8,2,14,6,2,12,11,10,4,4,12,9,6,8,15,5,11,1,9,4,8,13,9,1,9,13,5,9,7,14,9,11,9,242,16,275,273,268,251,252,270,263,250,261,4,13,1,4,15,256,258,31,28,28,24,16,26,23,19,26,25,16,31,30,25,28,25,29,277,274,3,5,0,15,11,2,13,8,3,10,11,11,2,15,12,0,6,15,8,9,13,0,6,10,7,1,11,15,12,9,12,255,258,265,260,2,7,11,2,13,12,15,1,4,1,5,11,8,6,12,2,8,0,2,7,605,608,71,73,74,69,66,77,73,65,67,623,640,627,620,619,541,553,649,650,675,652,659,73,75,71,71,66,76,76,69,64,78,79,73,70,74,79,73,68,77,67,72
7,9,3,15,1,3,6,10,7,13,3,3,9,13,10,5,0,5,15,13,13,11,15,11,4,10,3,8,7,5,13,13,1,2,1,7,14,9,12,2,243,25,245,14,12,5,256,258,24,17,246,256,248,261,8,254,259,30,23,24,29,27,31,26,16,25,27,24,31,19,22,27,19,29,275,274,6,2,9,14,2,7,3,4,3,7,13,5,8,7,5,10,2,7,14,2,14,3,5,7,15,8,13,6,2,3,9,254,257,31,23,263,262,4,14,10,11,10,4,13,14,6,15,11,11,1,15,11,14,1,1,8,4,603,602,70,64,70,65,72,73,73,67,78,641,628,621,620,542,554,650,651,676,653,64,64,78,73,67,73,73,77,70,74,72,77,77,75,70,79,70,64,65,72,67
9,10,8,13,0,1,3,6,15,0,15,1,1,8,12,8,12,5,9,13,8,6,15,4,2,5,14,3,0,15,11,6,11,11,1,4,8,14,12,2,268,253,272,0,4,11,244,26,17,24,265,259,27,263,250,259,23,27,22,27,18,17,21,18,19,26,24,26,30,16,18,31,20,275,272,8,9,0,3,9,1,4,12,15,8,11,1,5,7,13,6,7,14,4,3,15,7,14,8,5,2,7,12,3,12,3,256,259,23,23,27,16,265,260,11,5,0,7,1,0,2,8,7,4,9,1,0,4,1,3,3,4,5,9,601,610,74,78,74,78,64,70,70,75,69,629,622,621,543,555,651,652,677,76,75,64,72,73,67,68,75,74,68,79,69,79,71,76,71,76,72,66,77,68,78
2,11,15,6,3,0,15,8,13,5,5,11,4,12,15,9,3,2,9,3,2,6,9,14,6,7,11,9,6,6,3,2,1,9,7,2,5,8,2,9,15,11,9,6,4,11,267,252,269,31,24,21,28,20,31,19,19,16,27,23,28,16,26,18,20,29,18,31,16,26,23,31,276,274,1,3,11,3,10,1,14,6,11,15,1,9,6,14,13,8,6,8,13,13,6,1,1,4,9,9,11,6,10,10,12,254,257,19,22,22,30,27,16,263,248,250,262,0,8,0,3,12,13,8,0,1,5,15,10,0,10,9,2,12,10,611,606,74,72,65,66,68,77,68,72,68,623,622,544,556,652,653,69,68,64,67,66,65,76,76,75,67,65,64,72,69,74,71,67,77,64,77,79,77,70
7,4,14,1,10,13,13,5,8,3,5,13,11,3,4,0,4,0,7,10,10,6,6,4,15,14,10,7,9,12,2,6,15,13,7,15,8,12,12,10,15,2,13,14,15,15,7,9,268,271,26,26,21,20,23,19,16,26,22,24,31,20,25,27,31,23,30,24,25,25,28,275,272,7,9,2,7,15,6,10,6,15,2,4,8,4,10,9,9,1,14,10,15,13,5,3,9,5,3,4,6,10,10,6,256,258,19,16,29,275,271,26,31,30,25,22,265,261,6,12,2,1,8,8,13,14,4,2,15,2,6,14,7,5,14,15,611,608,72,73,66,75,67,72,75,71,74,623,545,557,653,74,73,76,67,77,71,66,71,75,67,69,66,75,79,68,65,75,77,71,67,68,64,68,76
14,12,10,5,9,7,4,1,8,6,11,5,7,8,2,2,9,4,13,11,5,6,14,8,14,2,1,6,1,11,10,4,13,6,11,0,3,1,14,15,13,0,13,11,5,9,0,3,7,244,16,29,20,23,25,31,19,16,17,18,21,26,16,26,30,16,28,18,26,17,277,274,0,8,3,12,4,14,13,15,5,14,1,2,10,15,15,2,4,8,5,1,8,2,15,7,10,5,3,13,0,9,3,255,257,31,18,28,277,272,266,271,25,18,21,24,16,264,260,9,0,10,3,8,5,15,6,13,11,6,5,4,6,4,8,7,4,605,610,78,69,64,79,78,74,76,70,66,70,71,64,74,70,67,71,70,75,64,71,76,78,79,65,73,67,78,79,77,69,77,73,64,75,68,67
1,5,15,3,5,14,12,8,14,6,15,15,8,7,14,3,0,2,2,5,6,0,5,0,8,1,4,13,5,4,13,5,7,2,9,3,14,6,12,15,14,3,3,7,8,15,3,15,8,242,24,18,23,26,25,18,18,29,31,24,30,22,27,19,27,31,18,29,30,276,273,7,2,1,10,11,9,1,5,0,9,15,12,4,5,9,7,10,15,0,12,2,3,4,11,3,5,10,1,12,11,4,11,244,31,24,30,275,272,11,3,267,271,16,31,30,17,16,264,261,2,8,8,14,5,14,7,5,4,4,1,0,15,1,1,10,14,14,605,610,72,65,67,65,74,71,67,67,65,74,66,72,77,65,79,74,72,64,70,76,68,68,75,76,72,76,77,71,77,79,76,70,77,79,75
3,2,2,15,8,6,7,5,13,9,1,1,9,15,7,5,14,9,0,15,1,14,7,4,15,3,6,9,7,14,9,15,12,5,2,6,14,13,13,14,1,2,14,14,11,10,9,4,4,244,30,20,26,17,25,24,30,18,26,17,18,19,19,23,30,23,26,27,277,274,4,1,4,13,7,5,15,11,0,10,2,12,11,13,14,12,9,9,15,9,0,1,0,3,0,8,7,6,2,7,5,6,8,244,25,31,27,246,1,4,2,12,244,21,30,17,23,25,21,265,260,10,4,0,1,0,3,13,8,15,11,5,5,4,6,15,2,1,2,611,610,72,76,66,71,70,70,76,74,65,78,77,72,78,69,77,64,78,79,65,74,65,77,65,70,69,72,67,64,77,78,65,74,67,66
8,14,4,3,13,10,5,5,15,7,3,2,11,4,15,7,0,2,7,5,3,8,3,13,9,11,7,15,2,1,0,14,2,6,5,11,9,13,12,1,6,3,0,7,9,0,7,11,255,258,21,23,21,30,24,30,31,24,30,24,20,29,30,18,16,26,29,17,264,261,2,11,14,7,2,15,4,2,6,9,12,1,5,15,15,0,14,9,11,8,10,10,5,9,12,15,11,8,10,8,3,14,254,258,16,23,276,274,12,0,9,10,244,18,18,20,17,21,24,16,247,8,1,6,10,13,4,6,7,4,1,12,13,14,1,10,9,12,8,14,584,74,65,77,70,69,65,71,71,78,68,74,74,65,65,76,66,66,69,78,78,74,74,72,74,72,70,73,65,75,75,68,71,78,65
11,7,4,6,11,10,11,8,14,8,14,9,13,9,10,13,5,7,11,8,14,9,5,4,13,12,9,11,0,13,6,12,2,1,12,5,2,11,3,14,11,2,15,5,2,1,11,254,259,22,21,30,30,21,16,19,30,24,23,16,17,17,22,22,19,29,28,31,23,264,262,10,8,15,11,11,5,13,3,3,8,15,10,7,11,13,256,249,249,261,0,1,13,1,2,13,6,4,1,7,14,254,259,21,18,277,273,15,0,3,2,10,244,26,26,21,24,22,17,25,245,12,4,7,4,5,9,7,4,7,8,14,3,14,15,11,0,9,6,4,585,68,74,74,73,65,67,71,77,69,64,65,77,76,71,68,72,76,78,68,65,71,64,76,72,71,69,77,69,75,71,78,77,66,66
3,11,5,0,6,13,7,3,13,3,1,8,1,15,11,11,9,13,2,1,6,7,10,13,13,0,15,12,1,12,4,6,0,1,6,13,1,1,3,1,0,0,4,13,15,1,255,259,30,18,31,20,16,28,28,29,21,25,30,28,27,26,18,21,22,275,270,27,20,31,263,260,15,0,4,1,0,1,10,2,10,10,13,2,3,254,259,20,28,246,7,7,6,0,15,11,10,3,12,4,13,243,29,19,277,273,13,5,6,15,10,11,267,271,23,19,21,25,28,24,265,260,8,11,9,4,14,9,12,1,6,9,2,6,8,8,12,5,8,11,580,65,71,69,72,65,68,68,79,71,68,70,74,65,77,76,66,71,76,65,65,74,78,67,75,69,67,64,70,71,78,75,72,77,78
8,3,1,0,4,14,5,2,0,6,5,15,0,10,3,12,13,6,0,1,1,8,5,9,15,6,8,15,15,1,10,15,12,1,2,13,3,5,7,14,6,13,12,15,7,255,257,25,29,18,19,21,20,23,22,19,26,28,26,18,20,24,17,26,275,273,268,271,18,25,31,264,262,15,7,11,8,6,7,10,7,7,13,3,254,258,16,29,276,272,13,3,14,5,10,13,8,9,14,7,13,244,23,275,274,12,13,2,5,13,0,8,12,266,269,16,31,31,19,20,21,265,261,11,14,9,14,12,11,3,7,4,6,12,15,1,11,3,0,12,581,66,73,66,68,75,68,78,68,69,64,70,72,72,79,68,77,67,73,64,68,74,64,71,79,73,75,70,77,70,78,78,74,70,73
6,10,4,2,13,8,10,15,0,10,11,13,5,7,7,12,6,7,8,10,10,9,2,4,12,4,4,0,8,13,6,4,8,2,8,14,10,7,4,3,2,0,6,13,254,257,19,30,23,22,19,31,20,28,20,27,21,19,21,27,26,17,19,276,273,1,7,267,269,22,29,22,265,261,7,7,2,5,14,9,3,8,14,255,257,30,16,277,272,14,8,5,12,5,5,10,3,10,14,7,15,244,19,245,12,8,2,6,1,7,8,6,6,8,266,253,253,251,271,27,20,24,245,10,3,4,14,7,14,9,1,11,15,13,11,14,11,13,7,6,584,64,67,75,65,75,71,65,74,73,68,72,67,78,68,66,72,78,71,72,74,73,73,67,77,75,68,71,72,77,72,65,68,67,79
15,0,5,14,10,12,7,12,6,9,8,13,3,3,1,1,11,1,15,7,4,15,0,10,14,4,12,10,7,15,14,5,6,9,1,0,10,9,5,10,5,7,13,256,257,22,26,28,16,21,31,17,26,18,30,21,27,29,22,23,22,16,277,272,1,7,3,7,267,271,27,27,19,265,260,9,15,11,13,7,5,3,256,258,26,22,277,274,14,10,9,6,10,15,10,4,10,6,4,8,7,243,29,245,11,6,15,14,5,1,15,14,0,14,10,11,4,13,244,24,27,27,247,14,7,6,5,7,8,8,0,1,14,3,7,3,6,12,10,9,585,66,74,66,69,76,74,70,71,66,71,67,67,72,79,78,79,65,78,77,79,69,76,71,71,75,75,74,71,73,79,69,68,73,72
4,3,11,7,7,15,1,3,2,13,11,14,4,10,6,14,12,13,9,5,0,9,15,10,0,12,11,0,12,9,8,10,4,5,4,7,14,3,1,13,15,8,254,258,25,22,22,21,22,26,30,20,29,17,27,30,21,29,29,29,26,276,274,12,5,15,4,6,10,268,269,26,21,19,263,261,7,11,15,12,5,256,258,28,20,276,273,7,13,11,15,0,4,3,10,0,15,10,13,2,255,257,23,245,2,1,5,9,14,2,12,11,12,8,13,0,14,256,258,28,25,276,273,12,13,12,9,1,4,7,12,12,14,11,2,10,13,9,2,13,578,71,64,64,70,72,70,73,64,78,79,66,67,68,78,77,78,79,66,73,69,75,66,71,65,68,65,78,71,68,72,67,79,76,65
0,8,5,15,12,8,4,6,7,6,12,6,9,7,13,7,6,15,13,10,13,8,1,14,13,9,11,15,7,3,1,10,8,9,8,11,3,13,4,7,14,256,257,31,19,30,24,23,29,29,23,22,25,16,21,20,31,29,24,26,276,273,4,7,4,0,7,14,6,4,267,269,20,21,23,264,262,5,11,3,254,258,31,25,275,273,11,6,1,8,3,10,5,11,7,13,14,8,9,255,259,17,276,274,7,13,12,6,2,3,4,10,9,14,6,0,255,259,18,27,276,274,2,7,2,11,0,4,5,15,9,4,4,13,12,15,10,7,2,14,579,64,77,69,65,77,64,75,72,72,71,71,71,77,73,71,72,77,67,68,77,64,70,65,76,71,73,76,67,74,71,72,70,75,73
3,0,13,11,0,5,8,5,1,11,8,15,4,5,7,4,10,6,2,5,12,9,10,1,12,11,8,2,0,7,15,9,14,15,11,10,3,4,4,0,255,257,21,27,26,30,31,23,27,29,21,26,26,19,26,17,20,21,27,276,273,12,7,13,5,10,13,1,6,2,15,268,269,30,29,23,264,262,11,255,259,19,24,275,272,14,10,9,11,3,4,13,11,14,15,9,5,15,5,243,17,22,246,2,6,15,8,1,0,9,8,7,6,5,8,254,257,26,16,276,274,2,5,13,14,12,2,7,8,14,7,1,5,2,12,8,12,6,1,3,582,73,79,71,77,70,65,69,79,79,68,73,64,79,77,65,79,74,77,78,74,71,70,68,69,73,69,71,70,66,79,65,77,68,75
5,14,3,4,2,11,4,8,6,7,15,14,12,13,10,11,0,13,13,0,14,0,14,12,4,10,3,15,13,14,3,6,2,9,10,9,1,7,5,256,257,18,20,31,21,22,19,17,30,30,22,27,24,23,30,18,30,18,275,272,1,6,10,6,1,10,14,1,6,8,4,7,266,270,25,31,19,263,250,258,29,28,277,273,13,8,8,13,13,4,3,0,12,8,10,0,1,4,6,244,27,25,247,2,7,14,8,0,8,2,4,5,0,11,255,259,31,16,276,273,1,7,9,10,15,14,15,6,6,10,12,8,4,4,12,9,6,1,15,9,583,71,69,78,65,76,73,72,65,64,72,77,78,74,71,67,74,65,66,70,66,78,71,74,64,78,67,74,70,64,75,72,67,66,78
1,11,6,2,7,5,7,1,2,0,10,1,5,15,0,8,3,15,2,8,2,10,8,0,12,10,15,6,0,11,6,4,8,11,5,12,10,10,255,257,26,22,26,23,27,19,19,31,20,20,23,23,23,30,31,21,17,276,272,14,14,4,7,0,8,3,4,14,3,11,3,2,10,266,269,26,26,28,18,20,28,275,272,1,4,14,15,3,11,0,5,8,13,6,1,5,10,2,5,242,23,29,245,14,15,10,3,4,6,2,0,15,12,254,257,26,19,277,272,4,6,6,4,9,9,13,9,14,14,10,4,2,8,4,8,14,9,8,8,9,580,67,74,72,70,79,78,67,76,69,75,69,75,79,74,77,65,74,70,65,79,70,67,79,67,70,72,66,64,79,72,64,65,68,64
10,9,1,1,8,9,9,0,13,6,12,3,8,12,1,4,5,7,11,8,2,15,3,10,9,12,2,9,10,0,1,7,10,5,1,11,1,255,259,31,17,29,27,26,18,22,18,22,16,24,16,30,26,18,24,25,276,273,4,7,15,6,2,13,6,15,1,3,0,13,6,4,10,12,268,270,24,29,24,23,275,274,9,13,4,2,4,0,12,6,13,1,11,14,9,15,5,3,13,244,21,275,273,14,8,11,14,8,12,7,12,14,254,259,22,27,277,273,5,1,11,0,1,4,8,0,9,1,12,0,3,6,9,1,13,15,2,14,15,13,581,75,65,72,64,73,67,70,68,79,74,79,70,79,79,65,67,79,74,70,67,71,78,75,66,66,77,76,78,72,76,71,72,66,68
9,13,12,5,12,14,6,0,2,15,8,7,14,8,1,3,15,3,8,2,4,4,15,6,4,11,6,6,6,5,9,3,12,10,9,2,254,258,17,24,17,21,18,26,25,28,18,22,21,21,23,18,22,21,31,277,273,10,5,0,0,0,9,8,10,11,3,8,10,8,0,4,4,15,5,266,270,21,24,25,265,260,6,2,1,1,10,7,5,1,12,10,3,5,9,7,10,13,13,242,30,246,7,5,0,15,6,11,15,12,13,254,257,21,18,277,274,6,5,11,10,7,12,9,15,1,13,14,3,14,0,0,1,9,5,13,3,10,7,0,580,67,71,67,70,74,71,77,65,77,78,74,78,75,72,65,64,70,67,71,71,79,69,78,77,65,64,65,71,73,77,70,73,74,75
7,6,12,14,1,14,9,4,13,11,14,11,11,9,12,15,255,248,261,2,7,11,1,6,15,10,9,13,3,3,13,10,1,5,6,256,258,25,27,31,18,17,18,30,20,29,29,24,31,19,17,28,20,19,277,273,9,10,3,10,5,1,14,13,3,15,14,1,1,10,4,9,3,5,12,15,267,271,18,21,29,263,262,14,9,4,4,2,3,11,4,8,0,11,14,7,10,2,4,244,23,265,248,260,13,3,2,11,1,14,256,257,27,16,277,274,2,12,3,7,12,2,11,10,2,0,8,3,11,8,8,9,6,5,6,6,1,6,14,5,581,64,77,70,71,69,72,78,76,65,67,72,64,74,75,76,71,77,77,78,79,73,78,74,79,79,77,67,67,67,79,75,75,65,77
7,2,1,7,4,10,11,1,14,11,9,3,9,9,13,256,258,24,263,262,15,9,3,13,5,3,3,13,3,13,3,2,3,11,255,257,16,28,19,28,16,27,27,31,27,26,30,27,18,22,23,21,24,277,273,8,10,1,7,6,9,0,14,11,6,14,14,7,2,13,7,0,4,3,15,1,0,268,269,22,26,24,263,261,9,15,3,12,14,11,9,12,1,9,2,1,15,5,4,243,28,25,26,264,261,12,1,6,7,256,259,30,28,277,273,9,10,2,3,6,8,14,12,15,11,13,6,5,15,12,3,1,0,4,2,8,3,15,7,7,578,78,68,69,75,75,67,74,64,64,65,71,68,68,77,67,65,74,67,74,74,65,65,79,75,77,77,74,71,79,74,76,77,67,75
1,11,2,10,5,13,3,9,13,3,15,12,2,14,10,243,17,16,28,265,261,2,6,1,7,15,7,0,10,1,14,5,14,254,258,28,31,31,31,18,17,31,26,21,28,24,26,16,24,20,16,31,275,272,1,5,13,8,1,1,1,10,3,4,9,1,3,4,0,10,10,14,2,9,14,8,9,8,268,271,19,26,31,265,260,6,3,8,5,7,11,0,5,7,5,14,2,12,8,267,271,21,16,23,264,262,13,0,254,259,17,16,275,272,7,4,10,0,10,11,4,14,10,3,1,11,8,15,13,9,11,14,9,4,2,4,5,15,3,7,579,70,73,71,75,71,65,66,77,76,66,73,64,75,75,76,66,77,78,64,76,67,71,79,68,75,75,75,70,67,69,75,73,76,64
0,3,14,7,7,8,15,8,8,3,7,3,7,5,11,243,30,17,31,29,263,262,0,15,11,7,11,1,1,8,11,15,254,259,24,27,18,23,20,30,22,30,17,28,27,31,19,31,22,17,17,277,272,5,1,4,10,7,10,6,6,9,5,11,15,12,11,1,1,10,15,0,8,12,9,14,4,4,2,267,271,31,27,25,264,260,6,2,7,4,0,8,6,12,14,9,10,1,3,256,259,17,18,18,26,264,248,249,259,23,19,275,274,5,4,7,14,8,11,9,13,15,10,4,10,12,14,0,4,0,11,3,15,6,15,9,8,9,8,2,580,72,70,74,68,64,72,71,64,69,79,79,75,69,68,67,75,75,65,76,69,76,77,72,70,73,65,70,78,79,67,69,72,76,69
12,11,10,9,15,4,13,1,0,8,7,7,0,11,13,268,270,16,19,26,26,247,7,12,7,11,2,14,2,8,3,254,257,25,30,20,30,27,17,24,30,25,30,27,27,19,21,18,28,25,277,273,12,5,10,14,15,14,10,3,1,3,13,13,12,11,7,15,10,14,2,11,7,0,14,9,10,2,6,13,267,271,17,16,19,264,260,7,4,1,6,1,10,6,0,4,2,2,254,257,23,20,19,276,253,270,22,20,16,19,275,272,2,2,10,13,15,2,3,11,3,5,8,9,14,0,6,9,9,10,0,1,0,0,2,6,4,3,1,14,581,65,74,68,69,66,67,67,64,75,70,74,77,73,66,79,64,77,64,73,71,72,64,77,64,66,64,76,73,75,72,71,78,66,79
4,11,3,4,14,0,7,8,1,12,1,10,4,4,14,1,266,253,270,19,29,263,262,4,12,12,2,14,5,2,255,257,24,31,31,18,23,30,24,24,30,20,31,16,24,31,22,29,16,275,272,2,0,11,2,12,6,2,1,13,14,11,9,9,7,12,13,15,15,4,14,9,0,15,8,14,8,9,0,3,4,266,269,17,29,23,263,262,8,2,9,3,9,5,0,7,10,255,258,27,25,24,276,273,5,268,269,29,27,29,247,13,10,3,0,15,1,1,3,11,10,15,4,1,9,12,5,9,3,8,8,2,11,10,13,14,15,8,6,2,578,68,79,79,72,65,69,73,70,64,79,72,77,71,73,78,72,69,64,77,66,76,74,68,76,75,73,71,72,73,76,68,65,68,70
8,3,1,6,5,8,0,13,12,8,15,7,8,9,15,4,1,11,243,22,21,26,246,5,2,10,5,0,5,256,259,25,20,21,19,26,19,25,19,16,21,21,28,28,20,20,30,17,276,273,2,8,8,10,1,0,6,4,3,5,13,3,2,14,1,5,10,1,3,13,4,10,5,2,4,4,10,4,6,11,14,9,266,271,26,25,23,264,262,4,4,8,11,10,13,10,256,259,18,21,17,277,273,5,2,2,266,269,30,26,265,262,8,6,2,0,14,15,7,12,12,11,13,0,13,4,13,12,15,8,11,15,7,1,5,12,9,1,4,7,579,64,73,74,75,78,66,66,64,69,71,71,73,75,69,72,75,69,67,79,70,72,76,66,74,70,77,77,67,65,77,68,74,67,65
9,13,10,10,11,5,9,6,3,2,8,3,6,3,6,11,10,8,266,271,17,23,263,261,4,2,8,6,255,259,18,19,29,21,21,28,27,28,19,25,18,17,19,22,23,16,28,275,274,13,9,6,9,7,10,4,4,13,3,10,8,4,9,4,6,6,15,15,10,2,13,12,11,1,4,5,7,15,0,8,14,10,15,268,269,22,24,16,263,261,2,1,3,3,0,254,257,18,26,23,275,274,1,8,3,2,7,266,270,20,25,264,260,10,6,7,7,10,5,2,3,7,3,5,10,11,4,12,4,15,8,3,7,7,5,3,13,14,11,10,578,70,79,77,77,76,67,72,64,73,69,74,78,76,69,75,64,78,79,69,66,74,66,75,64,65,69,77,77,73,75,77,68,74,77
12,11,3,11,2,7,3,7,13,6,11,10,3,1,15,6,0,8,10,242,22,22,16,265,261,7,12,256,257,22,27,20,22,29,24,18,25,26,23,26,25,24,31,24,23,21,276,273,2,11,12,15,12,11,12,8,7,15,11,2,5,12,2,4,0,0,2,5,6,4,5,11,10,1,7,7,9,8,15,3,9,12,9,6,267,269,22,27,29,263,261,3,2,8,254,257,17,30,27,276,272,10,3,15,6,15,7,13,267,269,17,30,263,261,7,8,8,2,6,4,3,2,8,14,7,15,12,2,6,8,15,10,6,0,2,13,8,6,3,4,579,66,73,71,73,75,65,64,69,66,71,76,67,76,75,65,74,68,72,68,75,72,64,73,74,67,78,79,78,70,74,68,77,78,78
14,3,15,0,0,3,4,5,7,13,0,4,10,14,1,13,5,15,12,243,29,17,22,27,263,248,248,258,28,16,21,25,29,19,22,17,29,20,26,31,18,30,16,31,31,275,274,12,1,0,14,10,6,8,11,6,8,1,14,3,13,13,12,5,8,4,5,9,15,15,1,0,10,14,12,9,0,1,13,3,15,4,5,10,15,267,270,29,26,29,263,260,11,254,257,24,18,18,275,273,0,5,1,1,9,3,4,6,2,268,271,24,26,265,262,7,15,3,8,7,3,14,4,7,8,5,13,4,14,6,15,0,14,10,9,11,1,3,13,6,578,74,66,66,67,78,79,74,67,65,79,69,79,79,65,64,76,68,77,65,68,67,78,74,67,72,73,77,69,74,76,73,76,66,75
14,14,11,9,1,3,13,10,0,11,1,9,14,8,6,3,0,4,4,242,28,31,22,17,23,29,25,18,17,22,26,31,19,26,29,18,19,30,26,23,24,31,30,23,276,274,8,5,10,8,2,9,0,0,15,4,1,7,15,2,3,3,14,7,7,5,9,2,3,3,1,1,0,10,11,6,12,4,11,10,11,7,9,5,3,3,266,271,17,25,17,263,249,257,31,31,17,275,274,2,12,8,15,15,15,13,10,14,14,6,268,271,27,19,263,260,7,12,3,15,14,15,10,5,14,7,11,8,5,13,6,7,1,0,1,14,15,8,11,7,579,77,73,69,76,65,78,71,71,78,66,70,73,76,68,67,70,67,77,66,72,71,75,68,66,71,71,78,64,75,78,76,77,71,74
12,8,5,6,7,1,15,13,7,11,7,2,14,10,4,7,1,1,6,243,26,28,22,17,30,23,27,25,20,18,24,23,24,29,26,23,17,26,29,16,29,24,31,277,274,3,6,8,5,8,13,11,6,8,4,14,15,2,2,10,11,1,7,12,6,11,11,12,12,7,6,8,2,6,4,11,9,1,11,14,15,0,9,15,2,12,2,268,271,20,18,18,25,19,30,21,276,273,3,12,10,3,6,12,6,10,10,8,8,12,5,268,270,17,16,263,261,8,2,0,11,12,14,2,3,12,0,5,14,9,0,2,1,8,3,10,2,10,14,2,578,66,70,64,73,69,78,79,67,71,70,77,67,65,75,65,69,76,66,74,64,75,66,67,66,76,74,68,68,66,79,79,64,73,70
8,6,12,11,10,2,8,3,5,4,11,1,11,8,2,10,3,10,9,244,26,29,17,29,27,25,23,18,19,16,24,20,26,21,17,31,25,30,30,22,17,20,276,273,15,12,8,10,12,5,10,5,5,15,9,7,10,9,5,11,3,9,15,14,6,1,2,8,7,5,4,15,5,10,10,11,8,1,1,8,6,5,1,2,9,13,10,3,267,271,26,17,26,28,29,276,274,12,9,2,13,2,11,15,13,5,6,13,10,13,3,8,268,269,30,22,265,261,13,4,10,11,11,7,8,8,13,12,4,5,12,10,11,7,13,14,1,14,7,14,579,66,67,70,76,77,74,73,70,76,67,73,75,69,78,67,78,74,72,79,76,72,78,72,76,66,73,73,70,73,76,75,65,79,64
6,9,11,7,14,12,14,10,6,15,9,4,4,2,2,11,6,13,5,267,271,31,17,16,24,22,16,16,22,19,18,20,16,31,19,31,22,19,18,20,23,276,273,11,5,12,8,9,8,15,8,5,15,12,13,9,14,3,4,4,13,8,3,9,14,13,2,2,4,10,7,6,5,9,3,13,6,9,0,11,2,4,12,0,1,1,6,12,6,266,270,30,26,21,22,247,14,7,1,6,1,12,4,6,1,0,2,10,15,2,3,8,1,268,269,22,16,264,260,0,13,10,7,12,10,10,6,14,11,1,13,8,13,2,9,11,7,0,15,3,580,71,79,72,67,65,71,67,66,71,69,65,64,67,75,71,74,77,71,67,76,72,75,65,79,72,74,69,70,75,68,64,73,70,76
6,14,13,1,8,7,8,2,7,11,8,12,14,8,0,432,385,416,12,0,244,24,25,22,20,21,26,16,31,21,30,17,17,17,31,28,16,30,19,22,275,273,2,0,12,1,0,13,13,14,4,10,12,6,9,8,5,13,11,1,8,8,14,2,12,12,13,9,1,7,14,7,12,5,12,13,11,8,0,5,12,12,9,2,2,3,9,3,12,10,266,270,28,25,26,263,262,10,8,11,9,1,0,9,8,13,4,12,9,14,7,2,5,11,268,271,31,29,264,261,13,10,3,7,8,8,3,6,12,3,1,11,10,2,3,11,12,2,8,1,581,72,75,67,75,74,75,70,68,76,76,74,78,73,79,79,64,78,65,71,79,69,65,68,64,66,79,70,76,76,69,79,70,68,71
3,6,9,3,3,12,14,4,15,7,14,2,8,1,432,422,39,363,10,0,242,21,24,26,19,28,20,27,16,24,18,30,21,17,27,29,17,28,19,276,272,1,10,2,4,11,14,6,2,6,10,7,14,10,13,9,8,5,13,14,4,11,12,14,7,9,13,10,10,4,5,12,6,8,12,13,9,14,9,0,13,8,9,5,15,6,8,14,15,4,9,266,269,30,29,27,265,262,12,12,12,11,8,0,5,4,11,8,3,7,6,11,14,11,9,266,270,25,30,263,261,13,12,11,7,13,6,10,13,1,7,7,12,9,7,0,4,11,5,7,584,66,79,74,71,64,68,66,76,64,68,78,67,69,77,67,69,65,65,64,71,64,71,64,74,70,70,75,74,68,76,68,68,79,69
14,11,13,7,15,7,15,12,7,8,9,2,13,429,425,44,37,363,14,254,257,25,19,21,18,22,20,19,31,24,26,31,29,19,28,21,30,19,276,273,10,0,13,12,4,12,2,8,7,7,12,8,11,3,15,14,5,10,7,5,11,12,1,3,15,3,3,3,3,5,11,4,2,3,15,6,12,7,1,10,10,1,1,15,7,3,5,7,11,8,4,3,266,270,31,20,27,265,261,5,7,9,15,0,10,13,9,2,2,1,12,12,7,3,10,11,242,20,21,22,245,12,6,9,7,9,0,0,7,6,1,2,5,10,1,0,6,11,5,15,585,71,64,68,76,78,67,78,66,77,69,74,68,67,65,77,69,70,64,78,68,78,78,67,79,79,77,77,64,77,68,79,70,73,77
12,11,8,3,11,7,13,2,13,2,8,5,11,372,39,36,389,396,254,258,23,23,20,30,31,30,29,18,23,24,17,16,25,17,30,31,22,277,273,10,6,13,4,8,14,10,12,2,10,8,8,9,12,9,2,5,9,3,10,15,5,13,10,7,4,2,0,6,1,3,7,11,9,0,5,3,3,15,8,11,6,7,10,13,10,2,10,12,10,10,12,0,5,267,269,24,21,22,264,260,1,8,9,0,15,13,14,10,8,2,4,4,9,15,7,256,258,26,18,277,274,14,15,4,12,5,11,9,4,11,3,8,2,15,10,9,0,3,8,9,580,70,70,72,67,71,69,76,74,73,65,69,64,73,75,75,74,70,66,74,78,78,73,71,69,74,75,64,74,65,66,65,71,71,69
3,1,1,7,1,0,1,1,9,4,0,7,14,372,37,388,395,255,257,27,26,16,31,25,29,18,20,28,26,24,18,23,23,22,27,16,276,273,14,3,5,7,15,8,8,15,7,13,4,11,1,4,13,1,0,12,13,9,8,9,4,8,1,8,11,8,14,3,9,1,8,0,4,1,13,2,6,3,10,12,2,9,7,5,4,10,10,13,9,9,8,8,7,14,268,271,23,27,21,265,260,6,15,8,2,3,3,14,13,14,11,13,10,5,256,257,19,18,276,272,14,4,256,261,15,14,8,11,10,3,5,14,3,15,15,12,15,9,15,0,581,74,79,72,73,74,76,74,71,69,64,65,74,66,69,72,67,75,79,79,69,76,67,77,79,64,64,77,75,76,75,70,70,66,76
15,9,8,0,1,6,3,0,4,4,10,12,13,407,377,394,254,257,27,27,21,18,24,26,18,19,25,20,27,28,23,29,18,29,21,276,272,12,15,7,0,14,14,13,3,7,8,8,3,14,3,8,0,14,11,3,11,2,3,1,6,1,5,12,9,8,0,15,3,0,3,8,10,14,12,2,0,11,13,5,10,8,6,10,11,13,4,13,9,2,12,13,14,5,9,268,270,28,23,27,265,262,2,1,2,3,14,4,9,5,8,3,3,254,258,19,20,277,273,10,255,248,257,247,12,5,14,1,2,5,6,8,2,8,10,10,5,4,8,5,712,66,67,77,74,66,68,69,70,79,65,79,72,78,69,71,67,64,79,71,75,67,74,76,69,67,71,70,79,78,71,79,69,68,70
11,15,15,15,14,0,2,6,0,5,9,14,4,11,12,255,257,17,30,31,16,30,17,16,16,20,16,25,16,20,21,17,25,31,276,274,14,8,13,4,13,12,4,4,9,0,0,10,5,13,12,13,8,8,4,13,2,2,8,14,1,12,13,0,4,1,13,0,4,14,14,8,10,10,1,11,14,1,11,9,5,6,14,5,12,1,5,13,3,12,5,14,11,6,6,7,268,271,29,22,19,247,8,0,15,13,13,14,8,7,2,15,256,259,27,17,276,274,8,5,266,271,21,247,11,4,15,1,8,8,3,9,5,5,13,9,1,7,1,666,713,75,71,67,67,74,78,78,70,75,68,68,75,77,69,72,75,79,76,66,76,65,77,64,64,73,67,77,75,70,78,76,68,66,66
8,14,12,6,13,8,0,11,429,381,417,13,6,13,255,258,25,16,21,16,16,26,27,30,20,16,31,21,21,24,19,16,30,277,273,5,5,0,1,14,8,11,7,14,12,1,10,14,7,0,1,10,7,12,2,15,4,11,12,2,15,0,2,5,10,10,2,8,12,2,2,10,5,2,11,1,8,6,1,6,2,13,5,11,12,1,12,3,15,13,15,0,6,5,14,13,0,266,271,30,30,264,261,10,2,4,2,9,2,15,8,255,258,27,27,277,273,4,8,11,6,268,252,273,8,10,3,8,3,0,2,7,10,10,14,12,11,9,660,667,714,78,66,65,79,73,75,74,78,79,73,73,71,70,77,72,68,78,78,78,79,76,64,66,74,64,64,73,67,70,69,74,71,77,78
7,3,8,10,12,1,5,428,422,38,363,3,4,255,257,17,16,30,16,28,25,17,31,19,16,18,16,18,19,20,31,25,275,274,0,4,2,1,11,12,12,9,11,12,5,10,7,13,14,8,6,1,15,14,6,14,3,13,14,8,12,15,11,11,12,9,12,0,14,13,3,15,12,4,6,9,13,2,1,9,13,1,12,10,9,13,8,9,1,0,10,13,9,0,14,8,10,11,266,271,28,31,264,249,262,2,15,15,3,8,254,259,30,28,276,273,8,14,6,0,8,0,13,10,15,3,4,3,1,13,3,3,12,11,5,13,1,672,661,668,715,79,69,70,77,69,76,72,75,72,73,73,76,66,77,68,68,73,67,65,77,73,76,70,64,73,67,77,79,69,64,65,79,75,66
5,11,2,3,14,3,431,426,39,37,366,5,255,258,17,26,23,19,30,22,30,21,16,22,16,23,27,18,19,31,16,277,272,5,0,5,0,12,13,15,13,9,4,8,12,2,7,8,11,11,9,8,3,2,13,6,2,11,7,12,7,15,10,15,5,11,15,4,14,8,12,13,13,8,3,6,2,0,2,11,3,3,11,12,2,8,10,12,2,8,3,4,10,10,7,1,1,8,11,268,269,24,28,23,246,5,0,13,4,254,258,27,18,277,272,6,8,7,9,11,8,12,6,12,12,0,11,7,9,10,8,10,5,4,14,11,648,673,662,669,716,73,68,69,72,77,76,66,74,78,73,74,70,73,70,75,70,77,66,77,74,79,74,76,73,71,72,74,68,70,64,73,78,79,64
14,6,12,8,9,12,372,42,41,391,392,256,258,21,17,18,28,18,30,17,17,24,23,24,23,17,26,22,28,27,275,272,14,0,5,9,15,0,8,12,1,15,7,15,8,8,12,2,10,15,14,4,10,4,13,15,0,12,5,3,5,10,7,12,8,7,11,4,12,4,8,9,8,9,11,14,2,9,13,12,9,15,4,14,10,2,0,11,11,15,7,2,12,6,15,6,13,13,1,9,267,271,29,31,264,260,6,15,256,258,28,21,275,272,6,9,1,1,7,15,3,9,15,8,4,9,1,10,15,15,9,8,4,3,15,678,649,674,663,670,717,73,79,71,75,65,72,69,77,67,64,74,75,75,66,79,74,66,66,79,65,75,79,64,78,72,68,67,73,66,77,77,75,67,75
9,11,8,15,3,11,370,43,388,392,256,258,16,21,23,30,31,23,26,30,19,16,23,21,21,28,22,31,24,275,274,7,1,4,12,8,14,6,14,0,5,6,1,14,3,13,11,13,2,5,14,1,14,5,12,13,15,12,11,0,2,5,12,15,14,5,4,1,13,11,11,5,2,9,1,9,1,11,11,6,1,10,0,12,1,9,11,5,13,11,10,8,8,10,5,0,2,15,12,7,6,267,271,31,19,265,250,249,257,29,29,277,274,3,15,6,0,9,0,7,0,7,3,13,1,10,10,12,3,9,5,4,4,6,666,679,650,675,664,671,76,78,64,71,71,64,73,66,71,66,78,65,69,67,68,64,68,73,77,71,79,73,72,78,65,68,67,74,71,79,77,75,70,74,76
2,10,12,5,7,8,408,374,393,256,258,23,28,17,31,23,29,30,23,24,27,19,30,28,28,19,19,25,275,273,6,1,15,13,2,12,6,2,6,9,6,9,5,11,0,9,2,3,14,14,7,8,9,14,2,2,7,4,8,13,10,0,1,10,13,9,15,4,6,11,0,13,12,4,6,1,5,2,10,8,15,6,13,13,8,12,11,4,6,0,15,3,12,11,2,13,1,15,13,12,15,13,268,271,21,20,22,19,16,20,276,273,7,12,6,12,2,14,1,0,11,9,9,15,14,13,15,12,14,3,7,1,7,660,667,680,651,676,665,71,77,70,73,65,67,71,74,66,73,77,66,69,69,68,73,78,76,64,69,69,79,65,67,71,74,67,73,77,74,78,69,69,65,64,74
4,7,3,14,3,12,2,6,256,259,26,31,25,31,17,18,16,28,16,19,31,22,29,20,29,22,26,277,274,0,7,5,2,4,4,9,5,10,14,10,11,12,4,6,12,13,6,1,8,9,0,14,10,8,0,13,3,7,3,15,13,7,9,10,13,2,6,13,6,11,11,5,9,10,1,6,14,0,8,11,14,11,2,2,3,15,13,12,4,12,4,4,13,0,5,6,8,15,12,2,13,11,6,266,270,18,29,28,23,277,273,13,12,11,1,5,15,13,10,8,2,4,5,4,15,10,7,8,8,0,1,6,648,661,668,681,652,677,67,71,73,79,74,79,76,72,71,74,78,68,68,65,73,77,64,75,69,79,73,64,66,76,64,73,77,64,65,79,75,77,75,72,68,72,64
4,428,384,384,417,2,3,254,258,16,22,30,16,19,17,22,31,31,31,21,16,19,24,30,18,27,275,272,9,5,12,3,15,11,0,5,8,6,13,10,8,4,4,13,12,12,7,5,10,9,2,1,2,11,10,13,2,6,9,7,5,14,9,6,1,8,1,6,13,3,5,15,4,0,8,10,6,12,12,9,10,14,4,15,12,5,15,10,15,8,3,7,1,14,5,6,1,11,13,0,7,3,2,15,268,270,28,29,277,273,13,8,13,14,0,10,4,10,0,11,0,11,0,14,15,2,0,8,10,0,11,678,649,662,669,682,653,65,73,77,73,79,75,71,76,69,75,79,70,78,77,78,69,67,75,66,67,71,67,70,76,74,67,73,75,67,65,72,77,68,78,74,64,74,66
430,426,46,46,364,6,256,258,19,30,31,18,19,22,28,20,23,17,16,30,21,25,18,26,17,277,272,1,14,6,13,4,0,10,11,0,12,10,3,12,12,14,0,1,14,3,6,0,6,11,2,0,0,11,3,0,1,7,15,10,9,9,13,3,12,6,1,12,4,5,9,3,8,4,11,10,6,4,12,5,0,1,12,5,7,11,1,12,2,7,5,4,1,3,5,5,1,6,9,0,13,0,1,12,1,268,253,251,272,10,15,9,14,11,0,4,6,12,10,5,14,15,5,12,14,3,11,11,6,15,660,679,650,663,670,683,64,68,73,70,65,73,76,68,77,66,69,67,79,70,65,71,66,69,77,78,78,74,66,65,64,79,76,73,67,77,78,65,75,71,78,72,68,78,72
426,41,44,389,397,254,259,21,17,26,21,16,22,30,30,23,31,20,22,23,21,26,16,17,275,274,5,15,534,564,546,546,564,540,534,540,546,540,564,564,558,564,558,564,546,534,564,546,558,558,540,564,558,552,540,534,558,564,540,534,540,540,564,540,540,534,558,534,564,558,540,552,564,564,558,534,540,564,564,534,540,540,534,564,558,540,552,564,552,564,558,540,558,540,558,534,546,564,564,540,546,552,552,552,540,552,552,546,540,558,552,558,546,558,558,552,558,564,558,558,558,564,558,558,540,534,558,552,546,660,661,680,651,664,671,67,66,69,79,66,64,79,73,71,79,72,76,68,66,76,64,67,67,76,77,78,79,68,66,68,71,79,65,70,64,77,64,70,67,67,79,69,73,79,76
41,32,386,393,256,257,20,23,18,24,25,18,30,30,27,19,22,22,24,17,26,26,22,276,273,2,5,672,535,565,547,547,565,541,535,541,547,541,565,565,559,565,559,565,547,535,565,547,559,559,541,565,559,553,541,535,559,565,541,535,541,541,565,541,541,535,559,535,565,559,541,553,565,565,559,535,541,565,565,535,541,541,535,565,559,541,553,565,553,565,559,541,559,541,559,535,547,565,565,541,547,553,553,553,541,553,553,547,541,559,553,559,547,559,559,553,559,565,559,559,559,565,559,559,541,535,559,553,547,661,662,681,652,665,77,74,71,75,67,78,78,70,66,72,74,76,76,69,75,68,65,65,69,69,72,74,75,70,67,68,67,71,74,65,67,78,69,65,69,69,74,78,79,76,74
41,386,394,254,257,21,17,31,22,27,28,19,24,26,16,26,22,23,18,21,24,23,275,272,0,1,678,673,536,566,548,548,566,542,536,542,548,542,566,566,560,566,560,566,548,536,566,548,560,560,542,566,560,554,542,536,560,566,542,536,542,542,566,542,542,536,560,536,566,560,542,554,566,566,560,536,542,566,566,536,542,542,536,566,560,542,554,566,554,566,560,542,560,542,560,536,548,566,566,542,548,554,554,554,542,554,554,548,542,560,554,560,548,560,560,554,560,566,560,560,560,566,560,560,542,536,560,554,548,662,663,682,653,75,66,73,79,78,67,72,65,76,78,75,74,74,69,74,77,71,71,78,79,78,64,77,79,75,65,65,66,76,69,79,78,70,77,73,71,67,65,78,75,76,73
377,394,255,257,26,16,27,24,17,28,19,17,23,23,18,28,16,28,26,19,25,277,273,8,7,672,679,674,537,567,549,549,567,543,537,543,549,543,567,567,561,567,561,567,549,537,567,549,561,561,543,567,561,555,543,537,561,567,543,537,543,543,567,543,543,537,561,537,567,561,543,555,567,567,561,537,543,567,567,537,543,543,537,567,561,543,555,567,555,567,561,543,561,543,561,537,549,567,567,543,549,555,555,555,543,555,555,549,543,561,555,561,549,561,561,555,561,567,561,561,561,567,561,561,543,537,561,555,549,663,664,683,66,70,76,70,64,69,79,73,67,69,65,71,68,78,64,69,70,68,77,65,66,70,65,71,73,79,64,74,74,66,74,78,71,75,73,66,71,70,79,76,70,72,74
0,255,259,21,29,28,24,20,29,17,21,28,20,17,25,30,21,23,25,24,276,272,0,11,666,673,680,675,538,568,550,550,568,544,538,544,550,544,568,568,562,568,562,568,550,538,568,550,562,562,544,568,562,556,544,538,562,568,544,538,544,544,568,544,544,538,562,538,568,562,544,556,568,568,562,538,544,568,568,538,544,544,538,568,562,544,556,568,556,568,562,544,562,544,562,538,550,568,568,544,550,556,556,556,544,556,556,550,544,562,556,562,550,562,562,556,562,568,562,562,562,568,562,562,544,538,562,556,550,664,665,74,64,65,72,78,69,67,67,76,64,67,71,64,64,79,73,68,65,77,66,70,71,79,67,71,77,68,79,70,76,69,74,75,78,67,78,78,72,64,78,77,68,69,70
254,259,18,31,30,22,20,26,22,28,19,26,23,30,21,17,16,29,26,277,274,4,14,666,667,674,681,676,539,569,551,551,569,545,539,545,551,545,569,569,563,569,563,569,551,539,569,551,563,563,545,569,563,557,545,539,563,569,545,539,545,545,569,545,545,539,563,539,569,563,545,557,569,569,563,539,545,569,569,539,545,545,539,569,563,545,557,569,557,569,563,545,563,545,563,539,551,569,569,545,551,557,557,557,545,557,557,551,545,563,557,563,551,563,563,557,563,569,563,563,563,569,563,563,545,539,563,557,551,665,74,65,66,69,74,75,78,71,79,74,75,78,65,71,68,71,73,71,64,73,66,72,71,68,73,68,73,71,65,65,65,74,79,78,69,77,74,76,66,77,66,69,74,73,67
257,30,18,20,28,31,22,29,16,29,27,21,23,19,25,22,26,20,17,247,10,6,678,667,668,675,682,677,70,65,79,64,65,65,74,75,78,72,65,73,71,78,66,72,69,72,70,76,70,77,74,76,74,64,68,79,73,77,70,64,78,73,73,70,78,74,70,73,72,77,70,76,70,72,74,65,76,64,71,68,79,73,77,73,70,69,72,70,76,66,73,75,66,65,76,71,76,73,70,75,74,68,75,67,78,66,73,67,69,70,78,64,70,74,72,66,79,79,75,77,76,66,70,77,65,73,72,64,66,69,72,65,77,67,79,67,73,72,67,73,73,65,68,78,64,67,70,76,79,68,72,72,72,76,67,68,66,76,75,72,68,69,77,76,67,79,66,67,75,64,76,76,67,74,78
