27,19,17,16,16,26,18,28,21,19,31,20,28,30,30,19,16,20,24,30,18,29,26,30,16,24,22,25,18,23,19,17,30,19,29,30,19,29,19,25,16,27,27,20,17,26,21,29,27,28,19,29,308,260,264,305,11,321,256,260,318,22,26,30,31,22,25,30,25,25,22,18,25,31,28,23,29,24,16,29,30,20,26,27,27,31,29,19,25,28,23,17,31,16,21,22,26,28,22,28,16,27,23,31,17,23,21,28,31,24
22,23,29,18,24,27,31,31,21,17,22,312,320,18,26,20,25,314,258,326,17,19,23,27,25,31,314,322,19,22,16,19,30,21,28,26,21,27,26,21,24,30,29,23,18,16,30,21,22,314,256,264,309,261,265,15,8,1,257,261,319,264,326,30,306,262,266,264,260,266,258,322,31,28,23,25,28,16,16,16,25,17,28,16,25,19,27,28,29,30,26,26,20,306,262,256,258,326,19,23,16,19,16,30,28,19,20,23,28,28
26,30,28,25,18,18,31,16,310,318,310,305,323,324,20,30,22,290,259,319,264,322,20,18,16,24,290,317,266,324,16,28,16,16,21,27,20,312,260,322,24,314,266,262,258,324,19,30,22,302,257,265,15,6,6,6,8,8,11,15,11,265,325,256,305,263,267,265,261,267,259,325,324,17,306,266,256,320,29,26,20,28,31,308,316,21,28,29,25,22,17,29,26,290,263,257,259,296,19,25,22,25,25,24,24,17,18,17,20,20
19,26,24,20,19,28,26,19,290,303,302,9,11,325,324,24,17,291,9,8,265,323,264,326,21,18,291,3,267,325,262,318,25,29,19,19,19,302,261,321,262,315,267,263,259,327,322,308,258,315,8,7,5,0,2,366,331,5,15,7,9,2,14,257,8,9,10,6,7,15,11,7,303,310,311,267,257,325,322,25,29,26,21,288,325,266,316,29,314,256,326,22,17,291,5,3,14,297,26,22,17,23,16,30,25,19,21,27,25,18
27,23,28,17,17,304,264,322,291,325,307,8,6,11,327,324,28,302,10,3,3,6,265,323,256,320,302,14,3,3,263,323,316,30,27,21,314,313,2,14,263,8,0,6,6,8,327,307,259,7,15,3,3,13,15,367,332,364,14,1,9,10,3,14,7,3,15,283,15,6,0,8,321,307,5,1,10,3,317,322,22,25,30,289,13,267,319,262,305,257,294,17,17,302,14,3,4,377,18,23,18,312,264,256,326,27,23,24,21,18
29,20,25,18,308,305,265,321,311,9,9,5,1,6,13,300,312,305,15,6,3,1,12,0,257,317,315,11,5,10,13,0,300,312,324,28,286,15,7,4,3,1,15,15,13,13,9,4,12,0,8,2,4,13,10,294,333,365,8,6,3,3,15,5,6,5,355,284,331,10,7,6,7,5,14,6,1,10,3,303,26,31,21,302,3,4,0,263,4,0,295,27,19,368,268,268,346,378,17,26,28,302,265,257,303,26,31,23,19,29
17,24,23,306,315,3,15,12,1,2,0,10,11,12,8,301,302,9,13,13,7,1,10,3,9,10,1,0,12,3,3,6,301,302,317,324,287,4,12,14,14,5,2,6,8,11,7,13,10,5,5,5,1,14,3,295,17,302,3,15,12,5,11,5,15,366,356,285,332,364,13,2,7,1,10,9,0,4,12,317,266,264,256,315,5,10,3,13,1,10,294,19,22,369,269,269,347,379,29,308,262,315,13,6,377,29,26,31,26,21
30,21,22,302,5,14,12,0,15,2,8,7,15,13,7,319,309,3,0,14,15,10,14,15,2,12,8,15,13,5,1,8,321,305,15,323,305,4,8,15,8,4,14,366,343,5,1,0,1,4,9,15,13,8,0,325,266,311,0,2,12,0,3,4,5,367,357,19,333,365,2,15,5,283,274,9,0,6,4,8,267,265,257,13,13,4,10,8,12,9,295,25,31,370,270,270,348,19,31,302,263,5,7,352,378,25,25,25,29,21
23,22,308,315,7,15,11,8,7,9,5,1,7,7,1,15,8,7,9,6,12,0,15,15,4,9,5,15,15,14,10,6,8,0,6,6,5,9,3,11,4,9,5,367,344,364,11,8,0,10,1,10,3,8,1,11,267,1,7,15,1,9,8,13,9,317,322,27,16,292,12,15,346,284,275,364,4,5,10,14,1,2,10,2,8,1,271,7,2,13,325,316,24,16,29,29,16,30,17,371,10,6,355,353,379,20,29,27,26,26
30,30,290,13,3,5,5,4,5,4,3,13,8,5,14,15,0,6,4,6,8,10,9,2,11,2,10,3,7,11,9,1,0,15,1,6,6,3,14,0,12,11,15,296,345,365,9,9,11,15,12,1,15,1,13,6,13,4,11,0,11,11,11,12,11,10,325,262,322,293,3,366,347,285,276,365,0,13,9,4,14,5,13,9,0,366,272,328,5,7,2,298,18,24,27,25,16,20,17,372,340,346,356,354,31,304,266,324,27,19
16,31,291,10,13,13,9,4,0,9,11,12,2,5,14,15,1,2,5,8,15,0,6,15,15,8,5,8,3,6,4,1,15,10,14,13,1,5,12,1,11,1,4,297,29,302,9,13,9,15,15,6,14,8,5,1,7,1,15,15,5,4,7,7,0,8,4,263,319,307,2,367,348,31,29,302,0,8,11,13,15,12,7,14,12,367,273,329,364,12,10,299,19,23,17,25,31,31,22,373,341,347,357,21,16,292,267,294,26,17
30,310,309,3,0,1,14,3,7,13,5,2,0,10,13,12,7,10,1,0,8,9,14,14,2,9,14,6,10,9,5,12,5,15,3,2,7,1,3,1,15,8,7,319,256,307,2,2,3,12,14,4,0,3,7,14,1,4,8,2,0,5,1,4,1,13,0,8,11,14,13,296,23,304,256,315,1,8,8,0,0,5,13,2,15,296,19,330,365,15,0,298,17,21,27,31,29,16,17,18,342,348,28,28,24,293,14,295,19,24
18,288,7,4,13,2,14,6,0,7,11,9,8,14,9,9,4,9,5,4,4,0,5,6,3,14,14,0,9,7,6,4,1,4,15,13,11,14,8,6,2,15,5,14,257,13,15,1,12,9,4,0,6,9,15,12,3,8,3,1,5,13,9,13,10,13,11,6,11,3,10,297,24,302,257,0,1,0,12,1,9,7,13,10,7,297,304,266,307,7,11,299,31,31,29,26,19,16,19,20,16,23,24,24,308,311,15,319,326,30
29,289,7,15,7,11,0,9,1,5,4,10,3,7,8,1,9,7,5,13,6,8,10,15,14,15,7,11,12,0,0,3,2,0,14,4,0,6,5,7,6,11,15,14,10,13,13,11,12,10,0,10,12,8,0,1,14,8,12,9,15,15,10,271,3,12,1,0,3,8,14,321,260,307,13,2,12,5,14,5,5,0,8,12,3,303,302,267,0,1,4,300,31,22,16,24,26,20,27,306,258,320,17,30,302,0,9,0,300,16
28,302,10,15,9,12,1,14,283,2,7,7,9,9,6,14,7,7,15,9,15,10,1,13,6,11,5,8,10,3,9,3,10,10,4,8,2,14,7,8,13,13,4,4,11,1,2,3,3,14,12,6,9,10,12,7,4,1,5,9,271,277,355,272,364,3,15,11,5,2,12,3,261,12,12,2,13,14,10,13,8,9,13,2,14,317,313,12,14,6,6,301,22,21,24,23,28,23,30,288,259,303,23,30,371,283,5,15,301,24
306,309,5,2,0,5,2,366,284,334,5,4,9,15,7,14,3,9,10,9,4,13,7,13,13,11,6,0,12,11,7,3,4,3,2,6,15,2,1,5,5,7,13,3,0,1,14,7,15,11,15,13,5,9,6,11,14,0,274,346,272,278,356,273,365,13,8,10,14,9,2,6,9,14,11,12,8,12,3,13,15,15,11,11,12,2,8,12,8,6,10,303,27,30,30,21,18,27,16,289,5,325,320,27,372,284,340,274,377,22
290,1,4,0,6,6,5,367,285,335,364,4,12,5,5,12,10,8,8,13,13,5,2,7,277,1,1,14,6,12,6,1,8,15,11,4,5,0,5,7,4,13,5,10,8,2,14,15,14,9,4,14,11,1,10,6,277,355,275,347,273,279,357,25,290,9,5,11,11,4,8,2,9,0,15,11,5,6,4,12,8,5,4,4,2,9,2,14,15,11,14,317,326,31,22,26,19,17,17,371,1,7,317,316,373,285,341,275,378,21
291,5,15,4,4,14,13,303,27,336,365,6,9,9,2,11,15,5,5,7,13,5,7,349,278,340,10,13,283,268,268,4,10,5,15,14,2,7,8,2,1,15,6,8,7,9,3,10,1,3,12,10,1,6,12,361,278,356,276,348,20,22,27,20,291,10,7,0,14,13,15,4,4,9,6,8,3,2,0,8,15,6,12,10,11,12,11,15,1,4,8,2,303,25,20,30,31,26,23,372,343,11,5,303,24,24,342,276,379,27
302,2,3,3,8,4,5,319,262,320,302,9,8,12,6,5,14,8,7,0,349,343,355,350,279,341,343,349,284,269,269,334,3,13,14,10,15,4,12,10,1,0,12,12,4,13,3,5,3,10,0,0,5,13,352,362,279,357,19,18,29,30,25,27,368,7,9,0,4,1,10,12,8,6,6,13,2,5,13,8,3,12,5,7,5,15,13,8,1,2,5,2,323,260,318,25,25,21,16,373,344,328,268,374,22,27,18,28,17,27
371,5,3,7,14,14,10,6,263,323,305,10,1,2,8,8,12,7,7,366,350,344,356,351,18,342,344,350,285,270,270,335,331,271,8,7,4,9,7,1,15,13,13,1,0,15,15,12,10,11,10,5,9,366,353,363,20,17,19,27,23,19,24,17,369,364,9,14,5,8,7,0,4,7,4,12,3,14,15,5,8,11,15,11,8,8,0,11,15,12,14,7,9,261,303,22,16,26,31,31,345,329,269,375,29,18,27,29,19,22
372,364,7,12,11,6,5,7,13,11,5,12,3,15,0,5,12,277,6,367,351,345,357,20,29,30,345,351,31,27,25,336,332,272,340,8,13,11,14,7,6,15,8,7,6,9,5,5,12,3,6,13,12,367,354,28,29,24,16,27,27,31,29,25,370,365,10,10,3,7,5,0,0,1,8,12,280,10,11,15,1,3,12,11,11,3,6,10,7,14,13,9,4,1,319,266,318,17,25,19,28,330,270,376,28,19,27,19,18,24
373,365,9,2,11,9,3,13,7,2,5,8,13,346,343,277,346,278,334,374,19,28,18,17,20,19,26,16,27,24,24,16,333,273,341,331,7,5,4,3,11,5,2,13,4,7,8,10,5,1,4,7,271,377,21,16,23,28,30,28,310,260,260,318,23,286,3,11,15,9,8,7,8,3,3,355,281,364,8,15,13,1,0,352,328,274,8,1,4,9,13,4,15,8,2,267,319,266,266,322,16,26,25,25,28,20,31,21,21,16
24,302,9,0,11,9,9,8,7,8,15,6,358,347,344,278,347,279,335,375,22,24,18,29,16,16,28,31,20,19,20,22,24,26,342,332,331,10,0,2,0,10,10,6,10,5,14,6,7,12,1,366,272,378,18,20,16,306,264,260,311,261,261,303,23,287,14,1,9,10,9,9,1,7,366,356,282,365,9,0,9,5,366,353,329,275,364,14,8,5,12,1,5,12,12,11,4,267,267,327,322,30,20,17,27,308,258,256,318,27
31,371,15,13,2,15,6,14,13,10,5,366,359,348,345,279,348,21,336,376,21,26,30,310,262,266,256,256,256,258,322,28,306,262,322,333,332,337,0,4,10,14,10,3,1,8,10,3,1,6,5,367,273,379,312,266,258,315,265,261,8,12,15,319,260,307,0,11,0,13,7,3,8,15,367,357,16,288,14,8,10,13,367,354,330,276,365,8,3,14,9,7,15,12,5,12,11,0,4,9,303,27,18,21,306,309,259,257,303,21
19,372,364,15,13,13,6,11,9,15,12,367,360,26,21,24,19,17,30,310,320,22,308,311,263,267,257,257,257,259,303,18,302,263,296,24,333,338,328,14,7,6,1,0,1,3,10,14,10,7,2,374,17,16,288,267,259,6,8,0,1,15,9,2,261,3,7,13,10,2,11,13,0,5,303,17,20,289,2,5,10,10,374,26,310,262,315,6,3,4,3,4,1,4,5,8,10,5,6,274,374,28,21,24,290,3,10,2,377,18
20,373,365,7,0,6,2,14,6,12,2,294,19,18,24,17,314,262,256,313,317,256,305,10,5,274,9,6,12,14,317,266,315,2,297,25,17,339,329,343,7,2,8,15,274,11,5,0,283,268,349,375,17,19,289,4,6,3,14,13,15,15,8,6,7,11,12,3,9,2,10,8,1,0,317,326,310,315,8,10,15,366,375,306,313,263,10,12,6,6,12,9,8,8,4,8,2,5,366,275,375,30,21,29,291,9,0,346,378,29
23,27,302,7,0,9,11,1,11,3,12,295,20,21,306,264,311,263,257,1,9,257,14,12,358,275,364,2,12,8,4,267,0,3,296,17,17,25,330,344,328,7,8,366,275,334,268,352,284,269,350,376,27,304,309,11,12,2,15,4,3,2,10,2,1,11,9,2,10,11,11,8,6,13,5,327,315,2,13,8,7,367,376,302,1,4,2,12,9,9,5,8,15,2,6,2,8,4,367,276,376,24,30,18,371,280,349,347,379,28
28,306,311,6,13,7,2,6,15,1,8,374,18,20,286,265,14,4,13,8,15,4,10,366,359,276,365,3,7,13,11,14,12,15,297,22,29,29,25,345,329,334,2,367,276,335,269,353,285,270,351,24,310,309,3,11,6,3,10,8,0,5,7,9,366,340,10,1,0,3,3,13,2,1,14,15,3,13,3,0,12,298,22,368,2,3,9,15,14,14,6,1,12,4,7,14,7,0,303,17,16,24,30,28,372,281,350,348,18,29
26,292,9,10,3,12,2,11,4,6,349,375,22,23,287,13,9,14,11,15,9,8,14,367,360,16,290,2,9,2,0,1,2,3,327,264,326,19,30,29,330,335,331,377,29,336,270,354,28,16,20,22,302,4,5,8,0,10,4,11,10,14,0,1,367,341,343,11,5,5,4,6,5,10,9,5,1,11,14,10,14,299,31,369,364,2,14,12,4,12,13,3,0,8,4,7,12,6,323,260,326,22,24,18,373,282,351,23,28,24
30,293,3,10,12,3,15,10,2,358,350,376,18,26,302,4,9,5,0,12,7,10,10,303,17,25,291,15,12,5,5,4,10,8,1,265,303,25,31,23,26,336,332,378,26,23,25,30,24,17,304,262,311,4,4,13,11,0,2,0,7,1,13,14,303,342,344,328,12,1,0,274,5,1,13,4,8,10,15,13,6,374,24,370,365,14,15,0,6,8,0,15,4,8,3,2,5,6,15,261,300,22,26,29,306,256,316,27,21,27
19,371,2,5,8,12,15,271,346,359,351,26,17,25,371,12,9,2,12,15,15,3,11,319,260,260,305,15,10,9,10,9,8,9,3,11,327,258,316,22,27,18,333,379,31,29,29,18,27,26,290,263,11,5,9,3,15,6,5,8,1,9,4,7,317,322,345,329,340,268,355,275,364,8,12,15,3,10,13,277,349,375,29,24,288,8,14,2,3,9,4,14,274,280,2,3,11,8,12,7,301,25,30,24,302,257,294,16,29,25
20,372,331,4,8,280,352,272,347,360,31,24,22,23,372,337,3,1,6,15,5,6,12,13,261,261,15,0,2,9,9,2,12,13,5,10,10,259,294,22,30,28,26,20,30,30,27,22,23,27,291,7,11,6,14,0,6,15,5,14,6,14,10,9,7,294,24,330,341,269,356,276,365,11,15,11,8,11,366,278,350,376,25,25,289,7,14,9,10,5,9,366,275,281,364,13,2,0,15,11,296,18,28,306,307,2,295,28,28,29
27,373,332,343,358,281,353,273,348,27,26,29,24,23,373,338,364,2,3,9,12,3,8,4,5,11,4,2,9,6,10,9,9,14,8,8,11,5,295,30,312,260,324,23,26,29,16,24,26,17,302,8,11,12,14,7,15,13,3,0,9,4,0,2,8,295,20,19,342,270,357,31,302,12,8,12,7,3,367,279,351,19,31,25,292,12,6,13,4,3,6,367,276,282,365,10,0,15,3,1,297,24,26,302,13,13,296,27,27,18
29,18,333,344,359,282,354,17,22,18,30,27,20,26,24,339,365,7,11,9,10,12,10,9,4,5,6,6,5,8,10,12,14,3,5,1,9,8,323,258,309,261,321,262,324,26,28,27,18,306,311,2,8,4,0,14,13,8,12,8,10,9,13,10,6,294,23,28,27,24,31,29,371,1,2,1,7,12,377,19,17,310,266,322,293,13,5,3,10,0,11,377,30,20,302,11,12,11,6,280,374,21,26,368,7,4,297,27,21,27
20,25,16,345,360,23,26,31,17,26,30,22,22,28,16,17,286,8,15,4,0,11,13,5,13,11,280,14,5,12,9,10,4,13,0,1,6,3,4,259,5,8,5,263,303,19,23,31,17,302,4,7,5,0,7,11,14,15,1,3,11,7,2,8,2,295,25,21,17,24,25,25,372,331,6,1,14,352,378,22,17,302,267,321,305,13,14,7,13,13,366,378,23,304,307,1,7,0,366,281,375,17,20,369,334,283,374,17,19,18
29,27,29,29,30,19,27,31,27,20,18,314,258,260,322,19,287,1,10,12,6,15,3,4,10,358,281,337,5,7,10,13,14,14,1,6,5,3,10,4,9,3,3,0,325,266,262,264,266,313,9,11,5,11,6,11,3,0,15,2,7,0,15,2,6,303,21,19,16,31,28,18,373,332,337,280,358,353,379,17,25,371,8,10,13,15,8,10,3,12,367,379,19,290,1,12,0,8,367,282,376,23,24,370,335,284,375,28,24,22
27,20,17,29,17,31,23,20,24,21,314,307,259,261,321,324,302,6,4,15,4,12,6,8,355,359,282,338,364,11,10,15,15,10,5,15,9,9,13,3,2,13,12,9,14,267,263,265,267,15,5,13,7,9,5,1,13,11,9,10,8,14,14,5,14,327,326,24,31,17,20,27,21,333,338,281,359,354,26,25,17,372,328,8,1,0,15,13,8,6,296,17,16,291,2,3,3,9,303,23,30,24,19,29,336,285,376,27,31,22
19,23,29,21,22,22,20,18,26,25,302,11,1,11,271,325,309,15,1,8,2,9,268,352,356,360,25,339,365,10,0,8,9,1,7,0,8,7,5,9,7,2,4,10,2,5,3,8,9,1,14,4,8,9,13,5,12,3,3,4,1,14,14,5,10,2,321,258,322,16,25,23,30,26,339,282,360,29,25,21,18,373,329,364,8,14,1,11,6,14,297,21,16,286,15,4,3,13,317,322,30,22,29,29,25,24,30,20,19,17
31,27,22,25,28,26,19,20,24,314,305,14,0,349,272,364,3,11,15,271,268,361,269,353,357,16,24,26,302,9,7,6,8,15,1,14,4,1,15,11,5,2,15,8,2,5,10,12,7,6,2,3,11,4,3,3,8,8,4,5,7,13,4,5,2,15,1,259,319,262,326,28,19,27,21,31,27,304,262,324,17,28,330,365,9,7,11,8,6,8,303,31,26,287,0,13,10,6,3,325,316,22,29,310,262,320,26,28,17,21
17,18,27,17,22,24,26,26,312,305,12,14,358,350,273,365,14,9,366,272,269,362,270,354,19,20,308,264,305,2,6,3,6,12,12,12,14,10,14,7,6,3,3,7,11,9,1,5,5,4,4,9,10,7,14,4,9,11,14,7,4,3,15,10,10,5,12,8,15,263,303,31,20,28,17,20,19,290,263,303,30,310,256,313,1,5,15,15,9,14,321,266,266,309,10,1,8,8,8,11,296,26,308,315,263,303,22,28,18,30
27,17,25,20,22,31,20,306,307,14,13,366,359,351,17,302,7,0,367,273,270,363,23,23,26,18,302,265,14,2,0,3,15,0,12,3,0,8,9,5,8,3,3,12,6,5,3,12,15,4,3,4,12,10,14,10,11,6,7,14,6,2,5,7,7,5,12,1,9,13,321,264,318,19,16,25,20,291,4,327,324,290,257,12,15,10,4,8,3,14,14,267,267,5,12,2,13,1,1,13,297,17,302,8,9,327,326,27,19,27
20,26,30,17,22,31,304,313,9,3,10,367,360,21,304,315,5,6,294,22,28,17,30,25,18,306,315,14,2,11,9,1,4,14,1,6,0,13,9,6,10,7,7,14,6,8,1,14,3,4,4,11,14,10,0,11,4,7,10,4,13,6,2,15,8,4,10,15,13,15,9,265,325,326,17,19,24,302,4,13,300,291,6,14,0,3,5,6,3,9,12,12,2,13,10,12,6,9,6,6,300,30,368,11,5,3,303,21,24,17
25,31,25,30,306,266,309,11,14,14,12,300,17,30,302,5,1,2,295,28,27,28,17,18,26,302,15,4,268,283,283,2,1,0,271,280,277,8,7,13,283,6,0,1,10,4,1,2,2,9,1,15,7,11,12,2,14,3,3,12,7,2,10,3,15,15,11,8,274,13,3,6,12,303,23,29,25,371,8,11,301,371,268,10,10,15,0,6,14,15,11,12,9,4,2,1,1,9,1,15,301,20,369,328,268,268,374,27,30,27
25,31,27,23,286,267,9,3,6,0,11,301,21,310,305,7,10,6,303,30,22,25,21,25,24,368,271,355,269,284,284,343,268,346,272,281,278,337,274,352,284,331,3,2,12,9,1,10,11,5,5,11,12,11,8,2,15,2,10,277,2,1,11,268,0,11,4,349,275,343,3,3,9,321,324,17,30,372,328,283,377,372,269,364,13,1,9,13,0,1,9,9,11,4,14,4,13,9,13,13,300,24,370,329,269,269,375,30,18,27
22,25,20,29,287,10,0,5,2,5,9,319,258,309,6,4,0,6,319,320,22,23,31,31,26,369,272,356,270,285,285,344,269,347,273,282,279,338,275,353,285,332,334,10,0,7,14,0,4,11,14,13,1,10,5,346,340,271,361,278,331,274,352,269,328,283,355,350,276,344,364,14,9,6,321,326,23,373,329,284,378,373,270,365,3,14,11,6,2,14,4,1,12,1,6,3,15,15,12,9,301,27,18,330,270,270,376,16,20,17
16,18,30,22,302,9,5,3,15,13,4,14,259,11,11,15,14,13,9,296,21,20,19,31,26,370,273,357,31,16,31,345,270,348,19,22,16,339,276,354,29,333,335,364,12,2,4,14,0,12,12,5,7,1,349,347,341,272,362,279,332,275,353,270,329,284,356,351,27,345,365,14,4,12,0,325,256,322,330,285,379,17,26,302,1,10,15,4,5,9,15,2,10,6,3,10,9,10,7,8,294,26,16,30,28,23,20,28,28,16
17,20,29,308,305,11,1,7,5,13,15,7,3,14,3,7,14,11,14,297,16,27,28,16,20,23,16,26,29,31,16,28,17,19,19,28,16,31,23,23,24,19,336,365,4,15,10,5,5,11,12,3,8,366,350,348,342,273,363,30,333,276,354,26,330,285,357,23,22,27,302,9,1,15,15,8,257,323,324,29,17,24,29,368,361,364,5,4,7,5,5,9,12,4,4,13,13,0,0,3,295,24,304,258,324,22,28,19,19,22
30,29,24,292,7,15,11,7,13,9,13,1,10,6,8,1,2,14,1,296,30,29,20,28,20,16,25,24,21,21,21,20,21,26,21,26,26,27,30,25,28,24,24,302,1,2,11,8,2,7,8,13,6,367,351,28,29,23,20,23,18,17,28,17,20,24,29,23,310,260,313,5,2,0,0,11,1,15,303,23,25,30,16,369,362,365,11,15,274,9,10,9,7,12,13,10,11,3,8,0,303,26,302,259,323,326,31,26,17,26
26,27,24,293,3,12,13,2,13,15,1,7,1,4,9,8,5,2,8,297,18,25,28,28,17,19,16,29,17,28,20,24,19,16,21,21,30,31,21,30,22,29,314,309,0,10,10,11,3,10,13,15,277,377,23,31,19,27,23,22,16,28,27,18,18,29,28,21,290,261,6,14,6,7,8,12,5,14,323,324,24,16,17,370,363,368,274,346,275,364,7,5,3,12,2,14,15,1,3,274,374,22,371,1,11,317,316,17,19,25
26,27,16,302,0,3,14,14,5,12,7,9,3,8,11,5,2,2,14,296,23,308,260,256,260,322,18,18,310,258,326,29,23,22,18,24,22,30,20,30,314,258,315,6,11,4,10,9,8,2,3,361,278,378,19,16,20,24,31,25,31,24,19,29,28,18,23,26,291,10,4,1,10,11,268,12,1,5,1,296,19,29,17,17,31,369,275,347,276,365,4,0,9,8,9,13,4,14,366,275,375,19,372,340,4,6,303,18,18,20
18,17,312,309,4,8,13,9,13,7,15,10,2,0,6,3,11,14,6,297,314,307,261,257,261,317,318,314,305,259,327,264,322,21,23,27,20,27,22,24,302,259,5,1,8,5,7,12,14,1,352,362,279,379,22,17,26,27,27,31,21,30,24,26,26,25,28,310,307,9,8,5,3,361,269,364,2,3,14,297,20,17,26,24,22,370,276,348,22,302,6,7,352,331,274,1,7,14,367,276,376,26,373,341,328,274,374,25,24,19
29,20,290,12,12,15,7,9,5,6,8,2,0,15,3,5,13,15,14,303,302,12,1,11,9,14,319,309,8,2,13,265,319,318,30,29,21,29,25,20,371,268,274,15,2,14,3,2,13,366,353,363,31,30,18,26,30,22,20,29,312,258,266,324,27,26,18,288,1,7,13,271,346,362,270,365,4,12,12,325,324,31,20,16,26,26,29,22,22,371,268,358,353,332,275,331,9,2,374,19,24,18,26,342,329,275,375,20,26,17
31,19,291,2,12,4,14,14,14,9,6,2,11,13,11,14,11,11,0,377,371,277,277,11,11,5,11,2,10,2,12,6,8,303,21,18,22,18,24,31,372,269,275,334,358,331,11,15,10,367,354,21,30,30,28,17,30,25,312,260,313,259,267,303,25,28,26,289,3,15,366,272,347,363,27,290,5,4,9,14,323,322,20,20,21,24,26,20,20,372,269,359,354,333,276,332,337,352,375,26,31,20,31,18,330,276,376,26,16,26
28,31,292,10,13,14,6,2,12,0,0,9,8,14,5,2,12,10,361,378,372,278,278,364,5,10,0,6,12,14,10,14,14,327,316,22,31,20,20,24,373,270,276,335,359,332,343,6,0,319,320,31,27,31,27,27,312,256,315,261,11,3,3,325,266,258,266,315,10,10,367,273,348,26,22,291,4,7,0,13,6,303,21,30,20,21,21,25,25,373,270,360,18,17,24,333,338,353,376,28,27,31,16,22,22,26,16,17,18,24
16,17,293,11,13,7,10,8,7,14,7,11,9,9,14,7,3,366,362,379,373,279,279,365,6,11,4,12,3,9,1,6,5,11,327,324,16,19,26,17,17,29,16,336,360,333,344,364,12,15,300,20,26,25,308,262,309,257,2,2,6,6,7,2,267,259,267,12,5,8,296,22,20,17,22,302,12,10,3,10,11,325,262,262,320,29,29,21,19,17,26,16,22,28,29,27,339,354,31,24,22,28,31,16,21,22,26,22,25,17
16,23,286,8,8,4,14,0,9,4,280,268,14,13,11,283,7,367,363,17,27,19,25,302,6,11,9,11,14,3,14,7,1,12,6,303,31,19,18,25,17,24,16,24,18,31,345,365,1,15,301,28,27,22,290,263,5,13,11,10,11,10,8,7,0,5,10,10,12,14,297,22,17,22,308,307,9,5,14,3,11,5,263,263,303,30,19,25,19,16,30,20,31,29,19,16,17,25,19,29,27,28,24,25,30,20,31,17,17,25
25,18,287,11,0,4,15,4,1,346,281,269,337,274,361,284,337,374,22,26,27,31,308,311,0,12,11,3,6,14,4,2,2,12,9,317,264,320,29,19,28,29,21,18,17,312,266,305,1,12,317,262,316,22,291,13,9,10,0,15,1,13,12,1,13,3,12,14,5,4,323,260,256,260,307,1,1,0,9,8,2,8,12,11,323,264,320,24,28,23,26,30,31,23,18,18,31,28,17,310,256,318,30,18,18,26,21,29,30,22
28,308,307,12,8,5,0,11,366,347,282,270,338,275,362,285,338,375,31,31,31,308,309,2,10,4,11,8,1,3,4,7,9,7,10,10,265,294,31,31,29,30,30,25,21,302,267,5,10,12,10,263,300,21,368,1,10,8,5,9,5,12,11,4,14,5,0,9,5,4,12,261,257,261,5,1,1,10,11,10,3,12,14,1,6,265,303,18,23,31,24,19,20,17,29,22,25,22,304,313,257,319,320,25,30,31,20,21,30,22
20,302,14,7,0,4,15,3,367,348,30,26,339,276,363,26,339,376,19,20,306,305,11,14,5,4,6,12,9,14,8,0,7,2,268,14,7,295,22,24,17,22,20,314,260,305,15,1,0,5,3,12,301,27,369,328,7,1,13,280,268,268,5,11,14,2,14,5,14,11,11,8,5,6,1,10,4,8,1,4,14,7,2,13,12,268,374,31,30,19,26,19,29,22,29,18,18,304,313,10,0,10,377,26,20,20,31,28,21,16
304,307,7,14,11,6,1,7,303,16,18,31,30,21,20,18,21,28,19,314,305,3,8,13,6,8,2,9,12,8,0,3,3,358,269,340,268,377,29,21,29,17,20,302,261,0,3,2,2,8,13,0,294,20,370,329,331,277,361,281,269,269,337,8,9,3,4,4,12,8,6,9,15,3,1,14,12,0,13,6,11,12,11,12,366,269,375,27,31,31,16,23,16,26,19,30,16,302,1,4,2,366,378,31,18,23,20,24,30,18
290,4,15,15,8,10,5,11,317,258,324,31,30,27,23,28,19,31,22,302,11,10,8,14,15,3,6,5,13,6,14,13,346,359,270,341,269,378,30,28,31,18,304,311,4,4,11,15,1,13,14,12,295,18,18,330,332,278,362,282,270,270,338,328,11,12,0,2,15,11,12,5,3,0,3,9,4,12,3,9,5,8,3,11,367,270,376,25,25,23,21,22,31,17,27,23,23,371,277,13,13,367,379,30,31,24,18,16,28,27
291,7,9,5,11,1,9,1,9,259,298,27,18,18,16,27,26,17,310,309,1,4,274,1,2,11,10,11,15,5,280,358,347,360,24,342,270,379,29,16,21,22,290,6,4,10,2,13,3,7,12,3,303,27,17,25,333,279,363,18,27,25,339,329,331,12,3,14,2,14,1,12,8,5,1,11,1,4,2,4,6,13,8,5,296,28,24,31,26,17,21,21,26,27,31,24,30,372,278,340,268,377,23,30,17,20,19,20,31,22
302,5,8,6,13,2,7,8,3,15,299,30,31,24,30,28,17,18,292,5,11,366,275,343,12,11,5,6,271,361,281,359,348,25,16,20,16,31,24,19,17,31,291,5,3,5,2,3,8,5,8,10,374,19,22,19,29,304,256,318,19,24,23,330,332,337,271,274,6,14,13,9,15,7,11,9,15,10,10,8,11,9,13,15,297,26,18,18,18,30,20,20,16,25,26,24,22,373,279,341,269,378,16,20,29,27,28,26,31,22
307,6,6,3,6,15,7,6,0,7,294,27,25,31,31,23,17,23,293,9,13,367,276,344,364,13,4,358,272,362,282,360,26,310,262,324,28,26,30,30,314,256,311,2,4,15,14,7,4,14,10,358,375,27,306,264,318,302,257,303,21,17,24,23,333,338,272,275,328,280,280,12,1,2,6,10,12,14,1,1,6,15,5,6,323,320,22,29,28,19,22,31,25,26,18,28,21,30,24,342,270,379,25,25,27,23,22,25,26,20
7,5,9,14,3,3,5,14,6,4,295,17,24,27,16,22,16,17,292,3,9,303,30,345,365,4,366,359,273,363,16,312,260,309,263,325,260,264,326,20,288,257,2,7,1,3,4,1,7,5,366,359,376,27,302,265,327,309,14,327,264,260,322,24,27,339,273,276,329,281,281,337,0,12,5,1,6,13,0,0,1,1,3,10,12,321,262,326,21,19,16,31,24,26,16,27,24,23,28,25,22,28,23,18,18,26,21,24,18,23
10,0,8,1,15,6,0,10,1,2,377,20,26,21,17,31,16,23,293,7,4,319,324,16,302,6,367,360,19,18,22,288,261,5,3,7,261,265,294,21,289,13,10,4,6,9,10,1,11,6,367,360,27,24,371,274,11,4,9,10,265,261,325,256,322,17,31,27,330,282,282,338,364,10,12,3,12,4,11,5,5,0,13,2,14,7,263,327,258,260,264,262,318,31,25,30,17,22,21,22,23,312,262,324,28,19,31,27,20,31
13,9,1,10,5,13,0,2,10,366,378,19,27,24,31,17,312,266,313,0,3,12,325,260,311,1,303,22,29,16,18,289,1,15,9,14,9,8,295,29,371,10,10,4,12,15,13,13,5,14,321,256,326,23,372,275,337,274,274,274,274,13,4,257,303,20,16,25,21,24,23,339,365,5,2,10,7,2,4,3,6,1,11,12,9,10,8,11,259,261,265,263,323,318,19,22,20,28,23,23,24,302,263,294,23,17,28,30,22,27
10,1,4,15,2,15,13,6,9,367,379,26,19,25,29,24,290,267,3,14,11,6,5,261,12,7,317,320,22,31,29,292,0,11,358,364,10,10,303,31,372,364,14,14,4,2,12,0,3,15,5,257,298,31,373,276,338,275,275,275,275,337,280,1,327,318,22,25,29,19,304,256,309,11,12,13,5,3,14,5,7,15,9,0,14,15,6,10,15,0,3,9,11,303,29,306,260,318,26,16,312,315,6,295,22,22,20,31,27,23
6,7,5,12,4,4,10,13,13,327,322,31,28,27,26,31,291,5,3,15,14,12,9,12,3,5,15,323,260,262,324,293,4,366,359,365,6,1,377,23,373,365,1,14,8,1,4,1,6,6,6,10,299,19,16,30,339,276,276,276,276,338,281,328,1,327,316,27,31,31,290,257,12,5,3,9,11,11,9,0,10,14,12,15,11,7,4,13,14,12,3,15,5,317,262,305,261,303,29,26,302,9,3,303,17,26,28,16,21,16
328,1,14,6,11,8,10,15,7,15,319,326,25,30,22,18,302,14,8,13,11,5,8,12,12,0,15,0,261,263,303,302,5,367,360,302,9,366,378,21,27,302,5,14,12,12,4,7,2,5,1,5,321,318,25,20,19,31,25,16,17,339,282,329,331,271,377,21,29,17,291,0,14,9,2,15,11,9,0,268,268,268,3,4,10,10,0,15,7,4,15,12,9,13,263,2,9,377,26,308,311,3,11,377,28,29,27,29,22,17
329,364,14,12,14,6,10,10,6,9,271,377,19,20,304,266,307,4,5,3,7,4,6,11,7,10,2,10,10,15,319,309,12,319,262,309,4,367,379,16,25,371,268,9,7,6,12,7,7,13,5,5,8,303,25,19,22,28,22,24,22,21,24,330,332,272,378,19,20,22,302,12,8,1,8,11,9,283,355,269,269,269,337,0,7,6,6,13,4,7,13,7,15,2,14,14,366,378,18,302,5,14,355,378,25,19,31,27,18,22
330,365,0,15,6,2,4,3,7,366,272,378,22,16,302,267,1,13,11,14,11,8,268,268,277,283,274,277,280,12,6,14,9,14,263,8,10,303,25,26,27,372,269,364,1,4,3,1,8,9,11,9,8,319,316,30,26,26,22,20,30,24,25,31,333,273,379,23,29,314,315,10,9,3,11,8,346,284,356,270,270,270,338,337,1,9,9,4,15,8,2,14,6,15,13,1,367,379,31,371,268,358,356,379,22,31,16,25,19,16
25,302,2,10,11,5,14,2,15,367,273,379,30,306,315,8,9,12,12,0,4,366,269,269,278,284,275,278,281,328,2,9,15,1,7,11,8,374,29,24,30,373,270,365,2,7,15,4,12,15,1,3,2,274,377,30,30,25,17,25,28,31,27,19,29,17,30,20,304,309,8,0,3,3,8,346,347,285,357,31,27,24,339,338,364,10,15,6,12,14,6,4,11,6,13,7,298,20,24,372,269,359,357,25,24,27,26,28,19,19
17,368,283,14,15,3,8,280,268,374,18,27,28,302,0,8,7,3,2,10,10,367,270,270,279,285,276,279,282,329,343,13,2,10,14,8,355,375,29,23,26,26,22,290,14,3,15,1,9,1,10,14,366,275,378,28,19,27,25,20,22,28,26,29,29,26,30,23,302,14,2,14,5,9,346,347,348,28,29,31,30,25,19,339,365,6,1,12,0,352,337,280,15,11,5,1,299,26,29,373,270,360,20,25,308,262,316,22,20,30
21,369,284,334,280,277,358,281,269,375,26,16,306,315,5,8,13,1,7,5,271,377,30,31,23,23,25,26,16,330,344,337,268,271,277,349,356,376,27,310,260,318,30,291,11,11,2,2,10,8,6,10,367,276,379,29,21,25,17,310,256,324,308,256,260,258,262,264,313,7,0,9,11,361,347,348,20,17,22,16,21,31,306,264,305,6,3,13,366,353,338,281,334,5,4,3,374,21,25,31,17,26,17,24,286,263,323,320,20,29
22,370,285,335,281,278,359,282,270,376,26,26,292,7,4,3,13,11,10,349,272,378,19,16,30,20,26,16,21,24,345,338,269,272,278,350,357,21,16,302,261,296,16,302,0,7,15,7,6,7,14,8,303,26,18,29,17,25,25,292,257,317,309,257,261,259,263,265,6,12,15,3,355,362,348,26,20,29,28,21,31,24,302,265,13,14,13,7,367,354,339,282,335,334,277,346,375,17,27,29,17,17,27,25,287,2,8,298,26,31
16,27,24,336,282,279,360,19,19,18,21,19,293,13,3,0,9,9,355,350,273,379,19,27,21,306,258,324,28,24,31,339,270,273,279,351,27,312,262,307,14,297,25,371,0,1,2,15,2,13,0,4,325,320,29,20,25,25,25,293,14,6,0,14,5,8,14,0,2,2,8,358,356,363,27,30,21,18,24,26,304,266,313,15,2,12,3,4,294,27,17,31,336,335,278,347,376,24,31,304,262,326,17,28,290,5,14,299,21,31
16,30,28,22,31,16,18,16,30,17,22,306,309,12,0,12,10,358,356,351,24,24,19,24,312,305,259,321,322,25,26,16,18,26,30,30,314,309,263,13,7,303,29,372,331,11,10,1,6,13,1,8,6,296,20,20,31,30,20,371,271,277,277,12,8,4,10,6,3,10,355,359,357,22,24,22,29,17,25,29,302,267,1,10,1,3,9,8,295,21,16,23,27,336,279,348,16,26,25,302,263,327,326,18,291,15,0,303,24,23
16,31,24,31,30,27,31,16,19,26,16,302,4,5,4,15,366,359,357,27,27,16,24,31,302,1,8,10,325,260,326,25,23,22,312,262,309,2,14,11,8,374,16,373,332,334,0,14,7,6,9,0,13,297,27,30,18,27,18,372,272,278,278,337,280,274,283,277,274,361,356,360,18,31,18,18,308,264,266,262,311,9,12,6,10,15,7,13,303,17,22,23,28,21,21,23,21,26,308,313,13,4,303,31,302,6,0,323,326,31
29,18,16,21,21,31,30,17,16,29,312,305,1,10,12,13,367,360,29,31,20,19,25,25,368,280,11,3,0,261,303,31,26,308,315,263,11,11,8,12,355,375,27,25,333,335,364,13,14,14,8,0,7,300,30,28,18,20,22,373,273,279,279,338,281,275,284,278,275,362,357,17,23,20,22,21,302,265,267,263,11,10,3,15,2,15,13,3,319,324,31,23,25,22,28,29,22,308,315,3,2,3,377,21,371,10,7,12,300,31
29,25,19,20,23,19,17,22,31,28,302,3,0,11,2,6,298,25,30,21,20,26,28,17,369,281,331,268,277,268,377,26,27,371,280,14,0,0,15,366,356,376,19,28,22,336,365,15,1,15,8,15,15,301,28,28,16,24,19,28,30,24,23,339,282,276,285,279,276,363,16,18,20,29,304,266,307,4,13,5,11,3,15,2,7,280,0,4,3,317,318,19,17,17,29,30,29,290,14,11,5,346,378,21,372,334,6,10,301,31
28,22,23,30,29,28,21,30,18,306,305,9,8,13,1,7,299,20,30,19,31,28,25,20,370,282,332,269,278,269,378,20,18,372,281,337,5,3,7,367,357,29,31,16,19,306,309,0,1,15,10,9,4,303,16,18,31,19,30,25,27,29,312,260,322,27,24,26,29,22,17,27,23,18,290,267,7,6,4,14,4,6,1,12,358,281,364,2,7,14,296,18,19,30,29,20,29,291,2,4,346,347,379,30,373,335,343,277,374,27
16,28,18,28,16,26,26,21,31,302,15,7,2,0,4,3,366,29,26,19,23,22,22,30,23,19,333,270,279,270,379,16,20,373,282,338,328,277,274,377,26,20,16,27,25,302,2,4,1,14,15,3,8,374,31,16,20,18,19,26,24,27,302,261,321,266,318,23,17,27,28,31,22,17,291,7,3,15,13,5,7,0,4,366,359,282,365,10,14,13,297,20,17,24,27,18,30,368,271,346,347,348,25,26,17,336,344,278,375,16
29,23,22,19,23,23,27,18,310,315,9,4,7,1,5,0,367,26,17,25,16,21,23,18,27,26,20,17,23,27,26,20,24,22,23,339,329,278,275,378,19,25,18,314,256,307,7,9,9,2,10,12,361,375,18,24,19,20,30,22,314,266,305,1,1,267,325,316,30,31,24,20,30,28,302,0,6,15,6,12,9,8,4,367,360,16,302,6,10,6,303,19,26,25,16,19,28,369,272,347,348,23,22,22,26,22,345,279,376,18
24,19,17,24,26,20,21,30,286,2,15,7,9,9,10,7,303,16,28,20,28,26,304,322,21,27,17,312,260,316,26,28,16,23,28,28,330,279,276,379,312,266,316,302,257,12,1,15,13,3,4,366,362,376,21,31,31,22,30,18,302,267,5,10,11,3,0,325,320,21,27,16,314,262,305,13,15,11,1,15,2,3,13,374,18,26,371,14,14,1,327,326,30,26,29,20,19,370,273,348,29,25,19,21,26,28,28,16,26,21
31,31,18,27,21,28,22,18,287,3,3,12,8,9,11,12,327,326,21,26,18,314,311,325,266,260,256,307,261,327,256,256,322,30,314,262,318,30,16,25,302,267,321,305,9,1,12,10,9,13,11,367,363,28,28,19,21,20,19,304,313,0,14,4,12,9,0,5,325,264,318,314,305,263,1,7,10,7,1,5,15,12,366,375,29,29,372,364,2,15,11,303,23,16,28,16,16,21,18,20,28,25,16,19,26,29,25,21,24,30
30,28,17,30,16,30,16,20,368,4,11,2,7,14,15,15,13,325,260,322,19,302,9,2,267,261,257,12,6,3,257,257,317,260,307,263,303,30,23,308,311,15,15,11,14,10,9,5,2,14,4,319,316,30,27,16,27,22,304,313,2,9,5,11,3,0,1,2,7,265,303,302,1,6,9,4,12,10,15,2,6,3,367,376,17,25,373,365,9,9,13,323,260,256,256,324,25,29,29,31,21,16,23,25,20,16,29,30,23,19
26,26,22,20,22,16,21,28,369,364,14,3,11,12,15,1,15,9,261,323,266,315,1,8,1,3,3,7,6,4,12,9,5,261,5,3,325,316,24,302,9,12,11,13,4,2,4,11,3,11,10,10,296,19,16,18,312,260,313,3,11,8,15,12,3,0,3,11,7,11,317,309,8,9,3,5,14,4,14,11,6,3,303,21,304,320,31,302,14,0,12,10,261,257,257,303,18,26,30,26,24,26,17,24,29,20,19,20,17,20
26,16,22,20,21,19,20,17,370,365,9,271,271,10,8,7,15,15,15,7,267,13,10,6,0,14,9,10,9,12,11,8,3,9,10,3,15,321,264,307,9,8,1,4,10,10,13,4,4,7,4,3,297,26,30,21,302,261,6,4,14,8,2,7,5,4,12,8,14,14,11,14,10,0,5,13,9,15,2,9,2,9,319,262,315,327,264,313,4,7,10,11,11,12,6,374,25,27,22,16,24,28,19,28,24,18,16,17,31,22
24,21,17,25,21,27,26,16,17,371,361,272,272,328,6,5,12,9,2,12,1,11,2,2,3,15,8,4,8,1,9,2,5,15,14,8,1,9,265,8,8,13,2,10,12,10,10,5,13,14,13,1,294,21,29,304,315,15,14,11,11,1,2,2,12,3,14,15,5,1,3,9,1,6,9,4,3,3,13,0,0,3,1,263,7,8,265,0,8,4,2,14,13,11,366,375,23,26,27,25,20,308,264,316,21,16,28,22,24,26
28,16,23,29,28,24,24,28,25,372,362,273,273,329,337,15,12,14,14,14,4,2,11,10,12,10,12,6,14,6,7,0,13,11,4,12,9,10,2,12,1,2,15,8,13,10,14,6,0,12,7,2,295,27,31,288,6,1,1,8,11,7,5,8,1,8,10,4,13,3,8,11,1,15,7,11,9,13,11,1,14,6,1,9,11,11,5,0,8,5,4,1,15,1,367,376,28,27,19,21,308,313,265,317,324,16,20,28,22,31
17,18,27,23,30,30,22,21,20,373,363,20,20,330,338,364,12,1,5,2,11,12,11,1,2,8,5,8,1,4,10,5,5,10,11,9,10,15,2,5,2,12,11,4,361,364,4,5,6,1,1,9,319,326,22,289,12,2,13,9,15,6,7,5,11,10,1,11,14,11,12,283,2,10,8,15,14,1,0,14,6,4,7,3,3,15,9,6,13,8,271,7,11,3,298,26,23,20,26,25,290,9,3,11,294,23,26,31,24,17
18,16,21,26,18,30,28,17,16,28,19,17,31,25,339,365,3,12,15,4,6,2,11,4,10,15,11,12,6,12,13,3,4,14,6,0,6,7,15,14,5,15,10,352,362,365,2,13,280,4,2,7,15,303,21,368,14,13,2,4,11,3,9,7,9,15,9,9,7,13,366,284,364,10,8,9,14,12,11,13,15,3,13,11,5,15,14,13,4,366,272,343,5,7,299,23,18,21,23,28,291,15,2,1,295,30,21,30,29,29
30,30,26,21,17,27,30,23,24,22,17,29,16,20,23,302,8,4,9,11,7,7,3,9,6,4,13,271,283,280,5,10,15,9,11,13,9,8,9,2,10,10,349,353,363,368,283,361,281,343,15,14,14,377,19,369,340,7,2,1,11,3,4,3,11,9,15,5,14,8,367,285,365,4,11,13,9,0,7,9,10,0,14,1,3,3,0,8,8,367,273,344,331,271,374,19,19,20,27,306,309,1,0,13,303,21,24,25,20,30
25,27,27,17,18,19,21,26,22,22,21,27,22,25,28,368,274,277,8,8,10,5,2,280,283,280,358,272,284,281,334,0,15,9,11,7,8,9,6,3,5,361,350,354,17,369,284,362,282,344,337,277,352,378,30,370,341,340,10,9,5,8,6,14,3,12,6,9,11,4,294,24,302,15,11,8,0,0,4,4,1,2,0,0,3,4,15,14,271,377,16,345,332,272,375,29,30,21,314,313,8,13,6,0,374,27,22,28,24,24
29,30,27,30,20,20,16,18,20,22,27,16,16,31,24,369,275,278,343,15,7,1,349,281,284,281,359,273,285,282,335,340,5,9,7,4,277,268,268,280,355,362,351,31,19,370,285,363,20,345,338,278,353,379,23,22,342,341,328,13,15,3,14,280,6,6,15,7,0,7,295,314,313,10,12,5,2,5,1,3,10,12,8,2,14,7,2,346,272,378,16,27,333,273,376,30,25,28,302,13,4,13,14,346,375,20,18,28,19,30
25,29,25,26,27,20,27,20,27,30,16,28,31,28,23,370,276,279,344,334,277,358,350,282,285,282,360,17,27,24,336,341,328,280,271,349,278,269,269,281,356,363,28,28,23,20,25,28,31,25,339,279,354,28,23,19,19,342,329,343,268,271,346,281,343,7,1,15,7,8,377,368,4,13,13,2,4,3,3,5,280,268,271,271,268,271,358,347,273,379,19,18,18,17,30,29,22,16,368,13,3,0,358,347,376,25,18,30,24,29
16,28,25,30,18,19,30,29,18,27,21,23,28,16,18,31,20,30,345,335,278,359,351,29,25,17,31,18,24,23,24,342,329,281,272,350,279,270,270,282,357,17,31,28,19,17,28,23,28,30,19,28,17,27,23,22,16,22,330,344,269,272,347,282,344,334,283,271,283,361,378,369,340,280,346,343,271,355,334,349,281,269,272,272,269,272,359,348,30,31,21,27,31,16,16,21,20,26,369,334,268,349,359,348,23,23,30,27,27,27
26,17,17,17,21,26,24,25,28,23,30,30,28,31,30,24,19,26,16,336,279,360,23,18,19,29,24,29,26,26,22,30,330,282,273,351,20,23,22,18,28,26,30,28,27,30,24,18,22,23,25,20,21,25,20,31,25,25,23,345,270,273,348,20,345,335,284,272,284,362,379,370,341,281,347,344,272,356,335,350,282,270,273,273,270,273,360,17,30,17,24,30,17,25,17,26,30,28,370,335,269,350,360,23,27,25,16,16,19,18
22,30,17,30,24,17,16,25,19,26,26,28,24,29,19,29,16,24,24,24,24,21,16,30,16,22,18,28,18,21,29,16,26,22,25,18,18,26,26,20,18,26,29,19,22,20,23,29,20,21,23,20,21,25,27,25,26,21,23,17,21,27,30,28,27,336,285,273,285,363,27,30,342,282,348,345,273,357,336,351,24,22,28,27,23,19,31,25,29,26,29,28,25,31,28,20,29,20,21,336,270,351,30,25,31,29,18,26,22,31
