13,10,317,318,21,29,29,18,16,27,23,31,27,302,14,15,3,12,3,12,15,3,303,23,27,23,30,30,29,17,23,29,21,19,26,27,30,28,314,264,318,17,29,24,25,371,8,9,10,4,317,318,28,19,22,28,25,31,30,23,29,23,30,28,20,18,30,21,21,24,31,23,23,21,27
13,11,4,325,320,21,26,27,29,21,17,25,24,368,3,11,11,14,5,9,4,5,374,21,29,28,17,306,256,264,262,322,31,31,20,27,24,20,290,265,298,17,22,24,31,372,328,2,4,4,3,327,318,23,21,25,20,27,16,21,26,20,23,304,262,256,266,320,21,21,29,24,23,26,23
13,14,14,4,296,23,308,264,256,262,316,30,28,369,340,6,4,11,11,15,9,358,375,16,18,16,306,311,257,265,263,321,320,27,23,19,19,29,291,15,299,24,25,28,27,373,329,340,14,13,14,5,317,320,18,18,28,25,20,23,20,306,260,309,263,257,267,327,320,27,25,16,22,31,26
15,13,4,5,297,25,302,265,257,263,319,324,22,370,341,328,13,15,8,13,352,359,376,26,22,304,311,0,6,11,12,6,303,20,24,22,17,30,290,10,321,324,310,266,322,16,330,341,337,7,9,6,15,327,326,31,22,26,24,22,310,311,261,7,1,6,3,9,303,26,20,25,19,18,28
268,277,268,280,374,306,313,2,2,9,15,303,26,16,342,329,331,283,271,352,353,360,24,18,304,313,0,12,271,274,11,0,327,326,31,23,26,22,291,0,3,327,307,267,323,318,29,342,338,364,13,5,13,15,303,28,22,17,21,312,315,4,1,11,8,5,12,3,317,316,20,25,22,28,24
269,278,269,281,375,286,15,7,6,5,1,317,326,16,28,330,332,284,272,353,354,19,22,306,313,2,6,361,272,275,343,15,0,296,25,17,22,24,368,12,7,14,8,4,8,325,320,28,339,365,11,13,7,0,377,18,25,31,310,315,2,3,10,5,9,274,10,0,14,303,308,264,324,29,22
270,279,270,282,376,287,14,0,4,14,3,7,325,322,21,21,333,285,273,354,16,310,264,305,11,8,355,362,273,276,344,364,13,297,29,30,16,31,369,331,271,274,274,1,11,14,325,318,27,286,6,14,10,366,378,20,31,31,302,14,4,1,14,11,361,275,337,1,15,317,315,265,298,22,20
23,18,24,16,20,292,1,7,11,268,271,15,10,325,316,27,27,18,17,31,28,302,265,4,11,358,356,363,17,24,345,365,11,300,24,17,29,18,370,332,272,275,275,328,3,9,12,319,324,287,10,9,7,367,379,16,31,306,315,1,0,1,2,346,362,276,338,334,11,8,9,5,299,31,19
27,26,30,17,25,293,6,11,358,269,272,340,9,13,298,16,21,27,27,28,306,307,7,6,358,359,357,16,26,29,25,290,10,301,17,29,17,22,25,333,273,276,276,329,334,12,4,13,327,313,3,5,5,298,17,16,24,302,8,8,3,15,349,347,363,24,339,335,343,14,12,3,296,21,16
24,24,20,18,304,313,15,366,359,270,273,341,364,6,299,17,18,24,16,21,302,0,15,366,359,360,29,22,22,24,25,291,15,325,316,24,28,23,21,21,22,29,28,330,335,343,3,13,15,8,6,7,11,299,16,24,308,307,13,4,3,346,350,348,24,28,25,336,344,364,10,5,297,26,28
27,28,26,306,315,12,5,367,360,16,29,342,365,13,303,18,25,30,17,304,315,7,1,367,360,19,27,24,27,17,19,368,1,0,298,20,18,16,28,31,22,21,31,24,336,344,334,280,277,14,11,2,2,377,31,18,302,6,0,12,346,347,351,23,20,17,22,30,345,365,0,7,319,322,29
20,18,19,302,11,11,1,300,27,27,22,23,302,1,325,326,23,19,30,288,12,1,3,377,21,28,23,28,20,23,17,369,364,7,299,30,24,21,30,17,30,18,16,21,20,345,335,281,278,364,13,0,349,378,30,306,315,3,3,361,347,348,30,18,26,20,29,18,23,371,4,12,12,300,26
25,20,26,371,271,11,12,301,22,31,29,29,371,14,12,323,326,31,28,289,12,13,352,378,28,29,28,28,17,20,25,370,365,0,317,320,29,31,27,29,31,30,30,24,20,24,336,282,279,365,8,366,350,379,16,292,3,14,366,362,348,19,25,16,20,29,24,17,18,372,337,10,7,301,30
25,20,21,372,272,364,4,303,30,23,16,20,372,364,10,13,294,30,31,286,13,366,353,379,22,22,20,27,27,21,26,29,368,5,15,296,22,29,29,19,21,21,27,18,28,21,22,22,28,302,0,367,351,24,27,293,14,4,367,363,27,21,23,19,19,27,28,27,26,373,338,364,5,298,28
262,316,22,373,273,365,4,323,326,17,16,17,373,365,12,9,295,17,16,287,10,367,354,28,20,18,23,22,23,31,25,30,369,364,10,297,30,31,23,21,20,21,16,314,266,324,16,27,308,311,0,296,30,19,17,290,9,3,374,28,21,22,30,18,22,24,29,24,21,25,339,365,8,299,22
263,296,29,19,23,302,4,14,296,18,24,16,25,290,1,11,377,27,30,292,12,303,21,16,16,18,17,18,29,24,29,25,370,365,15,323,324,20,26,24,24,28,304,305,267,323,326,20,302,8,3,297,29,26,30,291,5,366,375,20,17,17,17,310,264,316,23,31,18,23,312,315,1,303,28
8,297,19,28,22,371,6,2,297,30,28,30,27,291,9,366,378,30,16,293,2,319,316,16,27,26,28,24,27,18,28,24,18,371,3,5,317,320,30,18,310,262,313,13,7,6,327,260,313,12,6,303,25,22,29,288,3,367,376,27,27,19,28,302,265,296,21,27,29,30,290,14,1,377,26
10,319,322,24,16,372,364,12,298,26,17,21,23,292,7,367,379,28,25,302,0,6,300,29,27,23,23,16,312,258,318,30,21,372,328,1,3,323,316,306,311,263,0,2,12,0,8,261,8,3,9,377,18,31,30,289,12,298,28,23,23,27,304,313,9,297,24,17,26,21,291,1,366,378,19
14,2,298,20,21,373,365,14,299,16,19,19,25,293,11,300,25,17,24,371,7,6,301,23,26,27,19,26,292,259,296,16,29,373,329,331,13,4,319,309,3,7,10,355,343,12,1,5,5,6,352,378,18,17,28,290,13,299,28,24,22,16,288,5,4,298,18,16,22,26,292,12,367,379,22
3,11,299,26,25,24,286,12,300,16,19,29,22,292,12,301,23,24,18,372,364,0,317,256,316,22,31,21,293,0,297,30,28,30,330,332,331,14,12,3,14,12,358,356,344,334,0,13,6,352,353,379,29,16,23,291,14,294,16,28,22,23,289,6,7,299,24,31,31,19,293,11,298,22,26
3,2,296,31,31,19,287,11,301,18,29,31,22,293,7,300,25,21,23,373,365,5,11,257,298,16,26,16,290,13,323,326,20,22,28,333,332,328,274,280,283,355,359,357,345,335,334,274,349,353,354,22,25,18,310,313,4,295,23,23,27,304,313,9,6,374,24,22,24,310,307,7,299,16,17
13,15,297,30,19,31,302,0,300,16,18,23,312,315,12,301,22,30,19,24,302,6,4,1,299,30,18,16,291,0,14,303,24,27,20,30,333,329,275,281,284,356,360,18,30,336,335,275,350,354,18,18,18,29,292,8,13,296,18,20,310,313,8,13,352,375,27,20,21,302,2,4,377,22,22
7,14,296,23,29,306,307,15,301,17,27,27,288,8,9,303,22,28,16,23,368,5,2,4,294,21,29,18,368,9,13,327,318,27,27,16,28,330,276,282,285,357,18,16,28,26,336,276,351,30,29,17,26,18,293,5,0,297,26,28,302,4,2,358,353,376,29,24,308,305,8,366,378,25,29
11,3,297,19,30,286,2,12,296,30,30,25,289,3,3,323,326,23,19,27,369,364,15,1,295,26,23,21,369,331,1,8,323,262,316,21,17,28,17,29,25,16,22,17,16,27,29,20,22,18,21,17,28,306,305,12,0,377,30,308,313,2,349,359,354,19,28,21,288,2,10,367,379,22,31
15,0,303,25,16,287,7,14,297,18,19,16,302,1,13,4,298,30,16,31,370,365,9,11,298,19,18,29,370,332,343,10,0,263,303,31,27,17,29,17,16,16,29,17,21,27,26,19,18,31,27,21,16,286,6,6,352,378,21,368,268,349,350,360,26,21,21,25,289,1,11,377,21,17,20
2,1,374,21,21,302,9,4,303,24,29,18,371,13,1,5,299,20,20,31,26,302,7,9,299,27,21,18,24,333,344,340,14,1,325,322,18,31,16,25,26,28,20,23,20,21,25,16,29,26,25,24,22,287,9,366,353,379,28,369,269,350,351,22,25,17,29,24,302,5,366,378,26,20,16
271,355,375,21,310,311,3,13,377,19,24,22,372,364,9,5,296,17,19,19,20,368,6,9,323,324,30,25,18,21,345,341,337,271,283,374,27,22,20,23,25,30,23,23,30,17,31,24,22,17,31,21,306,307,4,367,354,22,19,370,270,351,16,24,20,18,31,314,305,2,367,379,17,23,19
272,356,376,17,302,5,14,346,378,21,27,20,373,365,6,12,297,26,27,20,28,369,334,13,2,323,324,29,24,24,24,342,338,272,284,375,31,19,25,29,24,29,29,18,29,27,21,27,30,24,19,18,288,6,4,374,28,29,26,31,17,16,19,21,31,314,264,315,7,8,374,22,27,23,24
273,357,29,304,313,12,366,347,379,28,18,24,30,288,5,1,300,22,30,17,30,370,335,340,11,13,303,17,31,27,21,24,339,273,285,376,22,20,25,20,25,26,310,262,324,27,18,21,27,25,21,30,289,14,366,375,22,27,29,22,22,27,31,20,310,305,265,5,9,349,375,18,23,23,27
19,29,19,286,14,6,367,348,26,24,31,18,30,289,3,1,301,22,25,17,25,19,336,341,364,0,317,316,308,264,318,19,17,17,18,19,29,21,27,22,29,23,302,263,323,324,29,28,26,22,25,304,307,14,367,376,18,26,27,25,27,25,18,312,311,15,9,4,358,350,376,30,23,21,31
19,20,23,287,12,9,377,17,30,16,17,22,19,371,10,4,317,316,16,24,22,22,25,342,365,10,7,327,313,265,298,20,17,17,27,20,30,23,26,24,29,24,368,13,13,325,316,28,24,17,28,286,2,15,377,31,31,16,16,28,30,26,18,302,0,13,10,346,359,351,30,21,31,31,28
23,18,25,288,0,366,378,21,19,27,31,18,23,372,343,15,10,319,318,23,24,26,24,28,371,11,2,10,6,2,299,16,18,16,22,24,27,16,26,18,23,23,369,340,1,10,321,318,30,26,23,287,4,366,378,23,24,23,31,20,31,304,266,313,11,10,346,347,360,27,23,21,24,308,262
24,22,22,289,2,367,379,24,24,29,21,27,16,373,344,331,0,5,323,316,27,21,18,19,372,340,5,10,12,3,319,326,22,16,24,19,18,23,26,24,22,27,370,341,331,4,12,303,18,23,24,286,11,367,379,18,20,31,30,24,31,302,267,3,6,346,347,348,30,18,24,24,29,302,263
28,26,21,286,2,298,17,17,22,23,23,31,16,19,345,332,328,11,9,300,17,18,24,18,373,341,340,8,7,2,6,321,322,306,256,322,25,18,28,23,18,23,29,342,332,331,277,377,18,27,16,287,7,294,16,18,18,26,22,30,310,313,10,12,358,347,348,31,21,25,20,31,314,309,15
26,21,27,287,4,299,22,30,19,24,304,262,322,26,25,333,329,364,15,301,18,30,20,30,28,342,341,328,9,10,9,13,319,315,257,303,312,258,256,262,322,22,23,20,333,332,278,378,21,19,310,313,5,295,24,25,16,25,27,21,302,1,0,366,359,348,26,18,20,30,31,304,305,15,7
17,30,24,290,9,294,21,21,21,308,311,263,327,318,16,26,330,365,3,325,326,16,22,23,23,19,342,329,340,3,15,11,7,3,1,321,311,259,257,263,300,21,18,26,29,333,279,379,22,29,292,14,15,298,16,27,16,28,24,304,307,1,6,367,360,28,26,16,19,20,312,311,9,2,11
23,28,19,291,12,295,30,26,22,292,14,9,3,300,23,23,24,371,2,11,296,19,26,29,22,24,23,330,341,328,271,280,268,3,1,1,3,10,11,12,301,312,260,320,19,19,31,19,29,26,293,6,1,299,20,23,26,26,26,288,9,9,1,374,25,29,23,24,24,304,309,7,0,14,1
23,20,18,292,2,300,23,26,24,293,11,0,11,301,28,22,27,372,364,5,297,21,29,22,19,29,23,30,342,329,272,281,269,328,271,274,274,14,7,11,327,315,261,300,20,18,31,27,28,27,292,15,1,294,23,24,22,30,22,289,6,13,358,375,16,30,27,18,24,302,7,12,0,11,6
27,18,27,293,2,301,17,28,22,302,5,7,11,321,326,28,16,373,365,13,296,22,29,17,19,20,30,23,23,330,273,282,270,329,272,275,275,328,11,11,15,5,4,301,20,21,20,27,19,27,293,4,9,295,27,22,20,25,29,292,13,366,359,376,24,17,24,17,310,309,12,7,6,6,11
24,28,28,288,3,296,16,28,27,371,4,12,14,2,303,29,19,19,292,6,297,21,20,19,29,18,16,22,31,16,19,31,31,330,273,276,276,329,343,2,2,15,15,325,262,316,25,19,17,28,286,9,3,374,30,26,28,21,20,293,14,367,360,22,25,20,28,26,368,6,12,0,12,11,9
30,29,17,289,8,297,29,17,31,372,334,283,280,268,374,21,24,26,293,13,298,23,16,28,22,16,26,16,28,23,22,21,21,17,23,21,27,330,344,331,15,13,13,8,263,298,27,26,30,29,287,3,366,375,29,20,27,18,22,286,2,294,20,31,23,24,28,30,369,340,274,3,11,14,0
17,21,30,302,7,317,318,30,16,373,335,284,281,269,375,21,21,310,313,1,299,31,30,23,24,26,24,21,17,19,18,21,19,20,19,17,26,22,345,332,337,13,3,0,15,299,24,25,31,308,309,13,367,376,21,29,20,23,19,287,6,295,26,29,23,17,25,19,370,341,275,328,15,7,1
30,21,22,371,3,7,300,18,22,21,336,285,282,270,376,28,29,302,8,15,377,29,27,310,262,324,17,27,24,16,25,29,20,16,19,23,21,16,29,333,338,343,15,11,10,294,28,29,24,290,7,10,298,26,16,20,20,18,23,302,10,323,324,26,18,16,27,28,25,342,276,329,337,15,3
27,23,24,372,364,5,301,17,19,18,25,29,17,28,17,16,314,307,4,366,378,18,29,302,263,296,19,28,30,21,26,27,26,16,22,20,29,16,24,16,339,344,364,7,0,295,23,31,21,291,14,13,299,23,28,23,27,17,31,371,11,15,317,316,16,17,24,19,28,30,28,330,338,343,283
19,22,16,373,365,3,317,316,27,17,28,20,31,17,19,21,286,11,10,367,379,23,310,309,0,297,22,28,29,312,260,320,31,16,16,18,20,27,21,18,28,345,365,10,14,300,19,18,22,371,3,10,298,17,24,21,31,31,30,372,328,2,6,325,316,26,19,18,29,29,17,28,339,344,284
20,30,31,25,302,1,14,321,316,30,19,18,20,27,18,28,287,6,7,377,16,30,292,4,5,294,28,30,314,311,261,321,260,258,326,16,27,30,29,27,18,31,292,3,14,301,26,18,20,372,364,13,299,16,26,31,20,22,25,373,329,364,7,1,323,258,264,316,28,20,28,26,18,345,285
258,324,21,16,371,8,8,4,327,322,22,29,18,25,24,28,302,13,366,378,16,16,293,5,9,295,27,310,309,5,2,11,261,259,303,27,18,25,22,23,29,26,293,1,13,294,26,23,30,373,365,7,300,21,31,17,26,24,22,25,330,365,15,13,7,259,265,323,324,17,20,31,29,24,17
259,317,316,17,372,328,15,10,7,325,322,28,21,23,16,314,311,1,367,379,16,28,286,4,2,300,29,290,3,6,14,13,8,1,325,326,16,18,24,27,29,25,302,8,4,295,17,24,16,19,286,5,301,17,23,22,27,22,17,30,17,371,280,13,11,2,1,6,303,25,27,18,16,29,24
12,3,300,30,373,329,334,5,7,5,303,21,18,23,27,292,6,15,294,22,19,19,287,4,8,301,23,291,6,5,277,8,2,14,8,327,320,25,31,28,19,18,371,11,1,319,316,25,24,19,287,9,319,324,27,308,256,326,17,18,23,372,281,337,277,13,5,15,327,264,260,318,19,26,25
0,10,301,23,17,330,335,331,6,14,325,316,30,27,28,293,10,1,295,22,24,30,302,12,11,303,306,315,10,366,278,331,268,13,0,7,303,28,20,26,27,21,372,340,8,12,323,322,24,17,288,1,4,298,25,302,257,317,326,26,26,373,282,338,278,334,280,12,12,265,261,298,17,28,18
6,13,298,27,24,23,336,332,334,8,5,317,318,25,31,288,5,5,300,23,23,304,305,1,8,374,290,1,10,367,279,332,269,337,14,8,317,324,21,21,19,20,373,341,328,2,2,317,320,21,289,2,8,299,23,371,0,5,294,17,26,30,26,339,279,335,281,337,10,0,2,299,18,31,31
6,15,299,31,21,30,31,333,335,328,12,13,296,22,25,289,11,10,301,27,18,302,13,0,358,375,291,6,7,374,25,333,270,338,328,1,9,296,29,16,25,18,25,342,329,328,9,15,323,260,315,0,10,294,22,372,364,15,295,31,22,29,21,23,16,336,282,338,343,14,3,300,16,22,23
1,12,325,320,31,30,27,25,336,329,364,8,297,30,23,288,15,6,298,21,20,368,280,352,359,376,292,6,366,375,20,17,16,339,329,364,5,297,18,20,26,27,18,31,330,329,334,9,9,261,1,11,5,295,23,373,365,10,321,326,31,22,21,26,28,24,19,339,344,364,3,301,314,264,318
0,0,9,317,318,29,17,20,23,330,365,3,296,22,29,289,9,12,299,24,27,369,281,353,360,23,293,13,367,376,23,19,26,28,330,365,8,323,322,17,28,31,16,29,22,330,335,328,13,6,3,271,283,374,18,31,288,11,12,298,29,21,17,16,28,23,31,23,345,365,6,325,305,265,300
4,11,8,9,303,29,23,27,28,22,286,1,297,16,16,292,1,6,294,24,24,370,282,354,31,31,286,11,300,29,25,25,18,25,29,371,0,0,298,22,23,28,23,30,19,23,336,329,340,283,346,272,284,375,30,19,289,3,2,299,19,18,25,28,17,18,18,19,23,368,11,8,11,11,301
11,6,15,12,327,318,27,27,27,29,287,5,300,16,23,293,8,3,295,20,22,28,31,30,20,20,287,4,301,21,22,30,30,18,24,372,364,13,299,21,30,31,31,19,24,25,30,330,341,284,347,273,285,376,23,20,302,0,2,321,264,324,22,18,18,20,25,24,20,369,340,13,13,11,300
6,15,8,13,7,296,30,18,16,22,290,10,301,31,21,290,2,9,327,320,18,22,21,31,28,27,302,12,294,25,28,18,27,16,30,373,365,4,319,322,17,28,29,16,27,28,17,22,342,285,348,16,23,23,25,308,313,6,15,6,265,325,316,20,23,18,16,30,24,370,341,343,9,15,301
11,15,13,8,0,297,20,26,23,24,291,11,296,31,21,291,1,8,1,298,24,26,31,20,30,308,307,3,295,19,23,21,24,16,31,26,371,0,1,323,322,24,16,31,25,18,20,25,26,22,23,30,30,312,262,311,0,9,1,10,6,14,317,316,20,24,22,19,31,29,342,344,364,11,303
4,14,5,9,7,377,18,23,17,19,302,8,297,26,31,368,5,2,4,299,16,31,19,27,30,292,10,5,303,26,23,27,17,31,23,20,372,334,7,13,303,19,30,28,19,25,24,16,30,19,16,23,17,302,263,5,6,9,280,346,331,12,15,325,326,16,31,31,21,23,31,345,365,11,325
1,11,11,15,346,378,31,19,28,308,311,8,296,20,18,369,364,7,2,296,28,18,31,22,26,293,3,2,374,28,25,31,23,25,20,16,373,335,364,9,325,324,21,24,17,26,30,20,28,24,31,27,24,368,274,280,277,361,281,347,332,340,12,6,303,28,18,24,31,31,19,20,288,7,12
9,12,12,358,347,379,18,24,16,302,15,12,297,23,21,370,365,0,6,297,18,25,22,31,27,286,7,366,375,30,31,17,20,22,21,28,20,336,365,3,10,303,29,16,17,25,24,26,24,24,30,28,19,369,275,281,278,362,282,348,333,341,331,280,377,17,22,30,30,20,24,29,289,0,0
268,268,346,359,348,18,20,22,308,311,10,4,374,29,24,26,288,12,10,294,30,31,27,22,21,287,13,367,376,16,17,18,30,20,16,19,21,30,302,8,1,321,318,22,16,21,21,27,25,29,25,30,31,370,276,282,279,363,20,28,29,342,332,281,378,16,30,22,29,27,29,19,286,9,4
269,269,347,360,27,17,27,31,302,1,13,366,375,30,26,28,289,15,13,295,29,27,18,20,308,311,2,300,22,31,19,28,19,22,27,26,28,21,371,9,12,2,303,21,20,21,25,19,20,28,30,24,28,21,24,19,26,23,31,20,23,29,333,282,379,17,16,23,16,26,30,20,287,11,5
270,270,348,25,16,27,20,312,313,10,6,367,376,20,28,21,288,7,11,300,25,24,22,26,302,10,3,301,24,22,30,306,260,324,30,18,23,26,372,328,13,13,321,322,30,26,28,20,25,28,28,21,26,28,26,30,29,26,25,22,19,21,21,19,18,30,30,26,22,19,29,27,292,0,8
17,30,28,31,28,306,266,305,13,7,12,374,28,16,29,16,289,2,8,301,26,29,308,258,307,5,14,374,24,19,23,290,261,303,17,31,26,24,373,329,343,13,11,303,30,29,18,17,17,28,25,21,28,17,21,27,29,25,20,23,23,26,18,20,28,29,29,27,30,30,30,29,293,14,6
28,22,25,26,314,315,267,9,15,1,355,375,28,18,24,25,302,6,4,298,31,23,302,259,13,14,355,375,24,31,24,291,14,321,266,316,26,29,30,330,344,364,6,321,324,25,29,25,17,22,31,28,25,314,262,260,256,258,260,324,21,24,29,31,23,16,19,28,29,18,20,27,302,12,9
26,31,18,306,315,12,15,8,14,358,356,376,29,23,18,304,307,5,2,299,27,308,305,7,4,355,356,376,30,25,312,315,10,4,267,325,320,19,16,20,345,365,10,1,303,27,27,31,20,19,26,22,308,307,263,261,257,259,261,303,21,23,21,31,20,17,27,30,27,29,24,310,311,2,366
312,266,326,302,0,6,268,268,358,359,357,25,28,18,25,286,9,14,10,303,31,292,0,0,366,356,357,16,26,304,311,0,0,3,13,12,303,24,29,21,25,368,1,7,321,318,19,24,30,27,20,308,305,15,2,5,0,12,11,327,322,21,29,18,29,23,23,22,306,260,326,302,13,8,367
313,267,319,305,5,366,269,269,359,360,18,27,16,21,25,287,8,10,2,377,28,293,11,12,367,357,16,29,304,307,12,0,0,13,11,8,323,326,22,23,18,369,364,11,11,303,312,258,322,27,310,307,8,6,271,11,0,15,0,1,323,324,26,25,29,312,258,266,315,261,325,307,6,15,296
1,8,14,5,2,367,270,270,360,17,17,25,17,30,30,286,7,8,366,378,304,311,1,0,377,31,16,24,302,2,4,10,8,0,1,11,15,327,320,26,17,370,365,8,7,321,309,259,323,260,307,11,6,355,272,337,12,6,6,5,0,319,258,258,326,302,259,267,6,10,15,15,0,5,297
3,6,7,2,11,300,23,27,20,16,16,29,30,28,25,287,6,4,367,379,309,1,15,355,378,28,17,306,307,14,15,7,6,7,4,15,8,11,298,21,16,28,302,6,2,1,12,8,6,261,8,13,346,356,273,338,340,277,277,11,10,0,259,259,323,309,11,9,14,7,7,11,11,10,377
9,5,7,14,2,301,28,21,30,24,29,18,20,312,264,307,12,10,325,315,0,15,355,356,379,28,16,292,9,7,10,12,1,1,13,15,12,7,299,18,24,17,368,8,5,10,14,3,7,4,3,361,347,357,16,339,341,278,278,331,10,8,8,12,9,14,8,11,14,4,2,283,268,352,378
15,2,6,8,5,296,28,16,28,21,25,27,22,302,265,7,7,11,15,7,15,346,356,357,20,27,16,293,10,7,3,13,6,3,0,1,9,8,303,25,23,21,369,340,277,9,4,6,6,274,346,362,348,18,22,31,342,279,279,332,340,280,12,6,4,13,14,15,13,8,358,284,269,353,379
3,12,13,11,0,297,20,16,21,27,29,20,24,371,11,13,14,8,7,15,349,347,357,20,19,20,18,371,283,15,5,13,8,7,9,2,12,271,374,31,27,20,370,341,278,331,277,271,352,275,347,363,22,31,16,20,28,20,27,333,341,281,340,268,271,268,280,271,277,349,359,285,270,354,17
12,3,0,1,4,303,17,18,26,19,27,19,19,372,334,2,14,7,5,352,350,348,22,31,20,20,21,372,284,331,2,5,2,11,12,15,361,272,375,25,26,27,30,342,279,332,278,272,353,276,348,31,16,28,23,21,28,31,26,24,342,282,341,269,272,269,281,272,278,350,360,16,16,26,18
