14,8,8,88,5,11,9,8,7,5,4,12,12,12,9,11,7,0,13,3,5,4,4,10,9,3,0,8,6,15,14,12,2,4,6,11,2,15,12,6,3,10,5,7,13,11,5,11,11,1,15,14,4,79,58,58,79,44,51,72,8,15,2,14,7,6,15,5,1,5,8,8,12,15,9,12,5,0,15,13,2,1,11,11,5,4,10,0,12,0,15,15,12,7,9,9,12,7,3,14,0,9,6,7,3,7,3,5,13,2,0,6,14,12,3,0,14,0,3,3,1,9,7,12,11,7,5,2,3,13,14,15,0,12,12,1,11,11,7,0,9,2,2,7,8,8,11,3,4,8,1,8,4,9,11,2,7,6,7,102,14,6,8,2,3,2,5,13,5,5,5,4,13,0,4
9,0,0,89,12,1,3,12,0,14,10,15,0,12,12,14,13,15,1,9,5,8,4,13,15,4,8,1,4,5,8,5,2,14,9,6,6,7,9,1,1,0,5,6,4,6,8,1,12,6,14,0,188,80,59,59,80,45,52,73,160,65,5,9,6,14,7,11,3,1,5,14,5,2,7,9,12,10,0,0,13,3,5,2,1,7,2,8,2,0,13,11,1,8,9,6,6,6,4,15,11,9,11,12,14,4,9,10,9,3,3,4,1,4,6,9,7,2,0,1,2,4,7,10,2,14,12,14,10,8,11,12,13,6,5,0,7,14,10,7,10,2,6,14,6,13,11,8,5,12,13,5,2,12,10,3,8,14,6,103,3,8,12,10,6,11,13,11,9,15,9,14,7,0,1
13,11,1,106,5,8,2,15,7,1,4,12,3,9,11,7,1,3,9,1,0,4,5,9,7,12,1,6,13,5,11,7,12,6,3,13,11,14,4,12,0,12,10,4,15,0,0,6,4,11,79,181,189,81,60,60,81,46,53,74,161,66,160,14,0,44,11,12,7,6,15,11,12,8,8,10,9,9,7,5,7,8,8,4,3,4,7,0,12,11,3,8,10,6,8,7,13,7,14,0,4,15,12,7,9,0,2,2,3,8,8,10,9,11,1,11,14,2,11,5,8,10,5,3,7,6,7,6,9,8,11,12,10,8,13,13,13,3,14,12,1,7,13,13,8,8,8,1,8,4,15,10,15,4,5,4,3,14,3,100,13,11,6,5,10,6,4,11,9,4,9,6,13,0,3
6,12,9,235,15,9,1,15,15,4,11,2,13,12,0,12,2,15,3,9,0,6,6,10,11,2,1,14,1,9,5,15,8,3,6,7,8,5,6,4,15,14,7,13,4,10,9,8,11,174,80,182,190,82,61,61,82,47,54,75,162,67,161,160,188,45,132,3,9,2,4,12,10,9,14,6,12,4,2,7,4,1,4,0,5,8,4,1,7,1,1,9,12,8,0,6,4,5,10,6,12,9,13,7,9,14,3,14,12,10,0,0,12,13,0,10,11,0,13,9,13,6,9,13,13,12,2,3,5,5,10,6,6,6,9,15,1,13,7,15,12,2,8,1,11,4,7,3,7,6,14,4,14,1,3,4,15,14,9,101,3,6,9,13,14,5,13,1,13,9,13,11,8,1,7
14,9,3,236,153,2,13,13,4,13,7,7,4,12,9,4,8,1,4,8,11,13,3,14,12,12,7,12,0,11,2,0,7,5,5,9,1,15,2,7,0,4,7,7,3,0,4,1,222,175,81,183,191,83,62,62,83,48,55,76,163,68,162,161,189,46,133,167,9,3,11,7,12,11,2,2,10,14,0,9,0,9,8,5,4,10,12,7,0,13,2,0,0,8,6,13,14,8,14,10,5,12,13,3,7,11,10,12,7,10,5,2,7,44,44,44,79,72,65,8,10,3,4,12,15,9,10,13,0,7,14,9,11,15,8,6,15,7,5,8,5,2,12,2,2,5,0,14,3,10,6,12,10,15,10,0,3,9,7,102,11,2,8,11,4,12,5,11,14,6,8,13,13,6,12
1,15,14,237,154,167,1,4,2,12,8,4,2,6,13,7,7,6,9,2,12,14,5,4,7,2,7,0,5,14,9,3,6,5,3,0,14,2,2,7,6,14,13,6,5,4,7,8,223,176,82,184,192,84,63,63,84,49,56,77,164,69,163,162,190,47,134,168,139,13,10,1,5,12,15,8,1,12,7,0,7,11,13,6,13,4,7,8,11,9,15,12,14,14,4,8,1,10,6,15,8,7,6,10,14,7,7,3,3,4,7,11,222,45,45,45,80,73,66,132,14,4,12,1,5,4,11,6,4,12,9,0,3,1,11,7,10,10,15,0,5,6,11,11,1,7,14,4,5,14,7,0,14,1,8,3,8,8,6,103,14,12,15,13,2,12,10,15,4,12,5,5,10,12,1
10,12,4,238,155,168,132,6,12,0,10,14,6,10,13,1,3,15,7,15,4,9,3,1,5,12,13,3,13,1,0,15,1,6,7,13,0,13,14,9,7,11,9,10,3,11,8,9,224,177,83,185,193,85,64,64,85,50,57,78,165,70,164,163,191,48,135,169,140,139,7,11,7,7,0,10,9,13,14,13,6,14,8,11,5,0,6,9,2,7,7,7,15,4,15,6,13,3,6,1,15,1,3,5,6,4,6,6,5,7,15,8,223,46,46,46,81,74,67,133,132,5,15,7,4,2,9,13,14,14,13,4,0,2,15,0,6,2,13,15,2,15,14,3,15,1,15,11,10,11,1,10,8,7,4,5,14,1,3,123,130,5,9,6,0,3,14,12,9,15,15,0,10,4,2
11,4,11,239,156,169,133,167,65,79,4,9,3,3,0,13,15,7,12,0,3,6,3,13,0,2,13,9,1,11,13,2,9,1,9,9,0,5,9,11,3,4,11,8,15,0,8,13,225,178,84,186,194,8,14,9,5,5,5,12,166,71,165,164,192,49,136,170,141,140,160,1,9,7,15,0,5,9,10,0,6,10,6,15,3,8,5,14,14,9,3,1,14,2,10,12,9,7,6,14,5,9,8,15,2,1,5,10,11,9,9,4,224,47,47,47,82,75,68,134,133,153,13,15,5,12,14,8,15,11,6,8,1,8,2,5,10,8,1,51,58,44,51,79,65,44,65,65,1,8,2,11,5,8,10,11,7,7,2,7,107,11,8,10,5,8,2,9,4,0,4,12,13,0,3
36,122,15,240,157,170,134,168,66,80,132,9,3,13,15,14,14,10,1,14,2,5,12,0,15,3,7,11,5,13,0,0,8,0,8,7,15,4,9,2,12,8,4,10,9,1,14,4,226,179,85,187,5,14,11,3,15,7,6,5,14,5,166,165,193,50,137,171,142,141,161,216,8,10,7,15,9,11,7,7,12,0,0,3,4,2,6,10,7,3,6,15,15,10,2,10,1,11,1,5,11,5,1,3,13,6,8,5,0,4,13,8,225,48,48,48,83,76,69,135,134,154,139,6,3,12,14,9,5,5,11,11,5,6,12,44,51,72,181,52,59,45,52,80,66,45,66,66,160,6,0,14,13,12,12,4,11,3,15,3,129,122,7,0,13,14,7,10,0,14,14,8,0,7,1
37,98,5,241,158,171,135,169,67,81,133,139,3,8,15,1,0,3,8,5,3,10,2,13,7,1,1,7,15,6,11,2,1,9,5,11,5,7,15,12,8,7,3,7,10,2,9,0,227,180,15,2,6,13,13,11,3,2,1,8,15,11,12,166,194,6,138,172,143,142,162,217,11,8,12,2,6,9,14,6,13,1,9,9,8,1,6,15,2,1,0,8,7,8,7,1,0,7,4,9,5,9,11,15,4,4,14,0,2,1,4,3,226,49,49,49,84,77,70,136,135,155,140,160,0,2,8,4,8,5,4,13,15,13,188,45,52,73,182,53,60,46,53,81,67,46,67,67,161,146,0,7,15,15,10,13,15,2,2,4,13,96,6,9,15,2,11,12,15,4,11,1,11,6,7
1,99,9,11,159,172,136,170,68,82,134,140,139,10,13,5,11,12,13,4,9,7,11,4,8,11,0,1,3,13,0,6,14,14,8,13,1,0,9,14,14,10,11,6,11,11,9,3,104,8,4,9,7,4,3,8,7,3,0,13,7,1,1,15,15,11,13,173,144,143,163,218,7,14,5,15,2,2,5,2,10,9,2,9,11,9,0,6,8,9,5,3,51,65,72,51,51,58,3,13,8,1,15,6,12,1,8,10,10,15,12,10,227,50,50,50,85,78,71,137,136,156,141,161,160,9,4,8,5,5,11,3,14,181,189,46,53,74,183,54,61,47,54,82,68,47,68,68,162,147,132,12,10,6,14,0,2,13,13,6,0,97,15,2,6,1,7,7,3,7,6,6,11,9,2
4,96,1,7,9,173,137,171,69,83,135,141,140,160,3,14,1,58,65,44,72,188,167,58,58,0,7,12,1,6,10,7,11,3,3,3,4,4,5,14,0,8,12,11,7,6,11,9,105,13,11,14,5,1,15,10,1,8,1,10,10,9,1,14,3,6,9,6,145,144,164,219,1,15,7,0,4,7,2,5,14,12,11,0,12,9,8,12,2,44,65,209,52,66,73,52,52,59,146,2,11,6,11,11,13,8,14,13,14,15,14,44,249,5,10,7,6,8,14,138,137,157,142,162,161,153,5,1,6,6,13,6,222,182,190,47,54,75,184,55,62,48,55,83,69,48,69,69,163,148,133,160,15,10,0,8,14,3,13,10,9,100,10,12,3,7,6,6,14,7,11,4,0,13,9
15,97,0,1,3,10,138,172,70,84,136,142,141,161,153,79,181,59,66,45,73,189,168,59,59,167,9,4,5,14,4,0,7,7,0,3,7,1,12,10,7,0,13,3,1,11,15,14,102,13,5,15,15,1,10,4,2,3,5,4,7,10,15,2,14,9,13,14,6,145,165,220,14,9,2,6,10,13,13,3,9,2,0,3,9,6,3,2,174,45,66,210,53,67,74,53,53,60,147,160,0,8,6,5,6,5,5,6,2,8,174,45,250,8,2,15,15,14,2,15,138,158,143,163,162,154,216,2,13,5,7,5,223,183,191,48,55,76,185,56,63,49,56,84,70,49,70,70,164,149,134,161,132,15,2,5,14,11,14,5,8,101,3,13,5,4,2,15,8,5,0,9,4,8,4
15,107,5,7,1,14,5,173,71,85,137,143,142,162,154,80,182,60,67,46,74,190,169,60,60,168,139,65,65,79,10,6,13,13,5,14,15,9,1,12,1,15,7,9,3,4,13,8,103,3,6,9,9,4,2,15,15,3,14,8,2,8,9,0,7,7,13,10,1,11,166,221,10,1,14,4,10,9,2,4,10,0,8,11,5,11,4,174,175,46,67,211,54,68,75,54,54,61,148,161,160,14,8,14,11,0,2,13,0,209,175,46,251,14,9,118,36,124,4,10,12,159,144,164,163,155,217,5,14,12,8,0,224,184,192,49,56,77,186,57,64,50,57,85,71,50,71,71,165,150,135,162,133,216,2,8,2,5,15,15,4,131,124,9,14,8,6,9,1,10,10,15,6,4,11
4,127,120,7,4,5,11,10,5,5,138,144,143,163,155,81,183,61,68,47,75,191,170,61,61,169,140,66,66,80,167,0,9,9,3,7,8,12,14,9,12,13,1,2,13,14,0,12,123,130,14,13,14,15,11,10,3,15,5,13,1,15,14,3,6,10,12,4,10,12,6,94,9,5,3,4,12,6,1,5,1,14,11,7,7,12,209,175,176,47,68,212,55,69,76,55,55,62,149,162,161,160,11,13,8,6,15,8,202,210,176,47,252,10,14,86,37,129,122,15,12,14,145,165,164,156,218,6,9,1,0,9,225,185,193,50,57,78,187,7,3,15,5,7,12,15,7,0,166,151,136,163,134,217,8,15,12,2,4,9,0,10,107,13,15,10,12,7,0,12,14,7,13,6,2
1,15,131,120,2,6,3,3,13,2,14,145,144,164,156,82,184,62,69,48,76,192,171,62,62,170,141,67,67,81,168,139,79,10,0,0,14,9,2,4,2,1,8,9,0,15,6,8,14,249,12,15,1,15,7,1,4,11,0,9,8,3,9,14,13,12,2,2,1,5,4,95,10,12,1,1,4,5,8,8,14,13,13,65,79,209,210,176,177,48,69,213,56,70,77,56,56,63,150,163,162,161,146,0,6,10,3,181,203,211,177,48,253,0,5,87,5,7,129,128,4,2,1,166,165,157,219,13,3,11,1,5,226,186,194,2,0,0,10,1,6,4,6,14,12,15,3,9,7,152,137,164,135,218,14,15,9,4,2,0,10,13,121,122,5,11,4,11,14,4,15,7,13,6,3
2,8,9,107,11,11,3,15,6,10,0,12,145,165,157,83,185,63,70,49,77,193,172,63,63,171,142,68,68,82,169,140,80,139,72,65,0,10,11,14,11,4,6,0,2,13,1,8,222,250,8,1,7,11,5,5,12,12,1,11,5,6,14,0,5,10,0,12,14,14,4,86,3,11,9,13,5,3,0,9,13,10,174,66,80,210,211,177,178,49,70,214,57,71,78,57,57,64,151,164,163,162,147,132,13,11,209,182,204,212,178,49,254,2,9,86,1,5,0,125,130,6,12,14,166,158,220,0,4,11,4,15,227,187,2,13,7,9,12,10,13,1,4,12,15,14,8,3,4,10,138,165,136,219,10,3,1,10,2,5,15,9,14,107,5,9,3,6,9,5,10,7,11,5,8
2,13,10,131,32,126,5,0,10,10,11,15,1,166,158,84,186,64,71,50,78,194,173,64,64,172,143,69,69,83,170,141,81,140,73,66,160,13,10,5,11,7,15,15,5,4,7,4,223,251,2,8,5,4,13,13,9,8,9,4,14,14,14,5,2,11,6,0,4,15,8,87,8,0,7,9,5,4,12,8,2,174,175,67,81,211,212,178,179,50,71,215,6,12,14,4,12,3,152,165,164,163,148,133,153,209,210,183,205,213,179,50,255,5,0,87,7,0,14,13,125,120,6,10,13,159,221,8,3,10,5,6,102,10,6,10,0,1,9,10,8,5,14,1,14,8,8,11,13,8,13,166,137,220,5,14,12,7,14,13,4,9,10,121,120,0,9,0,8,1,10,11,4,13,7
1,12,15,15,33,121,42,42,40,128,2,13,2,0,159,85,187,13,7,9,15,2,0,10,7,173,144,70,70,84,171,142,82,141,74,67,161,153,58,15,11,3,2,3,2,4,7,6,224,252,8,0,7,9,8,2,2,3,15,0,2,10,3,14,0,2,2,12,3,10,8,88,9,9,3,12,9,2,13,2,222,175,176,68,82,212,213,179,180,5,3,11,15,7,15,7,7,15,13,166,165,164,149,134,154,210,211,184,206,214,180,11,0,14,7,106,14,7,1,11,8,107,1,12,12,1,106,8,5,4,11,7,103,7,12,4,7,15,3,7,1,8,3,9,14,9,2,2,14,0,15,6,138,221,2,5,15,14,13,14,0,3,2,15,107,15,15,0,15,6,1,4,13,7,10
3,6,4,5,6,5,43,43,41,123,130,0,1,8,3,11,5,10,11,2,4,10,8,14,15,4,145,71,71,85,172,143,83,142,75,68,162,154,59,216,5,15,10,5,7,12,5,3,225,253,9,2,9,7,13,8,7,5,11,3,8,7,0,10,11,9,3,6,11,14,13,89,1,1,6,15,6,3,11,15,223,176,177,69,83,213,214,180,11,12,2,9,7,7,7,6,10,13,8,9,166,165,150,135,155,211,212,185,207,215,8,2,2,116,34,119,15,15,3,13,8,131,122,14,9,4,235,15,6,12,15,1,129,124,9,13,10,5,12,12,5,9,15,13,6,11,8,0,8,4,0,15,9,106,0,12,11,8,4,2,6,2,10,0,131,124,8,5,8,13,11,13,2,6,11
2,2,6,2,4,2,9,13,3,6,127,130,1,7,11,5,1,0,2,10,7,8,11,11,1,6,4,12,7,0,173,144,84,143,76,69,163,155,60,217,12,5,1,11,6,6,6,15,226,254,5,4,4,4,11,9,2,10,11,8,15,11,4,5,12,15,5,0,9,12,2,106,14,10,9,4,5,13,0,8,224,177,178,70,84,214,215,4,9,15,2,13,2,11,4,8,1,6,9,6,9,166,151,136,156,212,213,186,208,3,8,8,118,109,35,6,5,10,11,4,12,1,104,9,15,4,236,132,9,10,6,2,7,104,13,0,15,11,4,15,3,5,7,5,7,8,4,11,0,5,14,13,112,109,12,9,5,13,9,4,15,12,13,1,1,107,10,0,8,6,0,10,7,3,0
3,5,5,0,1,5,8,8,1,13,1,121,120,9,12,5,2,11,1,10,1,7,3,11,12,3,1,8,13,2,5,145,85,144,77,70,164,156,61,218,9,9,0,12,4,6,7,4,227,255,12,2,13,1,9,1,3,11,5,0,3,13,15,9,13,12,0,12,14,9,114,111,12,3,4,4,11,12,9,11,225,178,179,71,85,215,1,7,8,11,5,9,8,0,8,7,0,12,0,12,6,6,152,137,157,213,214,187,8,10,1,118,119,6,9,12,12,9,15,6,14,0,105,4,9,10,237,133,146,0,2,13,1,105,7,10,0,1,13,10,8,8,6,9,5,8,4,4,6,13,2,14,235,13,5,4,2,14,1,1,0,5,10,6,3,131,34,122,15,8,9,6,2,5,11
5,11,13,0,14,9,10,6,6,5,7,15,107,15,6,1,12,9,7,11,8,2,5,11,7,12,9,9,4,8,13,4,12,145,78,71,165,157,62,219,12,7,13,13,2,9,3,0,104,9,11,7,10,8,7,7,1,0,15,13,3,5,13,8,11,11,7,1,12,2,86,7,6,10,4,1,10,11,0,15,226,179,180,11,10,7,5,9,11,4,2,5,11,0,5,14,14,14,10,10,1,4,7,138,158,214,215,10,9,5,108,109,12,4,3,2,13,10,13,2,15,8,96,14,15,3,238,134,147,153,10,5,2,107,6,6,0,8,3,6,5,2,8,1,5,0,14,11,9,15,7,4,236,216,12,8,5,13,10,14,9,10,5,6,4,11,35,107,10,14,5,2,10,1,7
11,6,8,5,2,8,15,12,14,1,3,5,242,9,12,6,8,0,14,2,14,2,11,8,5,9,8,15,15,7,1,12,9,7,10,14,166,158,63,220,15,11,1,13,14,11,15,1,105,5,8,10,5,9,6,15,8,3,4,8,14,6,3,15,8,5,15,2,15,6,87,3,6,14,3,14,0,8,11,8,227,180,6,2,15,0,1,0,8,2,3,1,4,10,2,2,12,5,9,8,12,5,12,10,159,215,14,4,10,13,106,2,12,1,12,7,11,0,8,3,7,3,97,0,14,11,239,135,148,154,132,11,14,242,5,11,15,5,0,7,6,7,0,15,2,1,5,15,10,7,1,2,237,217,1,6,6,4,14,15,11,14,12,13,12,11,12,121,42,122,6,15,3,6,108
3,1,10,4,0,3,6,12,9,13,4,202,243,10,15,3,9,15,7,6,6,9,8,12,9,3,5,14,6,3,13,2,2,0,2,0,13,159,64,221,14,7,6,8,13,11,1,12,100,8,10,15,9,2,9,1,9,13,12,10,4,1,14,1,12,8,1,12,15,12,94,0,12,7,2,11,13,5,15,2,104,2,13,8,5,9,2,9,3,4,11,12,2,14,11,4,4,8,10,7,12,3,12,3,6,2,2,1,7,112,113,10,6,12,4,14,6,4,12,14,4,4,107,5,3,12,240,136,149,155,133,160,181,243,1,1,11,3,7,11,6,9,14,7,1,6,15,10,6,1,7,4,238,218,1,3,15,1,1,9,6,12,12,13,9,11,12,12,43,107,15,3,112,38,109
7,4,6,5,9,2,6,10,4,14,222,203,244,12,2,2,10,15,5,0,10,4,0,1,14,277,274,5,14,6,2,3,1,15,8,15,1,13,5,90,0,10,15,13,10,11,9,1,101,15,2,14,12,13,3,12,7,14,0,15,0,15,14,9,5,6,0,3,5,14,95,5,2,5,14,3,4,15,13,10,105,4,10,3,3,9,14,12,11,6,8,2,12,11,3,3,15,10,15,2,9,12,13,8,6,12,4,9,1,94,14,3,5,14,15,12,1,2,6,5,11,12,123,130,1,5,241,137,150,156,134,161,182,244,12,11,14,10,12,4,13,8,5,12,13,11,1,13,5,15,7,14,239,219,2,4,8,14,15,15,8,11,0,8,11,7,14,1,1,123,32,36,111,39,15
15,3,12,12,2,13,4,7,4,9,223,204,245,14,7,1,8,8,14,8,10,5,12,4,355,278,275,337,10,7,9,5,0,0,6,8,3,8,6,91,1,4,11,15,10,15,4,3,107,15,8,15,5,13,5,6,3,10,6,8,1,15,12,6,13,9,8,3,0,13,90,4,1,15,6,10,3,10,12,14,102,0,8,2,14,14,14,4,15,7,4,11,2,4,10,13,12,12,4,6,9,9,4,15,5,7,2,12,7,95,3,4,14,7,4,15,12,5,12,14,7,2,5,100,10,4,3,138,151,157,135,162,183,245,2,7,15,14,1,12,15,11,11,6,11,13,10,11,0,2,7,0,240,220,4,5,14,15,5,6,10,0,8,4,12,15,1,12,5,0,33,37,13,5,10
4,0,2,14,5,13,10,4,3,1,224,205,246,11,0,6,11,13,9,12,2,3,9,366,356,279,276,338,364,8,2,15,3,10,14,3,10,8,8,92,11,4,0,15,6,13,9,0,121,124,4,11,2,9,15,8,8,8,1,14,5,1,5,9,10,15,7,14,8,15,91,11,2,4,10,2,6,4,2,6,103,13,3,6,4,6,0,13,10,2,11,2,7,1,14,15,8,3,0,8,5,15,10,10,3,3,5,4,15,106,1,1,3,6,15,14,7,8,7,5,4,0,0,101,11,0,14,6,152,158,136,163,184,246,7,1,1,10,6,7,1,7,4,6,14,7,2,11,9,2,12,6,241,221,11,4,3,2,6,3,5,8,9,15,14,8,14,15,7,7,9,7,4,4,0
6,7,9,11,8,13,7,8,2,14,225,206,247,12,13,11,0,10,14,13,2,11,4,367,357,19,23,339,365,1,12,2,4,2,9,4,2,5,2,93,0,15,12,5,1,5,8,9,3,104,8,8,0,4,0,4,0,11,8,14,12,15,11,5,13,8,14,11,14,8,106,0,15,9,3,12,12,14,3,0,100,3,4,15,4,1,11,7,9,1,9,14,11,6,13,1,8,6,14,0,9,15,10,12,1,4,11,8,112,109,1,6,8,13,14,0,14,1,1,8,5,3,7,123,130,11,5,5,14,159,137,164,185,247,10,12,5,13,10,13,3,7,15,9,6,0,5,14,7,13,14,3,6,86,7,4,0,3,7,5,5,13,9,3,4,15,12,15,6,7,6,9,13,9,11
2,13,1,10,6,9,15,14,7,2,226,207,248,5,0,8,0,10,9,15,13,3,4,296,30,23,26,23,288,0,12,15,6,5,13,7,5,7,14,92,7,4,9,6,7,4,15,1,15,105,1,5,11,7,0,5,9,2,11,5,4,4,14,4,4,15,14,11,6,112,109,15,13,5,3,13,10,3,7,12,101,0,10,9,8,10,5,0,14,12,8,1,5,6,3,10,11,5,13,15,14,8,3,7,1,2,6,14,106,7,10,12,9,5,13,12,3,15,13,15,6,12,7,8,129,130,7,2,0,10,138,165,186,248,2,4,12,15,15,4,1,14,9,14,10,8,7,8,15,9,10,15,8,87,3,15,9,2,9,8,1,3,11,9,5,12,3,10,3,2,3,4,14,2,11
4,14,6,14,15,15,5,1,12,6,227,208,3,11,7,15,2,2,9,8,8,13,0,297,20,26,18,24,289,13,10,10,7,15,15,9,7,6,10,93,10,12,4,15,1,15,5,14,3,127,130,0,6,0,13,5,9,0,7,11,8,15,6,8,2,14,6,0,110,111,6,0,14,2,0,11,10,2,14,5,100,2,5,15,12,15,8,0,0,10,6,11,14,14,7,6,5,4,6,2,0,10,15,11,7,2,14,1,235,11,7,0,5,11,14,116,32,32,38,124,1,1,10,5,4,121,122,9,0,1,2,166,187,15,9,4,10,15,10,12,12,6,13,8,3,4,9,4,3,14,2,1,9,94,5,3,5,5,3,7,11,12,12,12,1,3,0,0,13,7,5,9,3,12,4
3,8,8,1,13,11,10,9,12,8,226,10,4,8,1,1,14,1,12,14,2,1,2,303,18,20,21,28,302,9,8,11,5,2,1,2,8,14,10,92,15,6,13,7,11,0,5,10,11,2,107,0,8,10,12,0,2,8,2,10,9,6,5,2,14,6,5,9,90,11,9,12,13,10,15,1,9,4,0,13,101,5,9,3,0,2,0,15,9,0,3,15,4,11,4,6,9,6,14,13,12,13,4,3,7,13,14,8,236,216,14,14,5,9,15,94,33,33,39,107,1,15,7,1,3,14,131,126,6,14,7,0,4,8,2,3,14,9,3,15,15,12,14,7,12,4,1,6,11,6,0,9,14,95,4,11,13,12,10,2,5,6,13,2,7,2,4,14,14,4,116,32,122,13,8
2,1,8,1,0,6,7,1,6,2,227,14,2,8,2,13,9,6,10,10,9,2,10,319,266,258,266,262,311,9,5,11,0,1,2,3,3,12,8,93,8,13,2,9,5,6,8,2,3,0,121,128,1,13,3,6,4,10,5,4,12,6,2,12,0,0,9,13,91,3,14,4,6,0,1,11,7,2,15,6,121,120,0,14,2,3,7,8,10,9,3,11,8,8,10,3,0,7,11,9,11,7,14,0,13,8,15,15,237,217,0,1,12,5,9,95,12,9,9,125,130,0,11,2,14,5,5,123,42,130,4,7,13,8,15,2,1,2,3,10,9,11,10,1,9,14,7,12,12,6,9,2,6,88,12,9,9,15,15,11,11,0,114,32,126,14,11,10,13,8,106,33,96,8,11
4,5,15,13,2,3,13,1,11,15,98,10,14,3,11,0,11,6,11,7,9,8,11,4,267,259,267,263,5,6,1,5,13,1,1,3,12,10,13,92,15,6,0,3,6,2,13,11,15,12,7,125,120,4,6,7,13,2,5,13,4,2,4,2,14,114,120,10,106,14,3,4,11,7,1,4,2,2,3,1,5,104,11,14,4,12,6,7,9,15,8,0,7,2,13,5,1,6,12,2,4,4,12,9,6,1,7,7,238,218,1,7,14,10,108,115,1,1,7,3,127,124,8,14,13,5,12,6,43,123,42,38,40,32,124,7,7,8,10,7,11,3,8,2,15,6,5,7,13,9,10,13,0,89,5,6,14,8,8,2,12,15,106,33,107,5,108,42,122,116,117,8,97,15,10
12,1,7,1,11,5,15,5,10,3,99,13,12,4,11,9,4,4,9,9,15,12,14,14,14,14,2,13,14,9,8,7,13,3,3,4,14,5,12,93,11,5,7,1,9,3,10,5,2,3,7,4,96,3,3,6,13,11,3,1,0,2,0,118,34,113,127,40,109,13,0,1,3,7,6,5,4,15,8,2,9,105,9,9,14,1,2,0,2,3,6,11,7,0,12,0,15,8,1,12,13,0,8,0,4,11,7,1,239,219,5,4,10,10,94,10,13,15,14,3,7,129,42,34,120,7,6,4,6,11,43,39,41,33,98,7,2,3,8,7,10,12,2,3,2,11,0,4,0,5,7,10,1,106,3,4,9,12,9,8,9,108,109,11,121,32,109,43,131,115,5,11,98,4,15
11,11,2,6,13,2,15,2,15,4,102,15,9,13,5,4,7,0,15,11,1,2,2,6,13,15,1,10,7,13,11,2,4,13,10,9,15,0,5,86,8,13,3,0,11,6,1,12,3,15,7,9,97,9,11,0,9,2,3,114,36,42,40,111,35,10,6,41,13,15,1,10,13,11,9,1,15,3,0,6,8,242,10,13,5,9,4,6,12,1,0,0,11,4,15,12,7,5,14,12,5,0,11,14,8,1,14,4,240,220,4,4,13,12,95,0,10,10,11,1,7,4,43,35,107,7,2,4,5,12,4,7,6,4,99,2,15,10,15,1,12,1,13,3,1,12,5,12,12,7,6,5,108,113,11,12,12,6,3,1,108,115,15,15,14,33,4,6,12,3,13,14,99,14,9
6,2,9,14,1,10,0,1,10,1,103,13,10,6,6,0,8,10,0,6,5,0,15,0,7,2,14,11,4,14,10,6,5,8,9,7,15,2,7,87,15,9,1,6,10,15,8,11,13,1,7,3,96,2,9,12,116,32,40,109,37,43,41,5,6,11,13,9,4,10,2,1,6,11,8,6,1,8,15,10,195,243,9,7,8,6,8,10,1,11,14,5,5,5,9,3,13,12,13,7,12,9,10,10,5,13,5,1,241,221,13,14,12,5,106,15,14,3,3,9,11,1,15,6,131,34,122,8,11,1,8,11,10,1,127,128,14,0,4,12,6,7,15,14,14,10,2,4,9,11,8,8,90,5,11,6,1,12,5,118,115,13,2,15,0,13,14,12,0,10,1,5,104,12,9
12,8,11,9,6,3,7,7,15,10,107,8,9,7,8,9,1,0,5,5,13,3,3,5,9,13,14,7,5,4,6,6,11,4,3,7,3,12,9,88,12,1,12,15,3,10,14,4,5,2,0,7,97,0,8,8,88,33,41,1,10,4,6,12,3,11,11,2,9,5,2,14,12,14,12,10,11,1,5,195,196,244,8,11,7,5,15,1,15,12,2,10,11,11,0,6,1,5,2,9,12,5,12,0,14,9,13,2,13,94,11,2,13,114,113,3,14,11,12,0,1,6,9,13,0,35,107,4,12,7,5,12,10,5,3,102,6,5,1,11,4,7,5,7,12,4,15,12,11,5,12,11,91,6,0,3,4,2,6,106,8,14,3,5,0,14,13,3,7,1,14,5,105,14,5
5,1,11,3,2,15,5,6,4,8,123,120,10,11,11,13,9,2,5,6,11,6,2,14,4,0,9,10,6,9,14,14,14,1,15,0,15,11,14,89,0,13,10,2,12,11,13,10,10,5,4,1,102,8,10,1,89,0,10,11,3,15,3,11,0,10,5,5,0,5,10,6,11,6,13,6,10,9,188,196,197,245,15,9,4,3,9,1,3,5,0,1,10,3,1,13,5,12,9,11,14,1,1,11,3,0,13,0,3,95,8,15,2,90,9,1,0,3,6,2,1,14,5,2,0,3,127,122,15,2,5,2,14,1,2,103,13,4,10,7,13,14,7,6,8,4,11,11,13,9,13,13,90,10,1,11,7,12,114,111,12,7,11,12,5,1,5,4,10,2,2,11,131,130,3
8,0,9,8,15,0,5,0,6,7,0,107,0,7,15,8,3,10,7,4,11,9,0,7,13,14,13,10,5,12,10,12,9,9,1,13,10,5,1,94,2,12,15,5,15,1,0,4,15,4,5,3,103,14,14,1,106,15,14,3,5,1,10,12,11,5,5,5,7,3,5,5,15,10,2,7,0,174,189,197,198,246,4,14,9,13,0,15,2,12,15,1,9,6,0,9,3,5,2,12,0,13,3,15,5,13,9,4,12,106,13,14,1,91,4,11,1,8,0,1,9,3,5,7,15,3,1,107,8,8,3,7,8,7,0,98,0,5,9,6,4,5,6,15,0,15,11,7,3,0,2,1,91,0,2,10,1,2,90,6,6,2,6,9,5,15,0,14,14,8,12,13,12,129,128
12,6,14,13,1,14,11,5,9,6,8,131,128,4,4,13,3,15,10,15,14,9,14,4,7,10,13,13,8,10,0,2,7,6,9,0,9,9,0,95,14,3,3,9,8,14,6,5,2,13,14,8,100,10,12,14,228,2,2,7,15,2,0,10,14,1,9,1,10,11,3,5,6,3,8,15,174,175,190,198,199,247,1,10,4,13,8,5,11,1,4,0,1,5,1,7,11,2,8,8,3,15,8,15,7,0,4,8,118,117,6,14,10,90,11,11,12,7,15,12,13,1,15,5,3,6,15,131,120,14,0,0,1,13,13,99,11,10,6,10,3,9,14,3,13,5,14,15,4,1,3,4,106,13,14,15,11,3,91,3,9,12,10,13,5,4,8,5,0,13,15,1,10,8,100
7,1,12,1,1,11,5,11,2,2,10,7,127,122,6,6,12,1,2,13,6,3,15,10,15,11,3,10,0,6,5,8,14,3,3,13,1,0,0,106,2,6,6,15,14,13,3,14,2,1,0,15,101,14,11,3,229,160,14,7,1,6,11,6,9,14,11,14,1,12,7,8,6,11,15,181,175,176,191,199,200,248,9,15,8,10,4,11,13,2,10,11,14,3,10,15,13,15,2,15,11,0,11,6,11,9,14,8,94,4,2,15,13,91,6,11,15,10,10,15,10,10,14,5,13,14,8,6,107,9,14,7,15,12,13,125,124,8,1,10,2,5,3,4,14,5,13,1,12,9,10,112,109,12,12,14,9,0,92,2,0,12,15,11,14,5,1,2,14,2,2,0,13,14,101
3,5,4,1,8,6,11,4,7,12,11,5,0,107,11,5,11,8,6,2,11,1,7,11,4,11,8,13,15,8,9,13,14,12,7,5,0,7,8,228,6,3,15,9,15,6,11,15,6,12,11,2,96,10,7,14,230,161,146,72,5,10,5,10,6,8,11,12,11,5,0,8,5,7,174,182,176,177,192,200,201,13,9,8,5,8,2,7,8,2,2,7,7,3,12,12,5,1,3,12,3,0,15,13,8,12,2,6,95,15,8,12,7,106,1,2,4,5,1,11,2,11,8,6,14,6,14,10,121,120,7,11,1,3,12,13,123,126,6,4,7,0,5,2,12,5,10,4,14,8,14,106,8,0,5,8,5,5,93,6,10,15,4,9,6,5,2,14,9,11,4,9,9,2,104
0,15,12,10,13,6,6,13,0,8,2,14,15,131,34,40,34,42,124,10,7,12,15,14,9,14,14,4,12,12,9,0,2,14,14,14,9,12,3,229,160,12,13,11,14,13,10,14,7,8,12,14,97,6,8,0,231,162,147,73,160,6,6,3,11,15,3,0,2,2,1,5,72,174,175,183,177,178,193,201,10,0,4,12,5,6,13,10,15,5,10,5,10,12,15,4,10,7,14,7,6,0,3,3,10,10,0,116,109,13,11,13,116,109,6,8,2,15,5,3,1,11,11,0,6,11,15,12,8,125,120,2,7,2,3,9,2,131,32,36,34,130,12,12,108,34,126,8,6,5,116,119,5,1,2,11,6,112,117,10,13,4,3,7,4,8,11,3,14,7,7,8,15,4,105
11,7,14,3,9,5,11,9,11,7,4,1,10,8,35,41,35,43,125,130,9,4,12,15,5,15,10,6,13,6,7,114,40,34,124,9,1,6,0,230,161,160,2,4,1,1,7,0,5,2,14,10,104,15,7,2,232,163,148,74,161,153,58,1,11,8,9,0,10,15,79,209,73,175,176,184,178,179,194,13,1,15,12,2,7,13,7,4,9,1,9,7,13,14,7,3,9,11,13,2,13,3,6,12,13,12,108,109,12,12,13,7,94,7,14,8,3,12,7,5,12,5,7,2,3,4,4,1,10,2,129,126,14,12,13,8,2,13,33,37,35,131,38,38,111,35,125,34,42,32,113,3,8,11,2,10,12,90,11,14,4,14,2,14,14,5,6,13,9,7,2,11,6,8,98
14,15,12,8,6,14,14,12,3,9,12,5,6,7,2,11,15,14,6,131,122,13,2,10,2,15,4,6,13,112,42,111,41,35,123,130,12,7,13,231,162,161,146,6,9,8,10,2,3,5,6,15,105,6,10,1,233,164,149,75,162,154,59,146,79,44,79,79,65,188,80,210,74,176,177,185,179,180,15,0,14,7,8,15,3,3,8,0,14,3,13,3,8,12,7,3,12,8,12,2,0,15,9,1,11,15,90,1,9,5,11,3,95,11,14,11,6,14,11,8,2,13,15,3,4,2,11,14,14,6,13,121,122,7,12,12,8,14,5,3,3,6,39,39,9,3,1,35,43,33,4,1,15,3,12,7,9,91,14,12,6,1,1,6,12,4,0,9,5,2,1,3,9,3,99
5,0,7,1,7,9,3,11,1,1,13,2,9,0,0,14,13,0,9,5,121,38,130,3,13,0,12,3,118,115,43,2,10,3,4,129,120,9,15,232,163,162,147,139,4,14,3,4,2,11,4,5,123,124,8,4,234,165,150,76,163,155,60,147,80,45,80,80,66,189,81,211,75,177,178,186,180,14,13,14,5,9,9,7,9,6,4,14,11,13,5,5,4,1,13,8,12,3,5,13,0,9,10,12,13,13,91,11,7,1,5,116,111,6,1,13,7,2,3,0,15,13,14,3,11,9,0,0,7,2,1,2,102,15,15,5,5,4,9,13,4,1,15,3,9,11,9,7,4,13,8,7,6,15,10,14,2,94,15,14,13,15,12,7,15,3,3,7,12,5,5,9,10,11,96
0,15,6,10,15,11,11,11,13,11,5,8,5,4,13,10,0,7,6,3,1,39,127,40,122,10,7,8,106,13,13,15,4,13,7,3,96,6,15,233,164,163,148,140,139,12,8,6,10,0,12,6,11,107,5,6,12,166,151,77,164,156,61,148,81,46,81,81,67,190,82,212,76,178,179,187,6,3,13,116,34,130,12,14,13,10,7,7,15,0,15,3,14,8,1,5,12,15,3,3,0,11,9,12,7,3,90,4,12,14,10,106,14,10,6,10,1,12,3,11,2,14,15,8,0,7,2,14,2,6,7,11,103,2,7,13,7,10,4,118,38,124,2,13,14,11,11,9,5,8,8,5,15,4,12,1,6,95,0,6,14,5,3,7,0,2,15,5,4,6,0,9,12,5,97
3,8,13,13,1,15,7,4,2,13,12,6,9,6,0,11,15,15,13,6,7,1,13,41,127,122,116,34,119,1,0,3,2,10,8,4,97,1,14,234,165,164,149,141,140,216,7,14,12,3,14,7,4,125,122,2,1,15,152,78,165,157,62,149,82,47,82,82,68,191,83,213,77,179,180,5,0,6,7,106,35,107,0,12,1,6,8,8,12,12,6,11,8,0,3,11,11,13,11,15,4,11,6,14,2,2,91,7,4,8,112,115,8,8,13,2,11,7,9,3,5,12,9,11,6,9,14,2,1,8,5,12,129,32,34,38,122,0,110,109,39,121,128,110,40,122,6,7,112,42,126,0,4,14,9,4,108,113,6,4,10,4,4,13,6,11,5,10,4,13,2,3,14,2,107
1,12,4,9,15,6,11,0,11,13,5,5,4,6,8,6,4,2,9,15,11,3,14,4,15,131,113,35,12,15,2,12,15,11,8,9,107,15,10,6,166,165,150,142,141,217,7,12,12,14,3,3,12,7,107,0,10,14,1,14,166,158,63,150,83,48,83,83,69,192,84,214,78,180,3,15,14,14,108,119,0,131,128,2,11,15,10,13,10,10,3,5,12,6,6,12,1,9,4,8,9,6,6,5,14,118,109,6,8,14,106,3,9,3,3,13,14,9,5,0,10,4,7,8,11,10,3,12,15,3,11,5,7,33,35,39,121,38,119,7,13,5,125,111,41,107,116,32,115,43,102,5,8,5,9,12,106,7,14,6,1,2,7,6,2,3,8,5,7,1,8,6,10,8,249
2,15,14,3,8,2,0,44,72,65,58,44,14,12,72,9,1,9,7,12,11,9,10,13,0,11,1,2,1,14,2,12,2,11,3,12,125,124,0,2,6,166,151,143,142,218,9,11,2,5,7,12,9,4,131,42,120,14,7,11,5,159,64,151,84,49,84,84,70,193,85,215,5,13,2,1,3,110,119,4,9,6,107,9,8,9,2,4,4,15,15,6,11,14,3,2,2,7,11,11,11,1,0,13,2,92,2,8,10,8,228,58,65,44,51,65,10,1,12,8,12,13,7,1,10,14,0,4,7,8,15,6,10,7,9,0,7,39,15,13,13,6,9,7,10,123,119,33,12,5,103,13,15,14,112,34,111,1,4,7,12,8,7,12,9,14,5,10,10,3,11,10,6,188,250
1,2,1,15,6,0,195,45,73,66,59,45,139,202,73,167,58,72,51,79,65,13,9,0,5,13,4,0,11,4,14,6,12,13,9,1,9,107,5,12,13,13,152,144,143,106,216,9,1,12,12,0,5,7,13,43,129,120,0,6,12,15,5,152,85,50,85,85,71,194,7,10,10,8,15,4,11,106,8,9,15,7,121,34,130,1,15,6,4,14,15,10,3,1,12,9,4,7,10,8,12,1,9,12,0,93,10,2,14,6,229,59,66,45,52,66,139,10,5,11,7,4,0,14,8,4,4,13,14,9,12,11,15,5,13,4,1,6,2,0,11,11,8,9,6,9,9,15,12,11,107,9,5,2,88,35,14,3,2,4,8,65,72,65,72,1,10,0,5,2,1,9,181,189,251
15,0,10,2,9,181,196,46,74,67,60,46,140,203,74,168,59,73,52,80,66,146,14,15,2,4,13,11,1,8,9,5,3,2,4,7,12,131,120,8,10,4,6,145,144,220,217,9,3,7,14,10,6,14,6,10,4,107,12,6,3,12,9,2,2,12,11,4,13,4,7,0,8,5,3,118,34,115,11,14,12,3,6,35,121,38,128,1,14,7,7,10,11,10,12,9,5,2,3,11,8,9,9,8,7,94,0,13,10,0,230,60,67,46,53,67,140,160,8,14,3,8,8,3,11,6,10,7,10,4,10,2,9,8,1,6,4,3,2,11,12,5,14,3,6,8,4,4,14,15,127,34,126,13,89,0,13,4,3,13,174,66,73,66,73,160,58,2,6,1,3,181,182,190,252
9,11,9,7,209,182,197,47,75,68,61,47,141,204,75,169,60,74,53,81,67,147,167,58,58,58,65,15,0,0,6,0,1,6,6,12,15,14,131,42,122,15,12,9,145,221,218,0,14,9,1,1,15,13,0,9,10,121,34,120,0,10,9,6,4,14,10,2,2,5,7,15,14,0,14,106,35,14,5,10,9,1,6,0,0,39,129,40,42,120,5,8,108,36,40,124,1,11,5,5,11,6,1,8,2,95,8,9,15,14,231,61,68,47,54,68,141,161,132,44,7,5,4,0,14,2,7,2,8,15,3,0,8,3,9,4,4,12,10,11,13,8,6,3,6,5,6,5,14,0,10,35,121,38,115,0,14,11,10,195,175,67,74,67,74,161,59,160,58,51,209,182,183,191,253
7,12,10,222,210,183,198,48,76,69,62,48,142,205,76,170,61,75,54,82,68,148,168,59,59,59,66,132,79,7,12,4,3,1,5,11,14,8,7,43,107,14,8,9,6,1,219,2,0,0,3,13,5,11,6,15,15,10,35,123,42,42,34,32,130,2,7,7,1,11,5,14,110,42,40,109,15,14,0,15,12,4,6,8,11,5,3,41,43,125,32,40,111,37,41,131,126,5,9,9,6,7,9,14,13,106,15,6,7,6,232,62,69,48,55,69,142,162,133,45,160,65,51,72,13,2,13,7,1,1,8,0,15,1,1,12,12,13,0,14,13,15,1,9,8,15,12,1,15,1,12,15,5,39,4,7,6,58,202,196,176,68,75,68,75,162,60,161,59,52,210,183,184,192,254
8,5,14,223,211,184,199,49,77,70,63,49,143,206,77,171,62,76,55,83,69,149,169,60,60,60,67,133,80,146,72,14,1,1,4,6,3,10,11,5,127,128,10,15,8,1,220,6,8,0,10,14,10,2,10,14,5,7,2,6,43,43,35,33,121,32,40,36,34,34,40,36,113,43,41,5,14,15,4,0,11,6,8,15,14,0,11,2,14,10,33,41,6,7,3,7,125,130,7,9,5,4,5,9,1,228,4,6,1,15,233,63,70,49,56,70,143,163,134,46,161,66,52,73,153,51,79,65,11,9,3,5,5,3,9,0,0,7,2,13,3,8,12,5,15,11,0,4,12,3,14,13,8,15,14,58,202,59,203,197,177,69,76,69,76,163,61,162,60,53,211,184,185,193,255
12,14,13,224,212,185,200,50,78,71,64,50,144,207,78,172,63,77,56,84,70,150,170,61,61,61,68,134,81,147,73,160,1,6,12,10,2,11,7,2,2,125,130,9,7,11,221,14,2,1,0,0,11,15,0,2,3,6,7,15,3,8,0,4,3,33,41,37,35,35,41,37,11,13,5,0,15,6,15,14,14,14,11,2,10,4,13,2,5,10,6,13,6,0,7,15,7,123,130,11,15,12,11,6,10,229,153,14,15,4,234,64,71,50,57,71,144,164,135,47,162,67,53,74,154,52,80,66,139,15,9,3,3,4,3,2,6,15,5,11,14,10,10,3,14,0,15,7,2,15,0,13,4,13,195,59,203,60,204,198,178,70,77,70,77,164,62,163,61,54,212,185,186,194,10
0,8,10,225,213,186,201,280,277,274,277,283,145,208,8,173,64,78,57,85,71,151,171,62,62,62,69,135,82,148,74,161,146,15,13,3,6,4,7,4,3,65,242,1,7,15,88,4,14,4,9,0,4,3,3,7,6,0,2,2,1,1,7,7,15,2,5,4,14,6,10,13,14,1,9,5,1,14,0,15,3,12,2,6,9,2,7,1,1,9,5,2,7,8,3,2,14,3,131,32,126,5,15,8,0,230,154,153,3,0,3,8,0,1,4,5,145,165,136,48,163,68,54,75,155,53,81,67,140,146,9,14,0,3,13,2,4,5,2,1,15,6,8,6,15,15,9,14,13,10,5,8,10,195,196,60,204,61,205,199,179,71,78,71,78,165,63,164,62,55,213,186,187,2,4
0,9,11,226,214,187,349,281,278,275,278,284,340,14,15,11,11,7,1,13,10,152,172,63,63,63,70,136,83,149,75,162,147,167,12,8,13,3,1,58,195,66,243,2,6,13,89,9,8,15,4,1,6,9,15,12,13,11,10,14,0,3,14,2,14,11,13,11,15,6,12,0,6,2,15,10,2,10,4,3,6,2,0,10,12,7,8,14,10,5,14,9,13,5,14,13,15,7,5,33,98,14,7,12,7,231,155,154,139,1,10,7,15,1,0,0,5,166,137,49,164,69,55,76,156,54,82,68,141,147,139,8,5,1,14,11,10,5,13,5,14,5,14,5,15,11,2,3,7,0,9,8,209,196,197,61,205,62,206,200,180,8,12,10,8,166,64,165,63,56,214,187,10,0,8
13,10,7,227,215,361,350,282,279,276,279,285,341,364,15,12,4,6,0,6,13,9,173,64,64,64,71,137,84,150,76,163,148,168,167,8,0,72,202,59,196,67,244,1,7,11,94,8,3,3,3,13,10,1,13,12,14,11,2,8,7,2,3,2,10,10,1,9,1,13,15,13,13,3,12,10,9,10,5,0,0,13,7,0,0,2,0,2,13,3,2,11,10,4,5,8,7,1,4,6,99,12,13,13,10,232,156,155,140,139,7,4,3,11,8,14,14,7,138,50,165,70,56,77,157,55,83,69,142,148,140,153,14,2,10,1,4,6,13,5,2,2,10,10,12,7,9,3,2,5,7,174,210,197,198,62,206,63,207,201,7,7,6,7,11,3,15,166,64,57,215,14,6,1,4
9,2,11,98,366,362,351,24,26,20,21,30,342,365,9,10,13,11,2,4,4,1,3,2,12,13,10,138,85,151,77,164,149,169,168,146,202,73,203,60,197,68,245,6,8,5,95,3,2,10,14,15,7,10,1,9,14,3,13,1,3,7,9,4,11,14,4,13,11,10,9,13,11,4,5,0,15,2,0,0,1,9,5,3,12,7,7,9,5,12,9,6,2,7,9,9,2,3,0,15,131,126,10,0,12,233,157,156,141,140,139,0,15,5,9,5,9,8,2,11,166,71,57,78,158,56,84,70,143,149,141,154,146,14,6,13,12,9,2,8,2,11,13,8,12,2,8,14,12,7,209,175,211,198,199,63,207,64,208,3,7,4,9,1,13,13,11,4,4,7,0,7,9,11,3
9,5,5,99,367,363,23,17,30,16,31,23,29,288,7,10,0,8,9,4,3,14,2,13,11,6,9,9,14,152,78,165,150,170,169,147,203,74,204,61,198,69,246,5,9,9,88,0,5,10,11,3,14,13,5,0,1,12,12,1,13,6,1,3,13,7,2,10,2,7,11,6,6,5,6,0,15,5,10,0,11,2,14,5,4,12,10,1,6,10,4,0,1,8,7,0,2,4,14,11,0,127,130,0,6,234,158,157,142,141,140,160,5,4,3,6,11,12,14,2,11,3,5,13,159,57,85,71,144,150,142,155,147,160,4,0,0,9,10,12,14,5,10,14,11,14,15,11,3,209,210,176,212,199,200,64,208,8,4,4,8,1,6,15,4,6,14,7,7,12,9,13,11,5,8
5,8,3,98,298,23,22,22,23,22,29,25,31,289,13,13,8,5,7,13,3,13,12,6,2,12,7,2,1,5,13,166,151,171,170,148,204,75,205,62,199,70,247,8,2,1,89,2,12,13,11,11,10,3,4,6,4,12,12,15,14,9,10,7,14,5,9,1,13,9,12,14,6,13,14,3,7,4,4,2,9,10,14,1,1,4,6,15,0,15,2,5,8,0,9,8,10,4,4,13,8,9,121,122,11,14,159,158,143,142,141,161,132,6,8,15,4,10,15,4,13,10,1,12,2,0,2,12,145,151,143,156,148,161,146,0,13,1,9,9,6,3,0,4,14,0,8,2,188,210,211,177,213,200,201,5,14,7,14,10,7,10,14,0,10,2,8,14,1,7,9,4,1,15,5
10,5,11,99,299,18,31,19,17,26,28,17,22,292,8,3,8,4,11,14,6,6,9,6,6,4,1,8,0,4,7,3,152,172,171,149,205,76,206,63,200,71,248,5,3,108,109,1,11,8,13,12,10,5,1,2,7,15,11,13,6,14,5,7,15,8,14,7,12,8,10,5,9,1,0,9,1,5,4,4,11,4,15,14,15,9,14,4,15,5,7,0,4,11,5,9,2,5,3,7,5,0,9,107,5,3,7,159,144,143,142,162,133,146,12,8,9,14,4,9,2,15,3,8,2,3,9,4,14,152,144,157,149,162,147,146,51,58,79,65,195,153,51,44,5,6,14,209,189,211,212,178,214,201,2,4,0,0,13,8,5,10,8,10,7,1,10,11,15,8,7,10,13,4,8
10,12,5,102,294,28,29,25,23,26,22,26,19,293,10,8,11,0,8,5,9,15,0,3,1,3,15,15,6,11,14,15,3,173,172,150,206,77,207,64,201,11,1,3,0,106,0,1,3,12,4,7,9,14,2,7,10,5,6,13,1,13,9,6,0,5,6,8,0,2,7,7,6,0,7,10,79,44,65,44,58,0,13,8,5,12,2,2,10,8,13,0,3,10,0,0,2,8,1,0,2,14,5,131,130,1,10,3,145,144,143,163,134,147,160,15,6,4,13,10,4,15,10,10,2,2,2,8,4,6,145,158,150,163,148,147,52,59,80,66,196,154,52,45,139,58,195,210,190,212,213,179,215,4,6,13,12,0,7,7,12,14,10,8,7,10,1,2,7,6,8,12,12,5,11
8,7,9,103,295,23,19,30,21,31,16,20,308,315,10,11,13,5,12,7,13,2,7,13,3,8,0,13,1,11,8,6,12,12,173,151,207,78,208,0,8,10,14,15,108,113,11,0,13,8,7,1,11,15,13,14,11,7,11,10,14,1,10,10,4,10,12,4,8,15,79,72,58,51,51,195,80,45,66,45,59,153,72,13,6,2,9,7,7,14,15,1,8,8,3,11,13,1,9,15,5,4,15,8,131,126,13,11,14,145,144,164,135,148,161,146,8,6,7,15,0,2,4,12,12,3,8,14,6,10,11,159,151,164,149,148,53,60,81,67,197,155,53,46,140,59,196,211,191,213,214,180,11,7,0,1,8,11,5,15,12,0,10,0,6,10,9,6,1,4,14,9,8,5,15
2,10,9,224,294,25,29,16,21,24,31,314,305,4,5,1,14,14,3,15,7,5,6,13,10,7,0,3,9,15,1,3,15,10,11,152,208,0,5,3,2,3,118,36,119,5,15,11,9,7,1,5,11,11,14,13,1,4,4,15,11,6,6,9,15,14,2,1,12,188,80,73,59,52,52,196,81,46,67,46,60,154,73,167,2,3,1,12,10,0,5,1,0,5,9,12,5,2,7,4,3,1,10,9,5,125,128,15,3,1,145,165,136,149,162,147,132,5,7,0,6,13,6,13,0,14,58,5,15,8,4,2,152,165,150,149,54,61,82,68,198,156,54,47,141,60,197,212,192,214,215,3,7,14,6,2,1,2,15,10,5,7,10,4,5,4,5,6,11,4,14,12,2,5,2
10,12,2,225,295,29,26,16,28,19,310,307,2,6,15,3,3,2,8,13,1,11,8,4,4,13,6,7,5,11,5,11,12,13,13,7,3,11,6,108,42,38,109,37,1,5,6,9,9,10,7,6,0,13,1,6,7,14,0,15,7,15,15,1,5,1,9,2,188,189,81,74,60,53,53,197,82,47,68,47,61,155,74,168,153,9,10,13,5,14,10,15,13,5,5,11,15,15,10,5,9,4,11,13,12,5,121,120,4,2,7,166,137,150,163,148,133,160,9,14,5,12,79,65,51,188,59,160,13,15,0,12,7,166,151,150,55,62,83,69,199,157,55,48,142,61,198,213,193,215,4,10,5,9,6,5,12,3,2,4,10,9,15,11,10,10,6,9,7,0,1,4,15,12,11
6,8,11,226,294,30,25,24,23,314,309,5,15,3,8,11,1,9,7,12,7,5,14,5,1,3,2,12,13,4,7,4,1,7,3,13,13,116,42,119,43,39,15,14,3,7,1,14,1,2,14,15,2,14,14,3,13,10,14,1,8,7,0,3,8,4,8,195,189,190,82,75,61,54,54,198,83,48,69,48,62,156,75,169,154,153,58,72,14,12,11,6,10,10,13,7,8,12,13,5,1,3,5,15,8,10,6,131,126,0,7,15,138,151,164,149,134,161,160,8,4,188,80,66,52,189,60,161,160,11,0,6,11,4,152,151,56,63,84,70,200,158,56,49,143,62,199,214,194,9,10,0,3,11,0,15,7,9,11,10,8,8,13,9,8,14,15,1,6,12,6,1,5,4,1
11,2,12,227,295,31,16,25,312,313,9,9,0,0,13,1,14,1,0,2,6,14,8,6,14,1,11,0,14,9,12,5,9,8,11,4,15,90,43,12,5,7,8,8,11,2,9,12,13,7,0,4,11,9,10,6,14,6,7,5,1,13,1,3,6,5,188,196,190,191,83,76,62,55,55,199,84,49,70,49,63,157,76,170,155,154,59,73,160,10,0,12,10,13,9,5,13,12,10,5,14,15,8,7,10,9,2,3,121,126,11,2,10,152,165,150,135,162,161,167,174,189,81,67,53,190,61,162,161,167,4,14,11,5,1,152,57,64,85,71,201,159,57,50,144,63,200,215,7,3,12,8,1,11,1,14,8,10,4,7,12,3,11,2,7,4,5,1,4,8,1,10,0,13,0
11,6,11,100,323,266,266,260,307,1,5,14,0,4,1,9,9,15,15,9,9,13,4,6,4,11,4,3,15,13,3,8,12,0,0,0,3,91,7,6,9,2,8,2,1,11,3,4,12,1,3,14,12,7,7,12,15,15,13,6,8,13,10,5,58,209,189,197,191,192,84,77,63,56,56,200,85,50,71,50,64,158,77,171,156,155,60,74,161,146,3,5,7,2,1,10,6,7,12,13,11,15,5,2,5,1,8,10,2,125,124,14,9,7,166,151,136,163,162,168,175,190,82,68,54,191,62,163,162,168,216,15,14,7,2,13,12,3,1,9,15,12,2,13,145,64,201,3,12,13,4,9,5,6,1,4,2,15,79,79,79,58,51,79,5,14,2,11,9,11,6,12,1,2,13
8,10,11,101,2,267,267,261,15,13,9,9,12,15,6,4,9,8,0,3,1,13,14,1,11,10,13,13,6,3,13,12,8,14,11,7,4,90,6,12,1,14,3,14,14,4,2,14,8,9,8,13,2,13,11,4,6,8,9,2,9,9,3,181,59,210,190,198,192,193,85,78,64,57,57,201,10,3,8,4,12,159,78,172,157,156,61,75,162,147,160,8,15,13,4,2,12,2,8,7,14,11,8,4,5,8,2,7,6,14,127,126,12,7,3,152,137,164,163,169,176,191,83,69,55,192,63,164,163,169,217,12,2,6,0,5,10,15,13,1,5,5,6,14,11,14,15,5,10,4,13,5,12,15,12,3,51,188,80,80,80,59,52,80,146,7,0,8,15,8,14,7,15,15,5
7,13,0,104,5,10,3,14,2,4,9,4,14,2,14,0,1,13,0,15,3,14,6,11,5,9,8,12,3,10,0,12,14,13,2,5,10,91,4,0,2,11,4,11,2,2,9,5,9,5,13,0,4,2,2,14,9,9,11,2,10,5,181,182,60,211,191,199,193,194,0,4,14,4,9,5,4,5,9,11,6,7,3,173,158,157,62,76,163,148,161,167,12,13,11,1,6,15,15,6,11,14,7,13,8,1,5,3,0,3,8,123,124,6,5,14,138,165,164,170,177,192,84,70,56,193,64,165,164,170,218,13,9,13,11,2,7,13,1,7,1,4,8,14,6,14,15,13,5,4,8,8,1,14,5,181,52,189,81,81,81,60,53,81,147,160,8,12,0,3,9,3,8,15,2
7,10,11,105,13,6,1,1,1,0,10,2,15,7,3,10,13,4,14,9,12,9,1,14,6,15,6,2,13,10,2,4,12,11,7,12,1,106,14,11,14,2,8,8,4,1,9,5,8,7,3,4,15,4,9,6,7,13,6,1,10,188,182,183,61,212,192,200,194,10,15,3,11,4,8,5,5,1,6,14,7,13,15,13,159,158,63,77,164,149,162,168,216,10,4,8,3,10,14,13,1,0,1,0,10,4,10,13,58,58,12,13,107,2,13,11,0,166,165,171,178,193,85,71,57,194,15,166,165,171,219,8,13,13,7,15,5,15,9,1,7,2,11,10,14,12,15,11,0,14,6,6,14,1,195,182,53,190,82,82,82,61,54,82,148,161,132,4,1,13,12,1,1,7,8
5,5,8,104,4,10,9,14,1,6,15,10,1,6,14,5,10,5,0,13,0,14,7,14,12,6,7,7,1,0,1,10,12,10,15,5,110,113,12,4,15,5,10,0,7,1,12,6,7,1,9,6,4,1,3,6,5,15,4,7,174,189,183,184,62,213,193,201,3,1,3,13,15,1,9,10,14,9,13,14,1,15,8,8,1,159,64,78,165,150,163,169,217,13,7,14,4,1,3,0,10,7,11,6,12,3,0,174,59,59,132,51,249,4,9,8,11,11,166,172,179,194,5,12,14,14,9,13,166,172,220,2,8,7,7,6,11,10,12,2,15,3,9,4,10,5,15,9,9,14,1,8,15,195,196,183,54,191,83,83,83,62,55,83,149,162,133,153,72,10,11,8,13,13,11
6,8,5,105,15,13,2,11,15,10,14,14,1,0,12,2,2,10,2,13,9,6,11,13,8,11,12,0,15,8,7,7,10,9,1,6,90,0,4,0,14,11,12,0,5,4,12,1,8,15,7,5,0,4,6,12,6,58,51,202,175,190,184,185,63,214,194,3,14,0,5,13,3,3,2,7,2,12,2,4,14,6,0,4,8,0,4,5,166,151,164,170,218,2,4,3,9,10,11,6,13,5,12,2,15,4,188,175,60,60,133,52,250,8,10,14,10,8,9,173,180,10,0,8,13,7,3,11,2,173,221,216,1,11,8,2,15,12,10,15,4,4,5,2,4,14,2,4,7,9,0,2,202,196,197,184,55,192,84,84,84,63,56,84,150,163,134,154,73,167,6,6,7,4,0
7,0,10,96,7,1,15,4,7,13,7,2,13,4,9,0,9,11,7,10,9,0,2,11,0,3,7,14,2,12,9,9,15,7,8,10,91,4,11,5,11,10,8,7,5,10,9,4,15,9,1,1,12,4,11,10,181,59,52,203,176,191,185,186,64,215,12,5,7,12,0,0,7,15,14,12,2,7,12,15,12,4,13,13,7,12,10,2,15,152,165,171,219,13,14,14,9,4,13,4,14,5,3,9,5,195,189,176,61,61,134,53,251,4,10,10,11,5,13,0,2,2,2,3,13,12,11,7,9,6,1,217,5,8,3,0,14,0,3,7,14,0,3,6,5,6,15,14,9,0,11,222,203,197,198,185,56,193,85,85,85,64,57,85,151,164,135,155,74,168,216,8,5,2,10
11,3,3,97,10,2,5,2,3,4,14,15,10,0,9,3,2,9,1,12,1,13,2,2,6,10,9,2,6,5,14,11,11,1,7,15,88,3,15,14,13,6,15,11,9,12,6,11,7,8,11,10,11,3,79,188,182,60,53,204,177,192,186,187,11,7,14,9,14,8,13,3,2,6,15,14,12,1,8,10,12,12,10,12,10,1,14,8,6,4,166,172,220,5,4,14,8,9,6,3,10,13,3,14,181,196,190,177,62,62,135,54,252,11,13,4,9,2,6,15,12,13,15,10,9,13,2,4,8,4,12,218,7,3,10,6,10,9,4,12,9,4,1,14,11,12,7,0,15,10,9,223,204,198,199,186,57,194,15,2,1,9,13,10,152,165,136,156,75,169,217,8,1,14,0
6,5,8,96,3,8,2,12,5,8,1,10,5,2,0,2,1,2,12,1,1,9,3,0,10,11,1,5,15,10,3,2,14,5,15,12,89,0,2,6,15,5,11,7,2,8,11,4,10,7,0,10,51,188,80,189,183,61,54,205,178,193,187,4,14,4,8,1,12,5,8,15,3,13,4,11,15,15,5,0,11,12,8,8,5,5,4,2,7,5,8,173,221,1,11,10,7,7,4,11,9,4,10,195,182,197,191,178,63,63,136,55,253,1,12,10,15,4,13,14,10,0,12,0,15,15,9,4,7,13,2,219,12,6,4,9,5,14,5,5,3,2,7,12,14,0,0,5,11,6,15,224,205,199,200,187,13,0,5,14,4,2,11,15,11,166,137,157,76,170,106,216,14,15,7
0,0,12,97,11,15,9,6,0,6,14,6,2,14,5,10,2,9,13,1,12,5,1,8,11,15,12,15,6,0,13,10,12,10,9,3,88,5,7,9,4,8,5,4,6,4,11,14,5,9,3,174,52,189,81,190,184,62,55,206,179,194,8,15,10,3,11,1,15,11,3,8,9,14,12,15,3,10,3,14,10,4,11,6,15,8,11,9,10,9,11,2,220,5,6,14,3,1,13,15,7,13,222,196,183,198,192,179,64,64,137,56,254,14,8,10,7,0,11,11,9,4,7,0,7,13,15,7,7,13,9,220,0,12,9,14,8,8,0,13,14,7,12,8,4,1,8,3,5,14,10,225,206,200,201,13,0,5,2,10,12,2,2,9,9,12,138,158,77,171,219,217,4,6,5
5,14,9,100,8,15,14,1,1,3,10,10,2,8,6,10,13,2,12,12,7,11,11,2,12,6,6,9,2,7,11,5,1,6,13,9,89,6,8,0,1,4,7,8,14,14,11,14,7,0,195,175,53,190,82,191,185,63,56,207,180,2,0,1,13,11,4,8,10,1,2,7,14,3,14,9,1,14,10,3,5,15,3,3,9,7,1,1,15,2,9,8,221,7,14,2,15,6,7,13,13,0,223,197,184,199,193,180,13,10,138,57,255,13,9,12,2,5,9,12,1,5,5,1,7,10,8,9,12,11,11,221,2,13,0,4,7,5,8,8,4,2,13,0,13,8,4,11,0,13,13,226,207,201,0,8,12,8,2,12,3,14,15,9,5,0,13,159,78,172,220,218,15,15,0
10,5,10,101,9,6,12,8,11,10,5,2,7,11,4,1,15,1,9,2,9,14,1,5,1,6,1,14,12,12,15,1,4,10,0,2,228,5,2,14,5,3,5,7,15,1,5,1,15,174,196,176,54,191,83,192,186,64,57,208,11,2,13,15,0,5,15,8,10,9,9,6,7,0,8,10,14,4,14,1,10,12,15,12,9,2,7,13,5,6,11,10,106,11,10,3,5,7,14,15,4,8,224,198,185,200,194,2,15,6,9,6,4,0,11,9,6,2,10,6,9,13,15,1,11,10,3,7,15,3,1,92,9,1,0,1,4,15,5,7,12,15,5,15,10,9,3,8,6,10,12,227,208,4,10,1,7,5,9,0,108,38,126,3,4,10,3,3,5,173,221,219,8,5,14
3,0,15,98,7,12,9,11,10,1,10,2,10,12,4,13,5,13,3,7,12,11,5,5,6,12,8,2,7,9,7,1,7,2,14,5,229,139,4,11,15,3,6,11,15,1,14,10,209,175,197,177,55,192,84,193,187,6,10,15,6,7,5,11,0,10,4,4,11,14,13,8,9,2,15,13,10,6,5,12,4,5,4,8,4,7,6,3,8,13,2,114,119,14,3,6,13,7,6,15,15,3,225,199,186,201,1,9,6,11,13,12,14,15,3,10,2,0,6,12,2,13,1,10,11,13,13,14,15,13,9,93,3,1,11,9,13,13,4,15,8,7,8,10,72,72,209,153,0,1,4,107,5,8,5,1,2,7,118,38,119,39,96,8,13,3,1,13,1,14,7,220,0,10,0
1,14,12,99,6,3,2,13,4,11,14,13,8,15,14,2,14,15,1,5,9,14,8,5,2,7,14,10,12,11,13,12,14,6,0,15,230,140,160,3,9,14,4,11,0,8,14,209,210,176,198,178,56,193,85,194,8,14,10,3,7,9,4,15,6,11,7,10,5,7,6,8,13,10,11,14,6,5,9,3,8,3,15,10,9,6,4,13,8,7,7,228,7,5,3,15,13,1,11,7,7,2,226,200,187,8,10,268,14,11,13,3,1,10,3,11,6,12,12,7,0,4,10,15,1,11,4,11,10,8,6,92,1,15,5,2,8,2,13,12,9,14,13,181,73,73,210,154,132,44,58,249,3,8,15,9,5,112,117,39,1,15,97,7,6,5,11,4,0,13,13,221,0,13,12
5,4,2,102,11,11,9,4,11,8,2,0,13,5,2,2,1,11,4,4,4,13,7,11,15,4,7,14,5,10,15,2,0,4,0,9,231,141,161,132,12,14,2,6,0,5,174,210,211,177,199,179,57,194,11,6,2,1,10,11,3,3,0,1,2,0,3,0,14,0,15,1,12,5,1,6,10,10,15,4,1,13,2,2,13,12,10,15,9,14,8,229,216,12,10,11,2,13,8,2,6,7,227,201,1,8,355,269,364,9,7,14,11,13,14,13,2,6,6,12,11,10,0,6,5,15,4,11,0,0,0,93,2,2,8,14,12,5,5,2,1,11,188,182,74,74,211,155,133,45,59,250,10,3,13,12,0,106,0,5,14,2,104,2,0,12,8,10,15,9,6,88,13,8,3
8,11,6,103,2,4,7,9,14,15,3,9,15,10,9,3,11,5,2,15,9,5,4,7,14,0,15,4,12,11,1,5,13,8,1,8,232,142,162,133,139,8,2,3,10,174,175,211,212,178,200,180,4,15,12,0,11,114,36,122,5,10,0,3,6,15,15,8,13,3,2,6,13,6,13,5,2,5,15,6,6,13,8,11,7,9,14,10,12,3,6,230,217,0,9,6,3,10,12,12,15,5,107,11,6,361,356,270,365,4,5,6,2,10,8,7,1,5,4,12,6,5,12,8,5,9,12,8,14,6,0,235,79,72,2,9,5,10,7,8,1,188,189,183,75,75,212,156,134,46,60,251,1,15,14,4,6,228,79,0,2,3,105,3,13,15,12,5,7,2,1,89,11,0,1
5,14,14,102,1,13,12,15,1,9,12,11,6,7,5,13,2,2,10,0,6,1,9,11,1,7,1,11,13,14,7,10,14,4,13,12,233,143,163,134,140,146,12,11,188,175,176,212,213,179,201,5,11,4,2,8,4,106,37,127,128,14,5,14,0,14,8,6,0,0,5,14,12,11,13,1,11,14,0,5,9,10,1,4,3,8,1,10,0,5,7,231,218,10,5,6,9,10,4,14,1,9,222,0,366,362,357,20,288,3,3,15,12,2,14,3,12,7,2,2,6,1,3,13,12,9,7,1,7,11,14,236,80,73,146,65,6,4,1,10,174,189,190,184,76,76,213,157,135,47,61,252,11,3,15,15,5,229,80,160,65,72,249,3,14,3,14,7,3,6,8,94,5,11,5
3,13,5,103,3,5,12,9,3,3,12,4,4,3,7,2,7,8,10,13,12,10,15,4,13,15,8,1,1,3,13,12,11,10,8,5,234,144,164,135,141,147,160,188,189,176,177,213,214,180,11,9,1,12,5,112,32,113,13,6,107,11,7,7,5,15,8,13,6,13,0,3,7,4,2,13,7,11,10,11,4,15,15,0,10,12,2,0,11,14,11,232,219,12,11,9,4,0,9,12,14,0,223,9,367,363,27,17,289,4,8,15,9,2,11,9,8,6,1,5,14,4,14,0,3,13,8,9,1,3,2,237,81,74,147,66,167,4,11,195,175,190,191,185,77,77,214,158,136,48,62,253,5,15,11,3,13,230,81,161,66,73,250,0,9,5,2,3,12,7,7,95,4,3,12
11,0,9,100,2,1,14,8,9,9,2,14,2,4,9,2,2,8,0,9,11,9,0,13,1,3,11,1,9,1,10,2,10,6,13,10,4,145,165,136,142,148,161,189,190,177,178,214,215,1,13,3,13,5,14,106,33,14,14,8,242,5,5,8,3,5,8,0,15,11,6,13,11,10,10,7,4,1,5,3,1,8,5,4,13,12,11,8,11,6,7,233,220,5,15,1,5,1,14,0,2,8,224,11,296,30,19,16,290,3,4,14,6,3,7,6,8,11,1,2,0,7,0,10,3,7,10,13,7,8,4,238,82,75,148,67,168,132,195,196,176,191,192,186,78,78,215,159,137,49,63,254,5,14,8,11,14,231,82,162,67,74,251,2,14,5,14,14,6,15,10,94,12,14,13
5,5,15,101,3,3,9,1,3,1,9,14,4,6,2,10,10,8,1,6,1,15,8,14,7,1,1,5,3,4,1,7,5,11,10,15,6,5,166,137,143,149,162,190,191,178,179,215,7,14,0,5,0,6,108,111,0,13,10,222,243,8,1,14,10,6,8,2,3,7,5,12,9,13,10,15,5,11,4,3,1,2,10,7,4,0,2,4,7,15,6,234,221,13,11,10,11,8,12,5,3,15,225,5,297,19,19,27,291,4,6,14,6,14,3,13,10,8,4,14,4,5,12,0,9,2,14,7,1,0,0,239,83,76,149,68,169,133,196,197,177,192,193,187,2,13,1,8,138,50,64,255,2,10,13,4,8,232,83,163,68,75,252,3,15,4,1,3,11,14,8,95,11,12,12
13,2,1,96,3,2,4,12,8,8,14,5,10,13,2,13,9,11,6,0,0,8,6,13,10,6,14,15,3,8,1,10,6,8,114,122,2,7,14,138,144,150,163,191,192,179,180,3,2,8,6,0,116,40,115,7,11,2,11,223,244,6,14,8,9,15,15,9,13,6,7,5,5,5,2,6,0,9,11,11,8,2,11,4,14,14,6,8,11,9,11,7,106,3,11,4,9,9,3,1,2,8,226,7,321,316,26,304,313,13,0,8,14,6,8,0,0,5,2,8,3,2,5,10,8,3,9,3,5,7,3,240,84,77,150,69,170,134,197,198,178,193,194,14,5,0,6,10,14,4,14,5,5,5,15,2,13,233,84,164,69,76,253,3,8,13,10,4,1,15,13,92,2,7,9
1,11,12,97,14,0,8,8,15,13,4,3,15,4,14,8,14,13,4,0,7,4,2,4,0,12,1,8,5,1,7,12,6,14,106,107,7,14,15,13,145,151,164,192,193,180,14,14,11,11,8,14,106,41,15,4,5,15,11,224,245,14,6,10,11,15,12,7,5,12,3,9,10,0,4,11,0,15,11,11,0,13,14,14,15,8,2,3,3,10,1,114,109,11,12,3,10,9,12,15,15,5,227,12,8,323,256,313,14,9,2,14,7,7,2,10,13,9,14,6,8,8,14,3,3,10,7,12,15,13,12,241,85,78,151,70,171,135,198,199,179,194,3,9,9,110,126,12,3,15,7,3,4,12,5,14,8,234,85,165,70,77,254,5,12,14,6,14,2,4,11,93,9,11,8
9,15,13,98,7,13,14,6,6,8,12,9,6,15,8,7,10,10,13,13,9,13,11,13,15,1,13,11,15,5,2,6,7,118,109,127,128,13,10,15,15,152,165,193,194,0,15,3,10,3,14,110,119,15,9,1,8,13,5,225,246,5,10,13,7,6,0,5,14,0,9,1,2,4,15,5,7,1,11,2,4,4,8,13,13,2,12,12,12,12,1,106,15,13,10,3,7,0,4,12,8,5,107,9,10,7,257,15,4,11,2,10,13,14,5,12,2,5,0,10,5,7,0,12,8,9,6,14,0,4,0,10,7,0,152,71,172,136,199,200,180,7,3,9,108,117,131,32,32,130,5,12,0,4,8,11,10,1,8,166,71,78,255,3,3,8,0,15,5,10,13,88,1,1,10
1,7,6,99,14,2,12,10,14,13,12,3,1,9,10,8,7,3,4,8,12,1,4,6,15,11,2,6,2,11,13,14,8,90,12,13,127,130,0,13,2,7,166,194,15,11,14,6,9,2,112,109,1,5,12,14,13,12,15,226,247,7,10,7,8,6,2,3,0,5,11,13,8,6,15,13,11,9,4,4,5,0,12,5,0,7,0,6,2,8,110,109,7,6,0,7,15,0,1,8,2,8,121,122,1,6,5,2,9,12,11,15,0,9,7,15,12,15,3,4,4,3,5,4,5,8,3,13,5,9,6,11,2,3,3,1,173,137,200,201,8,3,2,108,119,14,7,33,33,125,32,124,0,1,14,3,5,8,1,1,11,5,10,11,15,5,5,2,8,3,4,89,9,8,4
15,2,5,107,10,6,13,9,8,13,10,14,6,0,1,3,14,15,10,4,5,0,5,7,3,14,8,3,6,3,11,2,4,91,10,9,0,107,2,7,8,5,10,3,13,8,7,12,110,36,117,2,15,5,6,15,4,12,2,227,248,10,6,1,6,10,3,10,15,4,3,8,12,12,2,7,13,14,10,1,9,3,4,13,2,6,11,12,1,11,94,10,11,14,4,12,4,4,9,13,6,10,58,249,15,8,2,1,5,7,2,1,2,12,7,13,0,10,1,13,12,9,10,3,14,2,4,14,1,11,14,5,15,12,8,1,8,138,201,14,11,12,108,109,9,10,4,5,1,3,33,123,120,5,3,4,14,4,8,5,10,3,10,7,9,13,13,7,4,4,7,90,5,14,9
6,9,11,125,130,7,4,2,5,7,12,15,6,13,15,10,3,13,7,11,8,7,5,9,6,9,15,0,1,0,116,32,36,113,5,1,10,127,124,9,4,2,9,3,15,3,5,3,106,37,14,4,3,4,12,9,13,7,14,107,2,11,4,15,10,3,6,0,8,7,15,12,4,2,6,13,3,12,14,13,7,9,9,13,9,3,13,10,9,1,95,8,13,6,13,12,1,14,6,72,65,174,59,250,0,1,6,3,10,6,3,7,10,1,6,12,8,1,8,13,4,6,14,5,1,1,8,271,274,277,12,13,114,38,122,10,3,2,10,5,4,112,111,5,5,7,11,5,1,15,13,14,123,34,120,3,13,12,2,8,1,1,0,1,13,9,1,13,8,9,9,91,6,0,8
9,12,0,15,102,3,0,13,15,9,14,2,8,7,8,10,13,7,5,3,0,13,2,6,9,0,1,4,110,32,111,33,37,9,0,7,14,12,102,10,14,13,4,8,4,13,11,110,113,8,7,7,12,1,10,4,4,5,12,125,128,6,1,14,11,5,8,11,12,11,4,9,5,0,9,13,15,15,6,14,9,13,5,3,11,7,7,6,7,4,86,13,3,9,14,14,13,10,181,73,66,175,60,251,1,10,3,8,2,0,8,15,6,4,0,13,14,4,14,7,13,10,2,15,3,14,366,272,275,278,364,108,119,39,125,120,0,10,10,2,116,119,5,10,9,10,7,14,3,15,11,5,7,35,127,40,128,15,8,15,13,10,4,0,11,7,5,13,9,3,14,106,14,13,4
2,15,1,11,103,2,12,1,1,6,15,1,3,14,7,10,15,10,8,4,10,1,13,11,11,12,13,112,119,33,10,2,7,1,14,13,6,0,103,7,4,10,4,2,0,9,118,113,13,15,8,6,7,11,11,7,6,15,11,15,129,120,6,4,2,5,9,10,1,7,1,7,13,0,12,7,12,6,6,12,0,12,8,5,14,5,4,10,11,10,87,0,10,6,7,2,8,209,182,74,67,176,61,252,6,9,6,3,13,2,13,0,7,12,10,0,11,0,0,14,14,5,8,7,2,9,367,273,276,279,365,90,9,4,6,98,11,12,4,118,111,5,11,8,1,6,3,5,15,9,0,10,14,14,3,41,125,124,6,10,12,0,14,5,14,116,32,42,36,42,34,109,1,6,5
10,15,0,2,123,124,11,6,2,13,13,4,13,3,15,2,15,0,3,10,13,8,13,12,1,8,118,111,2,1,9,3,4,0,8,14,6,0,107,8,5,6,7,1,0,7,106,5,15,13,0,0,4,5,0,8,10,8,14,1,51,249,11,10,1,2,13,0,14,3,6,8,10,2,5,7,3,7,12,11,0,12,1,10,1,0,9,5,11,5,86,8,0,6,12,9,174,210,183,75,68,177,62,253,7,9,10,14,7,4,4,9,12,2,11,8,1,4,6,5,7,9,7,2,6,14,298,19,26,30,302,91,4,12,4,99,5,12,5,235,58,5,8,10,3,6,3,7,14,5,11,13,4,8,5,4,7,107,3,110,124,6,12,114,34,109,33,43,37,43,35,12,11,12,6
6,5,14,2,9,107,0,10,12,2,13,14,1,3,8,0,3,13,14,10,15,3,1,6,10,114,113,12,9,4,7,9,7,2,5,9,3,9,123,122,1,2,4,0,112,32,113,4,7,12,12,0,7,1,4,11,51,72,58,174,52,250,8,9,2,9,11,7,14,13,13,3,0,5,13,13,13,14,11,8,1,9,9,6,5,15,0,11,3,8,87,5,0,9,2,174,175,211,184,76,69,178,63,254,0,12,11,12,13,9,7,1,6,3,12,8,2,14,0,6,1,14,7,11,14,5,299,18,16,314,307,90,15,7,12,104,12,11,2,236,59,139,79,2,11,12,12,11,3,8,15,3,11,6,6,14,8,131,42,109,127,42,38,117,35,14,14,6,14,8,10,5,10,10,3
6,10,2,8,6,129,42,122,5,13,1,0,8,12,10,1,9,13,6,3,12,2,3,110,36,119,3,10,9,14,0,14,15,13,3,9,12,0,10,127,36,42,32,34,111,33,3,13,8,118,32,128,9,11,4,188,52,73,59,175,53,251,0,11,14,12,7,13,11,1,4,8,1,9,8,10,10,2,5,1,15,9,8,2,6,6,15,11,13,3,106,8,2,7,222,175,176,212,185,77,70,179,64,255,5,12,5,12,6,12,4,6,5,10,11,15,4,9,6,14,4,0,3,12,10,6,325,266,260,311,8,91,12,12,2,105,6,13,14,237,60,140,80,216,7,11,11,13,2,0,13,9,1,5,5,0,4,9,43,4,9,43,39,1,0,10,12,7,14,0,3,4,11,0,14
9,15,12,9,3,11,43,131,130,110,38,120,6,1,2,15,110,42,38,32,40,36,38,115,37,1,2,13,15,7,7,10,0,11,6,6,4,9,11,5,37,43,33,35,12,12,8,12,4,106,33,104,9,5,202,189,53,74,60,176,54,252,6,15,2,7,10,4,13,12,2,1,1,15,11,7,11,3,12,10,9,2,12,8,2,11,13,15,11,118,119,2,12,12,223,176,177,213,186,78,71,180,9,9,13,4,8,7,4,3,12,7,7,14,7,2,13,9,2,15,11,13,11,5,11,11,8,267,261,14,5,106,12,4,11,104,11,5,0,238,61,141,81,217,3,5,4,10,5,1,8,2,7,3,15,9,14,8,7,15,4,6,5,15,1,0,11,2,3,12,2,1,15,0,13
1,5,13,6,15,4,0,6,131,119,39,107,12,9,112,34,117,43,39,33,41,37,39,13,2,15,2,3,14,10,7,14,1,2,12,7,8,8,9,0,1,12,7,15,13,3,3,4,110,117,15,105,0,222,203,190,54,75,61,177,55,253,8,5,2,2,2,10,15,6,0,9,8,0,10,5,8,9,11,3,3,1,10,6,5,13,14,14,8,88,4,12,14,10,224,177,178,214,187,15,3,2,0,6,15,13,8,6,11,6,14,13,1,8,1,13,14,13,7,2,6,0,6,0,8,5,5,13,10,10,110,113,7,9,0,105,2,7,8,239,62,142,82,218,4,10,3,7,15,10,3,5,12,14,7,8,11,8,0,4,15,6,0,0,8,6,6,12,11,13,6,12,12,9,2
14,9,8,4,3,4,12,4,10,14,44,249,5,10,94,35,8,10,6,6,0,2,11,4,2,8,13,5,9,1,10,8,0,1,13,4,8,5,7,5,3,11,2,11,6,0,7,5,106,3,4,98,11,223,204,191,55,76,62,178,56,254,6,5,4,5,15,5,11,7,14,6,13,7,11,9,9,8,9,3,6,11,2,12,6,13,14,3,10,89,13,14,5,1,225,178,179,215,15,6,6,3,10,0,10,5,12,11,7,13,5,7,10,9,12,8,10,7,7,0,14,12,2,3,3,8,2,15,9,4,92,4,12,6,12,96,6,3,10,240,63,143,83,219,9,3,4,12,10,15,5,12,10,3,13,6,0,11,5,5,14,12,13,6,5,0,5,13,0,15,12,0,8,10,7
15,15,10,2,7,10,0,79,65,188,45,250,0,15,95,0,15,7,4,3,11,12,1,1,10,14,8,2,13,10,11,1,5,0,9,11,8,9,0,10,5,14,7,14,14,14,1,116,109,6,3,99,15,224,205,192,56,77,63,179,57,255,11,12,12,7,6,11,15,0,1,2,5,0,9,2,2,9,9,8,5,9,10,11,12,9,1,1,116,119,8,6,4,10,226,179,180,13,1,11,116,38,42,36,40,120,14,9,13,2,2,13,1,15,10,15,9,12,14,11,8,12,6,12,4,10,5,8,8,15,93,13,6,15,15,97,7,9,2,241,64,144,84,220,14,10,14,3,1,1,13,7,11,2,4,3,13,3,11,11,5,11,3,13,5,4,0,7,15,3,13,4,9,2,12
11,2,6,12,2,13,181,80,66,189,46,251,1,15,92,5,7,7,7,4,3,8,12,6,14,5,0,12,10,15,7,9,12,1,13,12,5,8,10,5,11,12,6,6,1,13,8,106,8,13,2,107,12,225,206,193,57,78,64,180,13,9,12,0,7,14,3,1,13,7,3,8,8,14,7,1,13,6,0,7,8,12,11,3,9,12,0,112,115,4,8,3,8,13,227,180,11,13,15,112,117,39,43,37,41,104,0,4,2,12,0,7,0,3,14,8,1,11,7,14,11,1,4,6,13,2,15,8,12,4,90,7,6,4,11,123,130,5,5,2,2,145,85,221,13,4,7,11,7,2,10,1,5,7,7,15,13,10,12,4,3,10,0,9,0,5,10,14,4,11,2,7,12,3,8
0,0,8,2,3,195,182,81,67,190,47,252,7,10,93,14,2,4,1,11,14,9,14,3,0,8,3,8,2,13,13,2,0,8,14,2,10,2,1,14,0,7,15,0,3,15,114,119,11,13,9,249,5,226,207,194,14,0,15,1,5,5,0,0,3,8,6,1,7,5,9,15,8,15,1,13,6,13,6,1,4,7,1,0,1,110,34,115,10,6,15,11,5,8,225,2,11,0,5,90,7,13,4,6,5,105,0,1,2,0,5,3,2,2,11,3,0,10,2,10,12,11,8,2,15,13,0,5,0,5,91,10,5,0,5,2,107,11,8,14,11,4,5,86,15,4,5,4,9,13,7,1,5,8,7,6,12,0,0,5,3,5,3,11,1,13,14,13,4,15,8,3,0,11,3
15,2,13,10,222,196,183,82,68,191,48,253,5,10,90,7,7,8,2,3,14,1,9,9,15,4,15,8,10,4,15,14,1,5,110,32,130,1,14,9,8,14,13,5,14,108,113,0,9,9,174,250,12,227,208,6,6,10,112,34,38,34,124,3,6,15,0,0,3,1,10,3,2,13,14,15,12,11,2,7,12,5,12,11,110,113,35,1,14,9,4,2,5,2,226,6,4,13,1,91,3,10,13,14,5,107,10,5,6,6,5,9,8,15,7,4,11,14,7,4,4,0,13,7,6,15,3,4,2,8,106,4,9,9,8,15,131,34,124,1,14,8,10,87,13,0,3,15,3,3,14,8,11,15,5,4,3,2,10,12,7,1,5,5,0,12,12,11,10,2,2,10,10,6,8
7,1,5,10,223,197,184,83,69,192,49,254,0,0,91,4,9,11,1,1,5,3,4,2,15,14,8,5,8,13,2,14,1,5,90,33,107,13,6,2,8,9,6,12,14,106,3,2,6,181,175,251,10,102,15,4,6,4,106,35,39,35,129,120,1,1,13,9,0,10,6,0,2,1,11,0,0,2,13,4,0,3,5,110,111,5,11,0,12,7,0,14,12,9,227,1,12,7,0,228,6,10,11,15,10,125,38,126,2,8,11,7,8,3,9,6,2,7,8,2,5,13,4,12,8,12,5,14,110,40,119,1,11,1,10,1,13,35,125,42,122,5,2,90,3,2,10,0,10,13,9,5,9,14,6,14,2,3,8,0,1,1,4,0,6,7,12,12,14,1,3,7,9,5,14
2,10,14,5,224,198,185,84,70,193,50,255,10,0,90,2,1,11,5,11,13,7,8,0,8,2,2,6,5,2,10,3,15,1,91,2,125,38,130,0,3,0,11,14,112,117,5,14,181,182,176,252,7,103,8,9,2,1,228,72,79,0,13,96,0,9,4,5,13,4,6,10,4,5,11,2,15,9,15,14,9,1,108,117,7,5,10,4,1,12,5,3,1,3,226,1,1,2,9,229,139,6,1,11,15,12,39,107,112,122,12,7,2,4,14,3,8,15,12,10,4,9,12,1,6,116,38,32,113,41,1,12,15,0,3,2,3,2,14,43,249,6,10,91,10,8,1,9,6,13,1,51,11,2,3,7,2,4,0,5,8,10,0,2,8,8,14,8,4,3,1,10,14,15,4
10,0,7,3,225,199,186,85,71,194,13,10,9,11,91,9,11,4,12,3,9,13,10,6,0,14,7,12,6,15,5,6,11,0,94,4,6,39,123,32,32,126,13,110,119,4,5,222,182,183,177,253,14,100,5,8,9,6,229,73,80,167,7,97,1,15,8,13,7,14,10,10,5,6,1,10,10,13,1,11,5,112,115,6,1,2,9,15,5,13,3,10,14,3,227,7,4,0,1,230,140,167,3,8,2,3,3,127,119,123,130,13,3,3,2,7,12,11,10,7,6,11,14,12,108,109,39,33,14,9,1,7,12,11,14,9,10,9,7,195,250,12,2,90,7,11,15,2,7,6,174,52,167,44,9,3,13,0,12,13,7,14,10,10,7,13,0,3,8,7,0,3,9,7,9
8,1,3,0,226,200,187,5,6,11,4,9,12,12,106,7,3,3,1,0,11,12,12,9,5,14,12,2,12,0,9,0,8,10,95,14,1,2,7,33,33,125,32,111,8,13,5,223,183,184,178,254,12,101,0,9,5,9,230,74,81,168,160,129,126,5,11,12,2,8,10,3,1,14,15,0,9,110,34,42,36,117,5,0,8,1,2,1,5,3,15,1,14,10,107,15,14,4,13,231,141,168,139,15,10,9,12,4,11,8,129,120,9,6,15,7,0,10,3,9,13,1,112,32,109,7,4,1,8,4,11,15,11,14,7,14,3,3,181,196,251,10,2,91,7,14,5,2,0,181,175,53,168,45,139,8,15,7,2,3,10,15,14,1,5,4,5,2,7,4,0,8,9,7,13
0,3,1,7,227,201,14,4,4,15,13,6,108,36,119,8,7,15,13,1,6,8,7,6,8,7,2,9,1,2,9,14,4,3,86,5,14,7,7,108,32,122,33,11,3,0,0,224,184,185,179,255,0,104,8,1,6,7,231,75,82,169,161,160,131,120,10,10,15,2,0,114,130,11,4,14,13,106,35,43,37,15,15,0,8,7,4,4,8,0,15,7,2,3,123,130,5,5,3,232,142,169,140,160,14,0,1,9,15,15,8,107,112,32,130,13,4,6,8,3,2,108,117,33,7,6,5,108,34,34,34,42,36,120,1,6,5,222,182,197,252,4,15,92,10,11,12,15,222,182,176,54,169,46,140,146,11,5,2,2,8,0,2,12,2,9,3,2,15,8,1,3,7,0,15
7,14,5,1,96,7,0,4,2,3,114,34,119,37,6,9,1,6,0,5,14,12,11,1,1,0,2,7,12,1,9,6,10,12,87,3,9,4,116,113,33,121,126,2,15,2,4,225,185,186,180,0,4,105,14,12,12,2,232,76,83,170,162,161,167,127,40,40,34,32,40,119,123,40,32,38,36,109,7,11,12,11,13,7,7,13,0,14,4,13,7,12,7,3,5,107,8,5,2,233,143,170,141,161,167,3,0,0,5,11,1,125,115,33,107,110,36,38,38,32,36,115,8,5,5,1,6,106,35,35,35,43,37,125,122,13,7,223,183,198,253,14,1,93,3,8,15,15,223,183,177,55,170,47,141,147,153,72,3,9,11,8,9,5,12,0,14,13,11,7,4,1,6,11,12
8,12,13,9,97,0,13,5,9,6,106,35,51,79,11,14,8,12,1,1,3,11,7,12,14,4,6,3,12,8,14,9,2,0,94,12,8,15,106,9,6,15,121,130,10,5,13,226,186,187,12,10,5,107,9,4,11,12,233,77,84,171,163,162,168,132,41,41,35,33,41,6,13,41,33,39,37,0,11,1,0,5,15,14,8,11,5,4,0,14,12,5,6,5,7,121,130,13,10,234,144,171,142,162,168,139,44,58,0,3,7,6,0,1,131,111,37,39,39,33,37,0,1,15,1,1,108,119,15,1,1,8,7,2,104,10,13,224,184,199,254,8,1,92,8,8,10,1,224,184,178,56,171,48,142,148,154,73,139,5,1,6,2,3,12,4,9,14,11,13,13,9,11,0,12
3,6,9,1,127,122,5,8,14,12,235,174,52,80,153,1,15,13,3,10,13,3,8,5,12,9,15,10,7,10,3,0,10,10,95,10,1,116,113,0,1,8,2,129,130,3,5,227,187,12,2,14,10,127,130,0,9,8,234,78,85,172,164,163,169,133,167,79,79,44,79,79,51,10,7,5,8,11,11,6,3,4,9,10,9,4,8,7,4,4,9,15,12,11,9,11,102,10,6,7,145,172,143,163,169,140,45,59,167,44,65,7,7,1,7,4,1,12,1,9,7,7,10,10,9,108,119,7,8,12,0,7,5,12,105,7,1,225,185,200,255,8,11,93,8,5,1,7,225,185,179,57,172,49,143,149,155,74,140,167,5,14,15,12,10,3,3,3,2,1,10,7,14,6,7
0,6,7,0,4,131,124,9,2,14,236,175,53,81,154,153,13,4,6,8,0,14,2,14,6,8,10,8,8,3,15,4,8,4,94,4,112,111,4,14,0,2,3,3,96,3,14,96,2,4,6,4,12,12,107,8,14,14,12,3,4,173,165,164,170,134,168,80,80,45,80,80,52,153,65,7,8,9,12,10,7,0,13,5,13,14,11,4,9,8,9,10,5,5,11,0,103,2,8,0,5,173,144,164,170,141,46,60,168,45,66,167,10,8,0,8,9,4,14,11,10,8,13,0,12,94,14,15,3,4,13,14,7,12,96,0,12,226,186,201,10,10,0,106,11,8,8,3,226,186,180,6,173,50,144,150,156,75,141,168,160,9,13,10,13,14,1,9,0,7,2,9,14,10,5
0,5,2,14,65,72,242,12,5,1,237,176,54,82,155,154,132,79,9,12,14,5,2,12,6,6,0,15,8,11,1,8,2,8,95,4,94,4,7,15,1,5,13,5,97,13,15,97,6,6,6,2,9,8,125,34,120,6,8,15,10,10,166,165,171,135,169,81,81,46,81,81,53,154,66,160,72,5,15,7,11,1,0,112,42,128,116,42,126,114,36,130,4,0,6,5,121,124,0,10,0,3,145,165,171,142,47,61,169,46,67,168,167,1,1,10,8,2,8,8,11,5,15,8,1,95,11,8,3,2,11,4,0,6,97,12,11,227,187,15,1,15,108,111,3,8,7,3,227,187,2,10,5,11,145,151,157,76,142,169,161,160,5,12,1,4,7,6,14,5,8,13,4,15,10
2,15,13,195,66,73,243,10,11,14,238,177,55,83,156,155,133,80,153,3,0,11,11,0,11,15,4,6,5,9,8,15,12,1,92,14,95,0,1,6,11,11,0,13,100,11,9,104,12,8,4,3,4,0,5,35,123,40,40,122,7,4,13,166,172,136,170,82,82,47,82,82,54,155,67,161,73,216,2,14,7,4,15,106,43,107,106,43,121,109,37,125,128,1,3,8,8,107,9,14,14,12,10,166,172,143,48,62,170,47,68,169,168,216,2,12,7,12,15,1,15,0,8,2,1,106,8,14,14,8,7,0,14,1,102,8,12,104,7,2,15,118,113,9,3,6,0,13,107,11,4,1,4,9,13,152,158,77,143,170,162,161,146,13,5,11,3,3,12,13,7,4,9,11,13
9,6,195,196,67,74,244,2,6,8,239,178,56,84,157,156,134,81,154,167,51,79,58,13,14,7,1,1,14,4,2,9,8,3,93,9,92,3,14,15,13,7,15,3,101,3,10,105,3,12,2,8,6,3,4,15,14,41,41,127,124,7,3,9,173,137,171,83,83,48,83,83,55,156,68,162,74,217,12,13,0,3,112,117,15,125,115,0,3,7,15,15,98,5,5,3,10,121,122,7,8,6,13,0,173,144,49,63,171,48,69,170,169,217,15,12,4,15,2,1,0,13,9,14,4,235,10,10,7,5,2,4,10,2,103,1,13,105,10,10,2,106,10,8,14,8,10,12,242,5,14,11,10,14,4,5,159,78,144,171,163,162,147,160,8,11,5,11,15,15,15,11,7,11,3
7,222,196,197,68,75,245,6,8,4,240,179,57,85,158,157,135,82,155,168,52,80,59,153,58,2,15,12,1,14,5,5,6,7,94,11,93,10,6,6,7,9,3,0,242,15,13,104,12,13,11,15,4,11,5,9,13,12,9,11,123,124,6,6,11,138,172,84,84,49,84,84,56,157,69,163,75,106,216,15,9,2,86,5,11,4,11,14,8,3,14,0,99,6,13,12,4,12,123,34,124,12,10,10,14,145,50,64,172,49,70,171,170,218,1,7,0,5,12,11,10,12,6,2,9,236,139,8,5,0,10,3,3,14,104,10,11,121,130,8,10,235,13,10,6,3,13,181,243,6,13,5,5,14,9,15,2,13,145,172,164,163,148,161,216,13,6,15,5,12,1,11,11,15,7
15,223,197,198,69,76,246,0,1,11,241,180,3,10,159,158,136,83,156,169,53,81,60,154,59,139,0,14,13,0,7,0,10,5,95,1,106,11,2,10,13,7,15,174,243,4,8,105,10,3,6,1,4,3,2,5,13,2,5,6,7,107,4,12,8,11,173,85,85,50,85,85,57,158,70,164,76,219,217,3,7,14,87,8,14,0,10,4,1,10,13,15,107,0,6,13,7,7,2,35,129,34,126,2,1,3,13,12,173,50,71,172,171,219,10,3,7,11,7,0,10,5,13,4,0,237,140,160,6,0,2,15,1,10,105,8,10,6,100,13,11,236,153,0,13,9,202,182,244,15,8,2,3,9,0,3,12,10,1,173,165,164,149,162,217,15,4,4,13,12,6,3,13,0,15
13,224,198,199,70,77,247,12,14,10,7,0,12,12,1,159,137,84,157,170,54,82,61,155,60,140,132,15,12,5,8,0,12,3,90,5,228,8,0,12,3,3,209,175,244,0,3,98,2,15,1,13,14,12,13,4,12,14,14,6,10,121,42,124,14,8,6,8,12,13,13,9,5,159,71,165,77,220,218,13,14,6,106,4,1,4,0,9,1,5,9,1,129,36,126,7,3,5,1,9,9,35,123,120,1,12,10,12,5,3,12,173,172,220,5,6,4,15,6,14,4,12,9,15,4,238,141,161,146,5,3,15,6,14,242,5,7,2,101,2,15,237,154,153,44,195,203,183,245,6,2,13,116,40,128,4,7,10,9,13,166,165,150,163,218,6,8,2,15,1,2,10,13,14,4
13,225,199,200,71,78,248,10,9,12,10,10,11,6,14,13,138,85,158,171,55,83,62,156,61,141,133,216,6,8,4,4,7,2,91,12,229,167,8,6,7,188,210,176,245,0,4,99,4,4,15,9,12,15,8,12,9,12,9,11,13,3,43,131,124,0,13,12,1,4,14,7,1,13,11,166,78,221,219,7,11,112,115,2,2,7,6,13,15,15,5,8,4,37,102,4,12,5,14,1,9,12,12,125,36,36,128,11,15,9,13,11,173,221,6,11,0,1,1,6,4,10,14,0,9,239,142,162,147,132,72,58,65,195,243,14,11,0,96,4,8,238,155,154,45,196,204,184,246,15,12,1,94,41,121,38,128,15,4,10,8,166,151,164,219,2,1,11,8,13,12,7,9,1,4
0,226,200,201,2,13,0,15,0,2,6,9,9,1,6,0,13,7,159,172,56,84,63,157,62,142,134,217,7,4,9,14,1,6,94,1,230,168,139,44,209,189,211,177,246,7,12,107,0,2,8,14,11,10,10,7,12,8,13,7,14,15,0,0,123,32,38,36,36,38,124,5,12,2,3,11,1,12,220,5,4,94,10,6,5,3,2,6,7,1,7,4,2,11,103,1,6,0,0,12,5,15,1,8,37,37,131,40,120,2,12,14,15,90,13,8,11,14,5,10,14,10,14,10,10,240,143,163,148,133,73,59,66,196,244,15,8,4,97,7,1,239,156,155,46,197,205,185,247,4,1,4,95,15,13,39,107,0,11,11,10,9,152,165,220,8,9,9,5,13,4,2,11,5,9
13,242,201,5,5,0,4,11,1,6,2,0,7,12,2,7,1,13,0,173,57,85,64,158,63,143,135,218,9,5,0,8,3,5,95,0,231,169,140,45,210,190,212,178,247,9,6,249,11,1,14,0,11,6,6,3,6,13,11,11,2,11,7,12,8,33,39,37,37,39,123,34,34,122,0,11,4,5,221,4,2,95,12,14,6,8,13,15,4,13,11,3,10,2,104,7,2,1,9,2,9,15,12,1,14,11,15,41,121,126,7,12,7,91,10,4,12,14,72,2,14,4,14,8,9,241,144,164,149,134,74,60,67,197,245,14,7,5,102,8,0,240,157,156,47,198,206,186,248,4,4,10,92,12,6,10,127,120,14,9,3,1,9,166,221,7,8,13,1,9,7,15,9,10,11
222,243,12,1,10,11,6,11,0,5,9,8,14,2,1,7,11,12,15,1,2,10,1,159,64,144,136,219,1,12,9,2,2,4,88,3,232,170,141,46,211,191,213,179,248,13,174,250,2,6,11,11,13,13,2,10,13,14,12,9,6,5,11,0,0,11,10,7,13,13,1,35,35,249,10,2,13,11,92,14,6,92,5,11,15,9,9,9,2,3,0,13,14,2,105,2,11,7,10,6,10,9,3,14,10,0,14,2,10,102,11,15,12,228,79,3,7,188,73,132,6,11,11,7,15,10,145,165,150,135,75,61,68,198,246,14,1,5,103,3,14,241,158,157,48,199,207,187,15,1,7,4,93,12,0,4,1,125,124,6,14,13,13,1,86,13,14,6,7,13,15,7,3,6,15
223,244,14,2,10,13,15,11,11,8,10,14,0,1,4,10,12,8,10,4,2,8,6,6,15,145,137,220,1,1,11,13,14,2,89,2,233,171,142,47,212,192,214,180,13,202,175,251,14,8,6,1,11,8,9,13,7,2,2,11,6,0,7,1,2,15,8,11,7,8,3,11,181,250,13,9,10,5,93,14,2,93,6,11,13,3,8,10,6,12,0,14,1,15,104,0,1,1,9,1,15,6,11,5,72,0,3,9,12,103,11,0,8,229,80,153,181,189,74,133,146,65,65,7,13,6,9,166,151,136,76,62,69,199,247,15,13,9,129,120,3,12,159,158,49,200,208,4,10,11,11,11,86,11,15,4,10,1,100,1,7,7,1,7,87,5,0,15,10,14,1,15,4,13,7
224,245,6,0,1,7,5,2,6,5,2,14,14,9,11,12,2,12,4,11,13,1,8,2,13,14,138,221,10,15,2,15,0,3,235,8,234,172,143,48,213,193,215,7,174,203,176,252,5,2,6,11,12,14,65,51,44,44,51,51,51,3,5,14,13,12,9,7,2,5,6,209,182,251,14,12,6,6,106,7,8,92,9,4,4,6,12,13,1,9,8,0,3,5,105,2,10,4,4,15,10,11,12,209,73,139,6,2,1,107,13,12,10,230,81,154,182,190,75,134,147,66,66,160,14,3,0,3,152,137,77,63,70,200,248,10,3,0,7,102,4,0,10,159,50,201,14,8,11,10,6,14,87,12,2,5,1,15,101,4,13,14,1,1,90,6,3,13,9,12,13,8,0,7,0
225,246,3,11,2,7,4,12,15,6,2,12,0,0,3,2,12,5,1,5,0,5,10,0,12,4,0,90,13,0,13,4,8,10,236,167,7,173,144,49,214,194,4,209,175,204,177,253,7,9,7,3,79,181,66,52,45,45,52,52,52,132,51,79,72,72,51,72,51,65,174,210,183,252,10,4,4,118,117,9,7,93,4,15,8,12,11,10,5,4,15,0,6,11,242,2,9,7,4,2,14,1,181,210,74,140,132,6,7,121,128,3,2,231,82,155,183,191,76,135,148,67,67,161,139,1,14,0,10,138,78,64,71,201,12,14,0,3,2,103,7,3,12,3,9,0,13,12,14,11,2,11,106,8,0,10,1,13,127,128,2,0,14,14,91,2,9,13,14,14,5,2,2,0,5
226,247,11,12,10,10,2,2,8,11,0,11,7,13,3,8,8,8,6,12,5,9,3,4,4,1,7,91,5,1,8,9,4,2,237,168,146,11,145,50,215,7,209,210,176,205,178,254,14,7,5,202,80,182,67,53,46,46,53,53,53,133,52,80,73,73,52,73,52,66,175,211,184,253,14,15,12,92,13,3,1,86,12,14,10,14,13,13,3,10,14,7,7,195,243,14,7,15,3,13,15,174,182,211,75,141,133,146,65,58,249,9,11,232,83,156,184,192,77,136,149,68,68,162,140,146,8,1,8,14,15,11,14,116,40,120,2,8,6,104,10,10,6,1,12,13,0,6,15,116,40,34,111,10,2,15,13,11,1,107,4,6,6,14,94,11,15,2,3,5,11,14,4,12,8
227,248,1,10,11,9,7,13,5,2,10,6,0,14,5,4,15,11,6,6,10,2,0,4,11,15,12,92,5,14,11,9,11,8,238,169,147,160,51,65,44,181,210,211,177,206,179,255,8,13,174,203,81,183,68,54,47,47,54,54,54,134,53,81,74,74,53,74,53,67,176,212,185,254,2,3,2,93,14,12,9,87,4,11,4,0,8,2,14,5,8,5,209,196,244,14,11,10,1,3,209,175,183,212,76,142,134,147,66,59,250,12,0,233,84,157,185,193,78,137,150,69,69,163,141,147,132,11,4,1,13,15,11,88,41,100,1,12,15,105,0,12,5,3,2,5,0,9,15,92,41,35,13,14,1,14,15,1,5,249,3,5,14,6,95,8,14,2,2,8,11,2,3,6,4
100,12,2,12,13,8,5,13,14,8,3,8,8,15,0,1,1,7,1,9,12,0,14,8,3,1,6,93,9,4,4,13,10,4,239,170,148,161,52,66,45,182,211,212,178,207,180,14,0,181,175,204,82,184,69,55,48,48,55,55,55,135,54,82,75,75,54,75,54,68,177,213,186,255,1,11,4,106,5,2,5,90,6,9,8,1,2,10,7,13,12,188,210,197,245,8,3,12,7,202,210,176,184,213,77,143,135,148,67,60,251,5,9,234,85,158,186,194,2,138,151,70,70,164,142,148,133,153,1,9,10,10,4,89,4,101,1,14,14,104,8,4,1,12,8,4,7,3,13,93,14,7,0,9,2,8,12,6,188,250,8,8,5,0,90,3,12,15,15,5,1,0,9,6,5
101,13,12,10,11,1,6,15,8,12,13,10,9,11,10,7,8,10,7,7,3,7,13,4,15,5,15,86,9,4,6,4,10,1,240,171,149,162,53,67,46,183,212,213,179,208,12,12,209,182,176,205,83,185,70,56,49,49,56,56,56,136,55,83,76,76,55,76,55,69,178,214,187,7,15,1,114,109,11,11,0,91,6,3,0,9,8,11,13,9,174,189,211,198,246,13,5,6,202,203,211,177,185,214,78,144,136,149,68,61,252,2,8,4,7,159,187,9,3,5,152,71,71,165,143,149,134,154,139,14,10,4,0,86,5,96,2,14,14,105,8,6,7,9,7,1,13,12,0,92,4,8,1,12,0,6,13,202,189,251,15,14,3,6,91,10,7,1,14,1,13,10,12,11,11
98,4,14,2,13,0,12,13,12,15,15,13,12,12,5,13,2,11,6,13,8,3,1,15,13,7,3,87,0,7,14,1,13,4,241,172,150,163,54,68,47,184,213,214,180,2,11,181,210,183,177,206,84,186,71,57,50,50,57,57,57,137,56,84,77,77,56,77,56,70,179,215,15,13,10,7,106,11,13,5,10,90,3,10,15,15,12,7,6,181,175,190,212,199,247,9,3,188,203,204,212,178,186,215,5,145,137,150,69,62,253,15,4,9,8,15,15,6,1,9,3,7,6,166,144,150,135,155,140,153,1,7,3,87,1,97,8,13,6,100,1,11,10,7,2,9,11,5,7,93,3,13,11,5,15,12,181,203,190,252,2,10,10,11,86,14,4,2,11,14,13,0,3,5,8
99,1,12,2,13,7,7,8,4,3,6,9,13,9,1,1,13,2,9,9,6,15,6,7,6,13,1,88,12,9,1,5,3,15,1,173,151,164,55,69,48,185,214,215,8,12,222,182,211,184,178,207,85,187,2,4,2,11,10,13,15,138,57,85,78,78,57,78,57,71,180,9,14,10,12,116,117,4,4,5,5,91,6,7,3,7,11,0,195,182,176,191,213,200,248,4,209,189,204,205,213,179,187,15,14,11,138,151,70,63,254,7,12,12,10,3,8,8,14,3,10,1,12,2,145,151,136,156,141,154,216,4,15,86,8,129,122,9,15,101,5,5,11,13,2,14,5,15,3,228,6,5,8,10,1,188,182,204,191,253,12,0,8,14,87,11,2,8,8,11,1,3,15,2,6
100,4,12,2,9,5,7,11,14,13,15,3,5,9,15,3,3,1,11,4,15,3,8,10,13,10,7,89,2,6,11,8,12,7,14,10,152,165,56,70,49,186,215,11,0,9,223,183,212,185,179,208,13,108,42,32,36,38,128,116,34,124,9,7,11,9,1,13,2,5,7,7,10,4,13,106,12,15,13,3,2,228,8,10,12,51,72,202,196,183,177,192,214,201,7,209,210,190,205,206,214,180,8,8,11,12,0,152,71,64,255,2,11,8,3,8,1,9,11,14,0,11,1,15,1,152,137,157,142,155,217,10,15,87,4,4,100,14,0,131,128,0,5,12,3,10,8,0,7,229,167,72,79,51,202,189,183,205,192,254,2,9,15,10,92,13,8,10,2,12,0,3,3,4,6
101,12,4,13,1,0,9,15,3,11,13,8,5,9,11,15,9,12,9,5,12,1,13,5,4,7,7,94,9,11,10,11,14,1,6,11,5,166,57,71,50,187,14,3,1,14,224,184,213,186,180,3,8,106,43,33,37,39,127,113,35,123,124,0,7,2,5,8,10,3,12,13,7,15,5,235,5,5,8,9,8,229,139,79,181,52,73,203,197,184,178,193,215,3,195,210,211,191,206,207,215,10,11,14,3,14,3,9,6,0,12,8,7,2,2,3,10,10,14,6,4,2,13,8,1,0,138,158,143,156,218,15,3,92,12,5,101,2,15,11,102,13,5,3,15,15,5,5,14,230,168,73,80,52,203,190,184,206,193,255,11,8,7,6,93,7,12,13,12,1,12,11,2,3,11
98,5,13,1,0,14,9,8,7,6,14,0,15,2,11,14,14,3,10,2,7,15,4,14,9,6,2,95,1,14,14,2,11,11,9,10,1,9,4,11,10,6,11,4,9,14,225,185,214,187,5,110,32,117,0,9,11,9,7,3,15,11,98,3,1,13,7,10,9,14,2,0,11,2,8,236,167,1,4,5,1,230,140,80,182,53,74,204,198,185,179,194,14,222,196,211,212,192,207,208,15,7,0,3,7,1,1,9,1,8,1,3,3,7,7,12,12,3,14,9,13,12,12,2,12,13,12,159,144,157,219,0,0,93,3,10,107,3,12,8,103,14,1,14,6,5,13,10,11,231,169,74,81,53,204,191,185,207,194,4,0,6,5,8,94,8,13,15,6,12,14,9,2,10,15
99,0,15,8,1,14,11,6,2,3,12,9,13,12,5,12,8,1,10,8,15,3,15,1,15,1,15,86,5,14,3,7,15,13,4,0,5,6,10,3,2,0,11,11,2,13,226,186,215,4,0,106,33,7,7,0,11,1,2,14,1,15,99,5,3,8,15,13,12,9,13,9,12,0,15,237,168,153,2,7,7,231,141,81,183,54,75,205,199,186,180,2,12,223,197,212,213,193,208,13,9,14,0,6,3,1,15,14,7,11,3,8,4,10,12,5,12,9,3,12,14,4,12,7,9,0,15,15,145,158,220,9,13,90,10,11,123,130,14,10,107,5,4,11,4,4,2,2,3,232,170,75,82,54,205,192,186,208,9,14,14,11,14,2,95,8,9,13,13,1,9,14,11,14,1
102,2,5,12,14,11,1,3,9,13,15,7,15,1,6,10,1,1,14,0,8,3,6,11,13,0,11,87,5,2,9,11,10,3,1,14,6,15,5,7,0,4,14,10,8,15,227,187,2,12,108,111,6,2,3,8,3,10,10,12,2,9,100,11,9,5,3,14,7,2,6,0,11,3,2,238,169,154,216,12,0,232,142,82,184,55,76,206,200,187,7,14,11,224,198,213,214,194,6,8,12,1,13,15,15,9,12,6,2,13,13,4,11,12,12,7,10,7,14,0,8,1,8,12,13,9,9,7,4,159,221,15,4,91,13,3,2,104,2,10,121,130,9,12,10,3,2,7,14,233,171,76,83,55,206,193,187,7,9,8,2,11,0,116,111,15,0,15,7,3,11,6,5,12,11
103,4,15,5,6,10,13,2,8,6,0,15,15,8,0,3,14,2,2,4,7,14,3,15,12,11,9,94,0,2,7,15,10,1,5,14,15,7,5,15,1,116,38,126,6,14,226,12,8,12,86,6,10,4,13,3,3,6,0,12,11,7,101,9,0,7,0,3,11,9,14,8,1,4,9,239,170,155,217,8,9,233,143,83,185,56,77,207,201,6,8,6,2,225,199,214,215,9,12,10,13,13,13,13,1,4,1,14,14,14,9,1,6,4,5,7,1,12,9,1,0,10,13,4,10,10,8,5,6,9,106,14,13,86,15,3,11,105,11,11,5,96,13,13,11,8,15,2,3,234,172,77,84,56,207,194,11,11,1,3,14,10,11,94,6,15,6,14,2,7,11,4,1,15,15
96,5,15,3,10,13,8,10,8,0,9,10,4,12,2,7,12,14,7,15,12,14,11,15,3,1,8,95,11,1,10,13,1,2,1,1,14,7,13,11,110,119,39,104,2,12,227,13,2,2,87,4,15,14,3,10,13,2,10,14,0,0,98,10,8,14,12,3,0,3,2,15,11,11,8,240,171,156,218,6,13,234,144,84,186,57,78,208,4,15,4,3,2,226,200,215,12,8,10,3,6,11,6,3,11,7,12,9,12,6,4,8,2,1,4,2,0,7,10,8,12,13,9,9,0,7,5,10,7,8,220,4,13,87,7,1,0,104,0,7,7,97,13,8,9,7,2,1,12,3,173,78,85,57,208,0,15,15,15,7,6,1,11,95,9,5,4,1,5,7,12,9,3,4,0
97,12,1,10,3,0,14,8,11,10,7,1,5,3,1,1,1,11,10,4,15,13,7,9,4,11,2,86,1,7,10,2,6,14,2,5,12,7,14,8,94,7,5,105,7,3,224,7,0,116,115,13,10,2,4,4,3,9,11,3,14,8,99,3,12,12,14,8,6,9,9,0,7,9,0,241,172,157,219,10,6,12,145,85,187,9,9,11,12,5,0,12,14,227,201,15,7,5,9,6,0,8,7,12,13,9,7,2,14,7,12,4,1,12,1,0,6,8,3,0,4,14,6,11,14,4,11,15,9,9,221,12,1,86,15,10,4,105,6,0,13,127,126,9,9,8,7,11,15,2,6,15,14,9,6,5,14,2,3,6,5,5,14,106,1,14,12,12,6,0,2,11,13,14,14
100,3,13,13,0,2,5,2,13,15,14,12,14,11,2,15,7,15,13,0,4,8,8,12,7,11,15,87,12,6,9,5,8,0,10,3,14,13,15,4,95,9,14,104,1,5,225,3,9,92,5,12,1,4,5,13,1,10,11,11,0,2,249,1,2,9,12,15,0,1,4,5,15,0,0,14,173,158,220,4,2,12,0,11,3,5,5,9,11,3,12,3,3,104,11,13,13,1,3,0,7,14,5,0,5,13,14,3,12,10,1,5,11,2,13,1,15,9,8,8,6,13,4,1,6,4,8,7,8,118,113,3,6,87,8,3,9,107,9,7,10,13,131,130,4,15,0,15,15,12,11,11,14,9,11,15,10,13,4,10,14,6,112,111,2,6,15,4,8,4,12,1,8,5,0
101,1,7,1,14,7,0,12,15,9,5,14,13,13,6,0,10,11,5,7,0,4,3,15,15,12,6,90,3,9,2,1,13,0,11,3,12,9,6,14,88,10,13,105,9,5,226,13,0,93,0,10,10,8,14,15,4,2,9,3,58,174,250,3,7,7,13,0,10,3,13,13,10,12,10,7,2,159,221,0,7,9,7,2,3,10,1,2,6,6,5,5,0,105,13,3,12,0,0,1,8,5,14,9,2,11,8,5,15,13,8,15,9,0,2,12,6,15,13,9,2,15,5,1,12,10,9,14,11,235,10,12,11,90,7,13,9,131,126,10,10,15,14,100,2,10,12,11,1,7,9,13,7,8,7,4,9,14,7,3,10,8,106,11,0,15,1,5,8,8,10,7,13,3,0
102,9,3,4,13,15,10,13,7,0,0,7,10,12,4,3,14,0,13,8,2,5,6,2,10,15,1,91,15,0,5,3,11,11,4,4,0,1,14,7,89,15,10,100,6,14,227,8,2,90,5,5,1,7,15,6,15,15,0,195,59,175,251,12,11,11,11,10,5,12,15,12,9,9,9,3,0,0,86,8,0,1,13,2,2,14,5,10,10,8,9,7,13,100,5,13,6,1,13,7,0,9,0,7,6,0,4,8,10,7,9,0,13,4,14,6,1,13,2,10,14,8,0,0,12,6,0,11,6,236,216,9,0,91,5,8,14,7,102,15,7,6,11,101,3,4,9,9,14,14,10,7,7,12,5,0,5,5,11,10,8,114,113,7,0,11,5,7,1,15,3,1,13,10,3
103,7,9,14,6,10,4,5,6,12,10,13,7,5,11,14,11,9,10,3,0,5,11,10,0,12,9,86,6,7,6,13,15,14,4,11,12,116,38,124,106,13,6,101,6,9,98,4,13,91,10,6,8,4,4,2,8,10,174,196,60,176,252,12,12,10,10,11,4,12,8,10,8,13,12,6,6,9,87,1,10,3,4,0,1,7,1,13,15,13,0,3,9,101,6,0,9,3,7,13,2,2,1,14,15,15,7,5,11,6,12,7,11,8,8,6,6,0,9,9,9,9,10,1,4,13,8,6,4,237,217,2,14,86,10,6,8,2,103,6,14,11,4,96,15,5,14,10,14,6,13,5,11,14,11,1,10,3,13,10,0,106,8,3,15,2,3,15,0,5,5,6,0,15,15
96,4,0,1,10,0,14,2,15,11,15,8,8,7,12,12,8,9,0,15,12,10,10,6,1,3,5,87,2,2,1,6,4,15,8,9,116,119,39,121,111,9,9,102,8,14,99,12,15,106,11,2,9,10,3,4,1,202,175,197,61,177,253,15,1,5,7,14,2,0,1,1,14,0,0,15,14,2,86,4,0,12,0,9,13,0,0,0,0,2,4,13,8,107,3,9,0,15,5,15,1,9,14,0,14,3,15,5,0,13,8,15,11,1,12,15,6,14,8,5,13,10,5,12,5,3,3,10,4,238,218,12,5,87,0,7,8,9,100,2,5,0,13,97,1,10,4,12,8,14,0,9,12,9,4,8,0,15,15,8,118,109,7,8,8,8,0,2,1,8,15,11,2,13,8
97,1,10,2,8,4,7,13,7,4,1,8,3,9,11,6,5,14,1,0,3,6,2,13,12,9,10,92,5,13,6,12,14,8,14,0,90,1,10,15,0,10,14,103,10,14,98,13,9,228,5,12,0,8,1,8,202,203,176,198,62,178,254,0,5,13,5,15,4,0,13,14,10,9,14,13,14,12,87,11,9,15,4,14,15,10,116,32,120,8,11,8,7,225,4,3,12,0,1,9,6,2,13,7,13,11,10,5,13,13,13,4,7,10,1,9,13,7,9,12,5,0,15,1,0,6,9,7,6,239,219,5,6,94,3,11,8,12,101,4,13,6,1,123,128,8,4,10,5,12,1,3,0,2,9,14,3,9,12,15,90,8,12,5,12,15,13,11,2,6,1,10,12,15,7
100,4,2,8,13,6,7,1,1,12,14,9,9,4,3,4,12,1,7,3,7,1,7,14,2,2,7,93,15,0,14,2,9,10,1,7,91,13,3,14,8,1,7,107,11,4,99,3,5,229,160,72,72,72,79,174,203,204,177,199,63,179,255,0,8,13,10,7,5,7,10,13,2,14,7,7,5,5,94,10,12,2,7,14,3,6,106,33,107,9,15,14,4,226,3,14,10,6,4,7,2,9,13,9,9,3,6,15,13,14,12,5,4,15,4,6,14,14,9,10,15,3,1,2,9,10,7,12,14,240,220,2,11,95,7,14,1,1,104,9,14,6,7,2,129,120,2,6,0,2,12,6,13,5,0,8,12,10,6,14,91,4,11,1,3,15,15,7,8,4,12,8,2,1,13
101,6,4,8,10,5,9,0,10,10,2,12,13,14,8,5,7,5,2,9,15,2,10,12,1,5,112,113,5,10,12,8,14,6,0,6,90,11,11,12,15,1,0,242,2,13,104,13,1,230,161,73,73,73,80,175,204,205,178,200,64,180,5,3,15,14,4,6,3,15,0,5,3,14,12,12,3,13,95,0,0,6,14,14,13,116,111,7,125,34,42,124,9,227,3,9,7,7,13,13,14,12,5,14,4,6,11,13,8,11,1,2,10,14,10,13,7,9,7,6,4,12,14,10,7,4,14,9,10,241,221,8,15,90,7,5,7,0,105,116,34,120,1,6,11,125,38,36,38,130,11,9,2,6,4,108,128,5,11,112,119,0,1,9,13,4,4,9,15,7,10,4,5,5,9
125,120,0,15,2,9,3,5,14,8,4,8,5,3,15,8,10,10,5,2,4,6,8,7,11,9,92,7,7,11,4,8,13,5,1,13,91,8,10,14,10,3,209,243,11,4,105,8,1,231,162,74,74,74,81,176,205,206,179,201,0,4,3,8,6,14,4,2,7,7,3,3,14,4,7,8,4,9,86,6,15,5,2,118,36,119,6,15,6,35,43,107,5,107,10,1,5,9,9,1,15,12,4,12,2,12,4,8,12,8,15,9,13,3,15,12,2,5,2,13,15,15,11,15,7,6,5,12,9,8,86,5,12,91,7,5,8,10,123,119,35,96,6,9,7,0,39,37,39,129,40,36,36,38,32,119,121,38,40,109,7,1,0,2,7,11,7,9,9,13,6,2,14,12,1
2,98,10,10,13,12,0,10,10,3,14,7,6,8,15,8,3,1,11,14,7,1,11,6,11,12,93,13,9,7,1,8,12,0,8,118,109,10,11,0,10,181,210,244,2,7,96,0,2,232,163,75,75,75,82,177,206,207,180,15,3,11,13,5,6,11,9,14,12,3,0,6,0,2,3,2,15,3,87,12,8,12,5,90,37,10,4,3,6,13,14,121,122,129,128,10,6,3,8,13,6,15,0,10,6,1,10,10,13,9,11,12,1,8,12,2,6,4,0,10,15,3,1,13,4,2,4,5,9,0,87,8,7,92,1,6,13,5,4,3,5,97,11,10,9,3,1,11,8,1,41,37,37,39,33,10,5,39,41,5,14,5,4,4,14,15,2,13,12,0,8,3,0,5,5
9,99,2,9,11,10,10,11,3,8,14,12,4,15,11,8,4,3,15,5,13,8,14,2,3,108,111,15,15,0,13,11,112,34,128,106,2,1,2,7,181,182,211,245,11,3,97,6,4,233,164,76,76,76,83,178,207,208,14,9,13,2,6,10,11,1,4,14,10,1,4,12,12,13,9,10,11,7,92,8,14,7,9,91,7,14,10,0,2,8,10,5,96,7,102,4,11,7,5,10,6,2,1,8,11,9,0,8,14,1,4,11,12,9,7,0,9,1,14,2,14,12,4,15,2,8,2,0,12,4,106,10,4,93,3,13,7,9,1,1,14,242,1,14,6,1,6,2,7,10,4,5,0,9,8,7,9,9,14,1,12,12,10,9,1,0,3,4,6,2,13,9,13,14,5
15,102,8,11,9,1,5,3,12,14,4,3,0,3,2,12,9,0,5,13,0,6,1,6,6,88,1,0,6,9,9,110,119,35,123,117,13,3,6,188,182,183,212,246,6,3,107,1,9,234,165,77,77,77,84,179,208,8,12,7,3,14,8,9,4,4,7,14,15,7,8,14,15,14,10,6,13,2,93,11,9,1,3,94,5,2,1,11,6,0,11,15,97,13,103,2,9,12,7,9,15,9,2,3,7,11,1,15,15,1,13,11,9,8,3,6,3,12,9,15,7,4,7,2,3,13,0,3,6,110,109,11,114,109,7,0,4,8,10,5,174,243,0,12,10,13,4,11,1,15,11,13,7,6,4,15,3,6,4,4,14,0,2,12,6,1,10,5,14,14,7,4,4,6,4
5,103,10,4,2,1,5,12,12,4,11,4,8,2,4,9,4,5,9,10,9,2,12,1,8,89,0,3,12,10,110,115,4,12,12,1,6,2,174,189,183,184,213,247,9,8,125,124,3,0,166,78,78,78,85,180,3,0,12,9,8,10,0,14,1,13,8,11,4,1,10,1,6,14,14,13,0,4,90,13,1,7,15,95,10,3,14,6,10,4,4,0,98,10,98,0,5,6,7,0,6,4,10,5,3,6,13,7,12,13,8,14,8,0,14,7,3,7,4,15,14,4,8,0,4,14,13,9,112,117,15,8,94,4,2,4,2,1,7,174,175,244,5,10,8,7,14,1,14,8,6,15,15,12,3,1,5,3,13,13,10,13,4,11,5,1,12,1,11,8,6,9,1,9,14
10,107,13,11,13,12,10,9,0,2,9,8,14,12,9,11,11,2,8,0,10,2,5,8,116,115,5,4,11,7,106,0,13,2,14,13,13,222,175,190,184,185,214,248,13,12,5,100,9,6,1,1,5,11,2,9,8,15,8,3,11,14,3,5,12,5,5,1,11,2,2,5,1,3,1,14,12,7,91,9,10,9,11,106,14,11,14,4,12,15,9,8,99,12,99,0,2,4,8,14,4,15,15,11,5,11,5,9,15,2,9,0,11,12,11,4,0,11,14,4,8,9,4,9,5,9,6,14,90,14,10,11,95,5,13,0,3,15,222,175,176,245,5,11,10,6,14,10,11,13,12,4,13,6,4,4,12,1,15,5,6,13,5,14,8,15,1,1,9,4,3,3,3,3,8
0,125,120,15,4,8,4,3,5,8,0,7,7,11,1,15,1,12,2,1,10,7,5,110,111,10,9,10,9,108,119,9,10,10,7,0,8,223,176,191,185,186,215,7,1,0,4,101,10,15,1,14,2,14,3,9,15,0,8,9,5,2,3,0,15,11,8,9,7,13,1,11,4,7,11,9,14,118,111,7,9,116,42,119,12,1,10,2,0,0,4,4,102,15,127,124,14,14,8,6,8,8,12,4,10,5,7,7,10,7,10,8,6,7,14,8,15,0,0,14,3,1,8,5,3,4,7,8,91,6,0,6,106,9,5,9,1,10,223,176,177,246,1,15,14,7,0,1,3,8,8,8,14,1,6,9,10,13,14,7,1,0,8,9,3,7,13,13,9,12,10,7,13,6,5
13,7,129,40,126,6,0,15,11,1,4,4,7,12,13,15,4,8,2,10,9,14,118,113,5,4,2,15,1,92,13,12,4,15,6,1,3,224,177,192,186,187,14,10,6,5,2,98,3,5,7,8,5,15,3,11,6,6,14,9,11,1,6,14,15,6,12,4,11,2,7,2,15,12,10,15,0,106,5,15,112,117,43,14,2,5,11,12,12,2,1,12,103,5,11,100,1,2,2,10,1,0,13,9,14,15,3,7,10,12,9,10,1,8,7,8,11,1,8,1,0,13,1,11,4,3,10,110,115,14,13,110,113,8,13,10,0,12,224,177,178,247,11,7,3,4,0,13,4,10,5,15,9,8,3,5,14,9,5,0,15,4,1,14,1,14,3,2,5,4,6,1,10,8,3
7,3,12,41,107,118,128,8,2,13,6,11,3,9,4,9,15,11,11,3,8,112,111,0,5,13,3,0,7,93,14,1,2,2,12,10,7,225,178,193,187,1,8,10,12,9,7,99,2,12,9,11,10,15,8,12,8,3,14,14,2,2,13,12,8,5,1,10,15,4,2,8,2,8,9,13,114,109,1,6,94,14,2,12,6,4,4,15,6,11,9,2,100,8,2,101,8,6,10,15,6,2,7,13,8,4,0,10,5,5,10,4,2,15,10,6,1,9,5,13,3,7,10,0,11,7,11,86,7,4,10,88,14,5,8,9,10,6,225,178,179,248,8,4,7,9,5,6,12,11,10,2,13,0,12,10,14,12,5,7,15,0,13,15,0,13,7,7,10,8,6,8,5,3,14
10,11,14,10,131,117,125,40,40,32,36,34,42,34,32,32,40,32,34,38,42,113,13,0,9,2,0,4,8,86,15,4,9,7,13,4,9,226,179,194,15,3,7,13,4,6,0,123,124,11,4,12,12,2,13,13,4,6,15,14,2,7,5,1,13,0,4,11,6,14,1,4,6,7,3,15,86,0,14,2,95,6,9,10,14,7,9,3,2,0,1,3,101,3,15,123,122,3,5,3,4,14,6,7,15,12,11,0,2,6,6,15,11,1,9,15,11,11,1,7,14,3,5,1,2,0,9,87,1,15,2,89,11,12,1,9,3,8,226,179,180,10,8,4,0,7,10,9,13,10,12,12,15,3,11,3,1,9,2,4,13,9,9,3,3,13,13,10,6,12,8,1,12,10,2
15,15,15,11,4,9,1,41,41,33,37,35,43,35,33,33,41,33,35,39,43,10,3,3,0,0,12,8,7,87,3,6,0,1,0,0,7,227,180,10,13,12,12,1,6,9,5,2,107,0,13,7,15,0,9,10,0,15,0,7,12,6,13,7,4,2,15,8,9,6,1,15,0,4,3,15,87,7,11,7,106,8,7,11,7,14,13,1,8,7,12,0,98,2,6,4,107,5,5,13,0,4,5,15,1,14,7,6,8,6,2,3,6,5,7,9,6,3,12,1,0,9,9,2,12,15,13,90,7,1,114,109,14,10,13,14,15,4,227,180,9,5,4,10,5,14,11,12,11,4,10,3,0,14,1,2,7,10,3,2,5,5,6,0,15,8,12,4,5,15,2,7,7,10,14
10,7,11,5,12,7,2,2,13,5,10,15,6,15,12,2,4,11,7,5,9,14,13,13,10,3,116,38,40,119,15,6,15,8,15,13,14,96,14,5,15,6,13,15,6,7,0,8,125,130,11,3,1,8,6,5,1,12,6,8,8,13,6,15,12,9,2,13,5,3,12,3,4,8,7,3,92,12,11,0,228,13,14,9,8,11,5,11,12,7,12,2,99,14,4,5,125,122,8,14,12,9,6,5,0,7,3,8,6,8,3,4,3,9,1,0,0,0,9,1,6,12,14,6,14,6,4,91,10,0,88,0,0,15,8,5,8,15,96,3,12,14,0,6,1,3,0,12,15,14,3,12,4,12,1,2,0,11,3,6,5,13,4,9,6,7,12,9,10,8,7,3,4,10,10
4,7,116,32,32,36,38,32,32,32,36,34,38,32,42,32,38,32,38,36,36,42,42,34,32,38,113,39,41,12,9,15,7,15,14,15,15,97,11,10,13,13,3,6,13,6,11,7,6,129,122,13,11,8,2,0,13,15,5,15,4,8,8,9,5,0,10,11,9,10,8,12,2,12,5,10,93,14,12,5,229,132,0,11,5,4,11,12,1,5,11,0,96,11,10,11,15,102,2,5,3,1,14,14,1,8,1,11,5,2,1,3,0,1,13,2,6,0,2,6,5,4,4,13,12,15,114,111,15,0,89,12,0,11,7,9,10,0,97,11,11,7,3,2,11,9,2,3,5,11,7,10,5,15,3,13,12,5,5,7,15,15,0,7,6,0,12,7,9,2,10,9,8,7,14
9,116,113,33,33,37,39,33,33,33,37,35,39,33,43,33,39,33,39,37,37,43,43,35,33,39,10,0,13,7,8,9,13,4,0,7,5,107,6,11,13,14,8,8,8,1,14,9,14,5,98,4,9,6,0,2,9,11,4,0,11,1,10,13,12,5,1,6,2,1,13,5,12,9,8,112,115,5,2,2,230,133,146,10,13,15,4,1,0,1,3,10,97,11,8,9,12,103,11,2,7,0,0,9,12,12,1,12,7,7,15,12,14,11,7,7,5,7,13,1,14,12,15,12,2,8,90,5,12,10,235,72,14,11,4,14,3,8,107,14,15,4,5,15,2,2,11,0,13,14,15,11,3,15,8,7,6,14,2,8,11,14,6,6,0,6,10,2,1,12,11,15,11,3,5
9,94,12,7,14,7,15,7,12,6,4,5,13,11,14,8,15,8,9,15,0,3,8,11,14,10,12,15,10,0,1,72,10,14,14,2,10,249,0,7,3,7,9,3,7,1,10,5,4,11,99,1,6,7,6,5,6,15,2,7,2,12,4,15,14,15,10,8,5,15,0,3,4,5,114,115,15,2,12,4,231,134,147,160,58,10,8,10,14,2,5,5,242,9,12,5,8,100,1,15,0,8,0,2,4,15,11,12,10,1,7,3,1,12,13,1,0,6,7,7,8,9,4,9,2,6,91,3,11,8,236,73,167,44,72,8,11,12,242,7,9,14,3,4,6,13,7,15,14,13,2,15,14,2,14,0,14,2,2,9,0,6,10,4,7,4,4,3,4,7,1,14,13,13,2
0,95,14,8,10,9,15,10,5,10,1,14,12,1,5,3,13,2,5,0,3,7,10,7,6,4,14,7,2,12,195,73,139,51,51,72,195,250,3,6,0,6,14,3,1,5,6,7,3,1,131,120,10,2,0,13,3,15,2,8,10,1,14,12,9,8,5,5,0,4,13,14,14,110,119,4,12,0,6,1,232,135,148,161,59,167,44,65,72,65,44,174,243,2,4,7,4,101,14,112,130,6,6,5,5,13,3,13,12,6,0,10,13,10,15,5,0,3,6,12,4,0,7,12,1,3,86,15,10,7,237,74,168,45,73,167,79,209,243,5,0,9,10,0,0,6,7,3,15,15,2,10,9,4,7,4,3,0,14,10,4,2,10,12,7,12,5,4,13,4,7,0,13,13,8
14,106,9,0,13,5,6,7,11,13,7,2,3,7,10,14,2,4,6,5,4,0,6,10,10,4,1,5,2,202,196,74,140,52,52,73,196,251,8,4,14,10,10,15,8,1,3,2,3,9,5,121,32,38,34,128,9,5,114,122,13,4,114,120,1,14,9,13,4,10,13,10,6,106,0,8,11,13,12,4,233,136,149,162,60,168,45,66,73,66,45,175,244,15,9,8,2,129,42,111,98,6,3,5,1,9,6,12,1,15,13,2,14,3,4,2,11,10,4,13,0,7,4,5,2,3,87,5,2,11,238,75,169,46,74,168,80,210,244,5,13,3,9,1,15,6,2,2,9,7,4,5,0,8,5,12,2,4,11,9,12,14,15,11,8,3,15,3,10,15,0,5,15,12,15
1,235,13,8,9,0,15,15,0,0,10,14,8,5,12,4,14,11,5,8,3,11,8,2,1,9,72,51,181,203,197,75,141,53,53,74,197,252,12,0,1,3,15,12,0,14,9,6,7,14,10,15,33,39,35,107,9,15,106,125,36,38,109,123,122,13,12,110,42,40,32,36,38,117,14,12,2,9,3,13,234,137,150,163,61,169,46,67,74,67,46,176,245,9,9,5,12,2,43,5,99,6,9,3,15,10,3,1,6,13,11,12,9,1,13,15,11,8,2,7,1,5,6,3,116,42,111,7,7,4,239,76,170,47,75,169,81,211,245,1,12,0,13,5,0,0,14,9,13,0,10,5,6,1,4,0,3,3,5,5,11,13,2,7,4,2,2,15,4,2,7,11,8,9,1
11,236,167,14,5,6,5,2,1,79,58,79,51,79,65,44,44,65,65,79,79,72,65,44,72,181,73,52,182,204,198,76,142,54,54,75,198,253,4,5,15,0,0,1,7,4,13,6,13,13,5,14,5,13,3,123,34,38,115,7,37,39,10,3,107,7,9,106,43,41,33,37,39,1,2,0,5,7,15,5,13,138,151,164,62,170,47,68,75,68,47,177,246,12,12,9,9,7,10,5,123,36,40,40,130,10,10,12,0,9,5,15,3,6,2,12,13,7,15,1,8,1,10,9,106,43,7,14,4,8,240,77,171,48,76,170,82,212,246,1,11,14,9,6,4,11,8,12,8,0,10,9,5,11,13,7,9,5,6,15,13,2,6,11,14,15,13,12,10,5,11,4,8,11,3
6,237,168,167,65,51,51,58,188,80,59,80,52,80,66,45,45,66,66,80,80,73,66,45,73,182,74,53,183,205,199,77,143,55,55,76,199,254,3,3,14,10,10,1,1,4,5,10,15,3,0,1,13,6,0,6,35,39,8,0,7,8,13,1,123,38,40,115,6,12,1,10,13,10,15,8,9,12,15,0,6,14,152,165,63,171,48,69,76,69,48,178,247,13,12,15,3,11,15,8,6,37,41,41,127,120,4,8,13,15,6,0,3,7,1,7,1,6,3,3,12,6,110,36,115,4,5,10,8,6,241,78,172,49,77,171,83,213,247,0,3,7,13,8,7,5,1,9,14,9,6,6,0,10,15,0,12,10,13,2,0,14,1,2,12,3,13,3,14,2,2,12,3,0,8
3,238,169,168,66,52,52,59,189,81,60,81,53,81,67,46,46,67,67,81,81,74,67,46,74,183,75,54,184,206,200,78,144,56,56,77,200,255,8,11,4,6,11,8,6,3,8,5,2,13,9,11,14,10,5,4,15,8,14,9,10,10,15,11,8,39,41,7,1,10,1,8,14,12,2,1,11,14,6,5,14,1,0,166,64,172,49,70,77,70,49,179,248,13,2,6,7,9,11,1,15,11,10,15,13,129,32,40,40,42,38,120,6,7,8,9,108,32,38,40,34,34,111,37,1,4,15,15,5,15,0,8,173,50,78,172,84,214,248,3,11,13,3,1,1,10,8,3,11,6,8,3,12,2,2,9,2,6,15,6,13,15,5,4,11,6,15,9,1,4,4,1,1,13,1
2,239,170,169,67,53,53,60,190,82,61,82,54,82,68,47,47,68,68,82,82,75,68,47,75,184,76,55,185,207,201,3,145,57,57,78,201,13,13,14,15,10,6,0,2,1,6,10,2,2,7,3,14,11,15,5,12,9,6,11,5,6,13,3,3,12,7,14,13,9,6,7,2,9,15,7,14,14,1,6,13,15,12,7,12,173,50,71,78,71,50,180,1,13,15,7,10,4,10,5,6,13,2,6,11,3,33,41,41,43,39,121,42,36,40,40,113,33,39,41,35,35,0,0,15,2,14,7,9,14,9,10,8,13,8,173,85,215,5,14,4,8,14,4,13,0,6,11,14,14,2,1,12,14,12,14,1,1,13,11,11,5,8,2,13,3,15,10,1,1,7,10,2,1,10
10,240,171,170,68,54,54,61,191,83,62,83,55,83,69,48,48,69,69,83,83,76,69,48,76,185,77,56,186,208,10,8,10,15,5,2,14,6,10,15,11,15,8,1,11,10,12,3,14,0,11,7,14,15,13,2,6,9,14,12,0,3,9,12,7,9,10,13,7,12,9,188,139,7,10,7,5,8,8,8,7,1,14,2,1,12,3,10,0,7,8,4,13,14,8,11,11,2,2,9,10,12,0,1,6,0,12,10,15,12,4,0,43,37,41,41,3,13,7,10,11,8,10,3,4,11,7,1,8,5,4,15,12,4,1,0,10,3,10,7,12,5,15,15,9,14,10,7,0,0,9,9,4,5,12,5,5,12,4,1,12,13,9,10,6,11,3,4,5,14,7,2,5,1,14
