1,13,1,12,7,6,51,3,6,14,1,12,11,4,229,139,15,6,13,72,249,12,0,3,14,13,9,12,9,7,0,6,15,1,3,9,10,1,2,5,14,14,6,121,111,123,119,127,109,9,129,115,235,58,65,79,58,249,15,5,10,11,7,12,10,9,0,8,10,11,8,235,51,79,3,13,11,9,58,242,9,6,7,2,11,3,3,8,13,235,44,44,72,8,8,107,0,7,123,117,0,0,1,10,6,129,119,86,8,1,4,2,12,0,2,10,8,0,4,125
8,5,1,79,51,195,52,132,51,4,14,3,13,4,230,140,132,44,188,73,250,1,2,0,6,0,0,15,6,6,11,2,10,13,6,10,11,5,13,5,12,12,14,15,4,0,5,7,0,4,6,11,236,59,66,80,59,250,12,3,4,15,12,7,4,9,13,10,14,7,6,236,52,80,160,51,51,188,59,243,15,8,6,1,11,5,6,14,5,236,45,45,73,160,44,242,8,4,12,10,14,15,8,11,2,7,1,87,5,8,15,3,12,2,8,14,10,15,12,13
12,12,209,80,52,196,53,133,52,146,51,9,6,15,231,141,133,45,189,74,251,9,5,2,6,4,2,13,14,5,13,12,0,4,5,14,2,14,7,13,5,9,6,12,13,15,8,11,2,7,12,8,237,60,67,81,60,251,11,6,11,13,6,9,10,15,12,0,2,6,9,237,53,81,161,52,52,189,60,244,0,1,1,8,11,11,15,15,2,237,46,46,74,161,45,243,3,15,1,0,10,7,12,2,2,6,14,86,0,1,13,4,0,13,2,15,2,0,15,15
3,181,210,81,53,197,54,134,53,147,52,139,6,2,232,142,134,46,190,75,252,15,10,15,3,7,6,3,10,2,12,1,14,14,5,9,10,10,8,15,8,8,0,9,11,10,3,11,11,6,0,11,238,61,68,82,61,252,9,2,6,13,11,2,6,12,2,8,12,14,3,238,54,82,162,53,53,190,61,245,15,4,14,9,10,12,9,8,1,238,47,47,75,162,46,244,13,4,11,2,15,5,3,15,2,9,6,87,12,13,7,4,7,8,13,8,13,15,3,4
222,182,211,82,54,198,55,135,54,148,53,140,160,8,233,143,135,47,191,76,253,9,15,4,4,14,15,15,7,1,1,13,72,6,12,9,4,4,15,12,6,0,12,181,132,72,58,0,7,8,4,15,239,62,69,83,62,253,7,6,7,10,12,9,0,4,13,9,2,14,10,239,55,83,163,54,54,191,62,246,14,2,11,9,15,10,7,13,13,239,48,48,76,163,47,245,11,10,10,11,51,51,1,10,12,5,10,235,58,10,8,1,0,195,167,4,14,5,14,4
223,183,212,83,55,199,56,136,55,149,54,141,161,160,234,144,136,48,192,77,254,14,15,12,2,13,6,6,65,10,7,174,73,146,2,6,8,7,0,6,4,1,188,182,133,73,59,132,72,11,0,8,240,63,70,84,63,254,13,188,153,51,2,7,0,12,15,1,5,12,5,240,56,84,164,55,55,192,63,247,7,4,4,1,8,7,5,1,1,240,49,49,77,164,48,246,2,13,10,195,52,52,139,7,11,1,12,236,59,139,65,72,174,196,168,160,15,15,11,6
224,184,213,84,56,200,57,137,56,150,55,142,162,161,146,145,137,49,193,78,255,9,51,51,79,44,65,202,66,132,181,175,74,147,153,11,7,9,1,65,79,195,189,183,134,74,60,133,73,160,79,7,241,64,71,85,64,255,174,189,154,52,160,12,8,10,10,0,12,2,58,241,57,85,165,56,56,193,64,248,2,9,44,58,58,44,65,51,51,241,50,50,78,165,49,247,13,7,174,196,53,53,140,139,8,2,2,237,60,140,66,73,175,197,169,161,146,12,0,15
225,185,214,85,57,201,14,138,57,151,56,143,163,162,147,167,138,50,194,6,51,174,52,52,80,45,66,203,67,133,182,176,75,148,154,167,44,44,188,66,80,196,190,184,135,75,61,134,74,161,80,160,51,58,65,58,51,209,175,190,155,53,161,146,58,65,14,6,15,188,59,146,15,5,166,57,57,194,9,9,15,195,45,59,59,45,66,52,52,146,44,72,4,166,50,248,9,195,175,197,54,54,141,140,139,2,9,238,61,141,67,74,176,198,170,162,147,216,5,7
226,186,215,2,15,2,4,8,6,152,57,144,164,163,148,168,160,58,72,202,52,175,53,53,81,46,67,204,68,134,183,177,76,149,155,168,45,45,189,67,81,197,191,185,136,76,62,135,75,162,81,161,52,59,66,59,52,210,176,191,156,54,162,147,59,66,146,72,188,189,60,147,167,44,51,44,44,1,11,6,188,196,46,60,60,46,67,53,53,147,45,73,146,65,79,44,195,196,176,198,55,55,142,141,140,167,12,239,62,142,68,75,177,199,171,163,148,217,13,2
227,187,1,3,11,12,12,5,7,0,2,145,165,164,149,169,161,59,73,203,53,176,54,54,82,47,68,205,69,135,184,178,77,150,156,169,46,46,190,68,82,198,192,186,137,77,63,136,76,163,82,162,53,60,67,60,53,211,177,192,157,55,163,148,60,67,147,73,189,190,61,148,168,45,52,45,45,139,44,202,189,197,47,61,61,47,68,54,54,148,46,74,147,66,80,45,196,197,177,199,56,56,143,142,141,168,216,240,63,143,69,76,178,200,172,164,149,218,8,14
98,7,7,15,9,8,4,0,4,5,14,0,166,165,150,170,162,60,74,204,54,177,55,55,83,48,69,206,70,136,185,179,78,151,157,170,47,47,191,69,83,199,193,187,138,78,64,137,77,164,83,163,54,61,68,61,54,212,178,193,158,56,164,149,61,68,148,74,190,191,62,149,169,46,53,46,46,140,45,203,190,198,48,62,62,48,69,55,55,149,47,75,148,67,81,46,197,198,178,200,57,57,144,143,142,169,217,241,64,144,70,77,179,201,173,165,150,219,5,2
99,11,14,14,3,6,0,3,3,9,1,3,0,166,151,171,163,61,75,205,55,178,56,56,84,49,70,207,71,137,186,180,5,152,158,171,48,48,192,70,84,200,194,13,8,4,1,138,78,165,84,164,55,62,69,62,55,213,179,194,159,57,165,150,62,69,149,75,191,192,63,150,170,47,54,47,47,141,46,204,191,199,49,63,63,49,70,56,56,150,48,76,149,68,82,47,198,199,179,201,13,14,145,144,143,170,218,5,12,145,71,78,180,11,11,166,151,220,2,0
104,5,7,7,2,3,3,9,6,12,4,0,11,8,152,172,164,62,76,206,56,179,57,57,85,50,71,208,14,138,187,15,14,4,159,172,49,49,193,71,85,201,4,4,6,8,6,9,2,166,85,165,56,63,70,63,56,214,180,2,11,12,166,151,63,70,150,76,192,193,64,151,171,48,55,48,48,142,47,205,192,200,50,64,64,50,71,57,57,151,49,77,150,69,83,48,199,200,180,9,13,8,9,145,144,171,219,6,6,12,4,0,6,5,15,0,152,221,14,1
105,14,7,3,15,2,10,11,10,8,14,15,8,10,8,173,165,63,77,207,57,180,10,9,9,13,14,9,11,7,0,5,10,11,9,173,50,50,194,11,6,1,15,1,1,5,4,1,1,11,13,166,57,64,71,64,57,215,6,3,2,1,7,152,64,71,151,77,193,194,0,152,172,49,56,49,49,143,48,206,193,201,1,8,12,6,13,10,8,152,50,78,151,70,84,49,200,201,15,5,1,12,5,9,145,172,220,2,4,0,6,5,12,4,4,8,108,115,2,5
100,4,14,1,9,4,14,5,9,6,8,2,1,14,2,3,166,64,78,208,15,2,9,15,13,7,3,15,4,0,7,4,8,7,13,15,1,2,3,1,12,2,15,13,8,14,8,2,6,10,10,14,4,14,11,3,1,11,6,12,6,7,8,1,12,8,152,78,194,13,10,2,173,50,57,50,50,144,49,207,194,14,11,4,4,15,1,5,10,9,8,7,152,71,85,50,201,1,14,14,1,6,7,10,6,173,221,0,0,0,4,15,3,9,11,0,106,6,12,4
101,4,3,9,6,3,6,6,2,12,7,15,5,14,13,7,2,4,1,2,6,9,1,10,3,15,9,1,14,8,8,14,14,6,14,2,9,6,8,15,0,8,4,14,10,3,1,7,1,1,2,15,6,4,4,11,0,12,13,12,2,11,7,7,13,4,4,12,7,13,14,3,15,11,4,13,5,145,50,208,3,6,15,7,2,1,15,8,4,15,4,0,14,11,3,15,7,1,8,12,9,12,13,11,4,0,88,15,4,2,15,7,14,1,114,40,119,5,12,10
123,128,3,1,6,4,8,9,11,14,2,0,7,8,4,15,6,9,15,0,9,14,4,4,0,2,6,9,0,5,6,8,15,9,6,8,3,0,3,15,14,12,9,1,0,10,13,4,3,7,5,6,11,1,15,6,15,9,15,9,2,3,11,0,0,5,11,6,14,2,0,3,5,11,4,5,10,13,15,4,9,2,0,6,11,6,14,11,9,13,14,13,8,0,13,4,14,4,11,13,6,7,6,8,13,6,89,11,1,15,14,9,5,8,106,41,10,3,1,13
0,104,1,12,10,9,4,2,14,8,2,1,12,15,9,2,10,13,2,15,8,6,14,9,4,7,5,0,13,7,9,4,8,9,4,7,13,0,10,5,10,2,4,0,8,9,3,9,5,12,1,12,3,9,0,13,10,5,7,2,11,6,12,5,4,10,2,13,9,6,1,7,3,7,12,6,8,6,6,7,14,11,14,11,13,8,10,9,15,10,2,2,15,7,13,2,14,9,4,1,14,1,7,3,9,14,90,12,15,11,2,9,4,112,115,12,6,2,6,9
12,105,6,15,12,6,10,10,15,2,14,9,5,7,0,9,4,1,10,1,8,12,14,3,8,7,7,7,3,11,13,13,3,10,5,5,2,15,7,0,14,9,10,1,8,4,0,4,10,15,9,2,6,2,9,1,8,11,10,12,9,5,10,8,13,10,10,14,6,14,11,15,15,8,12,2,1,13,5,1,15,3,6,9,3,8,2,14,12,3,14,15,7,12,5,5,3,12,10,6,13,0,5,8,1,0,91,2,13,8,3,6,13,88,222,139,72,10,5,10
4,131,130,12,7,0,9,8,15,12,6,7,1,3,10,7,7,2,4,2,13,9,3,13,4,6,2,5,3,11,4,3,2,2,0,0,0,14,14,2,12,5,13,2,7,13,10,5,1,13,1,12,12,8,1,2,9,5,10,14,10,6,6,12,6,12,4,1,3,6,1,3,9,10,13,13,11,5,8,11,6,6,7,3,9,11,11,15,0,7,0,7,0,15,1,2,10,8,13,4,14,5,1,4,9,116,109,11,6,11,13,6,7,89,223,140,73,167,65,8
7,13,107,11,11,7,15,3,7,10,9,7,5,7,15,9,8,15,6,4,6,8,10,10,11,6,6,14,8,4,2,5,7,12,0,5,10,13,5,0,15,11,2,15,7,6,1,7,13,14,10,3,9,0,13,15,14,3,0,12,0,10,6,11,10,0,2,10,6,2,9,9,11,14,5,15,2,7,10,11,3,11,9,0,4,4,2,11,7,1,15,1,13,0,2,12,7,11,12,11,8,11,1,8,12,106,5,13,2,10,13,12,13,86,224,141,74,168,66,216
4,11,127,36,124,14,8,7,4,5,3,0,10,12,14,13,0,14,4,9,10,11,5,15,15,0,0,7,3,8,5,12,2,10,4,7,2,0,4,3,4,1,3,13,10,15,10,9,2,11,3,1,4,13,0,1,9,11,2,14,0,8,3,0,4,4,12,11,13,15,14,4,5,6,11,14,0,10,11,14,5,3,3,8,15,8,12,12,11,10,12,6,0,9,4,11,4,4,14,14,0,1,9,11,112,119,4,0,15,13,10,14,0,87,225,142,75,169,67,217
34,124,12,37,107,2,11,13,11,5,13,14,3,12,2,13,2,0,10,114,34,124,116,42,120,7,1,1,14,3,8,13,4,8,12,11,3,7,112,34,32,36,38,36,38,122,13,11,6,1,13,5,3,13,13,14,5,10,12,6,11,5,14,3,12,1,12,1,4,5,9,5,9,9,6,8,8,7,7,3,10,14,4,7,15,118,122,8,1,7,5,8,10,0,15,4,3,6,7,12,6,4,108,42,109,4,6,4,1,12,14,0,11,106,226,143,76,170,68,218
35,129,126,2,127,120,3,110,32,122,5,7,2,14,10,2,11,3,13,106,35,121,113,43,123,122,2,10,2,9,7,0,8,112,38,130,0,2,88,35,33,37,39,37,39,127,128,7,10,3,5,6,110,36,130,2,12,5,10,1,13,5,5,6,114,32,122,13,12,15,11,0,5,5,9,9,15,1,4,1,7,11,0,108,32,113,98,10,2,11,9,11,118,42,42,124,14,0,5,12,0,5,86,43,12,6,6,14,8,14,12,14,112,113,227,144,77,171,69,219
12,8,98,8,4,125,126,106,33,107,2,4,10,6,8,13,108,36,38,119,4,13,15,2,15,107,13,114,40,126,15,14,114,117,39,107,12,5,89,15,14,13,14,7,6,1,125,122,14,15,116,40,119,37,129,130,13,1,108,40,126,6,114,32,117,33,107,7,4,1,3,4,5,110,42,126,0,10,4,118,40,32,38,113,33,13,99,114,40,126,3,112,111,43,43,121,40,120,11,110,36,126,87,0,1,12,6,14,4,1,12,114,115,0,107,145,78,172,70,220
4,13,99,15,6,15,127,115,11,125,128,114,32,128,12,6,90,37,39,7,15,9,6,8,9,123,38,109,41,107,2,8,106,6,6,129,38,126,106,11,15,11,3,13,0,15,15,102,9,116,117,41,9,2,2,107,12,114,115,41,107,7,106,33,4,12,123,130,7,14,14,108,40,111,43,102,7,15,112,119,41,33,39,7,9,7,127,111,41,131,128,106,1,5,5,15,41,121,130,106,37,123,111,14,4,8,4,6,7,15,11,106,6,10,242,8,6,173,71,221
12,6,123,128,10,0,3,2,1,10,125,117,33,129,38,126,91,7,2,4,0,9,14,3,13,6,39,15,7,123,124,116,111,0,1,5,39,123,115,6,10,12,13,8,8,7,12,103,7,106,11,7,6,9,12,125,36,113,7,14,125,32,117,4,7,5,8,123,36,40,40,111,41,14,4,103,10,3,106,3,14,13,14,4,4,0,9,2,7,3,127,113,4,9,15,15,11,7,131,109,3,6,4,1,6,8,11,1,12,5,12,235,65,181,243,108,124,3,9,106
5,15,10,129,124,4,108,42,32,34,124,7,8,1,39,129,119,7,4,4,4,7,0,9,9,3,12,5,10,2,123,119,6,13,8,0,7,4,6,0,9,1,6,0,8,12,5,107,116,119,11,5,3,2,3,0,37,13,9,2,14,33,7,1,12,0,2,13,37,41,41,10,12,4,9,107,108,32,115,6,13,9,1,3,12,4,9,1,10,4,6,12,7,10,0,0,15,5,0,8,12,3,4,2,2,9,14,0,14,1,13,236,66,182,244,90,107,5,112,109
6,13,9,11,98,7,106,43,33,35,107,5,118,36,42,32,126,11,6,14,7,1,8,6,2,9,7,6,3,4,2,12,6,5,13,10,5,7,8,14,0,8,12,6,14,6,11,125,109,1,0,4,6,11,0,2,8,9,7,6,8,0,9,2,1,13,0,10,10,13,4,12,3,2,4,125,109,33,4,5,7,7,9,14,14,6,8,5,6,2,6,1,2,2,6,9,4,6,12,15,1,11,5,6,11,0,14,1,5,6,8,237,67,183,245,91,129,32,117,7
1,8,2,6,99,0,228,72,79,1,127,120,106,37,43,33,129,128,12,1,11,11,15,8,3,5,9,2,5,4,14,13,3,7,0,14,15,5,15,2,2,11,14,0,7,0,6,8,6,7,8,3,6,7,13,4,9,0,4,2,2,14,10,11,10,15,13,12,1,15,0,13,12,0,8,0,1,2,11,4,3,13,10,10,3,10,13,12,7,10,0,3,15,7,7,14,10,4,2,11,13,12,9,4,0,8,9,6,4,1,5,238,68,184,246,90,14,33,2,13
9,7,13,8,249,5,229,73,80,132,51,242,235,51,5,0,0,98,0,7,6,2,3,4,1,6,3,14,11,15,11,14,9,5,6,11,4,15,7,7,0,6,13,14,5,6,11,3,0,6,14,7,8,4,12,1,9,0,15,11,2,1,5,10,8,2,7,4,15,9,12,11,2,2,8,15,9,5,1,14,5,10,3,7,10,2,0,2,14,14,1,11,11,13,9,10,2,1,8,0,0,10,10,14,8,3,9,7,14,11,0,239,69,185,247,91,11,6,8,12
13,11,44,181,250,3,230,74,81,133,52,243,236,52,216,1,7,99,13,3,7,8,11,11,1,13,13,11,6,13,8,2,4,15,15,9,5,7,12,13,15,15,8,14,5,9,0,7,1,15,0,9,8,5,1,5,6,9,14,4,1,1,15,15,15,6,14,1,3,0,5,0,10,8,6,13,12,3,13,14,13,1,6,4,14,10,4,7,12,12,10,0,0,12,1,6,5,12,3,7,7,6,14,2,11,8,4,10,13,1,14,240,70,186,248,90,5,3,11,11
58,209,45,182,251,14,231,75,82,134,53,244,237,53,217,4,12,123,120,0,5,8,0,14,13,6,6,6,7,14,3,13,13,0,4,0,4,12,14,2,10,0,10,1,11,6,4,8,7,14,11,3,5,8,13,8,9,9,12,15,11,14,8,14,0,0,5,2,0,10,15,6,0,5,0,12,2,3,6,13,10,7,8,4,12,4,8,2,9,6,9,13,2,7,0,2,5,11,0,7,13,14,8,6,6,6,15,0,14,9,9,241,71,187,0,91,5,4,7,13
59,210,46,183,252,3,232,76,83,135,54,245,238,54,218,118,34,126,107,9,13,7,9,12,4,6,4,13,14,1,3,8,9,5,1,15,8,10,2,13,5,15,2,5,4,7,13,15,8,2,15,9,9,11,12,13,0,8,15,8,3,3,9,13,7,10,8,5,15,2,7,15,9,14,11,9,6,13,15,10,13,11,12,4,6,3,4,8,10,0,12,10,6,3,13,14,14,13,10,6,9,7,1,5,9,0,11,2,0,4,1,7,7,12,110,119,12,1,7,3
60,211,47,184,253,3,233,77,84,136,55,246,239,55,219,86,35,107,127,32,32,128,13,7,2,2,2,3,2,4,1,15,9,2,6,2,12,12,5,12,14,1,5,1,8,0,9,0,9,2,3,5,15,9,0,0,7,7,5,14,8,13,13,2,9,7,11,9,2,7,8,5,5,5,10,10,13,4,3,14,8,9,10,2,9,6,3,3,13,6,14,5,4,12,9,12,14,7,6,10,3,13,5,15,14,2,13,14,6,4,10,15,13,2,106,7,13,0,3,2
61,212,48,185,254,6,234,78,85,137,56,247,240,56,220,87,11,123,122,33,33,102,2,3,4,10,3,7,6,7,2,0,0,14,8,1,9,12,3,3,5,112,42,126,6,0,15,15,3,1,2,5,7,10,5,2,7,6,11,3,7,0,3,5,9,9,4,13,0,0,9,9,11,13,7,3,5,8,11,9,1,6,13,7,14,15,8,12,11,6,1,1,8,11,6,6,10,8,3,0,14,10,14,6,6,11,12,9,1,12,13,8,15,108,109,110,40,126,116,42
62,213,49,186,255,15,188,160,58,138,57,248,241,57,221,106,13,1,131,42,126,103,13,13,11,10,13,12,112,42,32,36,130,8,1,3,5,10,1,5,1,92,43,107,116,40,124,12,5,11,8,5,6,5,15,6,8,10,5,2,3,11,4,8,11,8,0,13,3,2,5,10,10,6,4,3,0,12,10,10,15,0,7,9,13,6,6,12,14,15,11,1,11,6,9,9,13,14,2,12,2,1,13,4,7,9,9,9,3,12,0,5,9,106,8,106,41,125,119,43
63,214,50,187,5,181,189,161,59,167,58,65,12,15,90,228,51,4,13,43,107,100,12,4,12,2,0,114,109,43,33,37,107,6,7,7,4,9,116,32,128,93,11,123,115,41,107,4,0,0,15,14,2,114,40,124,13,108,34,126,9,7,12,10,5,7,0,13,15,0,0,11,3,4,1,13,1,12,9,13,0,0,5,15,13,5,12,14,3,5,15,2,4,9,1,0,6,1,0,12,8,14,4,2,6,1,12,112,34,120,5,116,34,111,110,117,13,15,14,4
64,215,3,72,202,182,190,162,60,168,59,66,153,11,91,229,52,153,58,65,249,101,9,118,34,38,38,115,3,8,14,15,129,38,42,124,1,116,113,33,127,109,9,3,12,8,125,122,3,116,38,126,116,109,41,129,36,113,35,123,42,38,38,126,8,0,3,15,4,2,0,2,3,11,15,1,2,15,9,0,3,0,2,0,5,12,11,9,5,2,15,0,5,6,10,8,2,1,0,10,6,4,2,1,1,108,34,111,35,127,128,88,35,14,92,14,14,10,3,1
38,130,222,73,203,183,191,163,61,169,60,67,154,216,86,230,53,154,59,66,250,129,40,113,35,39,39,6,2,15,112,130,12,39,43,107,11,106,116,40,126,9,8,6,6,2,13,107,112,117,39,131,109,15,5,10,37,1,13,12,43,39,39,131,42,124,2,4,13,108,38,120,15,12,10,14,4,5,15,10,2,118,34,124,1,6,12,0,4,11,5,15,12,9,7,3,8,4,0,4,5,7,15,0,7,106,35,13,13,5,107,89,0,1,93,9,108,38,34,124
39,100,223,74,204,184,192,164,62,170,61,68,155,217,87,231,54,155,60,67,251,1,41,4,3,8,8,6,10,1,90,131,124,7,6,125,38,111,106,41,107,11,110,40,38,122,14,129,109,6,6,4,11,11,15,5,1,7,7,15,0,6,8,12,43,107,9,5,114,115,39,127,120,12,118,36,36,38,32,40,130,106,35,98,0,118,38,122,114,42,130,15,8,15,1,3,12,11,12,2,12,14,8,114,38,115,15,7,2,5,125,115,11,114,111,5,92,39,35,107
7,101,224,75,205,185,193,165,63,171,62,69,156,218,94,232,55,156,61,68,252,1,1,8,0,1,10,10,11,7,91,9,131,130,14,9,39,108,117,4,125,38,113,41,39,100,10,10,0,4,7,14,6,5,13,10,9,11,2,8,0,13,0,11,1,123,130,13,88,15,10,1,107,114,115,37,37,39,33,41,121,115,12,99,12,106,39,127,117,43,107,13,0,8,10,2,14,8,2,110,40,124,116,113,39,1,8,2,9,8,1,11,116,119,6,14,93,7,0,129
58,242,225,76,206,186,194,166,64,172,63,70,157,219,95,233,56,157,62,69,253,15,8,5,12,6,11,11,9,3,90,12,9,123,42,36,120,106,3,10,8,39,6,12,15,101,14,1,7,12,13,8,7,7,10,5,15,7,10,1,13,2,15,6,6,11,123,124,89,5,10,4,131,119,3,15,108,40,42,34,124,14,7,121,42,115,7,6,11,5,125,34,36,34,42,128,7,6,0,86,41,107,106,1,4,12,11,5,10,15,3,13,106,9,14,110,117,11,11,12
59,243,226,77,207,187,8,3,9,173,64,71,158,220,94,234,57,158,63,70,254,5,72,7,14,7,10,2,6,1,91,11,1,9,43,37,125,109,5,9,10,0,0,0,12,96,5,13,5,3,0,5,7,15,9,9,7,13,11,4,14,0,10,4,12,9,4,121,115,13,2,13,8,15,9,15,106,41,43,35,127,38,42,128,43,1,5,114,40,120,14,35,37,35,43,107,110,36,130,87,15,129,109,4,12,1,4,14,12,10,8,118,111,7,6,86,9,2,6,7
60,244,227,78,208,9,9,3,7,9,12,8,159,221,95,3,15,159,64,71,255,195,73,216,0,0,2,15,0,118,113,0,12,6,11,5,9,1,13,6,15,6,2,9,13,97,9,11,6,14,8,13,2,0,5,14,1,4,14,5,12,5,11,10,7,6,5,6,12,9,7,13,4,2,118,34,113,118,38,128,0,39,43,107,12,1,6,88,41,123,122,0,15,0,14,125,109,37,131,119,9,6,0,15,3,7,9,9,5,10,110,109,5,7,8,87,2,12,10,8
61,245,102,11,7,1,8,4,5,4,14,15,1,92,90,2,7,51,44,44,209,196,74,217,14,7,10,13,10,90,8,10,4,8,11,1,11,12,14,6,14,15,11,12,3,98,4,15,5,1,2,5,0,12,1,13,6,0,3,6,2,4,8,5,5,108,36,32,128,1,13,14,6,114,115,35,15,92,39,121,42,38,120,127,120,5,1,89,7,11,121,130,0,7,9,6,3,1,5,6,5,0,12,6,14,8,1,5,0,2,88,7,10,12,8,235,10,7,7,195
62,246,103,2,15,6,11,14,10,6,4,8,4,93,91,0,174,52,45,45,210,197,75,218,14,14,10,6,1,91,11,10,14,1,4,10,11,13,4,2,14,0,1,12,7,99,1,14,9,2,14,6,6,7,9,13,4,14,11,0,15,0,6,3,2,94,37,33,123,32,126,116,38,117,4,8,3,93,15,10,43,39,107,2,104,0,0,106,8,15,44,249,12,13,15,6,7,7,4,10,7,2,3,6,4,3,15,9,14,8,89,15,3,11,10,236,139,44,174,196
63,247,98,14,9,8,0,1,13,7,11,9,6,90,88,222,175,53,46,46,211,198,76,219,11,10,7,7,9,86,2,15,15,5,12,15,11,9,3,15,2,14,6,15,7,107,6,2,6,11,10,1,0,6,14,4,4,3,6,6,12,10,2,3,4,95,7,7,2,33,129,115,39,12,6,1,9,106,11,11,9,13,121,120,105,13,108,117,10,222,45,250,6,15,13,3,2,2,10,1,11,1,0,14,3,14,14,7,13,9,86,10,11,1,5,237,140,45,175,197
64,248,99,3,12,14,4,0,4,10,11,4,3,91,89,223,176,54,47,47,212,199,77,220,9,1,1,4,4,87,9,1,10,11,1,10,12,1,15,8,0,4,13,6,14,249,2,0,7,14,10,1,7,15,5,10,11,4,7,14,8,3,13,5,12,90,13,7,6,6,13,2,0,10,6,12,15,235,44,3,1,8,8,102,100,15,88,3,13,223,46,251,11,6,5,13,15,2,12,9,9,14,14,0,3,9,12,15,4,8,87,4,7,9,14,238,141,46,176,198
3,11,102,2,4,11,10,3,11,4,4,11,7,106,94,224,177,55,48,48,213,200,78,221,12,13,5,5,3,228,14,14,13,2,6,12,12,15,15,4,5,2,12,11,174,250,12,10,7,10,3,2,14,0,12,4,12,2,11,2,1,7,3,7,6,91,11,14,5,2,3,1,14,15,7,9,10,236,45,139,3,15,14,103,101,1,89,8,0,224,47,252,6,12,6,1,2,14,8,12,4,1,4,4,1,7,0,4,12,4,92,1,10,15,3,239,142,47,177,199
10,13,103,0,15,9,9,8,9,11,1,9,112,113,95,225,178,56,49,49,214,201,112,111,9,15,12,9,9,229,139,6,12,0,6,7,8,15,3,12,14,2,9,174,175,251,4,6,1,2,2,0,2,15,9,1,13,1,7,1,1,10,10,11,7,92,8,12,1,0,12,12,5,10,12,3,15,237,46,140,167,65,13,104,98,10,88,0,12,225,48,253,13,8,11,1,5,0,8,2,8,14,6,4,15,5,14,15,10,10,93,8,1,7,15,240,143,48,178,200
6,10,131,120,9,0,0,12,9,13,15,11,106,114,113,226,179,57,50,50,215,11,90,7,11,2,15,12,2,230,140,167,5,2,15,0,12,10,9,4,0,44,181,175,176,252,14,0,11,12,13,3,7,1,10,8,3,10,13,0,10,11,4,13,15,93,11,11,2,15,2,11,15,0,3,0,4,238,47,141,168,66,216,105,99,9,89,13,0,226,49,254,15,2,3,12,3,5,3,3,2,5,10,10,10,8,14,12,2,13,235,8,6,0,15,241,144,49,179,201
3,2,15,96,15,14,7,0,2,4,5,118,113,106,7,227,180,2,15,5,4,4,91,9,4,6,13,6,3,231,141,168,153,79,79,79,1,8,8,5,209,45,182,176,177,253,15,9,8,10,3,8,9,0,10,14,2,11,8,3,3,2,4,3,11,106,5,15,9,11,3,8,4,12,3,4,10,239,48,142,169,67,217,102,104,4,106,13,14,227,50,255,7,6,12,1,4,15,110,32,130,15,9,9,2,7,7,7,4,14,236,160,11,1,10,3,145,50,180,5
1,11,4,97,8,11,15,0,15,12,13,86,112,115,15,96,10,1,2,0,9,8,235,6,15,0,4,3,0,232,142,169,154,80,80,80,153,58,51,209,210,46,183,177,178,254,1,0,8,8,0,6,15,13,4,14,5,8,1,3,14,14,116,36,32,117,4,9,11,13,8,3,15,1,15,12,2,240,49,143,170,68,218,103,105,2,235,9,0,125,32,124,2,12,13,14,0,110,111,33,121,38,120,4,14,15,13,5,4,15,237,161,146,9,2,3,8,11,7,10
2,7,13,102,14,11,11,14,3,11,9,87,235,0,4,97,11,3,0,4,15,8,236,216,0,5,9,10,10,233,143,170,155,81,81,81,154,59,52,210,211,47,184,178,179,255,5,12,6,3,10,11,14,1,0,5,9,8,12,10,7,6,92,37,33,5,4,14,12,8,110,32,122,7,4,7,0,241,50,144,171,69,219,98,104,8,236,153,4,15,33,98,6,11,8,11,9,106,1,6,5,39,107,15,9,6,8,9,8,9,238,162,147,146,6,1,5,4,14,3
4,5,6,103,1,11,13,14,3,9,0,86,236,146,58,249,1,8,4,10,10,11,237,217,2,1,8,3,2,234,144,171,156,82,82,82,155,60,53,211,212,48,185,179,180,1,15,15,8,4,7,5,0,116,40,128,12,5,9,10,14,9,93,9,15,10,14,11,9,12,88,33,100,9,4,4,3,12,11,145,172,70,220,99,105,9,237,154,132,12,2,99,9,2,9,11,12,235,181,160,5,15,131,122,3,6,3,6,12,12,239,163,148,147,139,14,14,13,5,181
9,15,2,104,5,7,12,14,7,8,2,87,237,147,59,250,11,14,3,7,13,8,238,218,1,8,5,2,11,12,145,172,157,83,83,83,156,61,54,212,213,49,186,180,3,11,12,2,11,15,6,9,11,106,41,107,3,118,40,126,3,1,88,4,9,2,15,8,11,4,89,1,101,10,9,1,1,7,1,3,173,71,221,107,129,124,238,155,133,216,2,125,124,10,8,4,9,236,182,161,167,11,6,131,128,6,2,9,2,1,240,164,149,148,140,132,12,4,209,182
2,12,4,105,14,5,5,5,9,12,8,92,238,148,60,251,4,5,1,12,11,0,239,219,4,9,12,2,9,10,9,173,158,84,84,84,157,62,55,213,214,50,187,8,10,15,3,13,13,6,7,13,118,113,4,127,32,113,41,100,2,1,89,8,10,4,5,0,5,7,94,10,127,38,122,7,0,9,1,2,4,15,92,123,122,104,239,156,134,217,1,13,249,14,0,15,1,237,183,162,168,132,14,8,107,8,2,10,10,9,241,165,150,149,141,133,139,188,210,183
12,12,15,98,14,8,12,5,12,6,8,93,239,149,61,252,0,8,8,14,10,15,240,220,2,2,10,4,10,14,14,15,159,85,85,85,158,63,56,214,215,1,12,9,0,5,3,6,3,15,4,7,90,7,11,8,33,10,0,101,1,7,235,6,11,12,3,2,6,12,95,0,11,39,96,4,15,4,14,6,15,3,93,14,104,105,240,157,135,218,2,222,250,14,3,11,3,238,184,163,169,133,132,13,129,128,8,8,6,6,3,166,151,150,142,134,140,189,211,184
32,128,0,99,0,2,3,12,14,7,10,106,240,150,62,253,4,9,5,5,15,15,241,221,9,4,1,5,11,9,9,3,14,7,7,11,159,64,57,215,15,12,9,13,4,12,0,15,7,1,15,2,91,6,3,15,7,1,5,107,11,8,236,146,15,15,12,10,12,1,235,0,12,10,97,10,15,2,10,2,14,12,106,4,105,104,241,158,136,219,8,223,251,10,2,9,8,239,185,164,170,134,133,167,0,107,8,2,13,2,6,14,152,151,143,135,141,190,212,185
33,102,15,104,5,6,3,15,0,15,9,235,241,151,63,254,14,0,5,3,9,10,116,113,9,3,7,2,7,3,2,14,14,13,7,14,3,8,12,7,14,5,5,11,7,4,15,9,10,5,8,108,111,9,10,4,4,5,3,125,126,7,237,147,216,8,10,5,5,9,236,153,15,7,107,0,12,0,8,3,7,114,113,10,96,105,0,159,137,220,15,224,252,11,15,15,11,240,186,165,171,135,134,168,153,123,126,5,12,6,4,13,7,152,144,136,142,191,213,186
9,103,7,105,5,5,3,12,6,2,8,236,146,152,64,255,5,5,1,9,11,2,94,14,11,3,14,3,7,1,13,10,9,12,10,1,2,14,0,2,6,2,5,0,4,9,9,7,14,15,114,111,9,6,1,9,10,7,3,6,100,10,238,148,217,5,6,6,8,8,237,154,146,2,123,130,15,12,15,3,0,86,9,0,97,131,120,5,138,221,3,225,253,11,12,15,11,241,187,166,172,136,135,169,154,216,125,126,0,13,14,14,8,3,145,137,143,192,214,187
12,107,4,100,12,12,4,1,10,1,5,237,147,216,1,2,13,12,15,2,14,1,95,11,5,15,0,14,12,4,15,10,3,4,15,10,5,1,15,14,1,10,4,12,6,0,11,11,12,12,106,7,2,7,4,114,38,124,3,10,101,8,239,149,218,7,12,14,2,10,238,155,147,139,7,131,38,36,122,3,5,87,8,13,107,6,100,2,13,106,222,107,254,12,4,10,1,14,11,13,173,137,136,170,155,217,2,104,11,9,3,4,14,9,6,138,144,193,215,14
14,125,126,101,14,7,7,15,14,9,13,238,148,217,9,2,14,10,2,7,3,2,88,8,0,13,12,4,10,13,12,7,7,12,5,6,4,15,3,12,2,4,0,9,5,10,5,13,110,40,109,11,2,1,14,106,39,107,8,14,96,12,240,150,219,6,13,13,15,12,239,156,148,140,160,6,39,37,121,36,32,117,4,58,242,4,101,0,118,115,223,227,255,7,3,8,2,10,14,13,13,138,137,171,156,218,6,105,8,8,13,1,5,4,3,9,145,194,12,15
2,0,249,102,12,8,6,6,2,12,4,239,149,218,13,2,8,10,15,13,0,11,89,9,3,0,3,15,10,8,15,6,10,2,11,0,9,14,14,6,9,12,13,1,13,12,10,15,94,41,9,6,12,2,118,109,9,249,8,7,97,11,241,151,220,2,1,4,9,15,240,157,149,141,161,153,15,14,10,37,33,5,202,59,243,2,98,9,88,4,224,12,10,7,2,1,14,5,3,5,4,2,138,172,157,219,12,102,5,4,6,7,14,15,8,0,6,9,14,9
72,174,250,103,12,14,11,14,4,8,1,240,150,219,14,10,5,10,5,4,9,6,94,3,5,3,8,4,2,6,9,10,2,6,15,1,15,6,0,11,8,0,2,6,5,0,6,15,95,9,11,11,9,4,235,58,174,250,8,11,131,42,124,152,221,2,10,14,5,11,241,158,150,142,162,154,139,51,44,72,44,195,203,60,244,14,99,4,89,11,225,7,2,1,1,14,6,15,4,5,7,13,11,173,158,220,5,103,1,1,15,13,9,1,10,1,0,15,13,13
73,175,251,107,6,14,4,2,8,6,12,241,151,220,9,7,9,3,8,13,9,12,95,5,9,5,11,5,14,3,15,2,0,8,15,8,8,6,0,0,13,8,7,12,7,5,118,36,111,0,11,15,11,5,236,59,175,251,10,9,12,43,100,15,88,4,15,14,15,0,4,159,151,143,163,155,140,52,45,73,45,196,204,61,245,2,102,7,90,4,226,5,14,7,2,14,3,14,11,3,12,8,8,13,159,221,6,102,1,12,12,3,13,4,14,0,9,13,10,4
74,176,252,131,124,2,6,8,9,4,12,8,152,221,3,9,15,11,0,4,6,118,117,65,14,13,4,6,10,4,2,15,9,8,10,4,4,2,6,13,4,4,0,6,6,13,106,37,10,6,7,14,7,2,237,60,176,252,13,1,4,1,101,2,89,12,1,2,12,9,14,10,152,144,164,156,141,53,46,74,46,197,205,62,246,5,103,1,91,4,227,0,1,11,15,1,14,0,15,13,12,9,5,5,14,218,6,103,3,9,2,3,3,6,7,14,4,11,14,0
75,177,253,13,100,15,9,13,7,7,10,10,0,90,4,12,10,8,8,3,7,228,209,66,216,13,12,10,2,7,9,3,12,3,14,2,8,2,10,11,13,9,9,3,13,108,115,3,5,7,13,12,11,8,238,61,177,253,8,5,8,3,129,130,88,9,10,6,5,14,12,11,6,145,165,157,142,54,47,75,47,198,206,63,247,5,107,7,94,1,100,0,11,3,4,7,0,5,10,6,1,7,4,11,12,219,12,102,14,2,10,5,13,4,14,1,12,4,2,5
76,178,254,8,101,12,12,9,1,0,15,11,11,91,11,9,7,3,2,0,4,229,210,67,217,5,3,3,15,13,13,7,14,1,4,6,15,5,8,11,1,1,3,1,4,106,12,12,4,6,5,13,2,2,239,62,178,254,12,10,4,3,0,242,89,9,13,9,1,6,8,3,4,0,166,158,143,55,48,76,48,199,207,64,248,3,249,1,95,12,101,10,14,7,15,5,11,13,12,9,2,6,8,15,6,220,11,103,7,10,0,6,9,11,14,11,13,8,6,1
77,179,255,5,98,0,2,1,1,0,4,3,110,109,13,15,15,0,15,1,5,230,211,68,218,3,8,15,0,11,14,2,15,10,10,11,6,12,15,2,5,1,0,116,36,113,11,2,7,4,3,65,9,0,240,63,179,255,10,7,13,79,188,243,90,4,10,3,1,5,2,8,13,5,4,159,144,56,49,77,49,200,208,58,58,195,250,4,92,3,131,32,120,6,12,12,3,9,9,14,2,5,10,15,8,221,6,96,11,10,0,1,4,0,12,3,3,0,14,0
78,180,8,0,99,5,8,15,3,2,13,116,119,1,3,5,8,14,10,3,9,231,212,69,219,7,10,9,0,9,11,14,1,1,15,3,11,15,4,1,9,1,1,106,37,13,10,58,79,44,202,66,167,9,241,64,180,2,65,44,202,80,189,244,91,7,2,1,7,15,5,1,12,0,11,11,145,57,50,78,50,201,188,59,59,196,251,6,93,0,0,33,102,4,5,11,15,13,6,5,6,7,14,1,15,220,4,97,1,2,13,15,11,3,9,11,6,9,2,12
10,10,15,7,242,4,14,5,5,4,2,235,0,11,12,10,0,14,5,13,1,232,213,70,220,5,14,10,7,4,9,13,8,6,6,3,9,12,7,11,8,15,2,235,51,51,202,59,80,45,203,67,168,146,72,58,79,195,66,45,203,81,190,245,235,3,15,9,13,1,2,15,7,13,72,13,12,10,195,153,44,174,189,60,60,197,252,1,92,11,7,9,103,10,15,13,8,10,11,5,4,5,0,11,8,221,4,104,1,1,12,9,5,0,12,9,1,14,5,6
1,3,65,202,243,13,15,10,5,3,4,236,216,5,10,7,3,14,8,2,13,233,214,71,221,11,3,2,6,14,10,14,7,14,11,14,10,10,12,9,15,0,12,236,52,52,203,60,81,46,204,68,169,147,73,59,80,196,67,46,204,82,191,246,236,167,3,7,13,2,1,7,8,181,73,146,65,209,196,154,45,175,190,61,61,198,253,10,93,4,14,0,123,124,2,2,15,3,14,10,9,1,116,128,7,106,4,105,5,15,10,4,3,0,14,6,0,7,0,11
10,222,66,203,244,12,0,3,13,3,8,237,217,8,6,9,9,4,2,0,3,234,215,118,111,4,15,79,44,44,209,146,10,10,10,1,10,14,2,14,11,12,14,237,53,53,204,61,82,47,205,69,170,148,74,60,81,197,68,47,205,83,192,247,237,168,132,72,44,51,44,79,202,182,74,147,66,210,197,155,46,176,191,62,62,199,254,112,117,3,6,3,10,121,38,32,122,14,8,5,110,36,119,131,40,111,7,107,4,14,4,15,6,15,3,12,0,12,6,4
13,223,67,204,245,8,6,15,11,7,0,238,218,11,13,8,8,5,13,7,12,5,14,235,72,58,195,80,45,45,210,147,153,10,3,4,13,11,10,13,4,14,10,238,54,54,205,62,83,48,206,70,171,149,75,61,82,198,69,48,206,84,193,248,238,169,133,73,45,52,45,80,203,183,75,148,67,211,198,156,47,177,192,63,63,200,255,228,51,44,51,72,79,1,39,33,127,34,38,34,115,37,10,7,41,14,8,123,128,12,12,1,6,10,4,10,6,3,6,1
1,224,68,205,246,8,6,3,5,7,9,239,219,6,0,8,15,0,15,3,8,8,9,236,73,59,196,81,46,46,211,148,154,160,1,10,4,8,13,3,1,0,13,239,55,55,206,63,84,49,207,71,172,150,76,62,83,199,70,49,207,85,194,7,239,170,134,74,46,53,46,81,204,184,76,149,68,212,199,157,48,178,193,64,64,201,9,229,52,45,52,73,80,160,12,8,13,35,39,35,0,12,0,58,11,2,13,51,249,0,7,8,8,0,6,2,3,14,3,12
8,225,69,206,247,14,0,6,4,9,10,240,220,9,15,12,8,2,4,14,7,7,5,237,74,60,197,82,47,47,212,149,155,161,167,1,2,13,15,6,14,10,13,240,56,56,207,64,85,50,208,15,173,151,77,63,84,200,71,50,208,13,6,6,240,171,135,75,47,54,47,82,205,185,77,150,69,213,200,158,49,179,194,2,14,6,3,230,53,46,53,74,81,161,160,5,0,14,15,5,13,58,181,59,167,72,188,52,250,3,1,7,1,2,2,9,14,7,11,15
12,226,70,207,248,7,5,0,15,10,8,241,221,9,14,0,9,14,10,2,4,3,10,238,75,61,198,83,48,48,213,150,156,162,168,132,4,4,13,9,14,10,10,241,57,57,208,8,12,3,14,10,6,152,78,64,85,201,12,72,79,44,10,13,241,172,136,76,48,55,48,83,206,186,78,151,70,214,201,159,50,180,6,5,1,14,2,231,54,47,54,75,82,162,161,160,79,202,160,79,209,59,182,60,168,73,189,53,251,7,0,14,6,174,153,58,58,3,9,3
7,227,71,208,10,3,5,2,6,12,14,2,106,12,14,14,1,0,13,4,11,5,11,239,76,62,199,84,49,49,214,151,157,163,169,133,139,6,5,1,13,3,72,44,79,1,5,14,5,0,7,65,0,13,1,72,65,44,174,73,80,45,167,1,1,173,137,77,49,56,49,84,207,187,1,152,71,215,0,2,15,5,5,7,3,0,15,232,55,48,55,76,83,163,162,161,80,203,161,80,210,60,183,61,169,74,190,54,252,4,5,6,209,175,154,59,59,153,79,195
15,123,34,120,6,0,1,12,8,14,1,15,228,7,6,12,10,13,2,8,4,12,15,240,77,63,200,85,50,50,215,152,158,164,170,134,140,139,79,72,79,195,73,45,80,153,44,5,12,14,181,66,153,51,188,73,66,45,175,74,81,46,168,146,44,58,138,78,50,57,50,85,208,14,15,8,1,1,4,8,12,3,3,5,0,0,15,233,56,49,56,77,84,164,163,162,81,204,162,81,211,61,184,62,170,75,191,55,253,4,3,209,210,176,155,60,60,154,80,196
6,11,35,107,10,3,9,11,1,2,11,0,229,146,0,5,7,15,7,14,14,7,4,241,78,64,201,9,15,12,5,15,159,165,171,135,141,140,80,73,80,196,74,46,81,154,45,146,65,209,182,67,154,52,189,74,67,46,176,75,82,47,169,147,45,59,132,58,79,51,2,1,10,3,8,11,9,2,3,0,12,8,15,4,15,58,7,234,57,50,57,78,85,165,164,163,82,205,163,82,212,62,185,63,171,76,192,56,254,11,188,210,211,177,156,61,61,155,81,197
4,1,4,121,124,15,0,13,13,11,7,10,230,147,216,9,5,10,9,1,7,12,12,6,15,12,6,14,11,5,5,15,7,166,172,136,142,141,81,74,81,197,75,47,82,155,46,147,66,210,183,68,155,53,190,75,68,47,177,76,83,48,170,148,46,60,133,59,80,52,132,72,13,3,0,51,7,4,8,6,14,58,14,13,209,59,139,12,7,15,3,0,11,166,165,164,83,206,164,83,213,63,186,64,172,77,193,57,255,195,189,211,212,178,157,62,62,156,82,198
3,7,13,7,107,4,3,11,9,9,7,3,231,148,217,12,10,1,13,3,12,7,5,14,11,13,15,7,9,10,1,13,3,15,173,137,143,142,82,75,82,198,76,48,83,156,47,148,67,211,184,69,156,54,191,76,69,48,178,77,84,49,171,149,47,61,134,60,81,53,133,73,139,79,181,52,167,3,11,13,188,59,146,181,210,60,140,132,13,13,12,174,139,2,166,165,84,207,165,84,214,64,187,11,173,78,194,9,202,196,190,212,213,179,158,63,63,157,83,199
15,2,15,4,249,14,6,15,8,3,6,8,232,149,218,3,10,6,6,1,12,8,0,7,14,10,1,1,3,10,2,11,8,10,5,138,144,143,83,76,83,199,77,49,84,157,48,149,68,212,185,70,157,55,192,77,70,49,179,78,85,50,172,150,48,62,135,61,82,54,134,74,140,80,182,53,168,160,58,181,189,60,147,182,211,61,141,133,167,79,188,175,140,167,9,166,85,208,166,85,215,10,58,79,65,65,79,195,203,197,191,213,214,180,159,64,64,158,84,200
0,8,3,222,250,6,5,3,6,5,4,11,233,150,219,114,40,124,9,15,10,13,0,6,15,12,7,5,3,4,3,7,11,11,13,13,145,144,84,77,84,200,78,50,85,158,49,150,69,213,186,71,158,56,193,78,71,50,180,7,0,5,173,151,49,63,136,62,83,55,135,75,141,81,183,54,169,161,59,182,190,61,148,183,212,62,142,134,168,80,189,176,141,168,153,44,65,72,195,153,51,209,59,80,66,66,80,196,204,198,192,214,215,9,3,11,8,159,85,201
6,8,7,223,251,11,15,3,4,4,10,4,234,151,220,92,41,107,8,3,5,11,1,7,3,5,12,10,4,2,0,6,7,2,14,0,13,145,85,78,85,201,12,9,6,159,50,151,70,214,187,10,159,57,194,9,7,2,13,5,8,0,3,152,50,64,137,63,84,56,136,76,142,82,184,55,170,162,60,183,191,62,149,184,213,63,143,135,169,81,190,177,142,169,154,45,66,73,196,154,52,210,60,81,67,67,81,197,205,199,193,215,13,2,7,4,2,10,12,7
11,4,10,224,252,10,9,12,14,11,13,14,12,152,221,93,5,121,42,124,5,14,13,1,2,10,7,12,2,14,5,5,8,12,4,0,15,14,1,13,3,15,6,11,13,14,9,152,71,215,9,4,12,12,2,12,9,14,9,6,7,7,1,7,6,0,138,64,85,57,137,77,143,83,185,56,171,163,61,184,192,63,150,185,214,64,144,136,170,82,191,178,143,170,155,46,67,74,197,155,53,211,61,82,68,68,82,198,206,200,194,5,15,9,8,14,10,5,4,15
8,11,13,225,253,11,8,5,0,8,7,8,11,6,88,228,8,6,43,129,34,120,8,12,14,10,6,4,6,0,13,3,10,1,4,9,5,13,5,1,1,4,12,2,0,3,14,3,10,6,8,2,14,9,12,0,2,10,2,13,7,12,3,14,13,10,0,11,8,12,138,78,144,84,186,57,172,164,62,185,193,64,151,186,215,11,145,137,171,83,192,179,144,171,156,47,68,75,198,156,54,212,62,83,69,69,83,199,207,201,0,9,8,4,5,11,8,0,2,11
15,14,14,226,254,13,13,14,14,15,15,4,10,4,89,229,146,79,7,3,35,131,126,222,216,6,7,10,9,5,6,2,10,8,6,1,13,4,7,4,5,12,12,2,3,5,9,13,8,5,1,2,8,13,2,9,0,14,0,10,12,11,1,1,9,9,11,8,1,9,5,3,145,85,187,12,173,165,63,186,194,0,152,187,12,12,1,138,172,84,193,180,145,172,157,48,69,76,199,157,55,213,63,84,70,70,84,200,208,13,8,9,12,6,8,3,1,0,8,0
1,12,8,227,255,8,8,1,7,14,12,13,12,12,106,230,147,80,132,79,72,79,242,223,217,8,5,15,7,14,9,114,42,40,126,5,10,2,4,11,11,0,0,0,10,11,12,0,5,3,6,9,11,10,9,2,6,13,1,2,0,0,0,6,1,15,5,6,15,13,4,5,11,0,11,14,13,166,64,187,13,0,8,1,3,15,14,2,173,85,194,11,13,173,158,49,70,77,200,158,56,214,64,85,71,71,85,201,3,1,7,10,13,9,11,8,4,2,9,10
1,10,5,107,2,6,3,14,5,11,2,2,14,114,113,231,148,81,133,80,73,80,243,224,218,0,9,0,12,4,1,106,43,41,127,34,34,128,10,11,5,11,0,6,2,13,15,12,4,15,4,14,2,10,13,15,11,1,14,2,7,12,9,11,4,12,8,13,9,6,12,3,10,10,6,12,10,5,7,1,0,2,15,2,8,13,10,10,13,6,3,4,0,13,159,50,71,78,201,159,57,215,8,9,8,13,13,6,2,11,10,14,9,12,2,14,5,8,7,12
6,1,6,121,128,11,4,15,4,0,0,15,2,106,15,232,149,82,134,81,74,81,244,225,219,222,139,44,58,202,216,228,51,58,13,35,35,107,12,11,15,6,4,15,12,11,0,2,4,4,5,3,7,5,4,2,14,7,2,15,12,4,15,11,15,7,2,8,15,7,10,1,13,5,7,13,4,9,2,13,5,14,14,2,0,11,11,3,15,4,10,4,10,13,5,1,8,8,12,8,1,12,14,2,8,8,13,5,9,0,1,12,0,13,8,4,0,0,15,7
7,6,4,6,104,8,2,1,1,2,11,2,13,235,4,233,150,83,135,82,75,82,245,226,220,223,140,45,59,203,217,229,52,59,132,51,44,242,14,1,14,8,4,12,0,13,15,2,10,6,4,11,12,2,15,14,15,7,11,5,5,9,6,8,6,11,14,10,10,6,13,0,6,12,6,10,1,4,1,3,12,0,10,3,14,10,10,5,15,15,0,9,8,15,14,4,6,12,0,10,0,15,15,7,5,3,10,9,7,12,7,10,1,10,13,10,4,6,7,9
3,7,5,13,105,1,4,7,15,15,3,11,3,236,167,234,151,84,136,83,76,83,246,227,221,224,141,46,60,204,218,230,53,60,133,52,45,243,8,1,5,12,5,0,2,2,6,11,15,14,2,10,9,1,9,6,8,4,5,7,1,3,3,11,14,3,14,5,10,12,1,1,13,4,11,2,3,8,10,11,7,0,5,10,15,12,0,12,7,7,10,2,0,10,1,6,12,2,12,14,12,10,12,6,6,10,11,8,3,8,13,6,9,11,4,14,13,9,10,12
12,13,2,14,131,120,13,2,11,10,13,2,6,237,168,160,152,85,137,84,77,84,247,125,119,225,142,47,61,205,219,231,54,61,134,53,46,244,12,7,5,14,6,12,6,13,10,6,6,0,6,15,12,5,15,12,8,0,6,11,2,2,5,8,7,0,6,2,10,2,11,5,9,0,13,5,7,14,12,14,3,11,9,14,2,0,7,2,10,6,3,0,13,13,8,4,1,3,12,15,11,5,8,2,0,1,1,11,6,5,13,10,9,10,10,9,14,12,12,10
108,40,122,6,13,107,4,8,10,8,10,10,10,238,169,161,132,9,138,85,78,85,248,14,2,226,143,48,62,206,220,232,55,62,135,54,47,245,7,8,6,12,7,5,8,0,9,3,6,7,4,7,14,4,4,13,6,4,8,15,10,181,146,0,15,13,1,13,10,15,3,7,15,13,15,12,7,2,2,15,4,12,9,0,12,8,12,8,13,1,11,14,11,6,11,11,11,13,1,15,12,13,11,14,5,4,1,10,9,5,14,14,3,0,2,5,4,6,44,0
92,41,125,124,0,123,130,7,9,10,13,11,10,239,170,162,133,146,3,5,13,202,146,14,13,227,144,49,63,207,221,233,56,63,136,55,48,246,12,4,65,7,13,1,7,10,3,4,8,72,72,11,12,11,12,15,13,1,8,0,202,182,147,167,51,13,11,1,44,65,5,12,9,15,1,14,0,1,14,5,15,8,8,2,9,2,14,4,15,3,13,10,8,3,8,4,6,7,14,2,11,15,5,12,10,6,9,10,3,3,9,0,13,12,5,65,58,181,45,216
93,15,7,102,13,0,100,12,3,14,12,13,12,240,171,163,134,147,146,65,181,203,147,146,65,242,145,50,64,208,228,234,57,64,137,56,49,247,0,195,66,167,12,10,15,7,6,5,209,73,73,153,13,10,14,12,15,2,6,209,203,183,148,168,52,167,65,209,45,66,153,14,12,8,1,12,1,8,14,4,2,15,13,6,15,5,0,3,0,3,1,7,9,13,9,7,8,2,9,4,0,5,11,12,13,4,12,10,1,15,6,2,10,1,202,66,59,182,46,217
119,2,9,103,5,10,101,6,13,15,12,6,6,241,172,164,135,148,147,66,182,204,148,147,66,243,14,10,2,8,229,153,51,4,138,57,50,248,195,196,67,168,153,72,65,44,65,188,210,74,74,154,132,7,14,58,58,51,181,210,204,184,149,169,53,168,66,210,46,67,154,139,4,13,4,4,5,14,11,15,8,13,9,1,6,10,7,11,12,8,10,3,13,3,3,12,0,12,7,15,11,13,8,3,14,5,58,79,181,160,3,5,14,195,203,67,60,183,47,218
4,14,3,102,6,15,107,9,9,2,2,15,3,6,173,165,136,149,148,67,183,205,149,148,67,244,14,1,15,15,230,154,52,160,65,79,72,195,196,197,68,169,154,73,66,45,66,189,211,75,75,155,133,139,195,59,59,52,182,211,205,185,150,170,54,169,67,211,47,68,155,140,160,72,15,0,8,11,0,7,15,14,10,15,5,15,0,2,1,9,10,79,51,79,1,14,12,13,51,58,7,8,9,72,44,195,59,80,182,161,132,51,202,196,204,68,61,184,48,219
11,13,0,103,9,3,125,122,15,10,15,15,11,14,12,166,137,150,149,68,184,206,150,149,68,245,15,8,14,14,231,155,53,161,66,80,73,196,197,198,69,170,155,74,67,46,67,190,212,76,76,156,134,140,196,60,60,53,183,212,206,186,151,171,55,170,68,212,48,69,156,141,161,73,167,65,79,8,2,7,58,7,3,44,10,7,9,6,0,2,202,80,52,80,160,65,72,181,52,59,139,79,188,73,45,196,60,81,183,162,133,52,203,197,205,69,62,185,49,220
6,8,12,107,6,11,14,104,14,4,1,3,14,10,4,13,138,151,150,69,185,207,151,150,69,246,7,2,4,2,232,156,54,162,67,81,74,197,198,199,70,171,156,75,68,47,68,191,213,77,77,157,135,141,197,61,61,54,184,213,207,187,152,172,56,171,69,213,49,70,157,142,162,74,168,66,80,132,72,202,59,139,209,45,167,51,15,15,51,202,203,81,53,81,161,66,73,182,53,60,140,80,189,74,46,197,61,82,184,163,134,53,204,198,206,70,63,186,50,221
1,9,14,131,124,15,5,105,9,9,10,9,5,11,9,1,0,152,151,70,186,208,152,151,70,247,0,11,0,7,233,157,55,163,68,82,75,198,199,200,71,172,157,76,69,48,69,192,214,78,78,158,136,142,198,62,62,55,185,214,208,7,11,173,57,172,70,214,50,71,158,143,163,75,169,67,81,133,73,203,60,140,210,46,168,52,167,181,52,203,204,82,54,82,162,67,74,183,54,61,141,81,190,75,47,198,62,83,185,164,135,54,205,199,207,71,64,187,114,111
10,2,3,6,104,8,8,125,126,11,11,0,11,3,0,2,6,4,152,71,187,1,7,152,71,248,6,2,4,13,234,158,56,164,69,83,76,199,200,201,7,173,158,77,70,49,70,193,215,5,4,159,137,143,199,63,63,56,186,215,7,7,12,7,3,173,71,215,11,9,159,144,164,76,170,68,82,134,74,204,61,141,211,47,169,53,168,182,53,204,205,83,55,83,163,68,75,184,55,62,142,82,191,76,48,199,63,84,186,165,136,55,206,200,208,5,14,5,106,3
1,10,12,14,105,9,3,14,96,3,14,7,12,3,9,0,2,7,13,13,15,13,13,7,15,14,6,12,9,3,2,159,57,165,70,84,77,200,201,12,4,3,159,78,71,50,71,194,6,4,0,11,138,144,200,64,64,57,187,11,6,10,6,4,1,5,12,15,7,11,7,145,165,77,171,69,83,135,75,205,62,142,212,48,170,54,169,183,54,205,206,84,56,84,164,69,76,185,56,63,143,83,192,77,49,200,64,85,187,166,137,56,207,201,7,1,4,2,228,14
14,7,0,9,96,8,3,0,97,13,4,10,4,15,8,1,0,12,15,11,9,3,8,10,15,15,8,12,5,3,9,0,12,166,71,85,78,201,0,9,4,11,5,10,11,3,13,0,4,4,12,3,13,145,201,14,9,14,12,3,12,4,3,1,7,12,9,11,9,1,12,10,166,78,172,70,84,136,76,206,63,143,213,49,171,55,170,184,55,206,207,85,57,85,165,70,77,186,57,64,144,84,193,78,50,201,1,3,1,0,138,57,208,9,12,6,10,6,229,216
0,7,6,8,97,13,11,12,102,14,14,1,13,6,14,6,4,7,0,10,2,8,12,3,11,9,1,0,5,3,12,11,9,14,0,3,4,4,13,12,2,3,12,6,10,1,7,0,11,14,3,1,11,3,6,12,8,0,0,8,9,9,6,9,12,14,13,13,13,10,14,10,15,5,173,71,85,137,77,207,64,144,214,50,172,56,171,185,56,207,208,8,8,12,166,71,78,187,11,0,145,85,194,9,12,10,11,7,10,1,12,12,14,14,8,2,10,4,230,217
7,12,15,7,107,5,11,12,103,9,4,6,7,10,14,0,13,13,7,11,9,0,13,7,11,7,15,7,14,4,6,2,5,5,6,14,6,2,10,6,2,15,0,12,1,0,5,13,9,13,13,5,5,15,3,2,9,14,15,15,5,13,10,0,7,8,3,5,13,1,14,3,8,4,15,9,3,138,78,208,15,145,215,7,173,57,172,186,57,208,3,8,1,13,13,10,8,6,6,8,10,9,8,11,9,5,15,15,15,14,8,5,6,6,2,15,3,9,231,218
4,4,9,7,129,130,12,4,100,0,7,0,8,15,5,1,3,4,2,6,2,8,4,13,14,12,6,12,1,3,11,3,0,14,0,11,4,5,2,1,1,12,7,12,13,4,5,3,9,1,12,4,2,13,8,5,5,12,1,9,13,8,15,7,1,8,11,13,7,15,12,10,14,4,6,10,6,9,5,15,1,9,7,1,1,4,173,187,5,12,12,11,12,10,3,13,4,2,9,1,3,10,9,10,2,11,3,6,13,4,5,12,1,4,7,3,2,4,232,219
0,4,10,3,10,100,15,4,101,7,2,112,126,13,7,0,4,10,3,5,6,14,0,5,11,5,13,0,6,5,10,0,0,8,3,2,11,10,0,11,12,13,3,13,4,9,11,11,0,4,15,2,12,4,2,8,6,0,15,7,15,5,1,15,8,14,10,11,11,15,13,14,3,13,1,11,10,8,6,15,9,11,2,14,8,8,8,12,2,12,4,3,9,7,4,3,6,7,7,1,8,0,2,12,5,9,14,7,7,14,0,1,11,5,7,8,2,14,233,220
1,15,3,4,7,101,3,5,129,34,32,119,123,128,0,0,15,3,15,13,10,14,11,14,2,10,6,10,5,9,11,1,12,3,4,11,15,3,15,11,15,9,14,1,5,0,12,1,12,7,12,14,11,13,12,8,0,8,4,0,6,13,0,1,13,14,5,7,13,10,10,14,11,15,0,5,0,14,15,11,6,4,11,2,10,9,6,1,14,7,4,5,7,8,5,5,8,11,13,10,2,0,10,1,12,9,12,2,3,15,10,14,7,10,8,15,9,6,234,221
2,10,13,14,12,129,128,14,14,35,33,10,11,107,15,4,1,13,3,4,12,11,5,8,0,8,114,32,124,14,13,12,2,3,6,7,5,12,10,14,14,3,5,13,14,9,4,7,12,10,7,2,6,13,15,15,14,5,9,5,9,5,7,6,1,10,11,5,10,11,0,14,13,4,8,3,13,3,1,14,12,13,15,15,14,14,4,15,13,6,14,4,1,2,14,1,8,11,5,14,14,7,8,10,9,2,5,3,11,13,5,9,6,2,12,4,15,15,2,106
9,6,15,3,10,6,98,2,15,10,9,5,10,121,34,38,32,124,3,14,0,12,14,15,1,15,106,33,107,8,0,4,11,7,110,34,128,3,7,14,11,12,3,3,13,15,5,11,3,12,118,34,122,110,38,126,11,1,12,5,14,1,8,12,3,1,12,14,15,13,2,4,9,1,13,1,12,4,15,5,7,6,14,9,13,13,1,6,1,13,5,7,1,13,6,14,7,14,14,8,6,5,110,32,122,14,6,8,2,12,5,13,6,8,5,12,4,3,108,115
3,0,0,3,3,4,99,15,13,5,5,10,10,1,35,39,33,100,9,8,9,9,11,7,11,116,119,7,131,124,5,5,8,3,106,35,96,15,12,8,8,8,2,14,1,10,8,10,5,13,106,35,107,106,39,107,15,1,10,10,14,6,2,3,11,116,34,128,7,13,15,11,1,15,3,0,15,1,0,0,5,8,9,7,14,10,15,14,8,12,13,6,8,4,3,14,108,38,120,3,4,1,90,33,121,130,13,13,14,9,6,114,34,120,8,13,13,8,106,8
10,7,14,2,13,6,102,14,2,10,7,11,8,5,4,10,8,101,118,38,38,42,126,10,14,106,5,9,8,107,9,15,1,112,111,14,97,3,112,42,32,38,120,3,0,3,10,116,38,36,111,1,131,113,1,121,120,14,14,0,15,12,0,3,112,119,35,96,10,1,6,11,6,11,2,5,3,10,15,14,14,3,7,12,12,3,12,8,13,116,38,122,12,1,108,36,109,39,127,122,14,13,91,5,15,98,14,118,42,32,34,119,35,131,36,34,40,40,113,14
8,11,12,1,5,11,103,9,116,34,130,13,0,8,8,14,8,127,111,39,39,43,123,42,40,117,12,7,10,129,40,36,38,117,13,15,102,14,106,43,33,39,121,36,130,1,7,106,39,37,13,7,0,8,11,8,127,36,32,38,128,2,15,8,106,9,1,97,1,116,36,38,38,36,32,34,40,42,120,3,4,14,10,8,12,11,8,7,108,117,39,131,124,112,113,37,3,2,10,127,120,12,90,0,5,99,8,106,43,33,35,3,4,0,37,35,41,41,4,9
12,10,11,12,8,12,121,34,119,35,121,124,13,1,2,14,11,10,15,5,7,10,15,43,41,4,11,0,5,13,41,37,39,9,15,11,103,118,109,2,0,2,11,37,107,3,108,117,12,11,13,11,1,5,6,12,1,37,33,39,107,11,15,114,117,6,13,107,110,113,37,39,39,37,33,35,41,43,131,130,3,5,10,8,10,14,5,110,113,3,4,6,121,113,0,6,3,4,6,6,107,0,91,10,11,123,36,119,4,12,6,10,9,15,12,8,7,10,13,12
7,11,2,6,3,9,8,35,1,5,15,98,10,2,12,1,1,11,10,14,1,1,7,6,14,14,4,2,14,13,3,3,4,13,2,4,131,109,8,7,7,5,11,2,125,40,119,15,4,8,9,10,2,9,3,10,15,2,8,8,125,36,42,117,1,3,1,121,115,2,3,14,9,5,4,6,12,15,13,125,38,36,42,36,34,38,42,115,4,7,10,11,7,7,13,9,2,11,7,2,125,42,115,2,15,12,37,11,7,1,8,13,2,11,10,9,15,8,7,12
0,12,13,5,4,0,8,14,8,12,11,99,2,13,13,4,7,3,5,11,0,8,1,2,15,7,7,6,14,12,6,4,5,13,3,15,5,6,7,2,6,9,15,11,15,41,2,9,13,181,132,12,3,2,202,167,15,2,10,6,12,37,43,2,3,15,4,14,10,9,11,2,9,8,14,11,6,6,4,6,39,37,43,37,35,39,43,6,12,15,5,0,2,14,0,13,14,7,13,12,12,43,7,7,8,11,14,9,8,9,3,10,13,8,9,3,1,11,6,188
