4,10,4,123,117,1,11,10,6,100,7,6,13,1,15,131,115,10,12,15,14,2,14,15,8,1,131,109,125,113,15,7,9,6,13,7,129,113,7,1,13,10,9,0,15,5,12,9,10,3,3,15,3,0,14,13,10,14,8,3,9,4,14,4,11,127,109,1,8,72,249,3,1,9,14,10,127,113,6,1,12,0,7,11,5,13,10,2,3,15,15,9,7,15,0,14,14,123,119,125,119,127,113,121,111,121,109,7,13,8,2,6,1,15,2,6,8,2,3,15,228,2,2,4,106,9,8,0,15,9,3,12,9,5,2,235,4,7,10,9,0,13,10,13,13,8,15,104,14,5
6,3,14,5,14,9,12,1,12,101,3,2,14,13,3,14,9,2,15,0,11,14,12,8,7,14,2,13,5,14,3,72,5,9,15,12,14,0,8,15,12,1,8,8,7,15,15,8,5,6,6,2,7,15,1,8,1,4,9,8,9,13,14,11,12,9,4,14,202,73,250,8,1,10,12,1,0,3,11,0,0,12,13,15,14,9,4,1,13,15,10,4,1,10,8,5,13,1,4,15,8,2,12,5,11,15,1,11,5,5,8,14,12,8,12,8,9,11,4,1,92,8,9,7,228,4,3,9,9,7,12,15,12,1,8,236,216,1,13,11,15,0,7,15,4,12,3,105,11,12
14,5,14,2,14,11,4,1,12,107,6,12,2,4,12,12,8,2,8,5,0,2,7,9,3,14,13,6,51,65,195,73,160,6,0,5,14,2,14,1,0,8,15,15,6,14,14,12,7,13,12,2,0,12,12,12,11,5,9,1,2,4,0,14,13,1,7,202,203,74,251,10,5,11,0,15,2,4,72,51,65,72,6,6,13,72,9,8,13,5,6,3,1,3,10,4,13,2,4,0,15,5,13,7,9,10,6,5,4,14,14,3,14,1,2,4,1,5,2,6,93,13,3,4,229,160,15,9,14,3,1,6,0,15,5,237,217,4,10,6,2,13,8,6,8,3,13,104,13,5
2,13,14,9,5,15,13,2,11,242,9,5,5,14,15,1,9,7,6,10,51,79,51,44,65,72,72,202,52,66,196,74,161,146,15,11,6,10,2,15,8,10,14,7,13,174,132,15,1,2,0,10,181,167,8,5,11,4,1,1,9,10,3,13,79,65,209,203,204,75,252,4,4,3,7,9,4,209,73,52,66,73,132,44,174,73,146,1,5,15,188,153,72,44,6,6,14,1,6,7,6,9,13,11,14,6,11,11,13,10,15,12,3,15,3,1,2,8,14,10,92,12,1,0,230,161,146,10,10,11,5,15,7,1,13,238,218,15,5,2,7,15,7,0,2,12,4,105,2,13
10,4,11,5,11,1,3,1,202,243,11,3,10,2,11,12,15,2,10,181,52,80,52,45,66,73,73,203,53,67,197,75,162,147,146,1,11,15,0,14,1,8,11,14,202,175,133,146,9,15,9,181,182,168,167,14,10,15,12,6,2,15,10,209,80,66,210,204,205,76,253,6,11,10,65,72,209,210,74,53,67,74,133,45,175,74,147,160,51,181,189,154,73,45,146,72,65,188,153,65,181,146,44,72,6,4,4,3,0,10,5,2,7,3,13,13,5,12,8,15,93,4,5,1,231,162,147,160,8,4,12,4,10,8,2,239,219,5,2,6,8,0,10,5,7,15,3,107,11,0
13,15,2,0,0,58,79,195,203,244,10,6,15,10,12,15,15,0,188,182,53,81,53,46,67,74,74,204,54,68,198,76,163,148,147,160,65,209,160,5,9,10,9,195,203,176,134,147,153,79,188,182,183,169,168,146,0,0,3,44,4,1,174,210,81,67,211,205,206,77,254,13,15,181,66,73,210,211,75,54,68,75,134,46,176,75,148,161,52,182,190,155,74,46,147,73,66,189,154,66,182,147,45,73,139,9,9,3,11,7,1,6,11,10,5,15,6,2,8,2,228,2,4,10,232,163,148,161,139,0,3,8,12,0,3,240,220,3,1,7,2,14,6,8,4,3,15,125,126,9
12,11,1,10,222,59,80,196,204,245,8,13,6,58,72,79,72,202,189,183,54,82,54,47,68,75,75,205,55,69,199,77,164,149,148,161,66,210,161,167,58,44,195,196,204,177,135,148,154,80,189,183,184,170,169,147,167,65,181,45,167,209,175,211,82,68,212,206,207,78,255,10,202,182,67,74,211,212,76,55,69,76,135,47,177,76,149,162,53,183,191,156,75,47,148,74,67,190,155,67,183,148,46,74,140,146,9,4,13,6,9,4,15,1,5,1,2,7,6,4,229,160,14,4,233,164,149,162,140,167,1,3,0,6,10,241,221,7,2,11,13,0,7,12,14,6,12,11,107,7
14,6,6,7,223,60,81,197,205,246,14,10,195,59,73,80,73,203,190,184,55,83,55,48,69,76,76,206,56,70,200,78,165,150,149,162,67,211,162,168,59,45,196,197,205,178,136,149,155,81,190,184,185,171,170,148,168,66,182,46,168,210,176,212,83,69,213,207,208,44,79,174,203,183,68,75,212,213,77,56,70,77,136,48,178,77,150,163,54,184,192,157,76,48,149,75,68,191,156,68,184,149,47,75,141,147,153,9,6,10,5,4,9,13,9,8,0,7,14,3,230,161,139,5,234,165,150,163,141,168,153,4,13,3,11,3,106,6,5,6,9,15,13,12,9,6,14,15,249,9
1,3,11,2,224,61,82,198,206,247,5,202,196,60,74,81,74,204,191,185,56,84,56,49,70,77,77,207,57,71,201,13,166,151,150,163,68,212,163,169,60,46,197,198,206,179,137,150,156,82,191,185,186,172,171,149,169,67,183,47,169,211,177,213,84,70,214,208,202,45,80,175,204,184,69,76,213,214,78,57,71,78,137,49,179,78,151,164,55,185,193,158,77,49,150,76,69,192,157,69,185,150,48,76,142,148,154,160,6,2,11,5,8,13,0,2,6,1,5,4,231,162,140,160,15,166,151,164,142,169,154,216,12,11,13,12,228,1,5,1,1,10,0,12,12,8,7,188,250,1
12,2,0,11,225,62,83,199,207,248,181,203,197,61,75,82,75,205,192,186,57,85,57,50,71,78,78,208,10,7,4,2,9,152,151,164,69,213,164,170,61,47,198,199,207,180,138,151,157,83,192,186,187,173,172,150,170,68,184,48,170,212,178,214,85,71,215,174,203,46,81,176,205,185,70,77,214,215,11,0,14,5,138,50,180,9,152,165,56,186,194,159,78,50,151,77,70,193,158,70,186,151,49,77,143,149,155,161,139,11,2,79,7,6,5,0,11,14,0,6,232,163,141,161,216,13,152,165,143,170,155,217,1,4,1,6,229,139,6,14,8,12,174,146,65,79,181,189,251,6
3,5,1,0,226,63,84,200,208,181,182,204,198,62,76,83,76,206,193,187,14,2,9,7,9,7,6,6,7,7,4,12,6,2,152,165,70,214,165,171,62,48,199,200,208,4,13,152,158,84,193,187,5,6,173,151,171,69,185,49,171,213,179,215,4,12,222,175,204,47,82,177,206,186,71,78,215,6,4,13,13,0,2,3,1,14,11,166,57,187,1,8,15,12,152,78,71,194,159,71,187,152,50,78,144,150,156,162,140,153,209,80,153,65,51,1,5,3,12,6,233,164,142,162,217,7,14,166,144,171,156,218,7,15,12,1,230,140,160,72,72,181,175,147,66,80,182,190,252,8
10,11,13,0,227,64,85,201,222,182,183,205,199,63,77,84,77,207,194,9,11,7,1,14,5,3,3,5,0,0,7,1,1,9,9,166,71,215,166,172,63,49,200,201,4,11,12,3,159,85,194,14,8,11,7,152,172,70,186,50,172,214,180,12,5,13,223,176,205,48,83,178,207,187,2,9,9,3,10,15,7,1,9,5,8,6,4,9,10,13,3,13,5,4,9,3,15,1,14,3,4,15,1,11,145,151,157,163,141,154,210,81,154,66,52,167,58,58,72,2,234,165,143,163,218,7,14,4,145,172,157,219,2,4,14,6,231,141,161,73,73,182,176,148,67,81,183,191,253,9
7,5,1,12,96,15,4,6,223,183,184,206,200,64,78,85,78,208,8,2,15,15,4,6,7,2,15,3,15,9,13,7,3,0,11,8,10,11,13,173,64,50,201,15,1,5,7,9,6,5,15,11,14,3,8,11,173,71,187,3,173,215,0,2,12,6,224,177,206,49,84,179,208,4,5,9,2,12,2,5,4,3,4,13,11,11,1,3,11,13,5,13,3,0,7,10,9,14,13,5,14,4,10,4,7,152,158,164,142,155,211,82,155,67,53,168,59,59,73,132,15,166,144,164,219,12,7,6,15,173,158,220,11,5,7,10,232,142,162,74,74,183,177,149,68,82,184,192,254,14
10,5,2,12,97,6,14,8,224,184,185,207,201,1,1,9,13,10,11,2,15,2,9,8,5,9,8,7,9,3,13,13,7,10,4,3,1,9,4,13,3,3,5,9,11,7,1,13,12,15,0,3,11,7,13,15,14,9,4,14,7,2,10,4,7,7,225,178,207,50,85,180,4,5,1,3,9,14,3,11,7,15,2,9,14,7,3,3,6,13,3,10,12,10,0,11,3,1,1,8,3,8,2,14,3,7,159,165,143,156,212,83,156,68,54,169,60,60,74,133,216,8,145,165,220,12,13,0,10,13,159,221,11,10,11,5,233,143,163,75,75,184,178,150,69,83,185,193,255,6
12,5,8,10,98,5,3,13,225,185,186,208,13,12,13,7,10,2,5,9,3,8,11,0,5,2,5,0,5,10,9,8,6,2,5,0,8,12,8,2,5,4,14,7,7,2,3,10,10,2,9,7,15,11,14,9,4,11,11,5,2,4,9,2,0,6,226,179,208,7,7,8,12,6,8,3,4,12,11,10,9,5,3,8,15,13,12,7,2,11,2,4,3,14,2,4,11,4,15,2,14,5,14,5,6,4,1,166,144,157,213,84,157,69,55,170,61,61,75,134,217,3,14,166,221,2,13,10,14,5,118,113,15,5,14,4,234,144,164,76,76,185,179,151,70,84,186,194,10,14
0,15,2,9,99,2,13,12,226,186,187,9,7,4,8,10,15,5,3,14,11,11,1,7,4,15,8,1,7,5,2,4,0,4,0,5,15,2,13,0,9,11,3,2,5,13,0,9,2,13,12,12,7,8,5,8,3,15,11,6,13,6,15,12,5,12,227,180,3,2,14,6,14,13,11,12,6,5,15,11,13,12,7,12,13,7,9,0,11,10,7,2,14,6,4,8,3,9,12,9,0,9,7,14,4,1,6,15,145,158,214,85,158,70,56,171,62,62,76,135,218,1,12,118,113,11,3,108,36,120,106,7,11,10,11,4,5,145,165,77,77,186,180,152,71,85,187,5,12,10
11,11,3,9,121,120,11,7,227,187,15,12,7,10,10,13,10,4,14,0,3,0,2,13,0,0,3,6,188,139,12,7,4,5,0,10,4,6,1,15,0,11,3,14,13,1,6,12,15,4,2,4,1,2,14,9,5,10,5,15,4,3,5,3,8,4,107,3,4,8,4,6,7,5,8,5,12,3,2,0,15,9,9,15,9,7,7,10,6,14,10,6,9,0,1,12,12,4,110,32,130,14,0,10,15,6,5,15,12,159,215,13,159,71,57,172,63,63,77,136,219,9,1,90,14,9,7,90,37,129,115,6,5,8,13,7,12,1,166,78,78,187,14,7,3,9,9,3,14,12
9,4,3,12,14,100,0,9,242,2,10,4,1,1,10,4,8,3,15,4,6,0,6,9,2,11,2,195,189,140,167,0,0,8,4,12,6,0,15,1,2,0,4,2,6,10,4,8,15,12,10,12,4,0,5,13,9,15,3,5,9,13,12,10,1,8,125,130,9,13,9,4,6,10,13,3,2,13,14,0,8,1,8,3,9,3,12,0,7,12,4,7,4,4,110,42,120,14,106,33,107,0,14,13,11,12,10,4,6,7,12,0,4,271,271,173,64,64,78,137,220,7,2,91,15,6,14,91,3,6,12,8,10,3,12,12,13,13,6,9,10,11,10,3,15,4,11,5,1,11
8,11,10,8,14,101,10,222,243,8,15,15,5,14,14,5,1,5,15,4,1,3,10,10,14,11,222,196,190,141,168,153,72,5,1,9,1,10,0,10,8,5,1,6,15,14,0,13,1,6,2,13,5,8,7,4,12,1,2,0,3,12,0,5,8,5,5,98,4,10,5,11,2,9,12,10,3,10,4,13,5,2,4,12,11,13,13,4,8,11,2,4,2,2,106,43,123,40,109,7,131,130,7,11,7,3,13,15,10,10,6,4,366,272,272,337,8,1,4,138,221,9,116,113,13,9,11,106,3,7,10,15,0,15,9,7,3,14,7,6,15,12,8,10,13,2,11,14,8,8
2,0,0,0,12,242,4,223,244,4,15,10,11,3,5,2,9,11,14,9,15,3,14,2,15,13,223,197,191,142,169,154,73,139,0,4,2,15,7,3,8,6,2,1,15,13,3,12,12,9,13,2,2,6,15,1,11,10,1,15,2,13,8,3,9,4,15,99,15,8,4,6,10,8,11,10,8,13,7,8,12,14,15,0,0,10,12,13,3,1,14,12,118,42,111,7,3,41,10,13,12,123,126,6,8,6,4,7,5,12,8,8,367,273,273,338,337,7,1,15,106,8,88,6,15,8,8,235,8,15,6,5,6,5,5,5,0,13,7,8,7,2,5,5,6,13,6,12,15,9
7,11,12,13,222,243,6,224,245,2,10,8,7,15,6,1,12,6,5,0,11,4,7,10,2,10,224,198,192,143,170,155,74,140,139,65,13,14,12,13,13,1,2,10,3,5,9,1,12,8,13,7,2,6,12,12,15,10,8,0,2,2,14,7,7,13,6,96,1,13,6,5,5,1,5,6,13,14,11,9,0,7,1,110,32,128,13,9,9,10,2,114,119,43,1,6,10,0,8,9,8,3,121,40,122,0,7,11,6,7,7,7,303,16,26,339,338,334,274,1,228,6,89,12,7,9,8,236,153,2,2,13,7,13,12,11,8,12,2,5,3,14,4,6,7,15,118,40,130,1
1,13,14,10,223,244,10,225,246,2,10,2,3,15,12,1,8,15,5,6,4,8,3,1,2,188,107,199,193,144,171,156,75,141,140,66,216,0,3,1,13,3,4,10,7,2,11,15,2,6,10,7,9,4,8,4,10,4,1,1,9,9,1,5,11,8,1,97,12,0,7,15,10,9,11,15,7,2,114,40,124,5,2,106,33,107,12,4,1,15,118,117,0,6,3,14,14,3,3,15,0,4,8,41,96,15,10,14,7,0,15,3,325,264,324,19,339,335,275,364,229,216,106,3,5,0,11,237,154,167,58,15,13,3,11,14,10,11,13,9,6,10,7,11,8,7,106,41,104,7
9,5,9,4,224,245,12,226,247,12,14,2,8,7,10,2,12,15,10,10,0,9,2,3,202,189,226,200,194,145,172,157,76,142,141,67,217,3,8,15,3,4,3,11,5,4,1,11,4,7,3,4,8,11,11,10,7,5,3,7,11,15,2,11,2,3,15,107,5,5,15,8,116,34,32,120,13,114,111,41,131,34,42,117,15,129,128,13,10,9,106,14,10,11,3,10,12,1,14,14,8,12,4,8,97,1,2,2,8,8,6,8,15,265,296,27,31,336,276,365,230,217,228,3,10,12,9,238,155,168,59,132,58,44,13,4,6,11,10,10,8,4,14,14,8,2,235,8,105,8
3,5,0,6,225,246,15,227,248,13,0,5,14,2,2,10,12,8,4,14,2,14,15,209,203,190,227,201,11,10,173,158,77,143,142,68,218,9,11,12,9,10,11,8,7,0,12,15,12,6,7,11,9,5,6,12,10,9,11,5,2,11,0,10,3,9,6,249,5,2,10,5,92,35,33,100,7,106,108,32,120,35,43,8,12,14,129,42,128,110,113,13,15,9,8,4,12,3,0,2,8,72,72,79,249,14,13,8,8,14,10,7,1,13,297,30,22,29,23,288,231,218,229,132,5,0,3,239,156,169,60,133,59,45,139,10,8,15,2,9,5,3,12,6,8,1,236,216,129,122
8,4,14,6,226,247,12,100,0,8,12,8,8,15,4,0,14,10,4,10,2,2,222,210,204,191,11,6,9,10,12,159,78,144,143,69,219,3,11,116,38,126,7,15,112,38,122,5,7,13,9,12,0,15,10,0,3,3,10,13,9,9,8,4,1,0,202,250,3,6,9,11,93,2,1,101,112,113,88,33,121,32,128,12,7,7,14,43,107,106,0,10,8,2,10,3,7,4,13,5,209,73,73,80,250,4,3,1,7,3,8,13,1,15,303,30,20,16,16,289,232,219,230,133,160,4,10,240,157,170,61,134,60,46,140,146,9,12,15,11,15,7,1,15,10,14,237,217,15,102
0,7,15,0,227,248,9,101,8,14,2,5,10,14,14,8,12,12,11,13,9,3,223,211,205,192,12,12,3,13,12,4,268,145,144,70,220,3,2,106,39,129,128,5,106,39,121,128,11,2,5,10,4,6,12,12,1,3,2,5,2,10,5,0,15,181,203,251,3,4,10,12,106,3,11,129,111,7,89,3,5,33,100,5,9,0,6,15,121,109,2,10,9,15,10,1,14,1,65,174,210,74,74,81,251,6,2,7,4,2,7,0,15,1,325,326,25,27,24,302,233,220,231,134,161,167,10,241,158,171,62,135,61,47,141,147,160,65,2,3,15,3,11,5,4,6,238,218,15,103
13,7,13,14,127,128,4,104,8,7,0,2,7,13,3,13,15,12,12,12,7,11,224,212,206,193,2,8,2,3,274,361,269,364,145,71,221,0,118,115,3,3,127,34,113,6,2,125,42,124,7,9,1,12,6,6,2,0,11,8,12,9,6,5,202,182,204,252,11,7,14,8,228,5,1,10,13,14,235,65,14,8,101,8,11,10,4,5,12,14,0,8,4,9,7,7,8,202,66,175,211,75,75,82,252,10,9,5,12,2,10,11,14,6,0,294,17,26,21,364,234,221,232,135,162,168,153,10,159,172,63,136,62,48,142,148,161,66,146,12,11,2,12,12,0,6,239,219,7,96
12,15,12,3,15,100,0,105,1,2,15,4,10,4,3,5,1,11,15,7,15,0,225,213,207,194,277,283,277,349,275,362,270,365,9,110,115,112,111,12,15,0,8,35,3,8,5,11,43,131,128,7,0,15,6,14,3,13,4,4,7,12,1,195,203,183,205,253,7,6,7,11,229,160,4,6,12,1,236,66,216,9,107,0,15,11,10,15,7,0,14,6,11,2,11,8,209,203,67,176,212,76,76,83,253,13,13,11,10,10,12,14,2,12,2,295,22,25,26,365,11,106,233,136,163,169,154,132,12,173,64,137,63,49,143,149,162,67,147,132,7,8,7,9,9,1,240,220,2,97
1,5,12,4,5,101,6,107,15,12,15,9,2,14,5,1,0,14,11,15,13,6,226,214,208,358,278,284,278,350,276,363,25,302,8,88,114,117,8,13,10,8,13,2,2,4,1,1,8,14,125,124,2,110,38,128,2,7,5,12,8,14,195,196,204,184,206,254,3,15,4,11,230,161,132,79,51,7,237,67,217,5,129,124,2,3,10,4,9,11,10,8,3,1,3,222,210,204,68,177,213,77,77,84,254,14,5,15,14,14,13,6,6,1,1,317,266,326,18,288,7,220,234,137,164,170,155,133,167,79,44,138,64,50,144,150,163,68,148,133,167,11,7,11,8,2,241,221,7,123
2,10,14,2,14,102,11,125,128,5,4,0,4,0,2,10,6,6,5,7,14,11,227,215,366,359,279,285,279,351,27,312,258,315,15,89,86,8,4,12,4,6,3,15,12,7,15,14,13,11,3,131,38,117,39,98,8,11,3,7,10,174,196,197,205,185,207,255,14,14,11,2,231,162,133,80,52,216,238,68,218,7,5,100,10,1,5,15,8,0,9,13,6,9,13,223,211,205,69,178,214,78,78,85,255,10,4,5,4,2,14,7,14,7,10,13,267,303,31,289,12,221,14,138,165,171,156,134,168,80,45,153,79,79,145,151,164,69,149,134,168,160,1,14,1,110,36,113,15,1
13,4,8,0,6,103,15,14,107,7,15,4,9,12,8,2,1,14,13,13,4,8,100,5,367,360,21,17,21,30,29,302,259,1,11,106,87,6,2,2,0,6,5,2,10,10,2,11,14,13,8,6,39,1,0,99,0,15,222,153,195,175,197,198,206,186,208,3,1,2,10,14,232,163,134,81,53,217,239,69,219,6,7,101,1,9,14,5,7,3,4,7,4,5,6,224,212,206,70,179,215,9,6,1,14,11,5,10,13,0,1,7,14,10,5,0,1,321,262,307,15,88,9,6,166,172,157,135,169,81,46,154,80,80,132,152,165,70,150,135,169,161,146,9,15,88,37,3,2,7
14,4,6,6,2,107,5,10,131,36,122,7,15,3,8,3,4,6,2,7,9,12,101,9,300,20,25,16,24,17,23,368,0,108,32,109,106,10,14,2,108,34,124,10,15,3,10,2,5,0,2,13,9,0,3,131,128,1,223,154,196,176,198,199,207,187,11,14,0,4,5,2,233,164,135,82,54,218,240,70,220,3,4,107,15,14,6,14,9,2,11,6,11,13,8,225,213,207,71,180,5,7,7,4,6,11,2,8,11,10,0,7,15,11,12,8,4,6,263,10,13,89,6,15,5,173,158,136,170,82,47,155,81,81,133,167,166,71,151,136,170,162,147,139,8,89,6,15,13,5
13,1,14,13,8,242,4,12,15,37,107,6,1,10,12,10,14,7,15,10,15,0,98,13,301,23,29,20,22,20,18,369,364,90,33,114,109,9,12,3,106,35,131,42,38,130,1,14,4,14,12,6,3,2,2,7,96,12,224,155,197,177,199,200,208,2,10,3,12,7,3,11,234,165,136,83,55,219,241,71,221,0,5,131,120,10,7,13,5,15,6,0,7,13,3,226,214,208,12,10,2,2,8,12,12,0,4,6,15,3,9,11,10,8,12,9,15,7,15,118,42,113,3,14,6,4,159,137,171,83,48,156,82,82,134,168,146,51,152,137,171,163,148,140,216,228,6,15,10,9
10,9,9,11,174,243,0,11,9,12,121,124,8,5,11,0,5,4,11,15,8,6,99,3,317,258,320,26,19,21,31,370,365,91,112,117,13,2,7,6,228,1,3,43,39,107,2,15,0,2,14,5,8,10,8,11,97,2,225,156,198,178,200,201,6,5,8,4,11,5,2,8,7,166,137,84,56,220,3,3,94,14,3,12,104,14,8,2,12,9,4,8,14,12,7,227,215,13,13,0,1,13,15,1,5,8,2,2,13,13,2,10,11,8,12,14,4,10,6,106,43,9,11,11,6,15,15,138,172,84,49,157,83,83,135,169,147,52,132,138,172,164,149,141,217,229,139,4,2,3
6,5,4,222,175,244,9,1,9,8,15,249,2,3,3,8,4,9,6,10,14,3,249,1,9,259,325,322,16,27,24,26,302,92,88,9,1,11,7,15,229,139,72,65,65,242,1,2,2,7,15,8,10,6,3,15,107,1,226,157,199,179,201,13,8,10,2,15,11,0,9,2,2,12,138,85,57,221,2,4,95,2,4,8,105,8,3,7,0,14,2,15,10,14,1,96,7,0,5,6,7,3,11,8,7,12,10,5,1,3,14,5,12,1,14,7,7,116,40,109,12,12,1,6,10,6,12,9,173,85,50,158,84,84,136,170,148,53,133,132,173,165,150,142,218,230,140,167,65,188
13,5,6,223,176,245,1,3,9,10,209,250,8,12,12,10,10,6,2,1,12,202,250,0,3,14,9,325,264,262,266,262,309,93,89,6,13,13,14,1,230,140,73,66,66,243,9,10,9,2,10,9,2,14,3,4,123,128,227,158,200,180,7,7,14,10,5,13,6,1,12,5,1,5,5,15,3,106,13,8,88,9,4,0,104,13,0,0,5,1,12,1,1,4,3,97,14,2,11,6,1,7,1,15,8,15,9,7,6,15,1,3,7,14,1,12,1,106,41,11,3,1,4,12,14,4,15,5,11,15,8,159,85,85,137,171,149,54,134,133,139,166,151,143,219,231,141,168,66,189
1,2,0,224,177,246,1,9,3,222,210,251,15,9,7,5,5,14,7,10,195,203,251,15,5,2,10,12,265,263,267,263,3,90,88,10,5,10,11,14,231,141,74,67,67,244,7,9,9,12,15,12,1,0,1,15,7,102,107,159,201,1,10,2,15,0,10,8,14,7,7,15,8,8,14,14,110,109,0,10,89,1,14,7,105,7,6,7,3,13,9,9,1,4,9,107,5,9,9,6,13,7,9,13,13,2,8,11,0,5,15,5,8,5,3,3,118,111,13,11,4,2,11,8,12,9,1,3,11,6,11,9,4,9,138,172,150,55,135,134,140,160,152,144,220,232,142,169,67,190
6,14,1,225,178,247,7,0,4,223,211,252,15,5,13,12,10,8,44,181,196,204,252,3,9,12,13,12,3,10,12,11,10,91,89,14,15,12,9,1,232,142,75,68,68,245,1,0,15,6,1,4,0,2,9,8,8,103,129,32,126,0,12,9,5,4,4,1,6,13,0,12,15,8,13,110,119,9,1,4,86,11,8,1,242,9,15,10,10,5,0,15,2,0,3,123,36,120,8,13,14,13,10,7,7,5,1,1,4,4,10,13,118,34,124,2,106,3,13,4,13,0,9,13,6,2,10,7,14,10,10,7,7,8,4,173,151,56,136,135,141,161,153,145,221,233,143,170,68,191
4,8,0,226,179,248,9,0,0,224,212,253,3,1,15,8,15,181,45,182,197,205,253,6,4,12,2,13,5,13,9,112,40,109,86,12,8,15,1,7,233,143,76,69,69,246,10,2,6,0,4,6,2,7,2,1,12,104,4,33,107,3,14,7,12,9,3,1,11,15,6,0,6,15,8,228,6,2,4,3,87,13,2,181,243,9,14,5,11,14,6,11,4,4,6,4,37,98,15,13,6,2,14,1,9,10,14,5,9,4,6,108,109,35,125,32,117,14,12,8,6,8,12,8,10,14,9,11,10,9,14,7,11,9,8,10,152,57,137,136,142,162,154,216,106,234,144,171,69,192
8,5,6,227,180,5,13,0,4,225,213,254,14,4,3,7,188,182,46,183,198,206,254,2,14,5,15,1,14,4,5,86,41,11,87,1,13,15,1,6,234,144,77,70,70,247,14,13,3,8,10,3,14,4,6,13,8,105,4,7,131,120,8,13,3,12,10,11,14,13,0,7,1,3,1,229,216,12,0,108,111,2,222,182,244,0,11,15,3,13,0,13,6,15,1,4,9,99,9,5,2,11,9,11,3,12,0,6,5,5,9,92,5,14,4,33,13,15,15,13,7,14,8,79,14,3,0,10,6,4,10,2,0,0,8,9,13,13,138,137,143,163,155,217,235,6,145,172,70,193
15,12,7,249,10,13,8,2,9,226,214,255,12,65,51,188,189,183,47,184,199,207,255,12,9,3,2,1,12,9,8,87,116,34,119,6,3,11,6,14,13,145,78,71,71,248,11,6,15,8,13,13,15,12,3,12,2,131,128,6,11,100,1,11,5,0,13,12,12,12,15,6,2,7,11,230,217,0,110,119,6,13,223,183,245,15,10,5,11,7,6,13,5,5,11,14,14,104,15,9,13,12,8,7,3,12,12,11,14,4,8,93,12,14,1,0,10,5,7,0,8,10,174,80,132,6,1,4,9,10,11,13,12,0,10,11,10,13,11,138,144,164,156,218,236,160,7,173,71,194
139,79,188,250,10,1,10,8,8,227,215,11,202,66,52,189,190,184,48,185,200,208,4,7,15,12,14,5,1,5,112,117,94,35,2,7,3,5,14,6,13,5,13,11,10,12,10,8,13,8,1,7,14,3,6,6,14,0,100,1,9,101,10,10,10,15,10,8,10,11,9,7,10,0,8,231,218,5,92,9,14,12,224,184,246,2,0,7,15,10,5,5,1,15,4,0,0,105,2,3,7,12,9,13,10,1,6,5,0,13,114,113,10,8,5,13,14,6,8,8,8,174,175,81,133,146,79,7,5,10,15,7,13,6,6,14,4,8,7,9,145,165,157,219,237,161,146,44,72,79
140,80,189,251,15,4,11,3,10,107,7,222,203,67,53,190,191,185,49,186,201,2,10,11,9,11,5,1,3,4,86,13,95,14,14,9,9,5,4,10,1,0,5,14,9,14,9,8,6,3,13,1,14,14,14,4,6,11,101,12,10,127,120,3,13,3,7,1,1,6,10,7,1,14,10,232,219,3,93,10,11,15,225,185,247,15,9,7,13,10,6,6,13,15,12,2,0,107,13,5,11,2,7,8,14,3,15,14,5,7,94,12,6,7,8,3,8,2,1,3,195,175,176,82,134,147,80,160,11,1,6,3,4,8,7,1,5,7,0,2,4,166,158,220,238,162,147,45,73,80
141,81,190,252,4,7,0,8,13,125,126,223,204,68,54,191,192,186,50,187,6,6,1,9,7,14,3,8,10,0,87,3,106,1,13,4,9,11,5,6,11,10,2,13,8,3,11,12,110,34,128,1,12,3,7,4,1,4,129,36,124,8,123,120,8,11,6,5,14,12,9,5,2,1,11,233,220,6,235,0,14,12,226,186,248,6,13,8,3,2,14,12,2,0,11,9,10,123,42,130,10,2,6,7,4,11,9,2,1,6,95,8,12,15,7,9,1,11,14,188,196,176,177,83,135,148,81,161,139,4,6,9,2,2,1,14,9,5,4,13,10,15,159,221,239,163,148,46,74,81
142,82,191,253,0,15,10,5,13,13,107,224,205,69,55,192,193,187,15,14,12,8,14,11,10,2,10,3,8,2,94,116,109,2,4,4,0,8,0,12,8,14,7,0,10,14,1,13,106,35,107,8,4,0,13,15,5,7,3,37,123,128,3,98,15,9,15,8,2,13,5,0,9,4,5,234,221,9,236,216,4,8,227,187,2,13,15,4,13,9,12,12,11,9,7,9,7,2,43,107,9,13,3,8,0,10,15,9,0,13,106,13,4,1,3,7,3,8,188,189,197,177,178,84,136,149,82,162,140,132,51,65,8,13,4,14,5,3,0,15,12,11,14,90,240,164,149,47,75,82
143,83,192,254,4,3,0,6,15,11,249,225,206,70,56,193,194,11,4,3,13,12,7,4,1,10,14,12,1,7,95,88,13,8,5,7,0,2,14,15,5,6,0,13,8,10,0,8,228,58,242,11,10,3,9,12,0,13,9,0,11,123,122,99,2,8,10,10,7,6,10,11,1,14,2,8,88,3,237,217,8,3,107,2,3,9,9,6,6,10,8,9,11,12,6,0,2,7,12,129,40,128,6,114,40,128,9,0,116,40,117,14,14,0,6,12,9,222,189,190,198,178,179,85,137,150,83,163,141,133,52,66,216,15,14,2,7,2,12,7,0,3,10,91,241,165,150,48,76,83
144,84,193,255,2,0,0,13,6,222,250,226,207,71,57,194,12,0,10,1,9,6,6,9,7,7,7,5,0,12,86,89,1,1,9,11,11,8,9,5,4,2,3,6,12,0,14,10,229,59,243,5,10,2,15,6,9,5,15,1,2,1,107,121,40,130,12,15,1,2,10,112,40,120,11,11,89,8,238,218,13,1,131,38,34,126,3,2,12,2,8,8,4,8,14,15,15,4,15,13,41,127,38,111,41,107,9,114,119,41,11,15,15,15,9,7,10,223,190,191,199,179,180,11,138,151,84,164,142,134,53,67,217,14,12,14,4,10,6,6,15,1,6,92,0,166,151,49,77,84
145,85,194,15,3,3,15,6,6,223,251,227,208,1,3,5,10,7,14,2,12,5,5,12,6,12,5,13,6,5,87,86,14,2,10,14,11,9,4,1,9,6,1,13,5,15,14,11,230,60,244,6,10,14,10,8,0,14,13,7,10,6,123,120,41,123,38,122,4,13,6,106,41,107,8,3,106,14,239,219,6,12,2,39,35,107,9,12,11,5,0,15,15,5,15,11,5,5,14,8,1,14,39,13,0,127,32,117,9,0,5,8,9,5,5,5,2,224,191,192,200,180,2,6,6,152,85,165,143,135,54,68,218,6,12,1,6,9,9,2,10,3,12,93,3,8,152,50,78,85
5,2,9,4,15,8,7,7,13,224,252,107,1,15,2,10,13,4,13,14,5,9,10,8,6,0,12,12,8,112,117,87,13,1,7,5,6,7,11,13,14,7,12,6,1,7,13,1,231,61,245,14,2,2,0,12,12,2,4,9,1,7,6,127,42,128,39,129,128,6,108,117,9,125,40,38,117,8,240,220,7,14,13,13,8,127,40,128,4,1,4,13,1,10,0,6,4,5,11,10,10,12,15,5,0,14,33,4,14,13,1,13,1,9,10,9,2,225,192,193,201,11,9,5,14,7,5,166,144,136,55,69,219,4,7,7,12,8,3,15,10,15,9,94,6,4,7,3,1,11
2,6,9,0,8,15,0,14,3,225,253,125,130,2,6,3,13,8,7,1,11,4,0,10,13,0,1,3,108,115,108,119,7,15,5,11,10,114,34,122,6,3,3,8,8,4,11,13,232,62,246,2,9,0,13,11,13,4,1,4,11,2,14,5,43,127,124,14,123,32,115,10,9,6,41,39,9,12,241,221,11,6,8,5,12,5,41,96,5,6,13,9,1,1,0,2,14,9,9,1,2,13,14,9,14,8,9,1,11,8,10,10,11,4,12,1,13,226,193,194,13,11,3,11,0,0,2,8,145,137,56,70,220,12,9,5,9,8,4,12,1,14,11,95,12,6,14,14,15,4
12,13,3,3,7,15,5,15,15,226,254,6,127,124,3,0,0,10,11,2,9,5,7,12,9,13,8,5,92,4,94,13,11,15,2,11,112,109,35,131,126,4,9,114,36,130,9,1,233,63,247,6,8,14,6,114,36,38,34,130,15,8,2,15,10,9,121,128,5,33,1,12,1,0,10,7,12,13,2,90,1,11,4,10,7,2,10,97,4,6,5,14,3,12,3,13,15,9,4,0,13,12,15,4,2,3,3,0,10,3,10,1,0,14,15,3,4,227,194,1,8,13,11,5,3,3,3,15,1,138,57,71,221,0,15,8,1,2,1,7,10,15,5,90,1,11,11,10,6,4
8,9,1,7,5,14,5,12,8,227,255,8,1,131,32,124,13,14,1,4,1,0,7,0,2,0,8,0,93,6,95,10,1,10,7,11,106,13,10,14,107,12,114,111,37,125,130,5,234,64,248,5,8,7,118,117,37,39,35,98,0,15,6,2,6,11,0,102,12,0,12,114,40,34,40,128,2,4,9,91,10,6,9,4,15,3,12,100,1,5,9,0,12,0,14,7,9,14,0,5,0,14,2,4,14,4,6,14,7,1,9,0,1,2,2,1,10,125,124,5,7,11,10,15,3,14,7,1,11,10,10,114,119,15,12,3,15,10,7,13,6,7,5,91,14,13,1,5,6,10
42,124,9,4,1,2,9,10,11,104,15,5,8,11,33,107,13,10,2,11,8,3,1,7,2,0,4,11,88,8,94,10,5,1,4,112,119,7,14,6,131,40,113,7,3,2,100,4,12,9,5,8,3,0,106,5,10,13,0,99,6,4,10,15,15,3,14,103,5,1,8,94,41,35,41,125,40,34,34,117,4,5,9,0,14,1,6,101,7,3,8,0,7,12,0,10,6,110,34,124,15,11,7,6,6,11,4,7,0,3,15,11,14,1,1,0,13,5,249,3,4,6,12,6,9,13,4,6,3,1,6,92,8,9,10,2,6,15,11,2,2,7,112,113,7,2,9,7,4,10
43,107,1,10,12,15,13,12,13,105,7,11,11,7,0,123,126,2,2,3,12,9,0,2,4,12,13,10,89,13,95,9,2,11,12,88,9,5,12,15,12,41,5,10,15,7,101,9,15,9,3,10,8,110,115,1,7,14,8,100,10,4,2,2,1,11,15,125,122,8,10,95,9,10,10,9,41,35,35,6,5,1,11,4,0,9,7,127,124,3,108,38,128,10,12,110,34,111,35,102,15,10,5,0,15,4,6,12,15,7,7,0,14,13,8,13,13,188,250,0,7,12,0,0,6,10,2,6,3,2,0,93,8,2,11,114,34,122,5,14,9,6,106,8,2,15,12,0,15,10
5,131,40,40,128,9,0,9,6,127,32,120,6,8,9,13,102,14,7,5,10,4,1,11,13,8,1,7,235,0,90,9,1,9,1,89,10,1,8,12,12,2,4,0,0,11,249,6,0,5,2,5,114,117,9,13,2,4,15,101,7,110,38,42,34,130,3,7,123,34,130,106,5,12,4,12,3,2,5,15,7,4,2,15,8,11,7,0,107,112,109,39,121,38,34,113,35,4,13,103,1,5,13,7,1,7,4,9,2,13,2,6,1,12,6,5,174,189,251,6,12,13,8,8,13,11,0,11,7,13,8,86,15,1,14,106,35,121,122,108,34,38,117,4,5,5,5,10,2,4
10,2,41,41,107,10,5,8,0,9,33,98,4,7,8,13,103,11,7,11,0,2,11,4,3,9,0,4,236,216,91,2,14,14,12,106,4,10,10,6,0,79,51,65,79,195,250,10,5,3,4,0,106,12,9,1,9,4,13,107,114,115,39,43,35,107,7,15,4,35,129,111,11,6,5,3,5,6,4,12,6,12,7,8,6,10,3,11,131,113,14,1,3,39,35,8,7,72,72,242,12,9,13,5,5,12,2,9,11,0,4,8,6,12,2,188,175,190,252,2,9,2,5,6,11,7,4,8,2,0,1,87,3,0,118,113,11,7,107,106,35,39,13,15,8,2,9,6,11,0
13,4,11,11,123,130,3,9,15,8,7,99,14,1,4,0,131,42,126,13,4,6,9,13,15,13,10,14,237,217,90,15,0,13,4,235,58,0,1,9,195,80,52,66,80,196,251,4,0,13,0,2,228,7,8,15,9,11,5,125,115,0,3,72,65,242,8,14,9,3,7,13,4,7,13,4,0,0,4,15,14,12,7,15,15,0,7,4,12,14,7,13,3,2,10,65,181,73,73,243,0,2,12,6,8,11,7,12,58,51,7,11,5,72,174,189,176,191,253,4,11,1,6,14,11,2,14,4,3,5,2,106,11,0,92,6,4,5,123,119,1,12,11,15,15,3,12,13,12,2
12,5,10,13,5,107,4,14,5,13,14,125,36,126,8,7,11,43,131,130,6,9,6,14,13,7,3,2,238,218,91,4,1,11,7,236,59,167,79,209,196,81,53,67,81,197,252,0,4,14,2,15,229,139,9,5,14,13,2,7,7,3,209,73,66,243,1,1,7,1,14,6,7,13,12,2,5,9,9,11,12,114,32,128,9,0,6,12,9,9,10,0,10,4,202,66,182,74,74,244,13,4,3,2,3,10,8,174,59,52,132,72,188,73,175,190,177,192,254,3,13,4,13,12,2,13,4,2,8,3,8,228,13,15,93,3,1,2,7,10,14,12,2,3,0,6,14,13,0,13
10,6,3,3,0,127,120,4,11,5,2,15,37,102,14,14,6,1,14,127,128,15,13,11,10,2,3,9,239,219,86,2,7,13,7,237,60,168,80,210,197,82,54,68,82,198,253,8,2,9,6,1,230,140,160,9,11,15,4,9,79,188,210,74,67,244,8,5,0,14,3,1,2,2,8,6,9,10,11,1,114,117,33,107,0,3,7,0,9,11,44,51,44,181,203,67,183,75,75,245,7,9,7,4,4,6,202,175,60,53,133,73,189,74,176,191,178,193,255,13,7,6,1,13,7,4,13,2,11,8,13,229,216,3,86,6,5,1,10,5,4,4,2,13,11,15,4,8,15,0
11,8,12,9,10,15,107,2,6,2,8,7,7,103,4,1,0,9,1,6,98,15,10,15,13,11,7,9,240,220,87,14,12,4,14,238,61,169,81,211,198,83,55,69,83,199,254,15,9,4,10,1,231,141,161,139,79,79,51,202,80,189,211,75,68,245,5,5,3,15,9,2,2,0,3,2,7,2,11,0,94,5,13,242,9,12,11,8,44,181,45,52,45,182,204,68,184,76,76,246,2,7,0,13,11,195,203,176,61,54,134,74,190,75,177,192,179,194,1,5,11,14,5,2,13,9,9,12,6,12,14,230,217,10,87,6,0,1,1,10,44,13,9,0,11,2,7,6,10,5
5,2,4,11,1,11,242,14,3,15,7,15,13,249,7,1,8,13,15,7,99,12,13,12,4,7,2,0,241,221,92,1,1,11,7,239,62,170,82,212,199,84,56,70,84,200,255,0,15,11,13,14,232,142,162,140,80,80,52,203,81,190,212,76,69,246,5,14,5,1,7,6,2,14,0,15,3,13,4,7,95,13,222,243,15,10,14,202,45,182,46,53,46,183,205,69,185,77,77,247,2,51,44,44,188,196,204,177,62,55,135,75,191,76,178,193,180,0,7,8,11,9,0,4,2,13,7,4,11,7,1,231,218,15,106,1,3,1,4,209,45,139,14,9,4,11,2,6,5,11
11,13,1,15,13,209,243,12,4,10,2,8,174,250,8,13,10,6,13,9,100,2,13,6,10,0,6,4,7,90,93,7,5,13,11,240,63,171,83,213,200,85,57,71,85,201,10,3,0,5,2,1,233,143,163,141,81,81,53,204,82,191,213,77,70,247,4,9,3,8,14,11,12,2,7,14,1,12,15,8,106,1,223,244,10,3,195,203,46,183,47,54,47,184,206,70,186,78,78,248,181,52,45,45,189,197,205,178,63,56,136,76,192,77,179,194,5,7,14,2,9,13,5,14,10,3,7,1,15,0,8,232,219,5,228,5,15,4,188,210,46,140,167,15,13,7,12,5,8,3
7,2,9,8,202,210,244,11,7,3,9,209,175,251,6,2,12,9,8,10,101,14,13,2,13,6,9,9,3,91,90,6,6,10,7,241,64,172,84,214,201,7,14,14,9,4,14,1,9,0,11,10,234,144,164,142,82,82,54,205,83,192,214,78,71,248,0,3,2,14,12,7,1,5,3,7,3,10,1,114,109,14,224,245,10,222,196,204,47,184,48,55,48,185,207,71,187,13,51,195,182,53,46,46,190,198,206,179,64,57,137,77,193,78,180,3,7,15,13,15,0,7,1,7,1,10,1,8,14,6,5,233,220,7,229,132,72,195,189,211,47,141,168,216,3,2,4,8,13,11
0,0,8,222,203,211,245,8,3,12,202,210,176,252,8,3,7,9,8,2,242,7,14,8,15,2,15,8,15,92,91,2,1,9,12,10,9,173,85,215,0,4,7,14,2,8,11,14,0,1,13,14,72,145,165,143,83,83,55,206,84,193,215,13,7,10,13,2,13,4,15,3,4,13,3,9,13,10,112,119,6,5,225,246,10,223,197,205,48,185,49,56,49,186,208,72,51,174,52,196,183,54,47,47,191,199,207,180,3,8,138,78,194,15,12,6,8,10,11,1,13,11,10,1,5,1,10,4,0,15,4,234,221,5,230,133,73,196,190,212,48,142,169,217,13,12,12,14,7,0
7,14,9,223,204,212,246,5,12,222,203,211,177,253,14,14,9,5,0,181,243,8,0,1,4,6,12,14,12,93,94,13,3,15,0,8,14,6,7,10,6,0,1,1,8,8,6,1,13,13,9,174,73,153,166,144,84,84,56,207,85,194,5,8,10,9,0,4,8,0,5,10,4,10,11,13,0,8,94,0,5,4,226,247,10,224,198,206,49,186,50,57,50,187,209,73,52,175,53,197,184,55,48,48,192,200,208,0,7,2,2,2,14,0,0,6,0,4,15,5,6,1,6,0,7,14,0,12,8,9,3,110,119,6,231,134,74,197,191,213,49,143,170,218,13,5,3,11,3,8
14,13,8,224,205,213,247,2,4,223,204,212,178,254,14,10,9,14,188,182,244,5,8,10,13,9,10,11,110,113,95,1,4,11,14,1,6,14,11,3,13,7,11,15,3,3,51,65,65,58,202,175,74,154,153,145,85,85,57,208,5,11,11,15,10,0,1,12,13,12,15,6,12,6,1,0,15,0,95,1,12,13,227,248,7,225,199,207,50,187,10,44,58,202,210,74,53,176,54,198,185,56,49,49,193,201,4,3,5,15,1,15,5,8,12,4,5,12,12,7,4,4,3,1,13,13,9,12,3,2,15,235,44,7,232,135,75,198,192,214,50,144,171,219,4,4,7,13,7,8
15,4,15,225,206,214,248,9,2,224,205,213,179,255,51,13,0,209,189,183,245,15,13,2,15,0,13,13,86,110,115,12,0,8,11,2,14,14,3,13,13,15,11,44,58,209,52,66,66,59,203,176,75,155,154,146,65,51,9,6,12,15,8,14,9,14,2,4,13,14,9,3,6,116,42,126,9,11,88,13,14,2,107,9,13,226,200,208,14,9,222,45,59,203,211,75,54,177,55,199,186,57,50,50,194,11,7,12,10,9,13,5,3,5,8,3,0,4,1,14,14,5,1,9,2,15,1,8,9,6,11,236,45,216,233,136,76,199,193,215,12,145,172,220,9,6,14,4,9,5
0,15,2,226,207,215,5,4,15,225,206,214,180,202,52,139,195,210,190,184,246,7,14,3,9,5,5,2,87,94,1,15,2,8,11,5,2,15,15,0,6,58,174,45,59,210,53,67,67,60,204,177,76,156,155,147,66,52,146,1,11,13,11,10,5,8,9,14,2,6,4,6,8,228,43,107,1,1,89,2,1,8,249,15,9,227,201,5,13,3,223,46,60,204,212,76,55,178,56,200,187,11,6,11,11,15,7,0,15,11,8,7,4,4,14,2,1,5,11,15,0,11,5,6,13,2,8,4,11,14,6,237,46,217,234,137,77,200,194,8,2,4,173,221,11,2,1,7,12,1
14,7,6,227,208,15,9,15,14,226,207,215,222,203,53,140,196,211,191,185,247,5,13,14,2,4,4,10,106,95,0,3,10,2,1,0,7,12,1,14,209,59,175,46,60,211,54,68,68,61,205,178,77,157,156,148,67,53,147,139,3,12,12,15,0,8,5,13,5,6,10,15,14,229,167,242,7,1,106,8,11,188,250,9,9,100,9,6,10,15,224,47,61,205,213,77,56,179,57,201,5,13,9,10,12,15,7,4,3,10,0,9,12,1,1,14,10,7,0,14,10,5,1,9,8,3,5,7,15,2,5,238,47,218,7,138,78,201,0,4,6,3,15,90,13,13,13,10,12,13
11,4,6,102,6,0,14,8,7,227,208,13,223,204,54,141,197,212,192,186,248,10,4,6,12,8,5,118,109,106,0,3,3,10,6,14,15,12,13,195,210,60,176,47,61,212,55,69,69,62,206,179,78,158,157,149,68,54,148,140,146,15,15,58,11,10,7,0,14,12,2,13,15,230,168,243,10,108,119,14,222,189,251,4,3,101,6,8,3,14,225,48,62,206,214,78,57,180,7,4,9,2,7,7,15,6,3,10,3,15,13,9,6,12,9,12,10,4,8,13,13,8,14,7,10,0,12,15,3,1,12,239,48,219,10,4,14,6,9,9,7,14,2,91,12,13,1,11,5,5
1,6,6,103,9,3,3,13,2,125,126,5,224,205,55,142,198,213,193,187,3,6,10,15,6,2,110,109,112,117,0,9,4,8,11,13,8,7,188,196,211,61,177,48,62,213,56,70,70,63,207,180,1,159,158,150,69,55,149,141,147,139,181,59,146,12,12,0,14,10,9,14,0,231,169,244,10,106,11,3,223,190,252,6,1,96,4,10,15,8,226,49,63,207,215,1,7,3,14,2,14,4,4,12,1,14,7,3,1,15,11,4,15,5,12,1,1,4,9,10,12,5,3,10,5,1,13,2,1,12,13,240,49,220,3,12,13,4,9,3,1,4,9,88,8,1,0,8,11,13
3,12,13,123,126,8,14,3,12,9,98,8,225,206,56,143,199,214,194,0,10,2,0,0,112,36,111,8,90,13,7,2,7,15,9,6,5,202,189,197,212,62,178,49,63,214,57,71,71,64,208,14,4,9,159,151,70,56,150,142,148,140,182,60,147,132,58,44,0,13,11,14,15,232,170,245,32,119,0,8,224,191,253,15,3,97,1,1,11,6,227,50,64,208,3,6,0,0,10,10,6,1,4,13,110,34,120,112,32,130,2,12,1,3,0,11,5,0,14,14,5,6,3,5,11,14,9,5,14,3,1,241,50,221,0,13,3,13,12,12,10,15,2,89,4,4,9,12,5,12
4,9,15,3,100,1,2,8,2,1,99,14,226,207,57,144,200,215,13,14,13,13,118,36,109,37,12,6,91,12,6,10,11,8,4,8,195,203,190,198,213,63,179,50,64,215,6,9,7,1,5,11,9,14,13,152,71,57,151,143,149,141,183,61,148,133,59,45,146,9,0,51,3,233,171,246,33,8,6,14,225,192,254,10,9,107,13,6,8,0,107,11,1,8,13,13,1,15,0,15,11,12,1,8,90,35,123,111,33,125,34,34,32,122,13,4,8,6,5,14,7,6,15,15,2,15,14,7,6,12,4,11,15,90,3,1,1,3,11,8,11,14,6,88,14,7,14,15,10,6
14,12,9,6,101,3,6,6,0,14,104,11,227,208,1,145,201,6,6,13,6,14,92,37,5,3,0,7,94,13,4,11,8,14,2,181,196,204,191,199,214,64,180,8,3,15,0,11,14,44,79,13,0,5,6,14,3,15,152,144,150,142,184,62,149,134,60,46,147,153,174,52,153,234,172,247,15,4,3,11,226,193,255,15,2,123,122,7,5,11,127,40,126,4,8,4,12,11,13,5,8,7,3,15,91,1,8,13,3,12,35,35,33,100,6,15,14,12,0,8,6,8,0,1,0,15,6,3,10,5,0,7,11,91,11,14,3,6,4,9,8,15,15,89,7,8,8,11,14,4
14,3,11,4,104,2,1,13,5,2,105,1,107,3,4,3,1,15,13,1,8,4,93,10,11,1,9,1,95,15,10,0,15,8,174,182,197,205,192,200,215,11,7,14,14,13,12,58,195,45,80,139,65,51,11,13,9,6,5,145,151,143,185,63,150,135,61,47,148,154,175,53,154,139,173,248,10,2,14,13,227,194,15,11,5,4,123,122,12,3,6,41,107,7,8,14,13,6,8,7,2,15,8,14,228,12,1,2,7,5,0,8,12,101,2,7,10,8,15,10,3,14,7,8,10,3,0,2,2,1,12,1,110,111,13,3,13,7,10,3,3,108,36,117,8,7,11,3,116,40
8,14,10,15,105,8,15,9,1,9,107,6,125,124,10,9,15,2,3,5,11,4,106,4,6,11,12,5,94,0,3,9,11,174,175,183,198,206,193,201,10,3,14,9,6,6,174,59,196,46,81,140,66,52,160,44,79,44,1,7,152,144,186,64,151,136,62,48,149,155,176,54,155,140,216,106,1,9,14,14,102,8,10,13,10,12,6,121,122,8,3,7,249,5,6,5,15,7,9,10,9,8,13,0,229,132,11,4,0,13,6,10,12,125,126,1,1,2,10,4,15,2,11,0,0,5,3,7,11,2,10,0,106,4,6,9,14,0,4,3,108,109,37,8,4,10,5,5,90,41
8,13,3,12,104,9,6,3,3,1,249,7,13,100,15,9,11,10,5,11,14,12,235,3,1,6,1,14,95,1,7,13,188,175,176,184,199,207,194,4,0,51,58,79,58,181,175,60,197,47,82,141,67,53,161,45,80,45,167,44,44,145,187,3,152,137,63,49,150,156,177,55,156,141,217,228,8,4,11,5,103,0,9,11,6,2,2,14,98,7,10,222,250,1,6,4,13,12,6,2,13,3,1,10,230,133,139,13,4,0,11,15,4,9,107,5,15,9,2,4,1,2,7,7,12,10,12,9,5,12,8,114,113,1,3,13,12,8,2,114,119,10,14,5,4,9,5,0,91,12
8,11,6,9,105,1,4,4,3,195,250,15,3,101,3,11,7,3,11,8,6,10,236,160,9,15,114,32,115,13,0,181,189,176,177,185,200,208,15,7,195,52,59,80,59,182,176,61,198,48,83,142,68,54,162,46,81,46,168,45,45,146,0,0,51,138,64,50,151,157,178,56,157,142,218,229,132,2,12,6,107,11,7,15,3,9,3,11,99,3,12,223,251,15,14,1,12,7,7,15,4,9,9,13,231,134,140,132,11,6,6,1,15,9,123,32,124,14,4,14,110,130,6,10,114,34,40,34,128,14,9,92,2,0,13,13,118,42,126,106,14,1,13,6,12,11,5,13,88,14
4,9,7,15,100,1,6,6,181,196,251,15,4,123,130,8,1,8,5,10,10,6,237,161,132,4,106,33,13,10,195,182,190,177,178,186,201,8,11,222,196,53,60,81,60,183,177,62,199,49,84,143,69,55,163,47,82,47,169,46,46,147,153,209,52,153,6,13,152,158,179,57,158,143,219,230,133,167,10,10,127,120,12,9,13,15,8,13,127,128,11,224,252,13,2,3,0,8,7,3,5,14,15,4,232,135,141,133,139,58,209,153,79,11,10,33,107,15,3,14,106,127,38,38,109,35,41,35,107,10,11,93,5,13,2,116,119,43,127,115,11,12,4,6,11,0,15,7,89,15
10,2,15,2,101,8,2,222,182,197,252,4,3,4,129,128,15,11,7,6,1,12,238,162,133,216,235,65,65,174,196,183,191,178,179,187,10,6,12,223,197,54,61,82,61,184,178,63,200,50,85,144,70,56,164,48,83,48,170,47,47,148,154,210,53,154,167,0,7,159,180,8,159,144,220,231,134,168,153,15,14,107,0,10,11,12,1,3,11,107,0,225,253,2,7,8,3,13,8,5,4,1,4,12,233,136,142,134,140,59,210,154,80,146,10,1,129,38,126,110,117,3,39,39,12,5,13,4,121,38,34,109,4,5,112,111,15,6,14,1,7,1,4,7,8,2,15,4,106,7
10,11,4,5,121,36,128,223,183,198,253,1,10,0,14,100,12,12,12,13,12,9,239,163,134,217,236,66,66,175,197,184,192,179,180,1,6,7,11,224,198,55,62,83,62,185,179,64,201,3,8,145,71,57,165,49,84,49,171,48,48,149,155,211,54,155,168,216,14,11,14,4,4,145,221,232,135,169,154,139,72,249,10,15,7,4,7,12,0,242,11,226,254,8,6,6,2,8,1,10,8,15,1,3,234,137,143,135,141,60,211,155,81,147,216,15,9,39,129,115,1,7,5,4,9,9,6,7,6,39,35,15,1,7,86,12,13,5,15,10,8,3,2,110,40,120,1,116,119,15
13,13,12,13,14,37,107,224,184,199,254,4,12,11,12,101,5,10,5,9,14,12,240,164,135,218,237,67,67,176,198,185,193,180,15,9,2,14,79,225,199,56,63,84,63,186,180,0,5,15,13,2,8,4,166,50,85,50,172,49,49,150,156,212,55,156,169,217,13,1,9,15,15,5,94,233,136,170,155,140,73,250,8,1,10,12,8,1,195,243,15,227,255,5,13,8,2,8,13,2,3,5,7,4,2,138,144,136,142,61,212,156,82,148,217,12,5,7,7,11,110,32,126,10,5,7,11,14,8,15,8,5,4,12,87,6,5,7,15,5,3,8,110,113,41,127,36,113,0,7
15,15,12,5,65,79,242,225,185,200,255,6,7,6,3,102,3,15,7,4,15,3,241,165,136,219,238,68,68,177,199,186,194,4,14,7,1,174,80,107,200,57,64,85,64,187,2,9,4,6,6,8,3,5,9,7,12,0,173,50,50,151,157,213,56,157,170,218,12,3,6,0,7,11,95,234,137,171,156,141,74,251,15,7,4,7,1,222,196,244,1,129,126,8,11,13,3,4,8,9,4,0,7,1,15,13,145,137,143,62,213,157,83,149,218,11,9,8,3,12,106,33,131,40,40,42,128,4,118,36,124,1,6,4,106,5,15,7,7,9,6,10,94,3,7,5,37,6,7,14
14,0,5,188,66,80,243,226,186,201,12,7,0,11,13,103,0,8,8,15,2,3,14,166,137,220,239,69,69,178,200,187,4,10,2,1,209,175,81,227,201,7,5,5,9,14,5,10,13,4,0,6,5,15,0,13,14,9,6,14,8,152,158,214,57,158,171,106,216,4,13,3,0,8,86,8,138,172,157,142,75,252,8,2,2,13,3,223,197,245,8,6,98,10,1,10,5,12,7,9,7,8,8,12,6,0,3,138,144,63,214,158,84,150,219,12,0,1,14,2,235,11,2,41,41,43,123,36,113,37,107,8,114,32,111,7,15,4,5,6,12,12,95,9,12,14,1,0,6,10
160,51,209,189,67,81,244,227,187,10,5,10,12,12,8,125,130,14,7,10,8,10,2,2,138,221,240,70,70,179,201,2,8,1,3,222,210,176,82,15,5,1,13,13,4,2,14,12,3,9,3,5,11,7,6,13,11,5,14,3,13,11,159,215,0,159,172,220,217,1,4,9,6,14,87,14,6,173,158,143,76,253,13,8,13,2,6,224,198,246,11,8,99,14,6,9,9,3,7,4,14,0,15,2,3,11,9,11,145,64,215,159,85,151,220,13,11,10,2,14,236,139,51,79,72,8,11,37,14,8,129,34,111,33,12,2,8,5,13,7,7,2,106,9,7,8,9,7,15,9
161,52,210,190,68,82,245,100,9,11,4,0,3,4,11,15,102,12,8,9,0,7,15,15,14,94,241,71,71,180,0,13,0,9,14,223,211,177,83,13,9,15,14,6,13,3,10,15,6,15,7,13,7,3,1,6,4,12,9,1,0,8,9,5,10,10,173,221,218,14,8,9,11,2,90,5,6,2,159,144,77,254,10,15,13,3,3,225,199,247,5,9,123,130,2,5,13,4,0,11,8,15,10,8,0,7,9,2,1,6,12,15,14,152,221,12,3,12,5,10,237,140,52,80,73,132,9,3,4,14,8,35,1,51,10,2,10,12,0,3,116,38,111,0,11,1,6,11,7,4
162,53,211,191,69,83,246,101,13,0,7,0,12,3,1,6,103,10,15,2,9,7,13,1,14,95,7,11,11,3,1,2,2,13,2,224,212,178,84,1,8,3,11,14,4,12,1,3,13,13,3,4,2,4,4,5,14,6,4,13,8,8,9,0,11,0,10,9,219,10,13,8,3,7,91,0,6,6,2,145,78,255,14,14,2,14,11,226,200,248,11,10,3,100,11,1,12,3,8,13,0,10,6,11,9,2,8,13,10,4,13,8,2,0,228,10,5,11,14,9,238,141,53,81,74,133,146,3,3,11,79,65,174,52,216,9,5,11,10,4,90,39,8,1,1,1,11,14,7,2
163,54,212,192,70,84,247,123,120,7,7,8,5,7,58,65,249,14,0,5,10,1,9,3,13,92,9,15,114,40,32,124,14,14,12,225,213,179,85,2,0,2,15,15,5,15,13,1,2,14,3,2,11,1,2,7,5,2,3,14,2,1,8,5,13,9,7,9,220,2,3,13,10,12,94,5,8,12,15,1,0,11,0,13,5,0,7,227,201,9,10,11,10,101,11,9,6,0,11,6,6,3,1,3,0,13,5,2,2,3,5,1,6,14,229,167,3,14,5,7,239,142,54,82,75,134,147,153,58,181,80,66,175,53,217,2,4,6,13,1,91,5,10,5,1,8,3,6,2,0
164,55,213,193,71,85,248,11,104,2,12,7,12,222,59,66,250,2,9,15,8,3,7,13,10,93,8,4,106,41,33,107,3,0,6,226,214,180,8,14,8,6,3,12,7,7,8,0,15,0,15,12,4,9,10,7,7,11,8,10,6,10,12,15,12,1,6,11,221,6,4,2,8,1,95,14,4,3,1,13,11,10,1,10,14,7,14,98,6,11,9,13,4,100,11,12,10,11,8,1,9,10,6,13,10,9,13,10,6,7,3,0,4,1,230,168,160,12,12,2,240,143,55,83,76,135,148,154,59,182,81,67,176,54,218,15,8,15,12,11,106,10,0,10,13,9,11,7,6,7
165,56,214,194,8,2,11,8,105,4,9,5,5,223,60,67,251,10,0,6,3,10,11,14,10,86,2,11,235,51,72,249,3,15,4,249,215,1,15,2,0,8,13,2,12,0,1,1,15,7,1,11,5,6,1,2,11,11,7,9,4,1,5,10,10,14,13,11,88,1,1,5,3,2,90,2,14,14,11,14,14,4,13,15,1,8,13,99,10,7,3,10,5,101,4,14,3,9,118,34,122,11,9,2,8,9,6,2,3,5,14,11,0,7,231,169,161,167,0,15,241,144,56,84,77,136,149,155,60,183,82,68,177,55,219,14,7,13,0,3,228,12,13,15,6,9,10,1,2,3
166,57,215,5,11,12,2,12,125,122,1,3,14,224,61,68,252,9,6,3,0,12,7,10,4,87,9,1,236,52,73,250,9,8,222,250,6,11,9,5,10,14,15,15,8,2,5,1,15,11,7,7,10,7,13,1,12,0,12,13,1,15,7,10,1,15,8,0,89,4,8,12,1,2,91,7,0,5,11,9,6,15,0,12,3,1,2,107,1,8,0,14,14,107,1,15,1,12,106,35,129,130,12,4,13,8,2,0,2,9,6,14,9,8,232,170,162,168,146,5,12,145,57,85,78,137,150,156,61,184,83,69,178,56,220,14,13,13,9,1,229,139,1,8,5,6,14,4,8,2
12,1,11,10,1,7,12,12,4,107,3,2,15,225,62,69,253,7,2,1,12,3,8,7,7,94,14,6,237,53,74,251,7,7,223,251,15,5,7,1,6,10,6,4,7,1,0,0,11,7,14,6,10,7,13,11,0,5,1,5,12,6,14,2,3,2,4,11,220,3,12,1,114,122,94,14,12,6,6,5,2,15,5,4,11,15,3,121,122,1,1,9,14,123,40,40,40,32,109,1,3,107,13,3,1,116,38,130,13,10,7,4,10,1,233,171,163,169,147,167,3,0,8,0,8,138,151,157,62,185,84,70,179,57,221,5,1,2,3,9,230,140,167,7,0,1,2,4,7,14
12,8,15,12,2,14,11,7,8,127,126,2,7,226,63,70,254,8,15,6,13,3,2,3,13,95,12,4,238,54,75,252,4,14,224,252,10,2,15,10,10,9,12,11,3,5,9,3,1,9,8,1,1,15,5,2,1,7,7,2,11,5,4,8,6,5,6,0,221,12,8,15,88,107,95,3,5,0,0,3,12,9,0,7,8,12,1,13,100,8,8,8,11,11,41,41,41,33,6,10,11,131,38,32,36,119,39,100,1,3,12,2,12,1,234,172,164,170,148,168,153,5,8,12,11,8,152,158,63,186,85,71,180,9,90,15,9,12,14,0,231,141,168,139,2,8,6,7,15,10
12,3,5,7,12,15,15,9,12,2,96,5,10,227,64,71,255,11,12,12,6,5,4,8,112,111,6,10,239,55,76,253,15,8,225,253,7,4,8,10,9,6,1,11,4,13,1,1,14,6,9,8,8,3,4,1,2,4,12,9,13,2,5,10,2,9,12,10,94,2,9,15,89,123,111,9,7,14,13,15,12,2,2,14,2,5,7,0,101,10,1,14,11,0,0,10,4,12,1,5,14,12,39,33,37,13,0,101,14,12,10,12,1,14,2,173,165,171,149,169,154,216,11,12,11,2,1,159,64,187,13,12,13,8,91,1,12,4,10,2,232,142,169,140,132,9,3,8,10,14
15,2,6,0,13,5,1,12,8,15,97,8,12,242,0,15,7,14,11,7,15,1,13,1,88,5,14,1,240,56,77,254,15,6,226,254,0,3,9,1,6,4,2,9,2,2,1,3,14,12,2,3,8,11,11,0,10,4,15,2,15,3,9,8,2,15,3,3,95,10,10,4,86,5,3,15,11,4,0,0,4,9,9,14,10,11,2,11,249,0,9,5,7,15,8,12,11,10,9,7,6,12,5,9,15,15,13,96,6,8,9,0,2,8,11,10,166,172,150,170,155,217,1,2,15,8,3,13,4,10,1,9,12,7,235,8,10,5,8,15,233,143,170,141,133,146,13,15,12,5
3,9,7,7,10,10,7,8,11,12,102,6,222,243,1,0,8,4,4,11,4,11,0,5,89,3,13,6,241,57,78,255,6,0,227,255,0,9,3,9,9,0,1,10,15,4,9,4,12,2,5,0,1,5,8,7,2,6,3,15,11,2,3,8,1,4,7,2,94,13,2,5,87,6,3,4,1,11,2,1,12,3,2,4,3,1,2,188,250,9,14,2,12,7,10,10,14,6,11,3,12,14,7,6,6,13,11,97,4,2,8,15,13,2,14,14,3,173,151,171,156,218,5,12,6,2,7,9,1,6,11,2,8,5,236,216,2,5,4,6,234,144,171,142,134,147,153,6,13,13
13,3,9,7,6,14,13,14,2,0,103,7,223,244,13,7,5,14,5,11,10,9,11,14,86,3,4,3,112,40,120,8,12,15,107,3,13,14,9,4,1,11,3,4,10,10,10,10,6,3,13,2,4,4,5,1,6,14,13,4,15,3,5,3,5,0,8,10,95,15,12,6,92,3,10,15,5,8,4,4,3,13,3,1,14,7,174,189,251,3,9,1,15,11,0,3,7,13,7,12,6,1,6,65,58,79,79,242,3,11,8,13,13,14,4,9,11,14,152,172,157,219,14,9,11,10,14,2,1,5,10,11,6,0,237,217,6,15,2,15,13,145,172,143,135,148,154,146,58,44
14,10,1,8,14,10,10,2,2,12,100,222,107,245,4,12,9,5,2,10,6,5,1,14,87,5,13,9,106,41,98,0,14,7,127,126,15,12,14,4,14,2,2,7,12,15,13,0,9,0,11,10,15,12,2,0,10,7,14,0,12,4,14,11,15,7,6,14,228,13,7,10,93,15,15,3,11,4,8,7,8,0,12,65,72,174,175,190,252,11,8,15,14,14,13,15,4,12,15,195,160,51,209,66,59,80,80,243,9,9,15,0,3,7,13,3,10,1,7,173,158,220,7,11,8,4,13,7,12,10,6,4,2,6,238,218,13,15,0,12,13,10,173,144,136,149,155,147,59,45
1,6,0,14,6,3,14,5,8,12,101,223,225,246,13,1,3,2,4,15,6,12,8,4,86,14,1,114,117,7,99,4,10,11,7,102,11,13,12,4,11,3,0,15,12,12,15,12,8,11,15,5,6,13,1,2,9,12,6,7,10,0,2,13,5,8,11,7,229,216,11,9,90,4,2,11,2,12,10,12,7,0,209,66,73,175,176,191,253,8,3,9,15,10,9,15,58,44,209,196,161,52,210,67,60,81,81,244,5,4,12,6,4,15,8,14,8,3,6,3,159,221,10,5,3,6,11,8,11,9,2,13,8,1,239,219,11,12,7,2,3,6,2,145,137,150,156,148,60,46
14,1,7,8,2,7,2,5,8,0,249,224,226,247,1,11,3,15,8,4,8,7,2,2,87,7,10,88,12,13,102,11,15,12,1,103,4,12,5,2,13,7,8,2,11,8,6,10,1,13,1,13,3,14,14,4,12,12,7,3,1,5,14,7,9,9,14,12,230,217,9,8,91,15,0,3,0,4,11,12,1,222,210,67,74,176,177,192,254,4,13,10,0,12,11,202,59,45,210,197,162,53,211,68,61,82,82,245,8,14,11,6,14,6,1,13,0,6,15,5,3,92,11,7,4,9,9,5,8,14,9,12,15,8,240,220,10,10,6,6,8,2,5,5,138,151,157,149,61,47
15,13,14,12,2,13,2,9,11,195,250,225,227,248,4,11,14,13,13,9,15,13,6,12,88,5,4,89,9,8,103,3,2,12,7,127,122,15,5,12,8,8,3,9,12,1,12,8,15,10,14,9,0,3,0,11,11,3,10,2,9,6,9,15,15,11,9,3,231,218,0,15,220,7,0,7,0,4,4,5,14,223,211,68,75,177,178,193,255,12,15,0,8,0,222,203,60,46,211,198,163,54,212,69,62,83,83,246,15,9,11,15,7,9,8,11,11,8,5,14,15,93,6,10,11,12,14,9,7,14,2,0,0,3,241,221,4,15,3,14,2,14,5,12,5,152,158,150,62,48
0,1,10,0,8,1,8,4,222,196,251,226,1,11,6,15,15,15,7,0,3,14,2,6,89,6,9,106,13,13,104,15,5,0,6,5,104,11,15,1,2,1,9,9,14,1,7,15,8,2,9,10,6,11,10,13,4,12,2,12,7,6,3,1,2,1,5,1,232,219,4,4,221,13,1,5,13,11,5,15,222,107,212,69,76,178,179,194,15,7,15,12,12,3,223,204,61,47,212,199,164,55,213,70,63,84,84,247,0,6,14,14,3,9,14,7,14,10,3,108,32,115,11,13,9,15,7,3,11,13,6,8,1,118,32,111,8,2,0,13,0,15,1,13,2,9,159,151,63,49
10,8,2,6,12,11,3,8,223,197,252,227,7,14,5,9,2,15,0,1,12,2,112,34,119,114,36,115,3,10,105,2,8,10,13,1,105,8,6,10,15,15,11,7,9,1,8,9,1,13,2,13,8,13,7,0,15,7,8,0,11,13,12,2,7,10,4,7,233,220,8,13,88,0,13,5,0,13,2,5,223,225,213,70,77,179,180,4,13,9,13,12,7,12,224,205,62,48,213,200,165,56,214,71,64,85,85,248,2,7,0,9,15,14,14,7,14,12,108,119,33,0,14,108,42,42,122,10,4,1,3,4,7,86,33,12,8,8,6,12,12,13,6,15,9,1,3,152,64,50
14,11,9,12,3,6,12,2,224,198,253,102,6,4,5,10,8,8,5,1,12,15,90,35,0,88,37,9,1,4,129,124,7,6,10,13,98,3,2,6,4,7,5,9,7,4,5,7,7,3,12,5,12,11,6,7,9,8,15,0,12,7,0,14,15,7,5,8,234,221,2,7,89,13,2,3,2,14,15,14,224,226,214,71,78,180,6,12,11,5,11,10,5,6,225,206,63,49,214,201,166,57,215,10,4,11,13,12,12,0,4,4,13,5,4,9,5,1,92,10,6,3,4,92,43,43,121,38,130,14,5,1,11,87,1,3,7,9,15,6,13,7,5,8,6,2,2,4,6,0
5,1,14,2,12,5,12,6,225,199,254,103,10,9,12,6,9,13,14,13,0,15,91,1,2,89,4,0,8,8,4,102,12,0,9,12,99,1,0,4,7,15,3,7,12,4,5,11,7,14,15,8,2,8,3,10,1,4,13,10,12,13,5,10,7,10,2,9,15,106,5,112,119,13,11,10,6,2,2,12,225,227,215,4,0,9,14,5,13,12,12,2,14,2,226,207,64,50,215,10,8,12,14,12,0,14,4,8,13,13,8,12,11,1,10,10,3,15,93,11,11,5,3,93,5,6,12,39,127,124,6,15,12,94,1,1,5,2,4,13,4,2,14,0,14,6,3,4,10,13
12,8,9,2,2,3,13,0,226,200,255,123,126,1,5,13,2,3,7,15,112,38,109,4,8,106,13,4,15,5,0,103,2,3,4,15,107,14,0,7,5,0,3,5,1,12,9,9,0,13,0,1,10,9,8,3,0,0,13,3,4,5,1,1,11,13,5,118,40,115,14,106,12,4,13,9,13,11,7,15,226,0,10,4,7,12,13,11,8,2,0,0,6,4,227,208,1,2,13,14,4,5,4,15,13,14,13,3,9,1,7,6,11,0,15,11,4,10,235,15,3,10,15,88,4,15,7,0,14,125,38,36,124,95,13,1,9,11,15,5,8,3,8,7,13,14,14,8,12,1
11,4,15,14,3,5,9,11,227,201,12,11,107,2,13,13,13,15,8,15,106,39,6,14,6,235,3,0,12,6,12,107,0,3,4,8,123,124,2,6,0,4,13,11,8,12,12,7,3,7,3,12,0,14,6,13,2,8,1,13,3,14,15,1,11,9,4,94,41,3,110,109,9,4,12,1,11,6,4,9,227,4,15,13,10,6,11,6,9,8,9,0,8,12,129,122,9,5,10,2,10,5,10,5,6,4,6,4,15,15,4,0,4,10,13,14,1,0,236,160,1,0,10,89,3,5,4,15,12,5,39,37,121,117,4,14,10,15,0,2,10,13,3,5,10,0,8,1,14,11
15,4,8,10,9,8,11,8,127,36,126,2,121,124,4,8,4,7,4,110,117,2,6,14,7,236,139,11,11,4,3,125,130,4,15,12,1,104,6,13,8,0,0,3,15,0,7,9,9,1,7,5,4,5,8,15,10,12,5,6,10,8,14,6,15,2,8,95,14,15,106,3,7,2,6,5,14,6,4,0,107,11,4,12,6,10,7,14,12,4,1,14,9,2,2,104,12,15,14,5,12,7,2,9,5,7,10,10,10,1,1,8,14,14,12,0,7,11,237,161,216,10,14,86,1,10,4,15,12,7,10,8,0,4,5,15,11,1,9,2,5,2,2,3,10,5,3,6,7,4
8,4,8,12,8,8,9,3,3,37,107,2,15,127,38,128,116,42,42,113,2,10,1,5,0,237,140,132,13,2,4,1,107,2,13,14,10,105,3,5,10,4,1,8,6,13,13,13,3,14,2,2,13,1,1,2,3,12,14,1,0,5,0,3,14,112,36,117,14,116,117,0,8,13,9,0,15,1,14,6,127,120,13,9,0,13,0,1,6,6,9,10,1,11,9,105,4,13,15,3,9,3,1,11,7,5,3,6,14,10,15,5,11,12,4,15,14,11,238,162,217,1,0,87,4,8,7,9,2,2,15,13,1,15,6,14,13,7,5,5,0,5,1,15,11,14,6,5,10,6
6,11,11,8,15,15,7,3,0,13,131,124,10,4,39,127,113,43,43,13,6,14,5,15,4,238,141,133,146,72,58,65,242,9,13,13,0,107,15,0,11,15,6,7,8,7,1,12,12,15,8,15,6,14,7,3,3,12,11,5,5,15,14,6,6,106,37,9,116,117,13,9,13,1,9,11,8,4,14,10,5,127,128,12,10,13,6,4,10,7,14,2,10,3,3,102,2,15,10,2,5,10,14,9,11,14,11,5,5,14,6,8,3,1,14,14,0,2,239,163,218,8,1,92,5,7,3,2,14,4,5,12,8,13,0,3,9,9,13,10,8,14,6,0,116,34,120,7,10,3
11,2,6,11,14,7,11,8,1,6,8,123,130,10,10,11,11,6,14,2,6,116,42,32,120,239,142,134,147,73,59,66,243,5,10,3,11,125,130,5,7,3,4,2,8,9,0,2,15,15,6,7,6,15,1,4,0,8,10,2,1,1,12,15,112,117,118,38,111,15,2,4,7,118,130,0,7,11,4,0,0,9,129,36,32,126,10,6,4,0,13,11,8,11,8,103,12,4,1,4,7,8,6,7,8,14,15,0,14,4,5,15,9,5,12,6,0,8,240,164,219,2,2,93,2,0,1,11,10,2,10,0,10,13,15,10,5,4,9,2,3,14,11,9,90,35,102,7,13,5
12,15,12,15,9,11,2,6,5,5,11,6,107,8,2,3,15,112,34,34,38,111,43,33,96,240,143,135,148,74,60,67,244,1,2,4,14,15,123,130,7,5,4,13,0,10,13,15,5,8,5,6,6,0,7,0,13,11,13,2,0,5,4,112,115,114,111,39,3,12,13,12,118,113,107,12,1,0,14,4,10,13,13,37,33,131,34,120,13,116,40,126,0,9,3,107,4,15,5,6,14,3,5,3,0,13,11,14,5,11,13,4,10,11,14,13,9,11,241,165,220,13,2,86,14,7,6,3,14,0,14,12,12,1,10,0,3,2,8,1,8,0,2,11,91,10,103,10,11,6
8,13,14,8,4,1,5,4,9,5,14,6,131,122,114,40,128,106,35,35,39,10,12,1,97,241,144,136,149,75,61,68,245,11,9,0,15,13,12,107,9,6,9,5,1,12,2,5,0,0,10,3,0,1,7,7,2,4,11,12,7,4,8,86,110,111,2,0,7,7,6,3,106,12,123,122,7,14,9,14,9,1,6,4,2,7,35,123,40,115,41,121,126,9,4,127,124,6,12,13,14,1,9,7,12,2,10,10,11,11,12,14,12,6,13,0,0,9,12,166,221,7,0,87,4,7,15,8,1,3,9,13,10,8,1,0,7,3,6,10,3,15,12,14,94,0,127,126,4,9
7,9,10,10,7,4,6,14,7,8,3,15,11,121,119,41,121,119,11,4,13,6,15,10,98,6,145,137,150,76,62,69,246,11,4,4,9,7,15,121,122,5,7,15,15,12,9,1,13,4,5,3,15,4,12,15,2,13,15,12,10,5,6,87,90,9,1,10,13,11,7,118,117,8,11,104,14,10,4,12,4,10,2,14,10,12,9,2,41,8,5,13,107,10,15,7,104,15,13,2,15,1,0,13,1,10,11,12,15,9,4,3,11,11,15,9,10,13,108,32,119,12,0,106,11,1,5,2,9,6,1,5,1,0,11,7,2,2,8,6,2,4,1,3,95,7,2,104,11,3
15,5,15,10,14,8,6,4,8,10,10,7,3,14,1,7,9,8,12,9,0,10,10,9,99,6,12,138,151,77,63,70,247,1,6,14,14,4,1,5,127,128,7,9,15,15,12,9,0,1,13,1,1,3,13,14,5,9,13,3,10,4,2,106,91,1,1,12,15,114,34,113,10,14,6,105,7,6,116,32,128,3,13,14,2,1,12,6,2,11,7,2,127,38,120,12,105,1,5,10,4,2,1,4,2,10,8,13,5,3,5,5,2,6,1,12,3,2,90,33,8,9,108,111,2,11,15,12,13,0,5,14,11,15,7,4,6,7,3,7,14,12,14,4,106,15,7,105,4,6
4,9,6,12,14,7,5,15,14,14,6,3,1,6,9,6,1,9,3,14,0,11,1,13,107,0,4,10,152,78,64,71,248,1,11,9,9,9,2,8,11,102,7,0,10,3,12,13,13,6,2,2,1,3,6,12,11,8,0,14,7,0,108,111,92,13,11,10,112,115,35,9,15,12,11,104,3,116,119,33,125,130,5,3,13,4,10,8,0,12,5,3,6,39,98,2,107,12,13,0,15,12,2,10,14,15,5,5,4,4,15,8,10,12,2,14,13,4,91,6,13,4,92,9,10,1,10,10,2,10,0,14,7,8,10,0,10,12,1,7,10,15,4,1,235,3,1,125,130,5
8,14,1,4,0,1,3,14,13,7,12,1,7,12,5,5,4,14,9,4,3,14,6,11,127,36,128,10,12,2,2,5,10,0,0,0,15,13,2,14,0,103,12,0,7,15,0,12,14,13,1,5,1,11,13,2,2,10,3,11,4,5,106,11,93,0,2,15,86,13,5,5,10,14,5,105,0,106,14,14,6,102,9,2,0,6,6,6,7,7,8,10,11,14,99,1,129,124,4,10,0,10,1,3,6,15,11,15,9,3,3,13,0,14,6,10,12,8,92,3,12,12,93,2,222,139,10,11,222,216,5,11,14,5,11,10,2,15,13,3,13,11,6,3,236,139,8,13,121,122
10,15,11,12,13,15,10,12,10,3,15,8,1,5,7,10,6,2,15,1,5,3,0,10,14,37,107,7,4,12,7,12,14,4,12,14,12,4,2,11,5,129,122,13,8,15,6,4,10,108,38,128,8,15,12,116,130,0,14,6,116,36,109,14,106,13,5,12,87,10,5,3,0,15,2,125,42,119,3,15,13,103,6,6,2,5,9,6,2,10,1,1,5,4,107,14,9,98,3,10,10,1,10,0,6,15,9,9,12,4,1,3,1,15,6,0,8,9,93,11,5,108,111,8,223,140,167,6,223,217,14,0,7,13,5,2,2,3,9,9,11,1,11,4,237,140,216,1,11,123
3,13,8,3,1,2,8,4,0,7,4,3,6,10,15,11,13,1,13,9,12,4,11,12,12,0,125,124,1,2,8,2,9,15,12,3,5,9,9,8,15,0,127,128,7,4,0,3,108,117,39,104,14,0,9,106,123,34,42,42,117,37,8,108,117,0,6,10,90,15,14,11,15,7,10,7,43,5,0,1,5,98,3,1,10,2,11,8,1,4,3,8,10,14,129,126,14,99,3,12,15,6,3,2,15,14,13,1,3,2,10,5,15,1,15,9,4,0,88,15,8,92,12,4,224,141,168,216,224,218,15,13,12,12,0,7,4,2,2,9,9,12,13,3,238,141,217,9,11,14
0,14,15,2,5,10,12,7,9,7,4,12,5,0,14,14,13,14,1,9,14,11,1,2,6,12,14,125,130,14,10,7,7,15,4,13,2,3,12,4,10,2,5,125,130,110,40,42,113,5,12,105,7,13,118,113,12,35,43,43,2,6,10,92,10,6,11,9,91,1,7,4,10,5,11,12,7,7,10,3,4,99,0,10,1,8,13,4,13,6,6,14,11,3,14,104,7,96,7,5,9,1,5,14,11,10,5,11,6,1,1,9,6,13,4,3,8,0,89,10,15,93,12,9,225,142,169,217,225,219,3,4,1,2,7,15,4,8,5,2,0,6,4,4,239,142,218,7,15,9
0,12,5,14,1,14,13,9,7,2,3,0,4,9,14,10,8,14,13,10,12,4,6,8,12,15,14,13,96,5,6,5,14,13,13,5,9,2,13,9,15,5,8,4,107,106,41,43,14,14,9,131,120,116,119,12,8,4,9,6,0,9,2,93,10,12,1,13,88,6,13,1,2,14,1,2,4,13,12,6,4,102,14,2,3,10,4,10,14,0,12,9,5,15,6,105,12,97,2,0,8,14,4,13,4,14,5,13,5,6,6,8,5,12,5,10,110,42,117,10,4,86,1,13,226,143,170,218,226,220,0,6,4,10,5,8,14,3,5,6,2,10,8,9,240,143,219,13,4,1
0,13,13,7,11,3,6,7,1,11,4,15,12,4,7,9,10,4,10,4,11,6,6,1,2,1,3,10,97,3,11,14,9,8,0,3,5,3,15,8,8,12,1,11,131,111,5,7,11,108,42,120,107,106,2,11,15,2,10,15,2,3,15,90,0,3,1,11,89,10,13,10,15,7,1,4,3,12,8,13,14,103,2,108,38,126,8,4,12,11,13,12,15,9,7,102,2,107,10,14,12,11,13,3,15,11,14,13,2,6,10,1,2,0,7,2,88,43,2,10,15,87,12,1,227,144,171,219,227,221,10,7,11,9,3,8,5,0,2,0,11,2,10,8,241,144,220,2,12,1
0,6,3,5,15,3,4,9,4,6,9,9,5,14,8,7,7,11,13,0,15,15,9,15,8,10,12,14,107,5,1,1,12,8,1,12,0,0,13,9,0,11,14,15,0,14,2,114,32,119,43,107,131,119,8,6,15,11,15,14,6,14,11,91,7,6,2,114,119,7,4,1,8,15,15,3,11,11,14,5,13,129,32,117,39,96,3,8,6,7,15,12,9,2,7,103,12,131,122,2,14,14,7,0,7,2,7,5,6,14,4,13,14,9,11,12,89,0,14,1,5,228,5,12,96,145,172,220,107,106,4,14,8,12,14,14,114,32,120,1,7,10,3,6,4,145,221,15,5,5
10,1,3,4,2,9,1,12,12,5,2,0,11,11,3,9,6,7,3,1,2,7,8,4,11,2,15,0,123,120,12,9,5,7,11,9,5,10,15,10,8,9,15,5,15,15,116,119,33,10,1,123,122,7,5,118,32,130,1,11,8,43,108,111,15,8,114,117,3,9,0,9,1,7,0,11,8,13,12,3,10,15,33,2,9,97,5,4,4,9,1,11,14,11,11,96,5,7,100,8,9,14,8,11,8,12,11,15,12,5,2,3,1,4,9,6,106,15,8,10,0,229,216,0,97,13,173,221,123,111,2,5,8,0,0,5,92,33,107,7,13,7,3,1,2,2,90,1,1,0
13,15,3,13,12,6,15,11,7,0,12,2,4,10,8,10,4,7,14,8,2,14,13,13,9,9,5,8,8,104,8,14,3,3,2,14,7,6,6,9,13,2,12,0,13,5,92,5,1,4,10,2,121,38,34,109,33,121,34,32,40,38,113,35,114,32,113,6,10,7,3,11,9,4,5,8,4,10,10,8,7,9,15,11,12,102,0,10,0,0,3,2,12,3,6,97,5,1,101,13,11,10,14,3,0,6,7,0,5,7,12,12,2,15,11,108,119,1,7,9,1,230,217,4,127,122,11,94,3,15,4,0,2,12,7,2,93,15,127,120,0,12,2,6,11,11,91,9,11,8
3,4,0,0,0,8,9,14,9,7,4,9,6,4,2,5,1,0,9,7,0,4,2,8,2,9,0,2,15,105,2,2,1,0,7,2,8,5,7,6,9,4,6,8,5,9,93,0,7,10,0,0,8,39,35,8,3,9,35,33,41,39,112,36,119,33,6,4,10,11,5,5,7,4,4,6,13,14,13,13,11,7,10,10,3,103,1,1,5,7,0,5,9,4,10,107,2,14,104,1,7,6,6,13,4,11,3,0,0,13,9,7,2,3,118,113,8,14,9,12,8,231,218,0,13,121,124,95,9,0,7,10,12,8,3,7,106,1,2,121,130,1,0,11,6,10,106,14,12,14
14,2,14,13,13,15,10,2,15,11,12,3,6,4,1,15,6,5,6,7,13,4,4,10,1,12,13,7,7,102,0,15,10,0,15,13,7,9,5,2,14,15,11,0,14,6,90,2,10,0,8,11,11,12,11,11,0,3,116,42,38,36,115,37,15,9,12,8,7,1,15,6,0,12,15,10,11,1,2,7,2,4,0,12,12,100,11,10,2,0,9,1,2,12,2,129,38,128,105,12,3,108,34,120,0,3,13,13,10,3,4,13,8,13,90,11,0,10,13,11,6,232,219,8,5,15,127,113,12,9,12,5,7,3,13,8,228,12,5,8,123,126,9,4,118,32,113,11,2,0
10,114,42,32,128,5,12,2,1,10,13,0,6,13,1,4,14,7,7,4,4,8,15,9,1,1,11,8,1,103,1,12,3,8,10,114,42,120,5,15,12,8,4,10,3,15,91,15,11,13,0,5,0,2,9,8,5,108,117,43,39,37,4,2,5,0,12,9,8,12,9,14,9,9,3,11,7,2,11,7,4,2,1,7,3,101,13,6,10,2,14,9,11,11,6,6,39,102,123,34,120,106,35,107,8,108,42,124,13,5,2,4,7,8,91,7,6,0,5,0,8,233,220,12,9,15,6,1,3,7,5,5,10,9,9,13,229,139,9,8,10,121,130,4,94,33,9,15,10,11
6,106,43,33,104,0,5,13,13,3,10,13,4,5,3,14,14,3,14,14,4,7,7,8,1,2,14,5,8,107,12,9,13,15,116,111,43,123,122,108,38,32,34,130,9,9,106,9,10,15,14,10,5,12,0,14,1,94,10,14,3,7,14,6,9,6,0,0,11,12,13,0,11,5,9,12,6,9,13,6,3,9,9,10,14,129,126,14,12,10,2,15,8,1,12,3,9,103,1,35,131,119,13,121,122,106,43,131,124,1,9,3,8,112,111,6,1,15,6,14,11,234,221,7,6,9,15,3,6,14,6,2,10,13,3,13,230,140,146,1,2,11,107,13,95,4,7,12,3,9
108,119,11,15,105,6,2,10,10,12,2,0,4,5,12,8,14,5,0,5,0,11,13,6,0,3,3,9,10,129,120,110,38,42,117,3,9,10,127,117,39,33,35,125,34,40,115,13,15,10,5,7,8,2,0,0,14,95,7,6,9,6,7,13,8,10,4,10,12,15,1,5,4,6,7,14,10,15,7,15,0,12,13,14,1,5,100,9,3,2,6,10,12,1,9,8,3,102,11,4,1,1,3,14,131,111,8,1,125,34,120,116,38,119,5,9,11,10,13,7,11,15,106,13,8,5,1,15,6,9,15,7,5,8,0,6,231,141,147,160,3,8,127,130,106,7,7,15,12,8
119,12,10,14,98,2,8,4,5,6,7,12,8,4,5,2,5,0,9,6,10,3,6,7,6,5,12,3,3,13,107,106,39,43,10,10,14,6,5,5,2,12,3,5,35,41,4,7,9,9,8,4,1,12,13,108,40,109,1,8,2,1,0,9,3,15,0,9,14,5,13,14,5,6,2,13,12,9,3,6,13,11,8,9,14,1,101,2,14,8,13,10,2,15,1,14,11,103,9,7,2,4,6,7,9,2,2,8,0,35,125,119,39,1,14,12,12,2,3,10,4,114,117,1,13,9,3,1,2,10,8,4,11,13,11,1,232,142,148,161,153,0,11,123,115,5,3,11,3,5
7,9,9,11,99,13,0,10,6,15,2,7,12,3,11,4,4,8,1,7,5,6,14,12,9,6,10,13,9,9,127,117,2,0,6,14,8,0,4,10,11,12,6,15,14,10,11,8,6,10,9,12,6,8,1,88,41,3,6,11,14,13,6,7,4,12,13,2,7,4,4,5,2,4,12,0,3,10,1,11,8,11,4,0,14,0,104,1,12,14,9,4,11,3,5,2,13,107,114,32,128,4,1,0,2,3,7,15,6,14,7,11,6,13,15,15,10,1,8,4,8,86,7,9,15,1,3,11,9,3,2,13,4,13,5,2,233,143,149,162,154,167,5,4,4,13,2,15,4,7
2,11,8,1,107,10,14,1,6,12,13,6,10,9,6,15,1,5,5,4,10,15,12,6,0,15,14,15,0,6,3,10,7,8,3,7,0,0,11,8,6,3,14,4,14,12,5,2,9,5,12,6,6,1,14,89,2,10,8,15,14,1,2,11,15,9,15,6,13,7,13,8,11,9,3,1,4,15,10,13,4,13,12,10,4,9,105,14,5,5,1,0,10,14,1,9,14,121,109,33,107,14,15,3,11,5,11,15,9,10,3,1,10,6,1,15,4,7,13,0,2,87,4,12,0,0,0,7,3,6,12,7,3,7,8,13,234,144,150,163,155,168,216,0,14,4,7,0,3,9
7,1,14,1,129,122,8,3,13,8,1,11,0,1,0,12,3,8,7,10,6,1,9,15,1,0,3,10,7,13,7,13,2,11,8,8,3,9,14,0,10,14,7,11,7,7,3,8,14,1,6,8,13,3,13,92,4,15,15,2,6,14,8,4,7,11,11,7,12,10,12,13,12,8,10,12,15,15,4,4,2,7,2,3,3,5,107,112,34,130,8,2,6,5,6,5,2,4,11,9,129,36,32,40,38,126,1,9,1,8,6,4,4,9,14,4,1,5,1,15,1,88,4,3,5,1,9,11,11,6,5,3,10,14,12,11,9,145,151,164,156,169,217,6,11,3,8,9,5,10
5,5,0,0,8,129,34,120,1,3,15,8,8,8,0,2,0,13,15,1,5,8,4,7,12,12,1,5,13,11,2,12,9,7,10,1,13,15,9,9,8,11,3,2,9,12,8,7,3,9,14,6,12,15,13,93,5,7,6,14,6,5,9,1,6,10,11,14,9,4,7,8,7,0,7,0,3,12,8,3,4,0,6,2,15,9,121,115,35,98,2,14,6,10,4,8,3,12,9,9,3,37,33,41,39,107,9,5,6,5,13,0,1,10,8,10,1,4,7,3,10,89,8,5,2,12,5,9,8,12,5,5,5,6,6,14,4,14,152,165,157,170,218,0,0,6,5,2,0,12
10,3,6,6,5,14,35,131,124,12,14,5,0,4,4,10,0,8,10,6,15,12,2,1,11,3,12,12,7,12,15,14,4,7,1,3,7,1,14,0,10,0,14,0,12,6,4,3,15,14,3,1,4,114,36,117,2,8,6,2,11,7,11,10,0,8,10,10,2,8,7,2,1,5,11,8,2,9,1,2,1,2,9,9,5,0,4,13,6,99,2,13,4,10,14,2,4,6,12,3,11,3,10,8,6,129,122,3,10,9,12,10,5,13,15,10,0,8,9,1,7,88,0,5,4,1,10,9,12,11,11,11,5,7,5,15,14,13,1,166,158,171,219,9,5,1,14,2,8,13
0,14,7,2,11,15,12,14,104,2,0,12,10,8,13,7,7,1,12,9,9,14,4,14,4,14,11,6,15,4,6,11,14,14,13,12,11,9,14,7,8,14,9,3,10,4,1,10,12,2,15,7,114,117,37,7,13,7,15,11,2,5,1,9,0,7,10,12,4,15,7,3,3,10,11,10,0,2,3,9,10,12,11,2,13,14,3,6,2,100,10,13,13,10,3,5,10,0,14,15,4,9,4,14,15,11,104,13,2,5,15,5,2,8,8,9,2,14,9,4,1,89,11,1,9,7,5,9,5,7,6,0,1,14,11,4,5,2,4,1,159,172,220,13,12,1,0,10,9,11
5,11,0,13,3,8,0,9,105,13,0,9,3,12,4,7,6,10,3,4,11,14,12,10,3,11,12,4,3,0,7,3,12,8,2,14,1,10,5,15,15,0,12,10,15,5,15,1,1,7,0,0,94,4,13,12,13,3,14,13,15,6,7,9,8,15,3,5,11,10,15,6,13,11,4,8,3,4,14,4,10,6,15,11,14,13,12,5,0,101,7,2,6,12,15,6,7,6,14,7,1,1,0,2,0,14,105,3,1,3,15,15,2,12,15,5,11,1,3,10,116,111,10,1,10,1,12,6,14,11,9,2,5,13,12,6,9,7,0,3,7,173,221,9,7,9,5,10,1,8
8,11,15,10,9,1,0,9,98,5,114,38,120,10,4,14,5,12,11,7,2,5,7,15,9,2,2,0,1,0,0,3,0,7,8,2,14,11,2,0,1,2,10,6,6,9,15,11,1,12,15,5,95,13,2,9,0,0,13,8,15,14,14,14,5,12,12,14,10,15,9,5,0,5,4,8,1,6,13,13,11,2,12,9,8,2,10,12,15,131,120,14,12,14,2,9,12,4,8,11,11,14,8,12,2,15,107,8,3,8,13,0,12,8,13,12,9,8,15,118,113,7,11,11,0,3,13,2,8,6,5,0,5,15,0,1,1,2,15,7,13,2,90,6,10,14,15,6,7,10
2,4,15,3,13,13,1,12,99,114,113,39,100,3,9,11,3,4,11,12,5,13,2,6,6,2,12,6,1,11,9,12,5,4,8,1,8,8,2,2,12,2,1,11,13,8,13,5,4,14,5,1,86,11,12,3,1,9,8,4,3,2,0,6,12,14,7,12,14,4,13,2,2,5,14,2,2,15,13,1,14,1,7,8,13,9,13,13,5,1,107,6,5,1,15,8,11,6,4,15,5,14,11,5,0,13,121,128,11,9,13,1,14,1,15,5,3,3,116,119,1,14,14,118,32,130,4,7,6,4,11,7,13,7,14,2,10,3,12,0,11,14,91,10,15,0,15,3,7,9
5,2,9,2,6,9,9,4,107,106,1,6,101,6,3,6,5,14,15,7,4,5,0,9,6,12,6,0,9,13,4,7,3,0,15,10,13,9,11,12,4,11,14,4,14,0,0,10,15,15,7,4,87,14,12,9,15,6,6,3,2,4,2,3,6,6,0,1,5,7,10,4,10,0,9,12,9,9,8,14,5,9,2,8,4,1,14,8,4,5,123,130,9,6,6,12,8,15,8,6,1,12,13,9,11,3,3,98,2,15,6,2,5,11,12,118,36,126,106,14,6,7,10,106,33,104,11,8,10,7,12,0,4,12,2,4,8,15,0,1,7,15,106,1,14,1,12,5,13,15
0,6,13,6,1,14,10,0,121,119,14,1,107,10,5,2,11,4,13,3,10,12,6,0,13,10,15,10,15,10,7,9,14,1,5,5,4,12,7,6,6,2,4,2,4,13,0,5,10,14,114,40,109,12,0,15,14,0,0,8,1,14,14,10,11,13,7,2,8,3,12,0,1,13,8,10,0,5,14,12,2,11,15,0,8,12,7,0,4,11,0,123,126,5,15,15,11,2,0,6,7,2,3,11,10,5,4,99,11,110,34,128,118,40,122,106,37,129,109,3,5,11,114,111,15,105,3,7,15,15,10,1,1,7,1,3,4,12,14,12,8,114,113,7,4,13,1,12,14,0
7,15,10,0,9,7,15,13,3,7,13,15,123,120,116,34,130,2,14,2,8,14,5,12,10,9,14,5,15,3,7,3,8,13,7,11,0,10,15,13,4,9,1,13,7,8,9,14,5,116,111,41,10,9,10,13,13,1,11,13,8,3,5,3,0,11,9,13,2,8,3,15,10,2,11,9,3,4,0,11,6,6,1,6,1,5,6,2,5,13,11,1,107,118,40,122,110,36,122,11,15,7,3,7,0,4,0,123,38,113,35,123,115,41,123,117,118,42,122,4,3,15,106,15,10,102,8,11,7,0,7,15,13,5,7,10,11,15,12,8,108,111,14,15,11,9,4,1,11,15
12,9,11,3,13,13,8,1,3,10,15,5,10,129,109,35,121,120,5,11,14,10,8,3,15,0,12,7,8,13,13,3,7,15,15,12,8,4,2,2,11,3,15,1,15,14,13,13,8,106,1,1,14,4,2,6,15,5,5,5,9,10,12,11,8,8,15,8,0,4,12,14,11,1,8,9,1,1,0,14,8,13,12,5,6,15,10,2,1,1,14,2,121,113,41,107,106,37,107,10,14,14,5,6,3,9,1,14,39,5,5,11,5,8,5,112,109,43,127,36,122,116,113,6,3,103,7,11,4,10,15,13,8,14,7,8,9,12,3,110,113,15,13,8,14,6,1,9,12,8
6,2,10,4,11,10,4,15,10,6,3,12,11,14,2,7,8,107,10,4,4,6,3,10,15,5,12,15,10,14,13,13,13,8,13,7,4,7,0,14,12,9,0,9,9,4,10,116,42,109,3,10,5,2,5,1,7,8,3,5,11,1,12,0,15,2,6,12,15,1,1,5,9,13,15,1,9,13,9,10,9,2,1,1,6,1,6,15,10,6,14,5,1,4,11,121,113,9,127,128,3,7,43,13,14,9,7,110,34,120,6,4,10,11,10,86,2,15,8,37,107,106,4,13,12,104,7,2,13,8,13,11,3,14,0,14,13,8,114,111,2,8,4,14,3,7,5,9,15,0
12,10,7,6,2,15,14,4,14,6,5,15,6,3,12,12,14,129,128,12,116,36,126,10,13,6,2,5,15,6,3,6,5,15,1,0,3,10,10,2,14,13,5,7,4,108,36,109,43,4,3,14,13,2,2,1,3,15,2,4,1,0,7,0,8,15,3,3,15,1,0,2,2,10,1,2,12,5,1,2,12,13,13,5,15,14,1,13,12,9,7,13,1,4,10,11,2,8,11,121,40,40,36,34,130,110,36,115,35,107,110,42,124,14,8,87,0,2,3,6,129,111,15,15,1,105,10,4,15,12,14,13,4,1,14,8,9,6,106,8,3,8,10,11,14,2,12,0,5,2
8,12,12,0,3,10,4,12,5,0,2,10,8,4,7,9,7,7,123,32,117,37,123,128,5,1,11,1,9,11,4,13,0,12,13,11,2,9,3,11,8,2,14,0,116,115,37,3,0,8,10,11,3,9,9,9,12,12,10,10,3,2,2,3,15,1,4,3,15,7,6,9,13,8,11,6,5,1,15,13,4,15,3,14,11,2,10,13,11,13,9,14,12,14,11,0,10,0,1,8,41,41,37,35,131,113,37,5,7,131,109,43,127,42,38,115,1,2,15,1,10,15,14,6,0,107,108,32,126,12,6,15,9,2,8,114,36,32,109,1,8,5,13,2,2,11,12,5,7,9
9,5,2,2,4,8,10,11,1,12,1,12,5,2,6,4,14,0,7,33,7,13,6,129,130,15,2,11,3,13,9,5,15,8,7,6,11,15,15,7,10,5,1,108,115,10,6,2,8,1,11,8,10,7,11,15,10,9,6,13,1,11,9,15,1,3,4,15,11,7,7,11,14,6,7,6,6,12,14,5,4,4,11,6,4,1,14,1,13,10,2,4,8,3,10,13,11,15,3,3,7,6,1,14,6,2,11,8,0,11,8,7,5,43,39,4,4,5,14,14,5,2,1,12,3,123,119,33,98,10,12,0,0,0,10,90,37,33,11,9,2,7,6,12,8,14,15,2,6,10
0,0,5,8,3,10,12,14,3,2,1,6,3,11,8,8,8,13,11,9,8,5,8,4,104,13,4,1,15,1,4,3,10,12,5,14,1,2,11,1,0,13,14,88,15,4,9,1,1,5,5,9,8,9,11,5,0,4,13,14,3,8,13,5,13,2,9,12,5,6,9,8,1,15,11,2,11,1,4,12,0,1,14,8,6,12,10,0,5,13,3,4,11,5,0,3,3,8,11,2,10,6,10,13,1,11,2,12,9,2,14,8,5,13,6,2,15,15,10,12,9,3,14,2,11,15,11,13,99,11,4,11,5,0,6,91,6,1,9,3,3,8,10,10,11,2,6,174,160,14
132,11,13,9,15,12,13,14,1,10,2,0,15,14,2,2,4,15,12,9,4,12,10,10,105,10,0,1,5,3,12,12,4,2,7,11,10,6,10,10,14,4,8,89,12,3,12,12,5,6,7,2,10,15,10,0,2,11,14,15,1,4,13,10,13,11,2,8,10,4,0,1,7,12,4,5,8,11,7,3,5,7,6,13,10,12,11,15,15,1,1,7,8,13,13,13,3,14,14,6,2,13,7,3,9,5,7,1,13,1,2,6,13,8,6,8,4,11,15,12,12,0,3,13,8,9,11,6,107,15,195,132,4,15,1,106,12,6,13,4,14,6,2,15,10,8,8,107,106,13
