65,51,51,44,51,51,72,58,65,79,181,52,80,45,66,167,58,79,72,65,44,79,58,44,72,11,13,7,123,32,146,72,0,15,12,8,5,4,0,0,11,4,5,7,9,11,15,12,7,6,6,3,14,8,2,13,11,10,10,10,1,3,11,10,10,3,10,5,11,2,6,4,13,6,10,13,11,1,10,12,2,3,10,0,8,44,202,66,160,44,44,65,51,72,65,51,51,51,2,1,1,13,6,12,14,13,12,1,1,13,15,5,5,10,3,1,3,11,3,9,7,8,8,10,0,0,10,15,9,8,6,5,9,79,51,58,181,73,73,66,139,58,58,65,72,79,79,72,58,79,51,65,44,72,65,5,0,4,3,2,7,9,14,9,4,0,14,12,10,2,13,13,6,9,10,13,7,0,222,45
66,52,52,45,52,52,73,59,66,80,182,53,81,46,67,168,59,80,73,66,45,80,59,45,73,167,79,58,79,249,147,73,139,15,8,1,1,14,9,15,11,14,7,13,9,12,2,9,4,9,2,12,5,10,12,10,8,5,14,4,9,3,2,11,15,15,15,3,10,3,8,8,0,0,2,10,14,0,9,15,14,1,1,10,181,45,203,67,161,45,45,66,52,73,66,52,52,52,153,0,10,9,11,3,7,15,12,0,8,11,8,2,15,2,9,15,0,7,2,12,8,9,1,1,7,15,5,10,3,3,1,14,195,80,52,59,182,74,74,67,140,59,59,66,73,80,80,73,59,80,52,66,45,73,66,132,3,2,1,2,14,13,7,1,11,8,7,4,9,14,8,5,1,5,7,4,0,14,223,46
67,53,53,46,53,53,74,60,67,81,183,54,82,47,68,169,60,81,74,67,46,81,60,46,74,168,80,59,80,250,148,74,140,139,8,13,15,13,8,11,15,11,8,1,9,5,5,1,1,5,8,4,1,4,6,1,13,3,10,1,5,0,8,0,6,5,14,10,12,12,12,7,14,7,4,7,4,3,10,9,1,0,11,209,182,46,204,68,162,46,46,67,53,74,67,53,53,53,154,153,6,13,5,0,12,11,15,7,2,15,0,14,13,8,5,4,9,7,10,15,15,11,13,1,4,7,4,6,6,6,3,209,196,81,53,60,183,75,75,68,141,60,60,67,74,81,81,74,60,81,53,67,46,74,67,133,167,5,0,3,3,9,9,10,2,6,1,7,14,5,15,5,14,5,5,11,0,2,224,47
68,54,54,47,54,54,75,61,68,82,184,55,83,48,69,170,61,82,75,68,47,82,61,47,75,169,81,60,81,251,149,75,141,140,160,5,9,5,3,13,10,1,0,5,11,14,9,2,1,0,4,13,11,15,14,11,9,6,13,15,5,11,6,3,9,13,2,5,6,11,10,5,13,6,12,13,15,7,0,6,11,11,202,210,183,47,205,69,163,47,47,68,54,75,68,54,54,54,155,154,139,5,2,6,2,14,13,8,9,13,10,6,1,1,9,8,8,15,14,15,11,3,1,7,2,4,5,11,9,8,209,210,197,82,54,61,184,76,76,69,142,61,61,68,75,82,82,75,61,82,54,68,47,75,68,134,168,167,10,3,9,7,1,14,0,2,7,2,8,0,10,14,2,4,8,13,6,2,225,48
69,55,55,48,55,55,76,62,69,83,185,56,84,49,70,171,62,83,76,69,48,83,62,48,76,170,82,61,82,252,150,76,142,141,161,132,2,12,6,10,12,0,11,15,12,14,2,7,4,3,7,8,7,2,6,8,15,13,12,7,15,3,12,1,12,15,5,7,14,9,4,9,9,2,7,11,8,10,1,1,0,188,203,211,184,48,206,70,164,48,48,69,55,76,69,55,55,55,156,155,140,160,0,15,6,7,10,2,8,6,9,10,5,4,1,2,12,10,10,3,13,11,5,15,3,1,14,2,6,222,210,211,198,83,55,62,185,77,77,70,143,62,62,69,76,83,83,76,62,83,55,69,48,76,69,135,169,168,167,72,2,11,5,15,13,13,12,6,13,4,0,2,9,9,3,1,12,6,226,49
70,56,56,49,56,56,77,63,70,84,186,57,85,50,71,172,63,84,77,70,49,84,63,49,77,171,83,62,83,253,151,77,143,142,162,133,132,11,3,9,11,11,0,1,4,5,4,11,13,11,13,2,0,0,3,11,4,3,15,15,4,7,14,15,8,8,11,2,7,12,14,9,13,4,10,3,14,8,5,2,195,189,204,212,185,49,207,71,165,49,49,70,56,77,70,56,56,56,157,156,141,161,153,65,58,4,0,8,13,12,14,11,2,0,5,188,167,14,1,2,14,3,13,1,14,8,0,9,4,223,211,212,199,84,56,63,186,78,78,71,144,63,63,70,77,84,84,77,63,84,56,70,49,77,70,136,170,169,168,73,14,2,0,14,10,15,13,5,10,9,4,3,10,7,9,9,15,8,227,50
71,57,57,50,57,57,78,64,71,85,187,65,65,58,58,173,64,85,78,71,50,85,64,50,78,172,84,63,84,254,152,78,144,143,163,134,133,160,9,11,15,13,9,6,12,8,4,15,8,1,15,11,10,4,1,4,8,7,8,12,2,6,1,14,0,5,10,3,3,15,0,5,6,13,0,1,9,15,58,174,196,190,205,213,186,50,208,3,166,50,50,71,57,78,71,57,57,57,158,157,142,162,154,66,59,139,5,12,12,12,10,2,65,65,195,189,168,153,10,8,2,11,12,13,15,0,14,6,6,224,212,213,200,85,57,64,187,14,3,12,145,64,64,71,78,85,85,78,64,85,57,71,50,78,71,137,171,170,169,74,2,0,2,13,2,9,8,6,12,11,3,12,15,7,0,1,13,15,125,36
126,8,12,3,5,4,8,6,4,5,181,66,66,59,59,146,209,139,58,72,65,65,44,72,1,173,85,64,85,255,2,9,145,144,164,135,134,161,132,0,13,13,9,15,9,7,8,8,4,3,15,4,15,2,5,8,7,8,4,12,15,0,11,7,14,4,5,15,6,14,2,1,7,7,13,3,3,188,59,175,197,191,206,214,187,4,13,1,9,5,6,15,4,13,3,1,13,11,159,158,143,163,155,67,60,140,139,3,10,3,6,174,66,66,196,190,169,154,146,11,5,7,4,6,12,11,11,2,1,225,213,214,201,0,1,3,15,209,167,72,51,6,14,13,51,14,3,6,72,3,2,1,10,10,13,138,172,171,170,75,5,14,8,4,3,2,14,10,7,14,9,6,79,1,8,6,11,1,1,37
127,38,120,14,0,14,6,2,10,209,182,67,67,60,60,147,210,140,59,73,66,66,45,73,132,1,7,6,12,7,174,139,1,145,165,136,135,162,133,160,3,14,2,4,13,10,13,3,9,4,7,14,3,7,11,7,6,1,12,5,5,15,4,8,2,15,12,7,9,6,6,8,13,10,10,65,195,189,60,176,198,192,207,215,11,9,2,10,13,2,9,1,2,4,15,51,3,11,10,159,144,164,156,68,61,141,140,153,4,10,174,175,67,67,197,191,170,155,147,153,3,14,12,14,11,7,4,0,5,226,214,215,10,15,14,6,188,210,168,73,52,139,51,181,52,167,51,174,73,139,44,181,153,5,11,14,173,172,171,76,5,0,4,14,10,14,9,14,0,5,10,188,80,146,5,13,65,11,9,11
7,39,107,8,15,11,0,4,195,210,183,68,68,61,61,148,211,141,60,74,67,67,46,74,133,146,79,79,65,209,175,140,153,0,166,137,136,163,134,161,160,15,9,11,8,10,2,5,15,4,3,15,1,3,15,13,1,15,13,6,14,2,9,10,0,12,1,12,0,11,1,12,8,3,222,66,196,190,61,177,199,193,208,3,1,12,6,11,1,1,9,8,1,6,202,52,167,7,4,7,145,165,157,69,62,142,141,154,160,174,175,176,68,68,198,192,171,156,148,154,132,0,9,11,3,1,15,7,11,227,215,0,7,9,3,195,189,211,169,74,53,140,52,182,53,168,52,175,74,140,45,182,154,132,1,9,13,173,172,77,3,6,5,3,7,11,6,5,44,44,195,189,81,147,153,195,66,146,2,8
3,6,242,11,15,14,7,188,196,211,184,69,69,62,62,149,212,142,61,75,68,68,47,75,134,147,80,80,66,210,176,141,154,160,4,138,137,164,135,162,161,139,13,3,5,13,11,8,9,9,5,3,10,12,10,12,3,8,12,7,0,3,2,2,12,2,7,12,10,9,0,6,10,15,223,67,197,191,62,178,200,194,14,6,4,5,3,7,7,6,1,5,13,174,203,53,168,160,1,7,4,166,158,70,63,143,142,155,161,175,176,177,69,69,199,193,172,157,149,155,133,167,14,11,0,6,4,4,11,100,2,12,5,13,209,196,190,212,170,75,54,141,53,183,54,169,53,176,75,141,46,183,155,133,146,11,0,7,173,78,4,8,15,2,4,3,15,188,45,45,196,190,82,148,154,196,67,147,146,13
1,174,243,4,7,51,209,189,197,212,185,70,70,63,63,150,213,143,62,76,69,69,48,76,135,148,81,81,67,211,177,142,155,161,153,11,138,165,136,163,162,140,132,5,4,2,8,4,6,7,11,10,8,3,3,0,7,1,12,3,7,14,14,9,1,15,13,7,2,13,7,13,8,1,224,68,198,192,63,179,201,13,51,79,195,132,58,72,58,44,10,7,188,175,204,54,169,161,160,65,3,1,159,71,64,144,143,156,162,176,177,178,70,70,200,194,173,158,150,156,134,168,132,7,10,11,3,4,8,101,15,10,65,181,210,197,191,213,171,76,55,142,54,184,55,170,54,177,76,142,47,184,156,134,147,132,8,4,6,13,0,12,13,5,9,9,174,189,46,46,197,191,83,149,155,197,68,148,147,153
58,242,244,11,222,52,210,190,198,213,186,71,71,64,64,151,214,144,63,77,70,70,49,77,136,149,82,82,68,212,178,143,156,162,154,132,0,166,137,164,163,141,133,216,5,3,5,3,14,6,7,9,7,1,3,6,11,7,15,0,4,15,12,8,12,5,15,12,5,2,10,11,0,6,225,69,199,193,64,180,11,209,52,80,196,133,59,73,59,45,146,202,189,176,205,55,170,162,161,66,139,8,9,9,8,145,144,157,163,177,178,179,71,71,201,8,0,159,151,157,135,169,133,146,0,1,12,14,12,226,12,222,66,182,211,198,192,214,172,77,56,143,55,185,56,171,55,178,77,143,48,185,157,135,148,133,139,13,15,7,15,3,9,3,9,174,175,190,47,47,198,192,84,150,156,198,69,149,148,154
59,243,245,4,223,53,211,191,199,214,187,9,283,271,280,152,215,145,64,78,71,71,50,78,137,150,83,83,69,213,179,144,157,163,155,133,132,3,138,165,164,142,134,217,11,2,3,15,14,7,11,4,0,1,15,0,9,4,3,1,15,9,4,0,6,12,12,14,1,3,15,11,5,11,226,70,200,194,14,13,222,210,53,81,197,134,60,74,60,46,147,203,190,177,206,56,171,163,162,67,140,160,72,11,12,15,145,158,164,178,179,180,0,12,2,3,12,0,152,158,136,170,134,147,160,11,0,4,6,227,0,223,67,183,212,199,193,215,173,78,57,144,56,186,57,172,56,179,78,144,49,186,158,136,149,134,140,216,8,11,3,1,4,3,222,175,176,191,48,48,199,193,85,151,157,199,70,150,149,155
60,244,246,0,224,54,212,192,200,215,3,355,284,272,281,343,274,8,8,4,12,1,9,13,138,151,84,84,70,214,180,145,158,164,156,134,133,139,65,166,165,143,135,218,4,3,9,11,3,8,10,13,15,8,7,7,0,8,5,13,5,10,6,10,4,12,10,10,11,11,11,0,0,15,227,71,201,12,13,0,223,211,54,82,198,135,61,75,61,47,148,204,191,178,207,57,172,164,163,68,141,161,73,146,4,13,4,159,165,179,180,1,11,6,15,3,13,8,5,159,137,171,135,148,161,139,2,1,12,107,3,224,68,184,213,200,194,10,15,2,10,145,57,187,2,173,57,180,13,145,50,187,159,137,150,135,141,217,10,4,7,10,10,10,223,176,177,192,49,49,200,194,72,152,158,200,71,151,150,156
61,245,247,5,225,55,213,193,201,13,349,356,285,273,282,344,275,364,15,8,15,12,0,6,11,152,85,85,71,215,2,0,159,165,157,135,134,140,66,216,166,144,136,219,15,0,6,15,0,2,15,13,10,1,5,4,11,2,0,1,13,14,14,4,11,5,7,15,9,8,8,15,1,11,107,6,0,2,14,222,107,212,55,83,199,136,62,76,62,48,149,205,192,179,208,2,173,165,164,69,142,162,74,147,132,12,5,2,166,180,2,10,7,4,15,1,6,4,14,12,138,172,136,149,162,140,216,0,12,131,130,225,69,185,214,201,15,3,7,14,15,7,15,15,12,13,8,12,14,1,6,5,15,138,151,136,142,218,8,14,9,11,0,4,224,177,178,193,50,50,201,174,73,153,159,201,79,152,151,157
62,246,248,4,226,56,214,194,0,346,350,357,30,21,19,345,276,365,13,7,9,15,1,4,1,12,4,11,15,15,11,4,7,166,158,136,135,141,67,217,6,145,137,220,14,7,15,2,1,8,6,5,12,11,15,6,13,11,5,13,2,11,10,9,3,12,0,15,12,15,7,3,10,13,123,126,5,14,4,223,225,213,56,84,200,137,63,77,63,49,150,206,193,180,8,8,4,166,165,70,143,163,75,148,133,132,1,11,0,5,0,79,58,188,153,1,8,2,9,1,6,173,137,150,163,141,217,3,5,7,107,226,70,186,215,11,13,8,11,1,15,0,5,8,11,5,5,11,0,8,14,14,8,5,152,137,143,219,108,32,6,1,12,8,225,178,179,194,65,72,181,175,74,154,139,188,80,132,152,158
63,247,6,2,227,57,215,283,352,347,351,24,25,22,26,17,22,302,7,8,7,3,9,12,9,12,13,8,8,15,1,9,3,5,159,137,136,142,68,218,12,7,138,221,1,8,8,5,1,12,9,7,1,11,11,4,15,5,8,2,6,5,13,13,12,15,13,13,6,9,6,8,6,5,0,123,120,3,4,224,226,214,57,85,201,138,64,78,64,50,151,207,194,15,0,11,12,15,166,71,144,164,76,149,134,133,132,58,0,11,202,80,59,189,154,167,72,15,6,2,3,11,138,151,164,142,218,1,7,58,249,227,71,187,11,4,10,0,8,3,11,6,2,9,1,11,2,3,9,15,9,0,1,8,3,138,144,220,106,33,15,4,4,15,226,179,180,181,66,73,182,176,75,155,140,189,81,133,153,159
64,248,2,7,96,1,366,284,353,348,30,29,17,31,22,26,306,313,9,2,11,4,10,2,13,2,2,8,0,6,10,1,15,10,8,138,137,143,69,219,4,0,12,86,3,9,10,9,1,3,9,12,12,15,13,3,15,9,9,13,1,5,2,11,14,3,4,2,0,9,10,10,3,15,0,14,104,3,10,225,227,215,271,2,14,274,274,271,277,280,152,208,4,4,12,13,14,11,9,3,145,165,77,150,135,134,133,59,132,174,203,81,60,190,155,168,73,146,14,12,58,51,10,152,165,143,219,5,222,59,250,100,6,1,0,6,15,5,15,0,10,0,1,6,10,14,0,15,11,6,2,3,6,3,12,2,145,221,235,44,10,8,8,6,242,180,188,182,67,74,183,177,76,156,141,190,82,134,154,139
65,13,9,15,97,15,367,285,354,24,16,31,27,27,27,26,302,13,8,2,4,12,10,6,3,14,114,126,2,4,12,13,12,3,4,1,138,144,70,220,0,2,2,87,11,4,8,14,7,2,8,11,11,7,5,0,2,0,15,2,10,15,11,15,3,15,8,3,1,10,15,5,6,2,0,15,105,10,13,226,5,366,272,340,355,275,275,272,278,281,343,268,3,14,1,13,14,4,12,5,10,166,78,151,136,135,134,60,133,175,204,82,61,191,156,169,74,147,160,209,59,52,216,1,166,144,220,3,223,60,251,101,5,14,7,12,4,11,15,1,9,2,10,5,6,0,0,8,9,3,4,9,12,6,5,12,0,86,236,45,13,2,6,222,243,222,189,183,68,75,184,178,77,157,142,191,83,135,155,140
66,132,58,79,107,14,303,21,24,16,19,29,26,23,16,314,307,1,15,6,12,13,14,12,108,34,113,129,128,8,13,4,13,3,11,5,1,145,71,221,7,10,10,90,1,13,14,8,14,12,8,9,11,15,12,11,7,12,14,2,9,1,2,0,6,7,3,9,2,15,1,1,1,4,12,6,96,3,8,227,14,367,273,341,356,276,276,273,279,282,344,269,328,6,12,6,6,15,15,4,1,14,5,152,137,136,135,61,134,176,205,83,62,192,157,170,75,148,161,210,60,53,217,6,14,145,221,15,224,61,252,104,13,9,3,9,15,7,13,2,7,11,4,1,13,9,13,6,5,15,3,5,11,6,12,7,0,87,237,46,9,7,3,223,244,223,190,184,69,76,185,179,78,158,143,192,84,136,156,141
67,133,59,80,32,122,327,260,318,28,27,27,27,18,308,309,13,5,6,8,1,12,10,14,92,35,0,11,123,128,15,1,10,6,8,12,14,15,6,106,8,7,4,91,7,4,7,14,10,13,10,11,2,15,14,9,15,5,3,13,12,14,2,2,7,4,12,2,1,7,11,13,2,13,6,7,97,14,11,107,15,303,29,342,357,30,18,26,23,31,345,270,329,364,13,9,9,6,1,5,15,12,2,5,138,137,136,62,135,177,206,84,63,193,158,171,76,149,162,211,61,54,218,5,116,42,119,7,225,62,253,105,11,14,11,12,15,14,14,11,15,9,7,15,15,8,13,8,9,14,6,14,2,14,4,10,10,92,238,47,5,11,6,224,245,224,191,185,70,77,186,180,14,159,144,193,85,137,157,142
68,134,60,81,235,249,5,261,300,16,23,26,21,27,302,1,3,13,3,6,11,1,4,6,93,8,8,1,10,96,1,9,12,13,12,9,10,14,114,119,14,3,112,111,1,3,5,6,9,4,1,14,9,4,3,9,8,3,10,12,7,1,8,10,12,12,3,7,8,6,8,15,12,1,12,15,131,122,8,129,126,325,264,320,22,16,24,24,20,20,22,26,330,365,8,12,7,3,11,0,7,12,0,9,5,138,137,63,136,178,207,85,64,194,159,172,77,150,163,212,62,55,219,4,92,43,13,11,226,63,254,121,38,128,10,0,4,9,1,9,9,11,15,7,11,10,6,12,4,15,1,14,14,10,6,10,13,93,239,48,5,3,12,225,246,225,192,186,71,78,187,4,7,0,145,194,2,138,158,143
69,135,61,82,236,250,13,11,301,26,28,25,16,314,309,7,1,0,14,4,14,13,9,12,88,3,8,4,9,97,14,1,8,12,8,10,5,6,94,5,15,10,106,2,12,12,7,14,2,0,7,14,1,0,2,13,3,11,4,5,11,8,3,14,9,11,9,2,14,6,11,4,12,9,8,10,6,104,3,2,129,130,265,303,18,20,27,20,21,26,26,310,318,302,14,8,15,5,15,0,2,7,15,3,0,12,138,64,137,179,208,14,10,5,7,173,78,151,164,213,63,56,220,9,93,9,5,3,227,64,255,4,39,104,9,1,9,8,2,3,11,6,4,9,11,12,9,12,0,6,15,7,9,2,8,11,114,111,240,49,3,8,7,226,247,226,193,187,14,8,14,5,12,2,3,6,10,4,159,144
70,136,62,83,237,251,6,10,374,30,30,24,306,311,11,13,8,14,10,0,2,13,3,14,89,2,15,13,15,100,13,9,14,0,6,1,12,1,95,3,118,32,109,15,5,7,15,6,6,5,2,2,12,7,12,0,14,14,8,7,11,3,2,2,11,13,6,14,2,11,5,8,8,12,11,11,1,105,9,6,6,98,11,327,258,316,28,22,17,23,30,302,325,307,112,124,4,12,10,5,4,1,7,3,10,0,0,10,138,180,2,1,15,15,14,7,1,152,165,214,64,57,221,12,86,6,8,3,104,14,7,3,2,105,2,4,14,11,8,15,11,8,8,0,0,11,8,12,3,1,12,7,0,15,3,116,109,11,241,50,1,5,4,227,248,249,194,7,9,13,14,7,15,0,7,1,13,12,11,145
71,137,63,84,238,252,2,366,375,27,27,310,311,12,9,9,9,3,1,5,2,15,9,4,86,3,15,1,7,101,6,10,2,2,12,14,7,15,92,13,106,33,10,11,7,15,11,7,10,6,8,5,15,11,12,7,4,9,11,15,7,9,15,12,15,7,5,9,0,0,8,13,6,4,5,14,7,129,32,122,0,99,6,4,259,300,24,28,19,16,20,371,12,118,115,102,3,12,2,15,10,3,0,10,3,15,5,6,13,14,15,7,6,1,9,12,5,4,166,215,11,12,90,4,87,15,13,4,105,6,0,0,65,249,6,8,6,5,3,6,15,1,1,15,1,11,13,9,10,13,13,4,5,10,15,106,7,3,3,15,5,0,6,107,222,250,10,0,3,6,10,12,5,9,14,0,0,1,9,2
5,138,64,85,239,253,3,367,376,23,23,292,9,4,15,12,11,12,15,2,3,4,8,10,87,4,8,7,13,96,4,13,10,11,13,6,11,14,93,0,228,58,1,6,8,3,8,15,13,7,7,3,12,13,2,12,11,2,0,13,15,5,1,5,15,2,15,12,5,9,0,15,0,1,0,10,12,1,33,129,128,107,114,36,124,301,26,23,19,19,19,372,364,90,1,103,7,11,12,4,7,8,8,10,13,5,7,4,6,9,15,13,2,2,14,4,3,8,9,4,11,0,91,9,92,11,13,10,125,128,7,222,66,250,11,8,10,11,15,15,5,10,6,1,4,0,5,10,4,0,12,3,0,14,7,235,44,15,12,13,3,10,13,222,223,251,12,8,14,13,13,6,9,0,10,3,5,3,14,13
9,11,13,9,240,254,6,303,31,29,25,293,9,0,0,13,13,8,3,12,6,5,2,1,86,7,2,10,12,97,8,11,7,9,1,3,12,12,235,8,229,59,216,11,2,6,15,0,4,2,11,10,2,4,6,2,5,1,3,7,7,14,1,14,0,2,5,5,3,7,6,10,3,9,12,0,14,4,0,0,107,125,113,37,107,319,326,22,16,28,18,373,365,91,11,96,14,10,3,3,0,11,1,14,11,6,4,10,4,15,4,7,2,15,7,9,2,2,13,12,15,110,115,9,93,6,3,4,6,98,1,223,67,251,10,3,0,3,1,5,4,2,12,13,15,2,11,5,13,7,13,7,9,9,7,236,45,216,4,15,4,0,3,223,224,252,8,4,5,7,15,8,8,9,4,3,7,5,13,8
14,9,9,2,241,255,2,323,316,25,31,290,8,1,7,7,12,1,1,2,15,10,4,5,87,1,7,2,9,96,6,6,8,1,7,7,15,14,236,216,230,60,217,11,13,7,7,8,3,0,6,3,8,11,13,6,4,13,15,3,6,2,14,10,7,10,10,11,7,6,12,6,13,1,9,8,11,13,2,5,125,120,6,6,127,126,303,21,21,31,26,16,302,88,4,97,9,5,2,3,15,3,13,0,1,1,9,2,6,1,12,5,8,7,5,13,13,0,6,15,2,228,2,3,86,9,13,13,7,99,7,224,68,252,1,14,11,1,8,13,10,6,6,2,11,3,2,5,8,4,9,10,0,8,6,237,46,217,108,38,7,1,14,224,225,253,4,9,15,13,13,3,5,9,5,10,8,6,13,7
0,9,13,10,8,11,7,5,317,324,30,291,8,11,14,0,7,12,12,0,7,7,13,7,228,3,6,5,12,97,4,1,12,5,9,5,12,2,237,217,231,61,218,10,14,8,15,0,12,8,11,4,9,6,5,15,3,2,13,0,1,7,0,6,14,12,8,15,14,8,15,0,2,8,2,11,3,1,14,10,7,125,40,120,12,102,327,326,23,31,314,256,305,89,7,129,126,14,1,10,1,6,6,8,13,0,8,11,12,10,0,1,5,6,11,1,12,6,12,14,11,229,216,12,87,12,2,5,1,96,3,225,69,253,2,14,15,5,10,1,9,6,5,10,11,7,5,15,11,13,3,11,11,8,10,238,47,218,106,39,3,6,0,225,226,254,5,13,11,3,0,6,14,4,0,2,14,0,4,12
2,12,5,8,9,4,6,5,15,317,258,309,3,3,8,12,2,14,3,7,0,7,12,11,229,160,58,14,6,123,124,13,8,8,15,1,7,9,238,218,232,62,219,9,4,9,5,15,4,13,2,3,10,4,3,1,12,10,1,9,11,13,0,3,8,2,1,11,5,9,3,10,3,14,9,12,1,9,5,4,6,8,41,127,126,103,4,323,258,262,309,257,112,113,1,6,96,8,10,1,13,2,10,15,8,5,1,1,6,12,8,11,13,7,13,15,7,5,11,8,11,230,217,7,94,10,7,9,12,97,2,226,70,254,4,14,13,5,1,14,2,15,6,5,14,13,1,9,9,11,6,0,5,3,11,239,48,219,228,65,2,10,8,226,227,255,14,11,13,13,7,6,8,0,3,10,15,8,6,13
2,0,1,13,1,9,11,1,3,10,259,15,2,5,9,2,9,0,10,12,8,14,10,6,230,161,59,216,5,6,107,8,7,1,7,7,15,12,239,219,233,63,220,1,9,3,1,10,0,9,1,15,8,11,13,11,14,9,7,1,6,13,1,10,1,12,12,6,10,9,11,9,14,12,10,9,3,2,13,4,0,1,10,10,100,107,11,0,259,263,110,32,115,11,0,12,97,14,3,8,7,8,12,4,13,3,3,12,9,10,14,9,4,1,4,11,1,14,15,2,8,231,218,10,95,4,8,14,4,107,6,227,71,255,11,10,5,10,4,4,9,8,10,1,14,7,1,5,4,13,9,14,7,11,7,240,49,220,229,66,1,9,1,227,107,9,14,6,8,7,13,14,2,3,2,9,9,7,2,10
1,0,1,11,1,0,10,5,2,14,8,5,12,9,7,14,6,4,11,14,0,10,9,4,231,162,60,217,0,4,127,128,3,13,4,11,6,13,240,220,234,64,221,9,0,5,8,11,4,12,14,2,5,8,10,7,7,12,3,2,15,11,14,2,3,2,3,14,3,3,6,2,6,6,14,0,9,5,12,10,4,6,0,0,101,131,36,120,4,118,109,33,15,9,13,10,131,120,9,12,3,10,14,10,11,11,8,8,1,10,14,5,9,4,1,3,1,15,4,10,8,232,219,4,90,14,8,12,13,242,13,98,6,6,8,13,6,2,13,9,5,6,1,7,5,11,15,10,4,13,4,1,0,0,3,241,50,221,230,67,4,10,5,107,125,122,10,4,4,8,4,3,13,2,15,10,8,7,10,11
8,6,8,10,12,9,5,5,5,1,5,11,7,15,15,8,4,9,13,12,14,11,11,15,232,163,61,218,1,15,12,107,10,9,4,0,3,7,241,221,3,5,106,11,12,15,13,13,15,5,10,9,10,15,0,14,11,5,15,14,15,2,1,14,5,0,1,11,0,11,12,12,9,1,12,13,5,5,15,3,1,10,9,3,127,124,37,131,122,106,0,14,14,14,9,11,5,96,11,14,14,7,14,3,10,1,1,6,11,12,12,4,14,12,15,2,3,1,0,11,6,233,220,2,91,6,14,3,209,243,14,99,4,9,5,4,3,9,14,6,10,10,3,7,13,13,2,7,0,14,8,5,5,12,8,11,4,90,231,68,9,8,10,123,130,100,14,15,10,7,5,12,8,15,2,5,8,15,7,0
11,4,6,14,9,6,13,13,7,13,8,1,9,4,11,3,5,12,4,6,0,4,6,3,233,164,62,219,2,15,10,242,6,14,7,11,5,4,10,86,5,5,228,51,58,7,9,12,0,6,11,11,9,0,3,1,1,4,12,11,14,4,2,5,1,4,2,13,6,11,8,12,8,8,11,3,9,11,6,2,2,6,7,11,13,125,122,5,123,119,4,14,7,13,14,12,8,97,1,0,10,5,14,6,2,5,4,3,3,9,8,9,10,5,11,7,12,3,3,13,2,234,221,12,86,0,14,222,210,244,5,104,13,8,4,10,9,5,4,3,9,2,11,3,12,10,1,8,0,11,9,12,0,12,2,3,12,91,232,69,12,11,0,11,102,101,10,1,13,7,13,2,11,14,15,6,6,6,10,2
2,11,14,12,8,4,13,7,11,11,5,5,15,6,2,9,2,0,9,3,2,0,6,5,234,165,63,220,4,2,222,243,0,14,13,9,10,12,4,87,0,7,229,52,59,153,58,44,188,146,11,3,1,14,12,11,4,6,13,5,12,6,5,3,14,9,0,7,4,1,2,12,9,0,0,2,10,7,8,10,6,10,12,10,12,10,96,13,11,14,11,2,10,2,7,1,7,127,126,11,9,15,9,7,10,0,3,9,10,13,14,10,13,1,2,7,13,3,2,0,6,8,106,10,87,11,7,223,211,245,14,105,8,11,12,4,5,7,6,10,9,2,1,4,13,6,10,0,5,13,6,8,8,8,7,12,7,94,233,70,5,14,11,15,103,98,5,12,1,15,0,15,11,1,11,7,13,13,11,14
5,10,3,5,7,2,8,6,6,8,8,3,12,5,1,5,2,15,12,4,2,8,4,6,14,166,64,221,1,10,223,244,3,15,0,15,0,8,3,90,13,12,230,53,60,154,59,45,189,147,167,5,12,5,6,11,6,12,8,10,12,13,8,15,5,0,15,8,8,4,8,0,14,2,14,13,8,6,1,13,8,3,3,3,3,8,97,2,1,4,8,6,0,0,15,5,1,15,107,1,13,15,4,7,13,12,15,3,11,9,1,2,2,7,10,1,1,15,0,11,116,34,117,9,106,0,0,224,212,246,0,107,5,1,13,5,11,9,3,7,12,0,10,5,0,10,2,13,1,3,4,4,2,4,0,5,5,95,234,71,12,11,1,8,96,99,4,10,7,12,12,11,8,9,12,14,8,10,3,14
5,12,6,3,10,5,15,13,8,3,0,1,2,12,9,1,13,2,8,8,2,5,7,1,10,8,13,86,8,7,224,245,9,6,3,0,9,4,4,91,12,14,231,54,61,155,60,46,190,148,168,139,2,13,7,6,11,2,4,10,10,14,11,14,14,11,1,12,13,7,3,10,15,3,10,13,7,14,14,12,3,8,3,14,1,3,100,0,14,0,6,72,44,4,13,7,15,13,249,3,14,15,1,10,2,7,13,5,14,3,9,7,12,10,11,11,6,8,11,3,106,35,12,108,111,3,6,225,213,247,8,127,34,128,3,1,12,7,14,13,12,3,10,15,5,9,0,7,14,2,2,8,5,3,11,4,12,106,9,7,10,5,0,13,97,129,34,38,42,126,2,0,14,7,4,0,5,118,36,34
32,40,32,34,124,2,10,15,15,6,1,14,6,1,10,2,1,14,6,0,15,2,9,0,6,11,1,87,7,14,225,246,11,6,9,5,4,13,110,119,3,13,232,55,62,156,61,47,191,149,169,140,146,1,6,3,1,11,1,0,12,8,0,1,9,0,1,4,7,8,9,8,10,4,4,3,2,4,14,3,0,9,4,11,1,6,101,9,0,10,174,73,45,153,10,11,6,174,250,3,12,11,10,8,11,9,9,12,13,15,5,4,14,2,10,2,3,11,11,4,235,0,0,90,6,9,9,226,214,248,11,15,35,107,9,11,8,14,6,10,10,10,13,8,10,15,11,1,1,9,8,8,7,4,0,118,34,113,14,12,0,10,0,3,123,128,35,39,43,242,12,1,2,14,9,112,34,111,37,35
33,41,33,35,125,124,1,2,8,5,14,7,0,10,0,1,5,0,5,4,0,4,12,9,6,11,108,119,10,15,226,247,0,9,10,9,11,2,86,12,6,10,233,56,63,157,62,48,192,150,170,141,147,153,51,10,12,9,5,7,13,0,14,13,12,3,11,8,11,9,5,6,2,195,160,51,9,3,14,11,6,6,7,10,1,3,123,122,4,222,175,74,46,154,160,44,174,175,251,5,6,10,12,7,14,5,9,2,5,3,5,6,9,8,11,11,1,14,1,7,236,216,0,91,1,3,6,227,215,11,10,79,51,242,3,7,15,1,10,6,1,2,1,2,9,7,6,15,2,2,1,5,10,9,14,106,35,10,118,34,9,0,0,8,1,131,126,0,222,243,15,8,13,5,14,106,35,9,11,2
9,14,0,7,14,121,120,1,8,6,6,11,1,1,11,12,13,12,9,6,1,13,13,6,7,114,119,2,3,11,227,248,4,15,2,3,8,0,87,13,11,10,234,57,64,158,63,49,193,151,171,142,148,154,52,167,8,2,9,1,1,9,15,13,0,1,8,12,9,3,7,79,181,196,161,52,146,2,7,12,10,2,10,3,6,4,7,98,5,223,176,75,47,155,161,45,175,176,252,6,10,13,3,7,4,13,4,6,0,10,10,15,8,10,0,5,4,5,0,14,237,217,2,106,1,3,3,96,10,10,222,80,52,243,15,11,7,15,13,9,12,5,13,14,11,6,12,11,2,3,10,13,11,9,9,228,58,6,106,35,1,9,13,3,7,8,242,7,223,244,11,8,12,2,5,235,15,10,12,3
12,8,14,3,8,10,98,12,12,3,4,14,11,4,4,14,7,0,2,5,2,14,7,2,7,86,2,8,11,9,123,130,4,13,10,8,12,6,106,11,11,12,8,9,8,159,64,50,194,152,172,143,149,155,53,168,132,58,51,14,7,58,72,5,15,15,0,5,8,79,181,80,182,197,162,53,147,167,15,8,15,11,3,12,6,12,4,99,14,224,177,76,48,156,162,46,176,177,253,12,14,6,5,15,15,10,15,14,12,4,14,1,9,6,5,15,15,15,7,11,238,218,9,235,15,8,12,97,0,15,223,81,53,244,12,7,7,10,1,0,11,8,0,11,10,14,1,10,15,9,12,13,1,12,2,229,59,216,228,72,5,6,0,9,7,174,243,1,224,245,6,9,11,10,14,236,139,4,0,5
6,14,15,8,3,9,99,6,15,12,5,110,34,32,32,120,7,11,8,0,15,11,11,14,0,87,13,13,9,6,14,125,120,11,11,0,1,0,235,13,6,9,5,0,0,8,6,5,9,8,173,144,150,156,54,169,133,59,52,167,209,59,73,139,51,51,79,72,202,80,182,81,183,198,163,54,148,168,167,5,13,5,15,12,14,14,8,100,6,225,178,77,49,157,163,47,177,178,254,14,15,13,2,7,0,12,12,15,6,12,10,15,8,11,1,9,6,11,8,10,239,219,11,236,216,0,8,100,14,14,224,82,54,245,14,0,4,1,10,1,8,4,9,12,0,9,11,2,13,15,6,7,12,3,0,230,60,217,229,73,5,15,14,7,188,175,244,0,225,246,7,1,15,1,13,237,140,160,13,5
6,4,15,7,7,8,127,42,128,7,118,111,35,33,33,121,38,126,2,3,10,4,0,7,10,94,7,14,10,15,13,5,125,130,15,8,14,6,236,160,7,3,7,8,6,15,8,7,13,13,8,145,151,157,55,170,134,60,53,168,210,60,74,140,52,52,80,73,203,81,183,82,184,199,164,55,149,169,168,139,14,9,11,15,10,6,5,101,14,226,179,78,50,158,164,48,178,179,255,8,7,0,11,5,8,4,9,14,12,14,14,4,8,11,4,7,13,8,7,11,240,220,2,237,217,0,2,101,7,6,225,83,55,246,6,9,5,10,3,1,12,6,14,5,15,5,14,10,6,6,2,8,3,8,10,231,61,218,230,74,10,3,9,195,189,176,245,0,226,247,5,5,15,14,14,238,141,161,167,2
13,6,8,7,10,14,13,43,123,42,111,15,72,72,13,0,39,129,126,2,2,4,6,7,1,95,8,8,12,6,8,14,4,100,7,8,12,13,237,161,139,9,3,6,6,0,14,10,11,4,72,15,152,158,56,171,135,61,54,169,211,61,75,141,53,53,81,74,204,82,184,83,185,200,165,56,150,170,169,140,153,58,51,10,12,7,72,242,4,227,180,268,280,159,165,49,179,180,361,328,280,14,0,12,3,15,9,11,12,8,6,1,12,3,9,0,9,11,15,5,241,221,8,238,218,12,8,107,10,7,226,84,56,247,12,9,12,2,4,8,12,9,11,2,2,3,12,2,14,15,3,5,10,0,13,232,62,219,231,75,1,9,222,196,190,177,246,9,227,248,8,1,0,2,15,239,142,162,168,153
65,181,146,72,72,65,44,15,8,43,1,181,73,73,153,51,12,1,121,124,10,13,8,2,14,94,1,1,1,2,14,14,13,101,12,7,7,15,238,162,140,132,65,6,2,7,51,44,65,188,73,160,58,159,57,172,136,62,55,170,212,62,76,142,54,54,82,75,205,83,185,84,186,201,166,57,151,171,170,141,154,59,52,153,58,202,73,243,1,104,366,269,281,328,166,50,180,346,362,329,281,343,6,9,7,10,7,4,15,15,2,12,14,6,6,12,12,4,14,4,1,94,0,239,219,14,8,125,124,4,227,85,57,248,4,9,12,3,7,3,10,9,1,5,2,13,6,1,9,7,5,12,4,6,15,233,63,220,232,76,3,7,223,197,191,178,247,13,242,6,13,3,0,7,12,240,143,163,169,154
66,182,147,73,73,66,45,160,51,44,209,182,74,74,154,52,139,9,9,123,36,42,130,10,4,95,14,12,9,12,11,4,4,242,1,12,8,15,239,163,141,133,66,153,58,188,52,45,66,189,74,161,59,167,44,173,137,63,56,171,213,63,77,143,55,55,83,76,206,84,186,85,187,10,0,7,152,172,171,142,155,60,53,154,59,203,74,244,8,105,367,270,282,329,340,277,358,347,363,330,282,344,334,5,12,1,12,0,6,9,6,7,11,9,2,10,2,0,10,1,7,95,13,240,220,14,7,12,96,7,107,8,1,10,12,4,6,10,10,9,2,4,15,1,11,1,8,9,0,11,3,15,15,2,11,234,64,221,233,77,1,11,224,198,192,179,248,188,243,4,1,0,1,6,3,241,144,164,170,155
67,183,148,74,74,67,46,161,52,45,210,183,75,75,155,53,140,167,65,7,37,43,107,118,40,115,11,1,13,9,13,5,195,243,14,7,1,11,240,164,142,134,67,154,59,189,53,46,67,190,75,162,60,168,45,216,138,64,57,172,214,64,78,144,56,56,84,77,207,85,187,12,0,10,7,3,1,173,172,143,156,61,54,155,60,204,75,245,0,100,303,20,19,330,341,278,359,348,26,18,21,345,335,337,280,271,283,274,268,14,4,0,4,14,1,15,6,5,0,5,7,106,6,241,221,3,13,15,97,3,127,126,3,1,15,5,0,7,6,13,5,13,0,1,0,2,0,0,2,12,1,1,4,3,6,15,3,106,234,78,0,8,225,199,193,180,188,189,244,10,4,4,5,0,8,2,145,165,171,156
68,184,149,75,75,68,47,162,53,46,211,184,76,76,156,54,141,168,66,153,10,12,121,113,41,4,11,4,1,9,14,181,196,244,7,0,8,10,241,165,143,135,68,155,60,190,54,47,68,191,76,163,61,169,46,217,7,14,14,173,215,14,0,145,57,57,85,78,208,6,12,15,2,0,15,0,11,4,173,144,157,62,55,156,61,205,76,246,14,101,325,316,16,21,342,279,360,16,27,31,29,20,336,338,281,272,284,275,269,337,1,8,7,11,5,4,7,12,10,116,42,115,12,116,115,1,7,9,121,130,0,121,42,122,2,10,13,14,110,32,126,10,1,10,6,11,13,5,10,12,3,6,7,2,2,112,40,113,7,7,2,14,226,200,194,222,189,190,245,1,12,10,15,8,10,13,10,166,172,157
69,185,150,76,76,69,48,163,54,47,212,185,77,77,157,55,142,169,67,154,153,11,0,4,14,0,5,2,8,3,222,182,197,245,5,14,9,7,10,166,144,136,69,156,61,191,55,48,69,192,77,164,62,170,47,218,8,15,0,10,15,5,12,10,0,14,12,11,4,14,5,5,6,51,13,14,7,14,3,145,158,63,56,157,62,206,77,247,2,107,11,298,22,28,16,29,27,27,27,30,20,16,22,339,282,273,285,276,270,338,343,3,4,15,7,14,13,1,15,106,43,5,2,90,12,2,14,15,15,107,9,10,43,127,38,38,34,36,109,33,123,120,0,3,7,4,14,112,42,126,2,10,2,4,0,90,41,1,12,2,0,14,227,201,3,223,190,191,246,12,1,12,12,3,9,9,9,13,173,158
70,186,151,77,77,70,49,164,55,48,213,186,78,78,158,56,143,170,68,155,154,139,44,44,13,7,6,12,11,8,223,183,198,246,7,11,6,14,14,13,145,137,70,157,62,192,56,49,70,193,78,165,63,171,48,219,13,7,8,4,3,15,3,7,6,12,8,12,4,72,51,79,188,52,167,51,58,14,4,9,159,64,57,158,63,207,78,248,7,249,1,299,20,25,29,31,22,16,30,29,17,24,25,18,25,28,20,27,22,339,344,337,8,5,12,10,12,6,12,235,58,15,11,91,7,3,7,8,9,123,122,9,3,5,39,39,35,37,12,9,6,100,12,9,9,8,13,106,43,125,32,126,2,3,15,91,11,9,114,40,13,11,249,0,5,224,191,192,247,14,1,6,3,12,11,9,6,12,13,159
71,187,152,78,78,71,50,165,56,49,214,187,9,8,159,57,144,171,69,156,155,140,45,45,132,3,6,10,8,14,224,184,199,247,8,7,0,6,2,1,5,138,71,158,63,193,57,50,71,194,8,166,64,172,49,220,8,7,2,0,11,14,8,6,5,3,4,9,195,73,52,80,189,53,168,52,59,139,7,0,0,9,7,159,64,208,2,10,188,250,4,300,27,26,29,30,23,20,29,31,31,31,29,25,30,17,22,30,18,16,345,338,340,268,9,10,5,1,7,236,59,216,6,92,8,3,3,7,4,7,121,124,12,10,10,15,2,6,108,36,122,101,1,6,0,116,40,119,2,15,33,131,36,32,36,117,3,10,106,41,0,222,250,1,5,225,192,193,248,14,12,12,8,15,4,15,15,2,15,6
12,10,6,15,3,9,11,166,57,50,215,11,0,6,12,4,145,172,70,157,156,141,46,46,133,216,0,8,12,8,225,185,200,248,14,11,11,2,8,5,15,12,2,159,64,194,6,3,4,1,7,0,9,173,50,221,6,6,7,10,6,4,3,9,7,11,14,181,196,74,53,81,190,54,169,53,60,140,146,65,79,6,10,4,11,0,0,195,189,251,10,301,21,30,23,16,31,26,27,30,22,21,26,27,19,31,29,28,29,18,27,339,341,269,364,11,0,5,15,237,60,217,7,93,2,12,8,7,15,11,2,129,40,124,4,1,15,9,106,37,102,127,122,12,112,109,41,3,108,40,128,0,37,33,37,7,1,116,113,12,14,223,251,0,6,226,193,194,2,12,6,3,9,5,7,12,13,0,5,10
10,0,0,10,10,15,10,14,8,2,10,4,12,14,14,11,15,173,71,158,157,142,47,47,134,217,8,6,2,10,226,186,201,3,14,15,13,12,5,10,13,2,10,3,6,9,7,13,5,10,7,13,10,3,14,106,12,7,12,3,5,14,13,1,3,2,222,182,197,75,54,82,191,55,170,54,61,141,147,66,80,160,3,6,14,1,174,196,190,252,1,303,18,19,25,26,18,23,23,21,20,31,18,22,16,19,22,25,22,20,20,28,342,270,365,14,8,8,10,238,61,106,216,88,10,0,9,2,10,2,10,7,41,125,42,130,108,36,113,2,103,0,123,120,106,3,10,110,109,41,100,4,110,34,126,8,9,94,0,7,8,224,252,7,14,227,194,1,11,12,11,6,12,4,5,3,11,2,7,8
14,10,1,7,5,13,2,7,7,9,15,11,2,12,3,13,12,1,7,159,158,143,48,48,135,218,3,10,6,14,227,187,4,8,12,15,8,2,0,2,10,9,5,4,1,15,8,2,3,14,13,7,12,8,116,109,11,5,1,13,7,2,10,4,13,11,223,183,198,76,55,83,192,56,171,55,62,142,148,67,81,161,160,14,5,202,175,197,191,253,5,377,30,30,30,28,22,24,24,16,19,24,28,16,27,25,26,304,256,316,18,18,20,27,286,13,6,10,4,239,62,219,217,89,9,5,0,14,3,14,1,12,14,5,43,129,119,37,5,5,123,120,1,127,115,13,13,106,7,8,101,4,88,35,107,3,8,95,7,14,7,225,253,2,6,242,1,10,7,3,2,15,9,7,9,0,4,14,0,8
11,11,14,13,14,5,1,10,6,9,10,7,0,4,9,9,12,0,9,7,159,144,49,49,136,219,15,3,14,7,107,108,34,124,11,9,9,10,8,1,12,9,10,14,15,1,9,7,15,0,3,9,5,0,88,15,8,1,2,7,1,8,14,13,8,2,224,184,199,77,56,84,193,57,172,56,63,143,149,68,82,162,161,153,188,203,176,198,192,254,366,378,22,24,26,17,16,22,28,17,26,23,24,23,20,23,24,302,257,303,17,16,17,23,287,1,1,14,10,240,63,220,218,92,3,0,14,12,8,3,1,14,1,0,6,10,4,6,6,14,2,107,5,7,0,110,32,119,9,7,121,128,89,13,121,42,128,88,8,5,10,226,254,5,222,243,12,12,6,12,12,9,7,11,6,1,10,3,14,5
10,14,7,12,3,14,10,7,14,1,14,7,14,5,7,13,12,14,12,13,0,145,50,50,137,220,15,12,14,15,121,119,35,104,8,11,1,5,6,9,11,4,12,12,10,2,0,6,2,2,15,1,9,10,89,11,13,5,11,2,0,0,2,10,12,1,225,185,200,78,57,85,194,11,173,57,64,144,150,69,83,163,162,154,189,204,177,199,193,255,367,379,18,30,29,21,31,23,21,27,20,24,17,19,28,23,24,368,280,374,27,18,314,266,313,14,0,15,14,241,64,221,219,93,13,0,0,8,6,2,12,11,15,7,4,3,9,14,11,2,15,131,36,124,112,113,33,13,1,2,1,123,119,15,4,43,107,89,1,8,13,227,255,2,223,244,10,10,3,14,8,10,10,3,5,8,7,6,5,7
2,10,6,4,6,2,7,9,1,15,2,3,14,6,7,7,1,6,11,8,3,13,10,13,138,221,3,1,5,10,8,8,5,105,9,4,15,5,4,15,11,3,5,1,7,2,11,8,8,2,1,5,12,11,94,11,8,1,2,12,14,9,4,4,10,2,226,186,201,4,8,6,2,5,1,7,6,145,151,70,84,164,163,155,190,205,178,200,194,14,300,27,24,22,20,27,27,26,22,19,24,29,24,20,27,25,20,369,281,375,28,30,286,267,3,11,10,1,6,4,15,11,220,94,1,9,10,1,8,12,5,11,6,0,1,9,14,5,12,0,5,15,37,125,109,4,10,15,6,8,12,13,10,11,10,9,123,109,14,14,8,107,15,3,224,245,15,8,9,11,7,12,0,10,13,3,0,12,1,5
1,6,7,6,3,13,1,0,12,6,8,8,1,10,7,1,13,14,11,7,6,4,7,1,13,106,8,7,6,7,8,13,10,129,40,126,5,2,14,12,11,5,6,12,13,14,2,1,1,12,5,5,7,6,95,0,3,8,12,8,6,1,3,4,8,13,227,187,5,11,11,1,3,1,12,12,12,14,152,71,85,165,164,156,191,206,179,201,14,7,301,21,20,24,28,21,26,30,23,21,19,22,20,20,25,27,28,370,282,376,27,24,287,9,4,2,3,1,15,5,15,1,221,95,13,7,12,1,1,6,7,8,0,9,13,12,11,4,8,2,5,3,9,5,14,0,8,0,4,14,3,10,5,0,13,12,14,10,6,13,3,131,122,0,225,246,12,9,0,9,3,7,7,2,14,0,12,12,1,6
14,14,6,11,3,2,10,8,3,112,128,9,12,5,9,1,9,14,4,3,4,6,1,9,110,113,2,4,8,2,12,4,9,2,41,96,0,10,0,8,6,14,7,0,6,3,14,8,7,5,5,5,13,12,106,4,2,7,14,0,4,8,0,1,12,15,104,7,9,5,2,0,12,7,0,13,4,3,4,11,12,166,165,157,192,207,180,12,15,274,374,29,27,18,26,29,24,24,28,30,21,18,22,28,23,26,28,19,30,22,18,310,307,8,2,6,1,12,15,15,15,4,106,88,15,7,2,7,0,2,9,10,14,15,1,8,4,11,2,3,12,6,10,6,7,8,15,4,4,8,3,13,15,7,5,13,1,8,5,5,7,9,107,5,226,247,12,9,1,13,15,14,1,3,7,14,14,1,1,12
1,4,0,3,2,9,3,4,1,106,107,2,1,10,12,0,8,7,2,11,5,1,15,12,228,7,7,2,0,15,11,2,8,10,3,97,7,8,10,5,3,5,274,13,8,3,10,12,1,7,5,6,110,40,113,15,1,11,7,10,6,7,13,1,4,11,105,15,9,8,12,3,4,1,13,10,7,1,4,12,1,2,166,158,193,208,1,268,355,275,375,31,23,23,22,27,16,27,21,25,23,26,16,30,29,17,21,24,27,31,26,302,15,5,14,12,4,6,8,14,12,118,115,89,14,13,6,12,12,10,2,7,14,14,7,7,6,0,10,0,12,4,13,14,14,2,12,8,14,6,1,3,6,2,2,13,12,9,11,6,15,7,127,120,227,248,3,4,12,10,14,7,13,5,14,3,5,15,7,112
40,124,6,8,12,0,116,32,32,109,131,128,7,1,15,2,7,7,14,5,12,2,14,6,229,153,13,5,12,0,9,7,15,14,15,96,12,7,366,328,271,361,275,364,11,4,15,4,7,8,10,4,235,41,5,1,8,0,15,12,15,15,15,15,1,0,107,11,12,7,7,14,11,1,5,8,5,6,10,4,10,6,9,159,194,2,355,269,356,276,376,24,27,22,29,31,28,21,22,21,31,21,21,16,18,30,22,16,24,308,262,311,7,4,2,7,10,6,0,7,7,106,10,94,4,1,13,12,12,6,13,3,7,4,0,4,5,10,15,10,3,3,1,6,10,10,7,12,12,13,12,15,14,10,10,10,14,13,10,7,11,8,0,98,107,6,14,5,7,10,7,0,5,11,12,15,12,5,118,109
41,121,130,14,11,116,115,33,33,7,7,107,4,14,15,13,15,7,13,7,2,10,14,8,230,154,146,7,7,10,11,6,4,11,10,97,8,2,367,329,272,362,276,365,9,274,12,7,7,0,5,12,236,160,79,65,14,14,10,12,12,2,9,13,15,10,127,124,12,3,4,5,3,13,6,2,14,6,14,13,13,0,15,10,15,366,356,270,357,25,30,18,31,28,25,22,20,28,20,23,26,22,28,30,24,26,22,19,25,302,263,5,9,2,12,13,6,13,10,10,112,113,6,95,9,7,13,5,2,9,0,8,6,10,14,15,0,13,2,3,6,3,8,14,12,12,9,10,2,7,2,1,14,10,9,3,8,13,7,2,12,5,4,99,131,38,124,8,13,13,8,15,3,6,11,2,4,118,115,1
0,12,107,0,112,109,4,108,42,36,122,131,126,8,1,8,0,10,4,0,14,5,6,6,231,155,147,139,13,7,13,9,11,5,4,123,40,124,303,330,273,363,17,371,358,275,364,12,8,11,10,15,237,161,80,66,139,5,7,9,65,10,2,13,9,5,13,107,2,11,0,8,9,8,7,4,10,14,14,15,5,3,0,7,0,367,357,18,19,31,24,16,27,30,23,31,18,30,25,18,21,30,28,23,24,24,16,19,314,313,9,11,13,14,13,1,15,0,0,1,94,8,7,88,14,6,1,2,5,3,6,9,12,15,5,7,5,7,7,9,1,8,3,15,6,9,1,7,0,7,8,12,5,12,12,0,7,2,4,7,15,10,13,107,12,39,121,128,12,0,10,9,8,4,118,40,128,106,13,9
7,14,127,32,117,0,9,106,43,37,131,122,129,38,126,5,6,4,10,7,7,10,11,2,232,156,148,140,160,1,12,8,0,8,5,6,41,96,319,324,16,21,27,372,359,276,365,2,14,12,12,2,238,162,81,67,140,132,72,181,66,146,51,1,3,2,13,131,130,4,2,5,10,15,8,6,13,1,14,8,13,7,7,4,0,294,24,20,19,19,16,17,31,25,17,17,26,19,28,22,16,31,20,18,17,30,21,30,288,12,3,6,7,15,5,2,6,4,10,7,95,8,15,89,11,1,0,14,14,10,15,4,15,12,6,14,9,6,7,9,12,12,5,6,7,11,5,14,9,13,7,7,8,0,5,1,11,2,11,5,12,5,9,129,36,38,124,107,15,13,4,6,14,3,235,41,121,115,0,0
4,11,6,33,2,1,4,228,2,1,2,129,120,39,107,14,6,15,5,9,12,0,13,14,233,157,149,141,161,132,5,5,5,11,15,8,6,97,12,323,326,29,26,373,360,21,290,3,15,4,13,7,239,163,82,68,141,133,73,182,67,147,52,132,5,10,10,7,102,11,15,12,5,11,7,9,2,8,2,1,15,3,2,13,5,295,30,23,17,27,22,20,18,17,18,22,27,24,26,24,28,31,31,25,25,16,29,28,289,12,5,4,11,4,9,1,3,0,11,0,106,3,118,119,14,6,11,12,7,7,0,2,7,5,5,13,13,8,14,0,15,2,1,8,2,0,12,13,3,11,1,15,6,2,7,13,8,2,3,11,12,12,6,2,37,39,102,131,126,15,3,3,12,9,236,216,6,3,10,2
12,2,8,6,1,1,12,229,139,5,3,9,129,120,121,40,38,122,2,5,15,3,11,14,234,158,150,142,162,133,153,6,4,15,1,6,1,129,130,12,319,322,16,21,31,23,291,5,4,2,10,3,240,164,83,69,142,134,74,183,68,148,53,133,160,10,1,10,103,6,1,4,7,10,2,6,2,7,2,0,7,2,0,3,9,319,322,23,23,28,24,22,22,27,18,25,19,29,29,24,27,26,26,26,22,304,320,17,302,11,10,0,9,15,11,14,5,13,108,34,115,4,92,11,5,14,15,7,2,8,4,0,11,8,7,15,8,0,11,0,0,4,11,5,4,4,15,11,1,13,2,15,8,10,10,9,13,2,1,15,1,222,139,58,5,4,103,11,100,8,8,8,11,5,237,217,2,8,6,11
5,2,3,12,10,6,0,230,140,160,11,14,0,121,128,41,39,107,13,0,8,6,8,8,5,159,151,143,163,134,154,132,58,14,7,15,2,14,107,6,0,303,20,26,31,29,368,15,2,11,8,5,241,165,84,70,143,135,75,184,69,149,54,134,161,167,8,9,249,1,6,14,12,2,0,6,2,5,5,11,12,7,6,9,15,5,319,258,324,16,22,30,27,25,26,19,23,19,29,28,20,23,18,23,31,286,319,266,315,4,0,2,10,14,1,9,6,12,235,35,13,9,93,13,9,1,14,15,9,10,12,11,2,12,2,11,10,6,3,7,15,0,15,7,15,2,13,0,6,7,1,13,14,8,4,15,13,8,6,3,12,223,140,59,132,72,242,10,101,1,3,12,7,13,238,218,1,5,0,7
1,3,15,0,9,8,15,231,141,161,146,9,13,1,107,2,13,131,42,130,0,11,8,2,10,6,152,144,164,135,155,133,59,216,6,12,15,2,129,120,5,317,316,21,20,25,369,328,11,12,15,14,1,166,85,71,144,136,76,185,70,150,55,135,162,168,160,195,250,12,10,9,8,12,5,8,14,0,3,114,124,13,7,8,6,1,10,259,298,17,19,26,24,23,17,24,28,17,26,17,21,24,25,16,19,287,13,267,14,3,15,7,6,11,14,13,0,14,236,139,3,11,92,12,12,6,1,11,11,10,9,5,2,15,13,8,1,11,5,7,11,2,3,5,11,14,3,5,7,1,7,11,14,11,0,2,7,10,9,13,9,224,141,60,133,73,243,5,107,11,8,6,9,7,239,219,15,15,8,12
9,4,7,11,8,11,12,232,142,162,147,153,44,51,242,6,7,4,43,107,11,4,4,7,2,10,6,145,165,136,156,134,60,217,4,14,4,2,3,104,9,13,300,16,28,19,370,329,364,14,4,1,15,1,11,12,145,137,77,186,71,151,56,136,163,169,161,196,251,13,7,5,8,15,14,112,36,36,32,115,123,124,5,1,5,7,6,9,299,27,29,25,21,20,30,18,19,25,20,29,25,20,27,20,304,311,7,4,5,3,7,2,14,9,14,8,12,4,237,140,216,9,93,13,14,1,2,4,12,9,15,15,3,10,10,6,7,15,12,0,1,2,3,8,5,8,4,13,12,7,2,5,9,7,0,2,8,14,5,15,14,225,142,61,134,74,244,10,131,128,10,6,3,0,240,220,10,12,3,0
12,15,9,3,9,0,9,233,143,163,148,154,45,52,243,5,1,10,8,125,34,124,9,0,7,11,9,1,166,137,157,135,61,218,3,15,13,6,0,105,7,0,301,20,30,26,26,330,365,10,12,2,15,12,0,0,5,138,78,187,6,152,57,137,164,170,162,197,252,4,11,12,4,112,36,117,37,37,33,7,9,107,8,8,12,15,14,7,296,21,22,31,28,31,24,23,310,262,322,30,22,26,29,27,302,0,2,3,8,14,1,14,7,0,15,13,7,15,238,141,217,9,94,3,11,2,14,15,8,4,14,12,3,12,10,8,13,14,3,10,10,11,5,0,12,11,4,6,14,13,15,12,6,12,2,15,10,7,14,15,9,226,143,62,135,75,245,15,10,96,0,4,12,8,241,221,5,12,15,3
13,8,13,12,79,58,13,234,144,164,149,155,46,53,244,13,14,0,11,2,35,96,0,4,6,15,9,8,2,138,158,136,62,219,10,12,8,4,12,107,6,10,323,316,28,28,24,31,292,14,13,10,1,6,0,3,2,2,3,5,0,1,12,138,165,171,163,198,253,3,9,15,5,92,37,10,15,1,15,2,8,123,130,9,10,14,13,9,297,31,21,16,27,21,24,16,302,263,303,23,27,25,17,314,307,1,4,14,11,6,6,1,14,10,13,7,13,1,239,142,218,15,95,3,15,14,7,11,6,7,13,4,14,12,2,7,0,4,5,8,7,10,10,11,14,11,8,1,6,9,8,6,3,2,6,4,12,5,13,15,5,227,144,63,136,76,246,14,4,97,9,8,13,4,1,92,15,13,2,5
9,10,8,202,80,59,160,72,145,165,150,156,47,54,245,0,15,12,4,9,14,97,15,4,10,9,11,4,6,6,159,137,63,220,14,4,1,1,2,129,38,130,3,298,23,19,31,22,293,15,8,1,11,11,3,1,6,13,4,7,1,3,1,10,166,172,164,199,254,15,2,14,9,93,12,11,14,1,11,7,13,0,129,124,1,1,14,6,327,258,326,17,23,19,29,28,368,277,374,29,314,260,262,307,7,1,2,8,9,14,14,10,4,6,7,5,13,6,240,143,219,12,92,11,6,1,12,6,6,6,3,1,1,13,5,3,15,11,6,12,3,2,1,2,10,15,5,6,7,1,15,2,3,10,5,3,10,11,8,6,2,98,145,64,137,77,247,11,14,242,15,10,11,7,1,93,3,65,58,65
51,44,174,203,81,60,161,73,146,166,151,157,48,55,246,6,2,7,2,14,8,107,11,3,8,8,15,4,5,15,8,138,64,221,8,10,15,7,5,5,39,107,12,299,16,29,24,29,288,3,0,10,15,8,0,14,2,10,7,4,5,1,0,14,8,173,165,200,255,1,6,9,12,106,9,4,8,6,12,13,5,7,15,100,15,11,13,3,1,259,303,18,18,17,19,31,369,278,375,30,292,261,263,1,3,14,8,11,2,9,12,14,15,0,8,7,3,5,241,144,220,3,93,8,8,9,12,11,10,2,13,8,4,4,14,13,9,14,15,9,7,14,6,2,14,8,2,13,10,0,4,7,5,1,2,9,3,6,10,6,11,99,8,5,138,78,248,5,174,243,6,10,6,0,4,94,222,66,59,66
52,45,175,204,82,61,162,74,147,146,152,158,49,56,247,2,0,11,8,72,51,249,15,12,4,2,2,6,3,15,12,0,0,94,3,7,6,9,13,7,12,249,10,296,17,26,29,20,289,9,283,12,0,5,0,0,12,4,4,6,1,10,10,4,1,4,166,201,3,2,6,4,114,119,14,1,14,0,3,10,14,5,9,101,6,15,7,8,4,14,377,27,23,31,20,21,370,279,376,21,293,8,2,12,8,9,13,11,3,8,7,0,15,11,9,3,7,7,4,145,221,114,111,9,8,0,0,4,15,13,14,9,3,5,5,4,8,7,3,5,1,2,6,1,10,9,12,14,0,1,8,4,0,0,5,0,8,14,11,4,2,100,2,2,8,0,5,188,175,244,11,3,2,6,6,95,223,67,60,67
53,46,176,205,83,62,163,75,148,147,153,159,50,57,248,195,132,65,181,73,52,250,14,1,3,11,10,4,5,9,12,2,14,95,13,0,0,4,7,14,174,250,15,297,17,30,20,27,371,352,284,331,6,4,6,13,10,6,0,9,5,1,8,1,2,8,2,9,7,3,13,3,90,7,3,9,8,15,15,13,3,8,11,104,10,1,14,3,12,358,378,23,21,28,24,20,28,30,25,25,302,10,8,2,6,6,7,1,5,9,12,1,3,3,4,7,14,15,6,2,106,92,9,15,8,8,15,4,7,12,3,6,9,3,11,4,1,8,13,0,0,13,8,13,4,7,10,2,6,5,7,8,0,13,5,3,12,12,11,12,6,101,12,10,3,6,222,189,176,245,9,13,5,2,5,106,224,68,61,68
54,47,177,206,84,63,164,76,149,148,154,146,58,65,209,196,133,66,182,74,53,251,14,6,13,6,14,12,1,7,13,4,112,117,12,9,15,51,72,202,175,251,7,374,30,17,20,30,372,353,285,332,328,277,280,0,8,13,15,11,5,2,15,4,4,12,13,1,6,6,15,4,91,13,8,9,13,11,6,8,6,14,1,105,3,9,0,0,366,359,379,29,30,21,29,21,23,25,31,310,307,8,15,9,13,7,5,4,3,2,15,4,15,12,9,3,8,1,13,110,111,93,12,9,0,13,9,9,3,10,13,2,13,0,0,3,8,3,6,2,10,4,9,14,8,13,7,9,4,6,11,2,1,10,3,11,9,4,0,7,15,123,128,4,3,2,223,190,177,246,6,1,1,4,114,119,225,69,62,69
55,48,178,207,85,64,165,77,150,149,155,147,59,66,210,197,134,67,183,75,54,252,14,14,6,10,7,11,11,13,4,6,106,10,13,2,202,52,73,203,176,252,366,375,22,24,22,21,373,354,30,333,329,278,281,364,11,11,12,14,2,15,12,15,6,13,6,7,12,5,0,10,94,3,10,0,6,15,13,12,6,15,14,98,7,0,10,14,367,360,19,306,266,316,23,31,27,18,23,302,14,11,7,3,3,2,15,14,9,1,6,5,14,8,2,5,7,0,14,88,0,92,10,4,5,9,3,0,8,5,10,6,10,9,13,8,4,10,14,9,3,9,3,3,3,10,7,11,10,9,2,5,13,0,10,12,8,12,7,14,7,7,249,7,11,12,224,191,178,247,0,1,4,3,235,15,226,70,63,70
56,49,179,208,1,11,166,78,151,150,156,148,60,67,211,198,135,68,184,76,55,253,14,4,13,5,8,112,32,40,42,32,111,9,5,174,203,53,74,204,177,253,367,376,18,26,22,19,29,26,18,27,330,279,282,365,5,13,6,7,9,12,2,10,14,5,11,4,12,11,9,4,95,7,11,9,12,5,11,4,0,9,15,99,12,10,12,4,303,23,312,309,267,300,26,29,19,19,304,309,6,11,6,8,1,6,7,4,6,6,0,10,10,11,2,4,1,14,3,89,14,93,7,2,14,7,13,11,14,7,3,1,8,0,9,8,8,8,7,12,7,1,2,14,13,5,10,13,5,8,10,3,11,1,6,7,7,3,13,0,4,222,250,3,1,11,225,192,179,248,15,7,12,12,236,139,227,71,64,71
57,50,180,8,0,4,0,15,152,151,157,149,61,68,212,199,136,69,185,77,56,254,15,13,4,9,116,119,33,41,43,33,11,9,222,175,204,54,75,205,178,254,298,16,17,17,26,29,24,21,31,23,26,26,18,302,3,7,283,271,274,268,11,15,268,280,9,4,15,9,9,2,94,14,4,12,6,3,6,6,11,9,12,242,5,4,15,6,323,262,315,3,4,301,22,24,26,25,290,7,8,12,8,1,9,13,9,6,13,3,13,11,2,3,15,2,12,13,118,109,15,88,2,15,13,8,14,8,8,15,2,13,4,8,1,13,4,13,2,7,10,15,12,10,14,15,7,10,6,13,3,6,1,0,15,2,0,11,5,14,1,223,251,0,1,0,226,193,180,3,2,13,14,1,237,140,250,14,12,10
13,7,8,4,11,1,9,5,14,152,158,150,62,69,213,200,137,70,186,78,57,255,14,12,2,13,90,4,9,13,6,6,12,0,223,176,205,55,76,206,179,255,299,31,31,18,24,26,16,21,22,27,23,19,31,368,271,352,284,272,275,269,343,352,269,281,334,280,6,8,2,11,95,3,3,6,3,2,7,7,11,14,222,243,2,14,5,11,0,263,5,12,0,321,266,320,21,17,291,11,11,4,9,12,9,12,15,5,12,1,4,2,6,4,11,8,3,7,92,14,2,89,0,12,4,5,3,7,1,10,7,10,2,0,15,15,1,15,7,3,12,15,15,11,2,2,6,3,8,11,15,10,3,7,0,11,1,9,9,4,7,224,252,13,9,6,227,194,15,0,14,13,9,10,238,141,251,0,15,12
1,6,7,15,7,10,6,15,7,12,159,151,63,70,214,201,138,71,187,14,5,8,11,7,7,14,91,11,2,13,13,4,5,4,224,177,206,56,77,207,180,11,300,30,29,17,19,20,30,23,18,21,20,18,21,369,272,353,285,273,276,270,344,353,270,282,335,281,340,1,12,2,235,15,2,2,7,15,10,0,6,11,223,244,13,6,0,13,7,9,15,15,12,10,267,298,29,312,309,10,5,15,10,8,14,15,4,12,14,11,9,13,8,6,8,3,9,7,93,4,112,115,1,7,4,9,8,10,6,10,4,15,6,15,4,14,14,13,12,7,3,10,4,11,15,5,2,13,8,11,2,3,5,4,7,1,11,10,10,7,14,225,253,13,12,58,242,10,9,4,2,10,7,10,239,142,252,12,12,13
12,12,12,5,3,6,7,9,12,0,10,152,64,71,215,13,9,13,8,7,13,2,4,9,15,12,228,13,0,8,11,0,0,12,225,178,207,57,78,208,1,14,301,18,17,31,28,22,17,31,25,18,16,30,22,370,273,354,26,21,19,28,345,354,23,27,336,282,341,364,7,13,236,146,15,12,15,4,2,4,15,3,224,245,2,1,6,12,8,6,14,6,3,9,1,299,25,302,8,12,2,12,11,0,6,0,15,1,11,7,7,10,10,12,4,8,0,116,115,7,92,3,14,11,0,12,15,13,5,7,6,7,15,9,7,0,15,15,9,9,14,14,3,4,13,0,10,7,11,6,6,13,15,7,12,0,7,15,11,8,11,226,254,2,174,59,243,9,6,3,2,0,5,12,240,143,253,5,8,4
15,11,7,12,6,1,6,6,1,10,14,8,10,15,6,8,12,9,9,4,2,6,14,8,8,12,229,132,2,15,1,1,14,15,226,179,208,11,6,9,11,283,374,18,19,25,21,26,30,30,21,28,27,22,30,21,30,27,24,30,24,18,27,16,29,26,17,19,342,365,12,5,237,147,153,3,1,6,0,5,4,12,225,246,9,9,4,0,3,13,10,13,9,12,3,317,258,305,10,6,7,1,14,7,12,15,1,13,1,14,8,12,9,3,7,3,2,106,9,14,93,7,2,12,0,12,7,12,8,3,15,5,4,1,10,10,13,7,8,11,2,5,1,13,15,9,0,6,13,5,8,15,7,3,5,10,10,4,12,8,14,227,255,222,175,60,244,11,11,3,0,8,4,3,241,144,254,13,12,12
6,0,3,14,3,9,15,4,4,6,10,10,1,5,13,15,7,5,6,5,3,13,2,8,7,2,230,133,160,13,8,3,9,6,227,180,3,15,9,9,366,284,375,23,30,21,27,28,22,27,25,24,23,23,23,26,23,28,31,17,22,22,31,308,262,258,326,31,28,368,9,11,238,148,154,139,13,1,15,2,10,5,226,247,14,7,1,4,9,5,13,11,5,0,4,8,259,7,7,7,7,11,13,10,8,1,9,5,7,10,9,10,12,7,14,0,110,111,15,5,92,4,1,12,3,8,14,11,10,9,5,15,6,2,7,12,3,14,3,4,4,15,10,5,11,12,2,13,7,4,11,1,6,9,8,13,2,5,6,7,8,102,3,223,176,61,245,15,14,15,14,15,15,3,8,145,255,3,4,3
8,11,7,9,5,5,10,3,6,5,5,0,10,13,2,7,12,11,8,5,13,10,2,0,8,15,231,134,161,160,14,11,11,2,98,6,11,3,4,8,367,285,376,23,23,24,28,24,24,31,25,30,27,21,16,29,28,21,25,20,21,24,16,286,263,259,303,29,28,369,364,5,239,149,155,140,146,9,1,0,15,7,227,248,2,3,5,0,13,13,14,15,14,15,0,4,12,2,11,13,9,6,7,8,11,3,6,4,3,0,0,6,6,12,4,1,86,11,5,7,93,11,15,1,8,12,2,2,0,13,6,12,13,3,12,8,11,11,10,0,15,1,11,15,11,4,6,6,11,4,6,13,8,5,8,3,11,14,3,6,7,103,4,224,177,62,246,9,5,4,15,8,14,10,1,1,5,5,13,13
8,1,3,13,14,15,7,5,4,14,3,7,0,10,10,2,4,13,5,2,10,7,5,12,5,9,232,135,162,161,216,15,0,12,99,12,15,7,5,12,303,28,29,19,28,25,24,16,17,23,20,23,20,22,31,31,18,21,28,29,18,23,31,287,4,11,323,320,23,370,365,0,240,150,156,141,147,216,8,6,13,5,107,0,10,10,10,5,13,6,10,1,2,0,3,4,14,11,5,10,14,13,0,6,4,5,5,15,11,2,8,114,32,130,8,4,87,8,14,116,111,14,10,1,2,9,10,4,9,0,12,0,9,14,7,12,13,14,13,15,14,8,0,10,7,10,7,2,8,1,11,13,5,1,14,2,15,4,7,15,4,107,0,225,178,63,247,13,3,10,0,15,11,1,11,1,7,3,4,13
9,2,6,15,4,0,4,4,15,0,3,7,0,1,15,3,1,4,6,0,13,4,8,3,10,1,233,136,163,162,217,0,7,7,107,15,14,4,14,8,325,318,25,22,26,19,29,25,29,26,25,28,19,30,20,23,21,18,22,17,16,29,312,311,0,8,0,303,29,25,371,277,241,151,157,142,148,217,3,4,14,0,121,126,14,0,2,0,10,1,9,8,5,14,1,7,5,7,9,4,0,1,2,6,6,8,4,11,14,114,40,119,33,107,10,0,106,1,118,113,6,15,1,7,9,9,2,12,10,11,4,7,0,2,6,3,9,5,12,13,12,1,14,15,7,11,0,15,15,6,6,10,14,10,7,2,3,2,0,6,3,129,122,226,179,64,248,3,12,3,7,0,4,15,0,9,2,9,8,4
11,5,6,7,3,13,114,36,38,40,32,40,122,14,4,5,4,15,12,13,14,14,5,10,8,11,234,137,164,163,218,15,5,8,125,42,128,9,0,5,9,298,23,22,30,30,16,26,312,256,264,256,322,26,26,30,26,29,31,24,26,27,288,3,7,2,3,317,320,23,372,278,331,152,158,143,149,218,0,6,14,11,10,107,3,9,10,7,7,0,13,11,14,1,4,12,0,1,6,15,11,0,3,1,0,1,3,5,1,106,41,13,9,123,42,34,113,9,90,10,13,5,7,0,6,2,3,11,14,10,8,2,11,9,11,9,10,7,5,13,5,2,13,2,9,0,1,10,4,0,9,2,5,9,5,14,15,4,11,11,11,15,96,227,180,13,14,13,8,3,11,8,0,11,1,14,9,3,3,0
6,9,12,14,12,118,109,37,39,41,33,41,123,122,8,9,6,9,2,4,8,2,4,10,7,13,9,138,165,164,219,11,3,0,2,43,107,5,2,13,15,299,24,16,25,19,18,22,302,257,265,257,303,25,29,17,17,29,22,17,28,25,289,4,10,2,6,5,296,26,373,279,332,364,159,144,150,219,10,13,13,5,15,125,130,10,13,8,2,8,4,3,14,4,15,7,3,4,5,14,15,9,11,13,8,1,12,5,112,119,9,12,13,8,43,35,14,6,91,12,9,13,0,7,0,8,9,11,10,9,3,2,4,3,5,6,11,12,13,7,15,12,11,6,14,5,5,2,7,9,1,7,7,12,7,15,8,0,3,6,5,2,97,107,11,108,38,122,4,1,5,11,6,2,7,14,0,6,6,1
14,11,11,12,9,106,13,112,40,126,112,38,126,123,40,130,11,14,5,5,15,2,0,14,15,15,0,15,166,165,220,11,8,5,14,6,127,126,108,42,126,296,23,31,29,26,308,266,311,110,126,12,321,260,264,262,324,25,16,19,20,21,288,15,8,13,15,10,297,17,20,24,333,365,4,145,151,220,11,14,11,5,7,13,107,7,5,3,6,10,1,7,6,5,4,3,15,0,0,11,7,13,15,5,4,9,8,110,117,13,6,13,12,4,6,10,1,116,115,6,3,1,13,9,8,7,8,10,7,1,13,5,4,1,4,9,7,14,7,8,0,10,3,2,6,6,12,10,0,14,15,5,13,12,7,15,15,12,8,11,6,6,96,121,40,115,39,107,11,5,6,13,14,15,4,12,11,9,11,0
12,2,110,38,40,109,118,115,41,125,117,39,96,0,41,129,124,8,2,3,6,8,13,0,9,7,2,12,12,166,221,13,12,10,11,9,3,123,113,43,96,297,23,26,312,264,307,267,116,113,107,11,3,261,265,263,319,324,27,19,16,21,289,11,2,13,13,4,298,24,31,18,22,302,8,8,152,221,7,7,13,5,13,13,127,128,11,4,1,0,3,9,12,15,14,13,11,4,1,2,8,9,14,1,2,7,6,106,10,13,9,4,3,6,0,6,110,119,9,13,5,11,10,12,6,11,14,9,1,8,10,10,0,11,3,11,3,14,3,9,12,15,1,12,7,2,3,12,4,8,7,2,3,3,12,14,11,9,8,8,13,11,97,7,41,14,12,131,126,11,1,4,114,36,122,6,10,7,15,14
7,116,117,39,41,4,92,12,15,114,32,130,97,110,36,126,107,10,6,6,8,10,6,5,1,6,8,9,3,4,106,2,8,11,13,9,9,15,10,5,97,317,324,310,313,265,13,3,86,12,123,38,120,9,4,15,12,319,260,322,25,16,368,274,280,9,13,8,299,30,22,17,312,309,1,11,8,228,79,0,9,11,15,4,11,96,14,6,2,5,7,14,1,3,12,9,7,11,10,11,12,2,12,10,8,6,112,115,14,5,6,0,15,12,110,34,113,5,4,10,2,14,8,15,8,4,11,6,6,14,13,6,10,0,10,11,6,6,4,8,15,8,5,8,5,7,3,10,3,2,14,12,10,13,5,5,7,14,7,10,15,7,123,32,124,1,0,8,123,120,108,36,117,37,107,1,12,4,108,32
32,113,110,42,126,5,93,9,110,113,33,107,127,119,37,107,121,32,34,128,7,11,12,5,0,9,4,13,116,32,119,10,11,10,1,2,6,2,4,8,131,126,300,290,15,12,13,3,87,5,13,39,107,6,13,12,1,1,261,325,320,29,369,275,281,340,12,1,303,18,24,24,302,10,1,2,4,229,80,216,10,4,11,11,0,97,12,5,5,9,1,2,2,9,2,7,7,10,11,12,15,0,12,13,1,110,109,11,7,9,12,14,108,36,111,35,3,2,5,11,9,0,12,15,4,11,11,10,7,12,7,15,10,15,13,14,7,12,3,5,14,2,4,4,11,15,15,1,2,7,6,11,13,0,4,2,5,8,12,0,2,11,15,33,129,32,130,14,11,127,111,37,5,13,127,42,32,36,115,33
33,114,111,43,123,128,106,0,92,7,9,127,42,36,122,131,128,33,35,129,124,5,14,0,8,3,11,2,88,33,9,4,12,8,3,5,6,1,2,6,3,100,301,291,7,4,116,42,109,4,7,0,123,40,130,6,6,6,14,3,294,28,370,276,282,341,340,268,377,28,23,19,368,7,9,3,6,230,81,217,9,10,3,3,3,98,0,4,3,3,8,12,12,7,3,4,4,9,15,14,10,14,4,8,108,109,5,9,10,15,118,40,113,37,1,6,14,14,10,5,7,2,7,2,4,15,8,10,13,10,4,8,10,5,1,13,7,12,12,15,1,5,13,9,10,5,12,2,12,1,11,10,10,2,3,9,10,1,2,0,10,14,14,3,11,33,121,40,128,7,116,34,130,0,2,43,33,37,110,40
38,109,112,34,128,125,113,5,93,12,7,1,43,37,107,13,121,38,128,4,121,120,2,1,9,5,14,0,89,10,6,13,10,8,15,15,10,2,14,2,5,101,327,311,12,118,119,43,9,0,15,3,8,41,121,128,15,2,10,11,295,19,25,19,23,342,341,269,378,27,28,23,369,340,8,5,13,231,82,218,3,1,3,5,5,99,8,8,4,8,0,15,3,2,14,15,15,1,8,15,15,2,5,114,115,4,5,11,1,10,90,41,12,11,10,7,11,5,2,11,12,9,15,0,2,13,0,14,14,15,8,0,4,12,3,9,2,1,14,8,11,9,12,10,4,8,5,8,8,8,15,14,15,14,15,15,11,10,9,9,14,13,4,11,7,9,15,41,123,32,117,35,107,2,6,108,32,38,117,41
39,7,106,35,107,6,2,110,117,2,15,4,6,51,249,8,7,39,98,3,13,127,40,128,11,14,10,9,235,12,0,13,4,8,6,12,0,9,8,15,0,107,12,114,34,119,7,1,14,9,0,8,5,6,6,125,130,9,4,12,300,22,19,31,17,17,342,270,379,16,24,17,370,341,337,1,15,232,83,219,15,4,7,6,4,127,124,8,7,12,12,1,5,4,6,14,9,5,14,9,5,13,9,94,3,14,1,1,9,5,91,6,11,14,3,4,8,13,15,2,13,11,9,6,14,4,15,8,12,3,14,9,7,12,7,14,3,1,15,12,8,6,14,13,10,3,3,2,15,11,12,5,0,1,11,7,8,10,15,7,34,34,32,38,32,34,42,120,7,33,5,0,123,40,40,109,33,39,6,13
4,116,115,6,127,42,34,109,2,11,14,5,181,52,250,10,3,12,99,4,6,11,41,107,15,4,4,14,236,216,9,0,13,12,13,7,11,1,2,1,13,125,36,111,35,5,0,15,3,14,10,1,4,4,12,15,107,10,12,8,301,22,16,27,23,29,26,27,16,31,16,23,20,342,338,328,10,233,84,220,15,15,9,1,9,4,107,0,6,7,4,15,11,13,8,1,15,4,2,2,5,15,8,95,12,7,14,14,112,32,111,2,0,15,4,3,4,9,1,8,5,12,10,3,7,7,4,1,6,6,6,9,11,2,4,8,12,1,12,3,9,10,0,3,2,8,5,9,4,15,13,8,1,4,8,15,0,12,2,6,35,35,33,39,33,35,43,107,8,8,112,42,122,41,41,7,9,9,5,3
3,228,72,14,0,43,35,0,4,65,72,195,182,53,251,10,11,14,121,38,124,3,13,129,120,15,3,6,237,217,7,6,8,14,0,5,8,11,3,3,11,13,37,1,7,1,5,1,3,9,3,3,2,14,11,13,129,120,0,13,300,21,22,23,20,26,23,21,27,22,28,20,24,17,339,329,328,234,85,221,3,6,3,8,8,1,121,124,10,11,4,1,0,13,7,5,10,14,8,4,4,4,114,113,8,7,3,6,86,33,5,10,12,3,13,10,3,7,1,10,10,6,6,12,0,1,6,8,9,3,14,13,10,9,9,11,9,10,11,15,5,6,12,14,14,6,0,6,1,5,7,5,6,11,8,1,14,0,2,2,2,8,11,8,5,4,7,125,38,36,115,43,121,124,1,13,5,14,3,8
12,229,73,146,65,44,65,72,209,66,73,196,183,54,252,10,13,4,4,39,129,130,0,9,249,15,14,9,238,218,5,2,8,13,5,3,7,0,3,8,1,15,2,8,2,1,8,6,3,10,14,15,0,15,0,6,9,129,126,13,301,24,27,21,27,25,21,18,28,31,23,18,30,19,25,330,329,269,364,106,11,9,15,15,11,11,4,102,7,3,5,11,6,2,10,12,7,6,5,3,7,8,106,2,1,8,3,1,87,5,3,5,12,3,14,14,0,2,10,5,8,6,6,4,9,15,8,10,13,2,8,2,2,10,10,7,4,9,4,7,7,6,3,0,2,13,8,2,7,5,12,1,15,11,4,10,12,3,5,12,2,14,6,1,2,3,11,11,39,37,4,14,12,242,2,0,2,8,0,13
0,230,74,147,66,45,66,73,210,67,74,197,184,55,253,3,6,12,65,7,14,107,15,222,250,8,5,4,239,219,5,4,13,6,8,9,3,9,9,12,9,1,12,1,3,4,14,1,12,1,9,5,8,14,6,9,14,15,96,13,377,18,28,16,26,30,28,21,26,19,22,22,25,18,31,22,330,270,365,235,7,12,11,8,4,3,12,103,7,14,1,5,5,13,9,11,2,8,7,8,118,38,113,3,3,9,12,110,113,5,3,7,6,6,8,15,8,8,15,5,0,6,6,14,12,6,11,2,15,12,8,1,15,5,5,3,7,5,0,6,0,11,12,13,7,12,15,6,7,9,13,12,1,0,2,14,12,1,15,4,1,0,6,8,8,1,7,2,15,58,79,58,174,243,14,0,11,9,3,0
11,231,75,148,67,46,67,74,211,68,75,198,185,56,254,12,1,202,66,146,65,242,4,223,251,3,0,8,240,220,13,10,12,6,0,15,8,5,10,6,10,14,1,11,6,13,2,3,6,3,2,14,2,14,15,3,2,9,97,366,378,24,28,30,19,22,16,27,30,18,19,28,20,19,27,27,28,16,292,236,139,12,0,15,15,14,0,102,6,13,1,12,6,10,4,4,9,12,9,118,117,39,8,7,1,3,11,106,3,3,13,0,5,4,14,9,14,0,0,6,6,3,4,11,13,0,14,6,6,7,9,15,13,1,11,12,11,1,0,11,13,2,7,11,5,7,15,2,13,15,6,2,2,14,7,1,11,11,8,7,13,1,9,4,4,12,2,65,181,59,80,59,175,244,3,14,14,14,1,3
9,232,76,149,68,47,68,75,212,69,76,199,186,57,255,10,181,203,67,147,66,243,2,224,252,1,11,13,241,221,14,9,12,10,14,11,14,10,12,9,15,10,12,4,2,8,2,58,13,12,4,6,9,11,11,6,15,15,242,367,379,30,28,16,26,16,18,27,30,23,20,27,30,16,16,23,19,27,293,237,140,153,8,12,14,11,14,103,8,10,10,8,0,0,6,7,14,1,12,106,4,12,12,12,114,38,36,113,0,13,6,8,10,15,10,2,15,15,6,15,13,6,1,9,7,13,4,6,13,8,0,4,13,15,7,7,9,13,12,12,1,1,15,10,0,10,10,0,1,14,1,9,0,15,4,8,11,9,9,6,5,9,12,14,14,13,222,66,182,60,81,60,176,245,11,14,9,9,13,9
4,233,77,150,69,48,69,76,213,70,77,200,187,79,79,202,182,204,68,148,67,244,5,225,253,7,7,11,12,106,12,10,1,3,7,9,6,0,12,9,1,4,2,9,14,72,174,59,167,44,188,167,15,5,6,7,4,209,243,298,28,23,29,26,17,25,17,306,266,316,20,310,264,326,21,19,18,26,290,238,141,154,216,5,10,8,13,125,130,11,8,15,1,6,8,3,13,11,118,111,2,14,13,114,115,39,37,1,0,15,13,11,14,4,8,10,5,9,4,13,12,15,14,0,15,13,4,4,12,0,3,15,15,6,4,15,13,0,8,15,8,15,3,2,1,0,11,13,0,1,5,10,0,3,15,7,3,2,7,2,10,2,6,9,2,5,223,67,183,61,82,61,177,246,12,0,58,72,51,6
5,234,78,151,70,49,70,77,214,71,78,201,209,80,80,203,183,205,69,149,68,245,5,226,254,5,8,0,108,113,11,4,14,0,14,7,9,6,7,4,9,10,12,6,222,73,175,60,168,45,189,168,139,9,13,10,202,210,244,299,19,21,25,22,18,24,29,288,267,319,320,302,265,303,24,30,30,21,291,239,142,155,217,10,6,3,1,8,100,7,10,10,0,7,9,1,0,7,86,7,15,8,8,90,14,2,13,11,0,12,10,15,14,15,3,0,12,15,6,8,13,8,9,11,4,14,15,5,7,7,8,11,0,5,12,8,15,7,7,2,11,14,2,1,4,7,12,10,7,3,7,15,9,15,6,14,15,7,2,8,9,0,5,11,11,5,224,68,184,62,83,62,178,247,9,174,59,73,52,167
8,9,72,152,71,50,71,78,215,51,58,195,210,81,81,204,184,206,70,150,69,246,13,227,255,14,1,3,235,51,9,9,4,13,11,4,15,2,11,1,7,14,13,15,223,74,176,61,169,46,190,169,140,153,65,174,203,211,245,303,16,29,28,20,24,24,29,289,12,5,321,307,9,319,318,17,24,19,302,240,143,156,218,13,3,1,4,10,101,6,15,8,1,8,13,3,8,11,87,1,6,13,2,91,6,11,5,13,10,1,12,9,13,4,0,14,3,3,2,15,6,11,11,6,9,12,10,10,1,10,4,15,11,12,6,9,10,8,2,9,10,11,14,7,0,14,3,3,15,4,1,2,5,3,13,10,0,6,0,1,0,6,5,1,13,5,225,69,185,63,84,63,179,248,202,175,60,74,53,168
139,202,73,153,51,72,72,72,174,52,59,196,211,82,82,205,185,207,71,151,70,247,9,107,11,15,2,4,236,52,216,15,14,13,10,1,1,0,3,9,15,10,15,2,224,75,177,62,170,47,191,170,141,154,66,175,204,212,246,317,318,20,17,28,23,25,26,292,4,11,4,12,13,3,303,30,19,22,371,241,144,157,219,4,1,12,15,15,100,9,15,1,9,8,4,10,14,112,113,15,4,11,10,94,7,13,4,2,2,7,15,9,0,6,9,11,6,8,8,1,5,6,2,9,7,15,8,14,8,13,3,11,15,0,8,12,10,9,15,13,0,10,7,7,5,0,3,15,3,0,0,5,10,10,14,6,9,4,3,1,12,13,8,5,7,14,226,70,186,64,85,64,180,209,203,176,61,75,54,169
140,203,74,154,52,73,73,73,175,53,60,197,212,83,83,206,186,208,10,152,71,248,51,242,14,13,11,5,237,53,217,15,3,7,11,12,13,3,12,14,2,0,7,3,225,76,178,63,171,48,192,171,142,155,67,176,205,213,247,13,300,30,21,16,20,23,27,293,1,9,366,340,271,283,377,23,31,19,372,331,145,158,220,15,14,1,6,10,101,15,14,12,3,8,13,6,14,88,6,15,0,5,12,95,10,5,5,4,9,11,9,3,1,3,12,8,13,6,2,7,0,4,5,3,11,8,6,10,11,11,6,4,3,10,5,7,11,0,9,6,13,11,15,15,3,7,8,0,5,3,7,3,14,3,3,9,4,14,13,2,11,3,2,7,11,15,227,71,187,79,51,65,195,210,204,177,62,76,55,170
141,204,75,155,53,74,74,74,176,54,61,198,213,84,84,207,187,11,9,188,146,174,52,243,14,15,6,15,238,54,218,2,9,13,9,12,9,9,5,10,13,8,13,9,226,77,179,64,172,49,193,172,143,156,68,177,206,214,248,9,301,23,26,24,23,23,18,302,5,9,367,341,272,284,378,16,18,26,373,332,331,159,221,4,13,8,7,8,107,1,7,3,3,11,11,2,11,89,12,2,7,9,12,106,1,1,5,14,6,0,2,9,14,2,7,4,5,3,14,0,11,7,0,3,7,14,3,4,9,2,0,4,3,7,8,8,14,10,12,6,6,15,10,8,8,2,12,11,8,10,1,13,9,7,11,14,12,5,12,3,0,0,8,1,5,2,242,4,222,80,52,66,196,211,205,178,63,77,56,171
142,205,76,156,54,75,75,75,177,55,62,199,214,85,85,208,15,2,181,189,147,175,53,244,11,8,15,15,239,55,219,8,7,8,8,4,8,11,13,8,6,15,6,4,227,78,180,3,173,50,194,173,144,157,69,178,207,215,7,7,303,17,30,20,23,26,310,305,15,8,298,342,273,285,379,312,266,316,30,333,332,364,88,6,7,13,14,12,121,124,5,6,9,0,7,11,6,106,0,7,3,3,116,109,8,3,6,6,11,0,8,11,9,12,3,10,0,8,0,2,1,14,9,3,11,1,3,12,3,14,6,5,2,12,5,10,15,14,2,4,14,1,14,7,14,1,12,7,14,1,0,14,13,2,6,4,4,15,13,6,0,12,15,11,12,222,243,4,223,81,53,67,197,212,206,179,64,78,57,172
143,206,77,157,55,76,76,76,178,56,63,200,215,5,8,9,7,195,182,190,148,176,54,245,6,13,0,3,240,56,220,2,2,13,5,0,4,6,13,8,15,2,15,0,242,15,13,2,3,9,11,4,145,158,70,179,208,4,11,6,319,264,322,22,22,29,288,5,14,0,299,20,19,17,28,302,267,303,28,17,333,365,89,0,8,2,8,9,6,107,7,12,8,15,6,12,108,117,14,114,42,38,111,7,6,3,7,14,7,13,9,1,10,4,8,8,0,15,12,6,11,11,3,1,14,14,14,1,4,14,11,10,5,1,9,1,5,15,0,6,2,4,13,9,5,10,6,14,1,12,5,13,10,13,9,15,0,12,2,0,2,1,4,1,13,223,244,11,224,82,54,68,198,213,207,180,5,12,12,173
144,207,78,158,56,77,77,77,179,57,64,201,6,15,11,65,181,196,183,191,149,177,55,246,15,11,11,10,241,57,221,4,9,1,6,5,4,8,10,15,7,13,9,181,243,7,15,5,15,13,13,13,1,159,71,180,7,8,7,9,8,265,321,320,21,22,289,3,9,274,374,31,16,29,25,368,283,374,23,29,310,309,94,7,3,11,6,9,0,123,130,0,8,0,13,8,86,13,13,94,43,39,8,15,14,0,6,9,2,13,14,9,3,7,9,8,1,6,5,2,11,0,8,9,6,0,14,12,6,10,3,14,14,1,14,15,5,4,8,1,1,5,6,4,11,12,15,7,7,13,0,8,5,8,0,14,7,8,1,9,8,9,7,2,11,224,245,12,225,83,55,69,199,214,208,9,2,2,8,10
145,208,13,159,57,78,78,78,180,44,13,15,58,65,188,66,182,197,184,192,150,178,56,247,11,7,9,1,1,12,106,3,15,9,11,1,5,2,7,4,5,1,222,182,244,1,10,3,0,14,2,0,4,12,13,11,0,4,6,11,12,4,10,321,264,260,311,6,366,275,375,26,16,18,17,369,284,375,27,24,286,9,95,0,7,1,15,1,3,9,96,12,9,3,3,8,87,0,14,95,12,0,9,11,7,12,1,14,7,12,15,0,9,9,3,10,0,7,6,12,1,6,12,1,10,2,6,1,15,7,15,0,13,0,5,10,4,0,1,13,1,14,15,15,9,6,15,13,8,2,3,13,15,12,1,4,11,6,10,12,9,1,13,10,3,225,246,3,226,84,56,70,200,215,13,2,7,10,8,3
1,8,5,15,10,6,10,58,188,45,167,209,59,66,189,67,183,198,185,193,151,179,57,248,9,10,5,12,7,114,119,3,4,1,14,15,7,7,7,6,4,9,223,183,245,2,15,11,9,12,0,0,7,7,8,1,4,6,2,4,12,14,3,0,265,261,3,9,367,276,376,21,16,27,29,370,285,376,28,17,287,4,106,12,12,6,5,5,0,0,97,10,10,11,7,7,86,1,10,106,4,12,7,11,11,13,7,3,10,6,9,4,9,6,15,15,7,5,6,10,3,2,1,6,5,15,10,15,2,9,12,11,12,14,12,4,10,15,0,8,8,8,7,10,10,12,11,1,14,1,12,1,3,1,12,2,10,0,0,13,2,2,8,7,13,226,247,12,227,85,57,71,201,8,12,12,10,14,0,0
15,2,15,11,2,10,174,59,189,46,168,210,60,67,190,68,184,199,186,194,152,180,11,7,7,11,10,114,40,109,8,10,2,9,3,14,9,6,5,13,8,4,224,184,246,10,10,2,1,3,3,15,4,9,2,13,6,14,11,3,1,6,8,14,13,0,0,11,303,29,16,30,21,27,25,16,27,27,16,16,286,116,111,4,2,13,2,13,7,12,107,6,6,8,2,7,87,13,114,111,15,3,10,6,15,1,0,15,8,11,14,15,14,11,9,10,6,6,3,6,7,3,2,11,2,14,15,6,0,5,10,2,10,0,1,11,4,15,15,6,13,8,7,4,10,1,12,10,10,8,7,15,2,1,2,6,0,12,12,6,0,1,15,10,5,227,248,10,107,4,2,7,14,1,10,14,9,0,9,9
5,8,13,13,13,222,175,60,190,47,169,211,61,68,191,69,185,200,187,0,12,7,5,4,7,2,118,115,41,1,15,12,0,7,5,11,15,15,4,0,0,0,225,185,247,6,5,4,6,4,9,1,1,12,5,11,11,4,12,8,14,13,11,2,11,7,13,6,319,264,324,23,28,20,21,18,18,28,30,25,287,90,9,14,11,14,4,6,14,10,123,38,130,0,5,4,106,4,106,6,4,13,5,0,6,10,5,58,51,72,8,1,8,4,8,14,7,10,15,5,13,2,2,13,8,8,10,5,11,10,9,11,6,7,3,1,12,1,7,11,4,5,15,15,5,3,0,5,0,11,2,10,13,1,1,2,8,0,9,13,5,4,11,0,2,102,7,15,129,128,12,6,10,4,3,2,10,2,10,9
15,10,7,12,1,223,176,61,191,48,170,212,62,69,192,70,186,201,1,11,14,6,15,10,8,12,106,2,1,6,3,3,2,4,11,5,10,6,2,1,0,14,226,186,248,7,11,8,8,7,9,4,2,9,14,1,15,0,14,4,14,0,12,4,5,2,12,0,13,265,319,266,320,16,30,23,30,23,27,16,288,91,12,14,8,10,8,13,14,8,8,39,107,112,34,36,113,110,113,3,7,79,12,13,3,7,181,59,52,73,216,13,10,3,14,13,1,4,15,12,13,14,9,12,14,15,15,6,8,8,14,11,2,13,1,0,15,12,9,10,10,3,13,5,8,14,5,14,1,13,2,12,3,9,11,14,3,11,13,2,10,7,0,9,5,103,12,15,9,98,10,10,12,1,7,4,14,6,15,14
13,11,0,7,14,224,177,62,192,49,171,213,63,70,193,71,187,3,4,10,10,6,14,8,2,116,119,10,8,2,3,11,0,7,8,8,1,2,10,8,14,13,227,187,7,8,15,14,3,2,2,6,0,4,12,8,11,11,0,15,10,3,12,4,1,15,5,9,2,10,4,267,327,262,264,262,322,31,24,18,289,94,7,9,15,1,9,0,9,6,5,15,127,115,35,37,118,117,15,0,188,80,153,72,72,188,182,60,53,74,217,14,10,1,6,9,5,8,5,12,10,10,15,13,5,10,10,7,10,2,12,14,5,11,15,4,4,10,0,1,6,10,13,12,6,0,3,12,8,5,9,15,6,2,7,5,10,15,1,1,14,9,1,3,14,98,1,3,14,99,14,268,0,9,1,13,15,4,4,3
4,12,0,12,4,225,178,63,193,50,172,214,64,71,194,0,15,3,8,6,14,7,11,2,116,117,8,9,13,11,5,9,222,160,72,65,14,14,14,4,9,5,125,130,11,15,11,1,11,10,6,6,13,9,14,15,1,11,6,11,13,7,10,10,1,2,10,13,13,9,1,13,5,263,265,263,317,256,264,262,313,95,13,7,7,10,6,3,14,0,4,13,10,15,108,36,115,10,3,188,189,81,154,73,73,189,183,61,54,75,218,9,15,12,11,10,6,7,9,7,15,3,15,9,15,0,14,10,9,4,2,5,8,0,6,11,11,1,13,14,4,7,1,14,1,8,7,5,3,10,12,1,7,7,2,0,6,10,7,5,0,9,12,10,4,99,0,9,11,104,366,269,343,2,8,13,5,15,1,2
12,13,6,3,8,226,179,64,194,13,173,215,11,1,9,3,15,10,14,14,14,11,13,13,106,4,14,10,15,5,9,6,223,161,73,66,139,5,15,7,6,10,5,129,124,2,5,14,14,9,8,9,7,11,12,13,8,0,0,8,5,14,11,12,9,283,277,14,15,6,13,0,3,3,7,5,9,257,265,263,114,115,6,9,14,7,10,13,15,4,0,4,14,4,106,37,15,10,209,189,190,82,155,74,74,190,184,62,55,76,219,14,5,3,9,4,0,15,12,10,12,0,10,14,8,11,5,12,5,2,2,10,8,3,0,12,6,10,8,14,1,7,2,2,2,2,12,13,8,1,10,6,9,6,8,1,3,7,8,9,15,3,13,12,9,102,5,12,12,105,367,270,344,343,10,10,14,3,15,4
11,7,9,1,2,227,180,13,14,12,11,8,7,1,14,10,3,8,15,3,13,4,3,108,113,2,7,10,9,9,9,9,224,162,74,67,140,146,6,10,10,15,2,7,107,13,9,5,5,15,2,1,15,7,10,11,9,9,13,8,13,14,13,274,358,284,278,337,14,1,4,7,9,7,14,4,13,9,14,8,106,15,7,7,15,8,8,1,10,13,5,10,10,6,235,65,51,202,210,190,191,83,156,75,75,191,185,63,56,77,220,11,11,5,6,4,13,11,2,1,6,9,5,2,3,2,4,1,4,2,10,3,5,2,4,1,12,7,0,10,7,15,6,12,7,7,11,7,5,1,7,9,5,3,8,2,13,2,0,12,9,12,11,3,6,103,13,6,3,96,303,27,345,344,364,10,1,2,10,13
9,8,15,10,0,107,3,12,1,11,7,4,14,0,15,14,1,3,8,8,11,108,38,115,106,8,2,15,3,1,14,15,225,163,75,68,141,147,153,79,4,6,10,0,242,1,14,1,11,12,11,10,10,14,9,2,10,11,0,5,10,3,366,275,359,285,279,338,364,6,13,4,10,11,15,12,14,3,3,5,235,11,9,11,10,12,13,2,9,14,9,15,5,4,236,66,52,203,211,191,192,84,157,76,76,192,186,64,57,78,235,6,3,10,0,7,7,10,10,12,3,12,10,3,9,11,4,12,13,8,5,3,4,13,8,9,2,15,13,2,1,3,14,8,1,9,12,1,2,14,4,15,6,6,6,15,9,13,9,3,15,15,11,4,15,98,15,6,0,97,321,324,25,345,365,11,14,8,9,9
4,6,4,4,15,127,128,6,15,6,10,1,15,1,10,13,7,2,4,10,15,86,39,10,119,7,14,2,15,2,11,2,226,164,76,69,142,148,154,80,160,3,10,174,243,9,14,2,2,14,7,6,8,3,15,1,9,3,2,0,3,8,367,276,360,26,29,339,365,5,6,13,0,3,5,14,5,8,2,10,236,160,44,13,8,11,5,14,12,8,1,2,0,15,237,67,53,204,212,192,193,85,158,77,77,193,187,8,10,5,236,139,4,3,1,5,11,8,6,0,14,2,1,5,7,15,7,0,6,13,13,2,7,12,6,2,2,3,14,13,5,11,3,3,10,5,6,7,15,0,2,12,2,7,15,10,4,4,8,7,15,6,1,5,4,99,11,1,2,125,128,323,318,18,302,11,0,10,15,14
2,4,2,0,9,3,102,14,3,1,4,8,9,9,7,14,5,5,5,9,12,87,8,4,12,5,15,5,9,1,6,9,227,165,77,70,143,149,155,81,161,139,181,175,244,0,3,2,2,6,15,10,4,2,8,3,11,10,9,11,2,5,303,28,27,24,24,23,371,4,6,1,0,5,15,2,1,14,9,0,237,161,45,160,4,1,0,2,1,0,2,14,0,5,238,68,54,205,213,193,194,11,159,78,78,194,10,8,13,9,237,140,160,7,4,10,9,0,14,7,0,7,14,9,13,10,15,2,11,15,13,15,4,10,4,13,6,6,12,6,9,8,6,8,15,13,4,1,0,8,7,12,0,4,13,11,4,0,3,6,7,1,13,6,13,129,128,0,6,11,107,1,298,28,371,7,13,13,11,7
7,11,11,12,3,6,103,0,13,10,7,13,8,12,11,3,12,13,11,13,1,106,7,3,2,3,7,10,13,12,6,5,107,166,78,71,144,150,156,82,162,140,182,176,245,15,4,2,4,0,3,9,12,3,13,15,7,9,13,2,6,268,377,29,25,27,26,20,372,337,12,12,1,6,11,15,9,4,9,6,238,162,46,161,160,14,3,8,65,9,12,0,15,0,239,69,55,206,214,194,14,11,10,0,7,3,8,0,10,8,238,141,161,139,4,5,10,0,13,14,14,15,7,11,9,5,11,13,4,3,7,10,15,14,3,11,3,9,0,3,1,51,8,2,5,13,11,8,9,15,11,1,4,9,1,5,2,13,2,10,4,8,13,9,10,5,121,32,40,130,131,128,299,24,372,334,13,12,3,11
2,7,7,8,3,12,107,5,12,3,14,4,15,4,10,15,15,10,11,3,118,109,3,11,11,9,0,11,6,13,7,12,121,122,12,12,145,151,157,83,163,141,183,177,246,3,12,5,15,3,13,0,2,14,5,11,11,8,6,283,349,269,378,17,28,18,28,30,373,338,343,15,6,2,8,5,1,1,11,6,239,163,47,162,161,167,44,174,66,153,12,9,3,9,240,70,56,207,215,11,6,1,3,6,0,3,8,14,6,7,239,142,162,140,160,14,11,0,3,65,13,7,9,12,4,12,12,2,3,5,9,7,1,13,15,2,58,0,13,9,188,52,160,11,7,4,5,14,15,4,15,14,2,14,0,3,7,7,13,2,5,11,6,6,10,15,1,33,41,107,8,102,303,18,373,335,364,0,1,4
3,4,7,0,9,1,121,126,11,11,4,3,7,6,3,10,15,12,3,14,94,7,5,15,6,13,4,10,14,5,2,11,4,96,3,4,1,152,158,84,164,142,184,178,247,13,8,13,1,6,9,1,2,15,10,15,274,268,355,284,350,270,379,28,17,22,21,31,29,339,344,340,13,11,14,13,14,2,14,7,240,164,48,163,162,168,45,175,67,154,146,13,0,9,241,71,57,208,15,3,7,12,3,1,2,14,15,7,15,7,240,143,163,141,161,132,51,51,188,66,146,79,5,4,10,9,0,13,4,6,7,12,7,10,0,188,59,132,72,202,189,53,161,139,12,1,2,6,1,5,10,4,0,6,3,7,15,11,1,15,0,13,12,11,10,51,12,10,14,249,7,103,317,324,19,336,365,12,11,1
14,11,1,3,4,13,11,102,12,8,13,12,6,7,10,12,4,14,10,2,95,11,12,3,2,2,7,0,15,2,15,3,10,97,15,7,7,3,159,85,165,143,185,179,248,10,14,14,1,4,2,5,6,12,13,352,275,269,356,285,351,264,320,25,25,20,28,18,16,29,345,341,340,1,0,12,11,9,2,13,241,165,49,164,163,169,46,176,68,155,147,160,0,8,0,0,12,2,7,10,15,5,15,7,12,13,5,0,14,10,241,144,164,142,162,133,52,52,189,67,147,80,160,8,11,1,5,6,11,5,5,11,0,1,174,189,60,133,73,203,190,54,162,140,139,3,6,5,4,2,6,0,10,2,14,1,3,0,8,11,15,8,10,14,188,52,132,79,209,250,8,123,130,323,324,26,292,10,10,11
12,11,7,3,3,1,12,103,5,3,11,6,12,6,6,15,12,10,5,11,106,5,9,15,8,10,10,1,12,6,9,4,12,107,6,6,14,5,1,7,166,144,186,180,7,15,4,7,3,2,15,12,7,5,366,353,276,270,357,29,302,265,303,31,16,22,26,22,21,20,24,342,341,340,1,14,11,1,8,7,15,166,50,165,164,170,47,177,69,156,148,161,167,15,14,13,4,7,13,6,8,8,1,13,65,72,12,15,5,7,9,145,165,143,163,134,53,53,190,68,148,81,161,146,8,8,8,7,12,5,5,10,10,188,175,190,61,134,74,204,191,55,163,141,140,167,65,6,14,1,8,15,14,9,5,2,5,1,5,15,72,72,51,181,189,53,133,80,210,251,12,1,104,1,294,23,293,9,3,5
0,8,0,7,7,0,8,123,124,2,15,12,7,13,11,0,2,8,10,116,119,7,1,5,1,13,9,2,13,3,4,72,65,249,1,0,8,15,5,12,7,145,187,9,6,14,11,6,7,4,0,2,14,12,367,354,27,20,17,26,368,280,374,18,26,19,16,30,25,28,27,17,342,341,364,0,0,10,0,3,13,3,13,166,165,171,48,178,70,157,149,162,168,167,79,44,188,160,2,6,3,58,72,181,66,73,153,79,10,7,10,11,166,144,164,135,54,54,191,69,149,82,162,147,153,13,15,13,9,6,15,11,202,189,176,191,62,135,75,205,192,56,164,142,141,168,66,132,7,5,8,0,13,0,7,3,7,13,15,5,73,73,52,182,190,54,134,81,211,252,6,7,105,7,295,28,290,12,10,12
1,12,5,11,11,5,2,6,96,12,1,5,5,0,12,12,6,13,7,90,5,12,11,3,7,5,8,2,13,2,222,73,66,250,9,2,7,13,15,12,4,13,2,3,13,4,116,42,122,116,36,122,14,0,300,23,20,24,23,19,369,281,375,16,310,260,324,19,31,18,24,22,19,342,365,15,12,9,9,8,10,12,1,3,166,172,49,179,71,158,150,163,169,168,80,45,189,161,167,51,174,59,73,182,67,74,154,80,139,2,12,13,10,145,165,136,55,55,192,70,150,83,163,148,154,160,14,3,12,9,10,188,203,190,177,192,63,136,76,206,193,57,165,143,142,169,67,133,146,9,9,8,0,10,14,9,6,3,10,2,74,74,53,183,191,55,135,82,212,253,9,6,249,8,296,18,291,4,5,8
12,15,11,12,10,8,13,4,97,14,5,3,9,6,8,4,12,9,6,91,1,12,4,3,14,10,9,2,1,4,223,74,67,251,1,0,11,7,15,5,6,6,2,14,9,12,106,43,107,106,37,131,126,2,301,24,24,30,27,18,370,282,376,314,309,261,327,318,24,20,25,28,17,18,292,0,7,6,0,15,15,6,12,1,10,173,50,180,11,159,151,164,170,169,81,46,190,162,168,52,175,60,74,183,68,75,155,81,140,153,11,15,0,7,166,137,56,56,193,71,151,84,164,149,155,161,132,7,14,10,209,189,204,191,178,193,64,137,77,207,194,4,166,144,143,170,68,134,147,146,12,2,9,14,8,14,10,13,9,5,75,75,54,184,192,56,136,83,213,254,8,209,250,4,297,22,302,13,9,4
12,0,3,9,14,13,15,1,104,11,14,14,0,6,3,13,7,2,9,218,11,11,6,14,0,10,3,1,12,13,224,75,68,252,5,7,12,1,9,13,12,11,11,11,114,36,111,6,127,119,3,1,104,11,294,27,21,31,22,22,30,19,26,302,2,8,15,294,28,20,24,23,19,26,293,12,4,14,1,6,8,5,13,5,8,4,14,14,0,12,152,165,171,170,82,47,191,163,169,53,176,61,75,184,69,76,156,82,141,154,132,58,181,132,5,138,57,57,194,8,152,85,165,150,156,162,133,146,72,181,210,190,205,192,179,194,5,138,78,208,195,160,8,145,144,171,69,135,148,147,216,6,12,13,7,10,13,4,7,7,76,76,55,185,193,57,137,84,214,255,209,210,251,5,323,256,311,0,6,7
9,9,14,10,12,11,5,11,105,5,4,3,4,4,7,14,8,4,4,219,14,14,9,5,12,6,7,13,13,7,225,76,69,253,4,4,4,8,14,9,5,10,15,0,94,37,10,12,7,11,7,7,105,0,295,25,22,24,27,24,19,24,314,311,118,38,120,295,16,25,31,17,23,29,302,118,124,118,42,122,1,9,7,3,14,6,3,5,8,2,2,166,172,171,83,48,192,164,170,54,177,62,76,185,70,77,157,83,142,155,133,59,182,133,167,51,72,7,11,6,2,0,166,151,157,163,134,147,73,182,211,191,206,193,180,14,65,51,72,209,196,161,160,58,145,172,70,136,149,148,217,6,3,15,7,6,7,8,10,0,77,77,56,186,194,9,138,85,215,202,210,211,252,8,3,257,0,13,3,5
7,10,5,7,0,2,5,3,107,8,3,7,1,14,11,8,6,10,110,111,1,12,13,2,6,4,8,4,0,9,226,77,70,254,0,11,10,15,8,5,6,5,14,2,95,7,7,6,14,1,15,5,100,13,325,326,26,23,26,29,312,262,315,116,111,39,102,321,262,326,17,312,256,256,307,106,129,117,43,107,12,8,12,5,11,5,12,11,11,15,7,12,173,172,84,49,193,165,171,55,178,63,77,186,71,78,158,84,143,156,134,60,183,134,168,52,73,153,79,51,72,2,3,152,158,164,135,148,74,183,212,192,207,194,14,202,66,52,73,210,197,162,161,59,167,173,71,137,150,149,218,15,6,12,3,5,7,6,0,9,78,78,57,187,14,44,195,132,202,203,211,212,253,0,10,3,14,13,8,11
10,12,1,11,5,5,0,3,249,3,5,1,8,5,1,7,10,3,94,1,13,1,3,2,12,2,6,6,14,6,227,78,71,255,7,3,14,14,8,9,8,5,2,5,235,4,3,14,1,11,5,5,101,9,7,303,19,310,266,316,302,263,2,90,6,8,103,6,263,321,266,315,257,257,112,115,8,3,9,123,126,5,15,1,2,13,3,2,13,10,4,11,15,173,85,50,194,166,172,56,179,64,78,187,7,10,159,85,144,157,135,61,184,135,169,53,74,154,80,52,73,146,72,44,159,165,136,149,75,184,213,193,208,65,181,203,67,53,74,211,198,163,162,60,168,132,10,138,151,150,219,4,5,3,6,0,13,14,13,15,9,3,12,65,181,45,196,133,203,204,212,213,254,14,15,9,5,10,7,8
6,3,2,13,10,14,4,222,250,6,14,6,6,9,3,0,12,0,95,1,6,8,9,3,9,4,3,12,11,4,129,128,3,1,12,11,4,12,13,12,7,0,7,6,236,139,3,13,4,10,1,1,107,7,5,321,264,311,267,319,309,15,6,91,13,15,107,2,6,11,267,2,3,108,115,3,2,112,34,122,127,38,122,14,9,5,9,2,13,13,10,5,5,10,7,5,8,8,173,57,180,8,11,6,9,2,7,0,145,158,136,62,185,136,170,54,75,155,81,53,74,147,73,45,146,166,137,150,76,185,214,194,209,66,182,204,68,54,75,212,199,164,163,61,169,133,216,2,152,151,220,0,5,3,0,4,0,10,7,3,4,15,222,66,182,46,197,134,204,205,213,214,255,15,15,4,11,0,9,4
14,7,9,12,12,2,5,223,251,15,2,9,108,34,120,5,116,130,106,10,14,6,8,9,5,0,8,8,9,10,5,98,3,13,3,5,11,15,5,5,12,1,9,6,237,140,146,3,15,8,10,3,121,122,4,7,265,1,6,116,40,34,32,115,4,0,131,34,32,42,42,118,40,119,9,11,110,119,35,107,12,39,98,1,11,1,1,13,12,0,6,7,6,6,14,14,5,15,9,4,6,7,3,4,5,8,0,8,1,159,137,63,186,137,171,55,76,156,82,54,75,148,74,46,147,139,138,151,77,186,215,222,210,67,183,205,69,55,76,213,200,165,164,62,170,134,217,12,4,152,221,4,1,1,15,6,12,14,10,11,8,1,223,67,183,47,198,135,205,206,214,215,271,2,3,2,10,3,12,8
3,7,4,13,9,9,6,224,252,6,12,3,106,35,131,32,113,131,111,11,0,15,9,13,4,3,13,12,6,0,8,99,2,14,2,13,2,1,15,4,9,12,12,13,238,141,147,139,7,12,13,0,3,107,12,12,116,40,34,109,41,35,33,7,110,38,122,35,33,43,43,9,41,108,128,2,106,11,12,127,38,128,99,3,12,11,8,5,11,10,2,7,9,13,3,4,12,13,4,9,15,15,1,6,7,3,4,4,7,5,138,64,187,138,172,56,77,157,83,55,76,149,75,47,148,140,132,152,78,187,6,223,211,68,184,206,70,56,77,214,201,166,165,63,171,135,218,15,10,0,92,7,10,7,2,12,1,13,8,15,5,9,224,68,184,48,199,136,206,207,215,366,272,364,13,6,9,14,8,0
2,0,1,4,5,2,0,225,253,4,5,10,235,1,4,33,15,13,10,8,14,5,6,6,5,14,11,13,11,9,0,102,1,9,2,9,8,6,3,1,5,2,2,15,239,142,148,140,132,11,10,11,14,131,34,34,109,41,35,14,2,116,34,124,106,39,107,4,110,36,124,2,8,228,242,0,235,6,9,1,39,104,127,34,128,118,36,120,5,3,2,0,10,3,0,2,13,4,7,7,11,7,12,0,12,12,15,12,6,12,14,12,11,8,173,57,78,158,84,56,77,150,76,48,149,141,133,216,15,5,2,224,212,69,185,207,71,57,78,215,13,6,166,64,172,136,219,8,2,12,93,1,10,5,1,5,2,13,13,4,6,2,225,69,185,49,200,137,207,208,7,367,273,365,14,0,0,10,2,10
7,3,6,15,10,5,4,226,254,5,7,8,236,132,13,2,6,5,5,8,11,10,15,14,10,2,15,1,4,14,13,103,15,8,15,0,0,12,5,3,9,2,9,5,240,143,149,141,133,153,72,7,7,15,35,35,6,108,38,128,10,106,35,125,119,13,121,124,106,37,107,2,7,229,243,11,236,153,1,11,5,105,6,35,107,106,37,131,42,126,6,5,4,6,3,15,9,8,1,8,8,3,10,13,2,8,6,15,5,14,3,3,6,11,12,13,15,159,85,57,78,151,77,49,150,142,134,217,11,4,12,225,213,70,186,208,13,7,12,8,2,0,13,5,173,137,220,15,11,13,106,3,15,10,13,6,11,9,11,5,9,14,226,70,186,50,201,138,208,4,5,303,18,302,3,4,15,10,4,3
9,2,4,0,9,6,10,227,255,11,7,2,237,133,146,202,132,3,8,6,9,10,8,6,0,8,7,2,12,5,3,131,120,3,0,5,6,2,5,5,10,2,4,10,241,144,150,142,134,154,73,216,118,42,130,15,11,106,39,125,40,109,6,13,11,0,9,129,109,5,131,124,4,230,244,0,237,154,216,9,2,125,130,6,123,109,1,1,43,107,116,32,128,11,6,6,4,13,0,3,15,8,2,9,1,13,15,10,8,1,9,8,5,1,9,10,13,10,0,2,7,152,78,50,151,143,135,218,11,0,11,226,214,71,187,4,14,7,9,0,11,9,8,0,15,138,221,13,14,3,228,5,10,3,5,9,10,7,13,2,2,14,227,71,187,5,15,8,4,15,15,317,260,309,15,5,9,2,14,2
6,15,9,4,11,6,10,107,1,14,2,11,238,134,147,203,133,216,7,1,15,9,2,1,9,0,8,10,3,5,0,15,249,4,13,8,13,12,11,4,9,13,12,4,10,145,151,143,135,155,74,217,94,43,107,14,116,109,3,10,41,2,7,3,10,8,15,12,10,14,14,100,0,231,245,3,238,155,217,15,8,13,107,1,4,2,11,8,2,129,113,33,127,32,34,128,14,0,10,10,3,11,12,9,14,13,7,2,9,13,4,10,6,6,14,1,10,5,15,5,9,15,13,11,152,144,136,219,9,9,11,227,215,10,15,8,7,8,4,4,9,8,10,2,11,114,109,10,12,3,229,160,4,6,3,7,15,12,13,11,5,1,107,12,10,4,14,15,9,14,1,12,261,12,5,7,9,2,9,6
4,9,10,8,14,5,2,123,128,7,8,6,239,135,148,204,134,217,14,7,9,2,1,0,3,8,222,167,14,8,58,181,250,5,10,5,0,7,3,12,7,13,7,10,11,15,152,144,136,156,75,218,95,4,127,120,106,0,7,10,1,12,4,4,11,0,3,15,5,11,14,101,9,232,246,9,239,156,218,9,3,0,131,38,38,120,3,2,4,6,10,110,126,33,35,129,34,120,14,7,15,13,11,11,15,6,8,14,10,1,9,10,9,12,0,10,10,13,1,1,10,5,2,0,9,145,137,220,6,15,14,107,11,8,3,11,8,11,15,2,14,6,15,12,4,106,14,3,12,12,230,161,160,72,79,11,2,6,5,3,13,4,121,122,1,15,15,14,12,5,7,3,8,6,1,5,2,15,4,15
14,3,1,13,15,13,44,65,249,4,2,0,240,136,149,205,135,218,14,6,9,8,7,9,7,6,223,168,146,174,59,182,251,7,7,2,12,9,3,5,14,11,7,3,1,0,3,145,137,157,76,219,88,15,0,121,115,6,13,12,11,10,0,8,4,6,1,1,12,9,3,102,8,233,247,5,240,157,219,4,9,14,7,39,39,125,122,10,3,118,38,111,123,40,34,120,35,107,7,9,1,11,10,11,0,4,10,4,4,14,2,13,9,15,13,2,11,7,14,9,6,0,3,2,5,0,138,221,15,4,9,123,120,14,8,4,8,3,5,2,4,13,5,9,2,235,9,12,1,0,231,162,161,73,80,139,9,6,6,11,3,13,11,107,11,2,1,6,8,4,13,8,2,7,11,3,8,6,5,4
4,5,10,10,14,222,45,66,250,6,9,10,241,137,150,206,136,219,2,15,1,14,8,5,1,1,224,169,147,175,60,183,252,1,15,12,5,11,5,8,12,6,6,11,4,2,2,3,138,158,77,220,89,4,0,4,11,14,10,9,7,6,8,4,12,15,12,15,0,10,13,103,8,234,248,2,241,158,220,13,2,15,11,10,9,2,242,2,10,88,39,8,8,41,35,121,126,131,126,10,8,0,3,6,6,9,8,3,13,0,13,5,4,7,12,14,4,12,10,0,0,13,12,14,14,2,110,111,9,13,10,11,98,15,6,8,6,8,4,11,6,0,5,11,5,236,216,2,5,13,232,163,162,74,81,140,146,4,4,12,11,11,4,249,2,2,2,3,7,4,2,12,0,13,12,3,13,3,4,3
0,14,11,8,13,223,46,67,251,8,15,5,6,138,151,207,137,220,14,1,10,13,7,9,14,8,225,170,148,176,61,184,253,4,9,8,7,10,2,7,2,1,2,9,2,3,15,4,10,159,78,221,86,0,0,13,1,0,3,1,11,9,5,2,2,15,6,8,2,5,0,102,9,2,10,0,5,159,221,15,12,1,0,5,5,222,243,8,11,89,14,15,2,10,3,13,127,122,131,128,6,13,6,3,3,15,5,1,15,14,6,1,12,12,5,11,7,10,13,14,10,13,14,13,0,3,106,10,7,8,9,6,99,5,7,7,1,7,3,8,1,9,5,7,0,237,217,14,14,10,233,164,163,75,82,141,147,167,9,8,5,15,195,250,4,1,2,8,2,8,12,10,11,7,9,4,2,3,11,8
14,9,12,3,13,224,47,68,252,3,14,7,6,7,152,208,138,221,14,13,13,3,13,0,2,12,226,171,149,177,62,185,254,8,3,12,9,10,11,12,13,0,4,5,1,2,1,8,12,9,112,115,87,9,5,2,6,10,13,8,2,10,14,9,14,4,13,1,0,4,1,103,3,3,0,116,34,42,109,2,13,10,1,7,8,223,244,13,10,86,9,5,4,8,2,10,12,104,0,100,3,10,8,15,9,1,5,6,8,7,12,13,5,10,2,8,1,6,7,8,10,2,1,11,15,110,119,2,15,6,10,11,100,11,10,4,7,11,9,7,7,8,3,10,9,238,218,8,5,0,234,165,164,76,83,142,148,168,216,11,6,222,196,251,1,15,3,10,11,0,3,5,13,11,1,1,0,2,1,0
0,3,2,2,7,225,48,69,253,8,12,11,13,8,15,15,9,88,7,13,0,1,2,9,0,15,227,172,150,178,63,186,255,8,14,9,7,12,14,0,2,5,10,4,108,130,5,9,118,38,117,6,106,10,13,0,3,2,3,5,0,9,14,1,15,1,15,14,13,14,15,107,6,14,13,106,35,43,9,1,9,12,15,4,6,224,245,5,8,87,14,10,4,13,9,6,0,105,9,101,9,3,10,7,3,6,110,34,130,8,118,40,128,3,5,1,3,3,15,1,8,1,11,2,0,90,5,11,15,1,7,2,101,13,7,12,2,4,11,14,11,6,14,4,13,239,219,6,13,14,7,166,165,77,84,143,149,169,217,7,6,223,197,252,10,8,14,5,14,4,10,15,1,280,4,2,0,6,9,8
8,4,13,8,0,226,49,70,254,13,14,1,14,14,1,0,0,89,1,4,2,14,6,1,10,9,107,173,151,179,64,187,0,7,9,1,10,9,3,4,5,5,13,118,111,131,32,38,113,39,6,108,117,1,12,10,5,3,8,4,15,3,15,8,0,6,13,10,6,0,5,129,42,36,32,119,11,13,11,1,3,5,9,6,1,225,246,14,15,90,14,5,14,14,14,4,15,104,4,127,124,12,12,12,1,7,92,35,123,34,119,41,107,5,8,14,15,2,1,12,8,15,13,8,14,91,5,8,8,72,79,65,242,0,12,14,1,2,3,15,2,3,11,1,7,240,220,12,12,14,11,9,166,78,85,144,150,170,218,14,14,224,198,253,8,4,12,1,15,13,0,2,346,281,364,1,2,14,7,0
0,2,9,7,11,227,50,71,255,9,9,6,3,15,3,4,114,111,14,11,1,8,0,5,13,2,121,120,152,180,14,3,13,9,5,4,8,114,36,34,128,1,118,113,10,6,33,39,12,8,118,119,4,4,0,11,10,0,7,3,15,12,0,5,9,2,6,5,15,8,7,11,43,37,33,4,14,12,4,2,3,12,3,15,15,226,247,13,15,91,6,14,5,9,2,6,2,105,9,13,107,12,11,9,2,0,93,3,13,35,12,0,131,130,1,10,5,11,8,4,10,15,1,112,42,111,3,4,209,73,80,66,243,0,10,5,14,15,14,11,9,0,14,12,1,241,221,11,7,14,13,11,10,8,13,145,151,171,219,3,5,225,199,254,3,271,274,355,337,13,14,361,347,282,365,1,15,8,8,3
8,0,13,14,13,107,1,12,12,10,15,0,1,12,6,118,119,15,11,15,1,10,15,1,13,1,9,98,4,12,6,0,2,14,4,13,9,94,37,35,127,120,106,13,11,10,10,4,13,2,106,8,6,7,14,6,11,10,9,9,5,4,2,0,6,13,9,12,10,9,1,11,7,15,15,9,6,11,12,4,0,13,3,4,12,227,248,14,13,92,10,9,3,2,6,0,2,98,5,15,121,34,128,0,4,7,106,11,3,15,5,3,2,107,12,12,15,12,8,14,14,13,118,119,43,1,2,181,210,74,81,67,244,8,8,4,10,7,14,12,4,10,7,0,10,12,235,2,13,0,11,13,5,8,2,12,152,172,220,9,14,226,200,255,346,272,275,356,338,331,361,362,348,18,302,2,12,14,11,6
7,0,13,11,44,242,6,4,0,8,4,5,6,5,12,94,7,13,1,2,3,10,3,2,5,15,3,99,15,4,15,7,2,0,15,0,12,95,13,9,6,129,109,5,114,34,120,1,110,34,115,4,12,2,0,12,6,8,114,32,120,13,11,14,15,1,5,9,5,4,12,3,15,14,14,14,12,1,2,0,11,2,15,3,10,102,13,3,3,93,9,13,15,15,11,9,6,99,3,10,9,35,100,9,114,38,109,14,3,10,15,1,12,131,126,15,10,15,0,13,12,11,235,44,13,12,195,182,211,75,82,68,245,14,6,12,4,1,12,6,6,15,11,2,13,1,236,146,4,2,2,9,9,11,4,1,11,173,221,3,15,227,201,346,347,273,276,357,339,332,362,363,20,22,371,0,13,10,6,8
0,5,1,222,45,243,7,11,2,11,5,14,15,9,13,95,10,4,12,15,11,0,2,10,10,1,10,102,12,7,8,8,3,5,11,5,110,113,3,15,5,1,14,108,115,35,107,116,109,35,6,1,7,3,1,15,11,2,88,33,102,6,1,13,15,2,11,7,8,6,7,7,11,15,2,10,1,3,15,7,5,5,11,3,4,103,9,7,4,88,6,11,0,0,8,3,5,131,130,1,14,9,101,118,117,39,15,7,13,0,7,2,13,10,102,5,7,1,14,6,4,11,236,45,139,202,196,183,212,76,83,69,246,0,4,13,14,14,12,1,14,7,5,13,14,11,237,147,160,51,13,0,4,2,3,6,5,3,94,3,1,102,366,347,348,29,16,29,18,333,363,17,24,23,372,364,6,9,13,5
5,10,8,223,46,244,7,0,3,3,13,14,118,36,130,106,0,12,11,10,3,14,4,3,4,12,1,103,5,8,7,10,15,3,13,2,88,8,10,108,42,128,0,106,13,6,129,109,12,7,9,7,0,15,4,0,10,12,89,11,103,8,0,0,7,5,13,15,10,14,13,9,15,4,11,12,1,6,5,3,6,14,14,8,1,104,14,8,3,89,6,8,7,15,7,6,10,3,98,3,5,11,127,109,13,8,6,11,14,0,7,11,7,12,103,7,1,1,4,6,2,15,237,46,140,203,197,184,213,77,84,70,247,1,14,12,4,12,10,2,15,5,13,13,11,5,238,148,161,52,132,51,44,5,13,11,8,8,95,6,5,103,367,348,18,19,23,21,26,23,23,22,24,24,373,365,9,5,10,8
14,1,4,224,47,245,7,8,8,6,6,112,113,37,127,117,12,2,8,9,12,10,5,5,4,12,8,121,124,0,11,2,10,8,12,12,89,14,1,106,43,127,42,119,12,10,6,15,12,1,5,8,8,4,11,3,8,13,106,0,131,126,1,10,5,4,2,3,10,5,4,7,0,9,2,14,3,4,8,1,7,15,9,12,3,105,116,36,40,109,4,14,13,15,0,8,13,5,99,5,6,9,2,4,3,13,2,0,13,8,7,12,1,7,102,14,1,7,10,2,5,7,238,47,141,204,198,185,214,78,85,71,248,4,13,9,6,5,12,2,9,12,8,14,10,1,239,149,162,53,133,52,45,132,12,5,11,15,92,4,7,96,300,19,22,31,314,262,266,318,22,18,27,17,26,290,15,12,11,15
0,12,195,107,48,246,3,2,12,0,0,86,6,8,5,9,10,12,8,3,12,13,2,2,1,5,7,0,107,7,11,5,3,9,7,15,94,2,1,235,2,15,43,3,5,8,6,7,7,12,1,15,4,0,1,114,40,34,119,11,14,125,126,10,3,12,2,10,2,108,42,130,1,9,9,4,14,5,15,2,5,14,15,4,14,102,88,37,41,4,15,10,8,5,2,13,1,10,131,34,126,12,2,15,1,7,5,10,14,14,5,13,2,14,103,4,13,6,4,14,0,14,239,48,142,205,199,186,215,13,15,13,14,2,10,12,108,42,38,34,128,13,10,6,2,0,240,150,163,54,134,53,46,133,146,72,12,8,93,14,12,97,301,26,26,21,302,263,267,323,264,318,21,17,26,291,12,4,9,5
1,209,196,226,49,247,8,3,6,12,13,87,12,12,4,4,14,6,0,12,5,10,0,4,0,8,14,11,249,2,8,1,9,8,7,8,95,15,12,236,216,8,11,0,0,3,15,3,9,4,3,2,2,1,0,106,41,35,11,7,6,12,107,7,12,116,32,122,0,106,43,102,13,5,15,12,10,11,4,6,11,5,3,7,14,103,89,13,7,9,10,7,1,5,0,7,15,8,7,35,123,40,128,2,5,0,116,40,128,8,4,5,2,12,125,130,13,2,5,1,0,1,240,49,143,206,200,187,9,15,1,9,7,9,8,8,106,43,39,35,131,38,126,4,10,15,241,151,164,55,135,54,47,134,147,73,216,11,94,1,10,96,298,25,306,260,311,7,4,12,265,323,320,23,21,288,15,15,1,3
188,210,197,227,50,248,9,4,9,11,3,228,10,5,9,2,5,15,5,2,12,4,4,2,5,44,79,195,250,14,13,0,0,9,6,1,94,8,2,237,217,9,2,5,1,8,6,11,0,3,10,12,5,112,40,119,6,11,5,11,2,10,121,34,38,109,33,127,38,109,13,103,4,13,11,15,11,3,10,15,4,14,3,6,15,127,113,12,14,9,1,9,8,11,11,6,13,9,13,13,2,41,125,40,130,114,109,41,129,122,0,3,14,8,12,98,1,6,5,7,0,8,241,50,144,207,201,13,15,7,4,8,14,116,40,32,119,110,38,120,8,39,107,12,9,8,6,152,165,56,136,55,48,135,148,74,217,6,95,1,8,97,299,21,302,261,5,15,6,11,15,7,325,318,19,289,3,4,9,195
189,211,198,8,10,3,14,8,9,13,8,229,153,0,10,1,14,9,10,9,7,7,15,3,202,45,80,196,251,4,8,13,6,0,0,14,95,13,8,238,218,0,14,9,4,4,1,0,110,32,36,130,6,106,41,4,12,13,14,1,15,6,3,35,39,10,12,5,39,6,10,102,1,11,4,8,0,3,8,11,1,8,7,1,4,10,2,4,6,2,1,5,1,14,10,5,3,11,15,13,1,2,15,41,121,113,1,8,6,104,15,11,14,11,15,99,0,0,0,7,10,8,12,0,145,208,6,0,7,7,13,15,13,86,41,33,0,94,39,107,15,1,121,120,13,2,1,11,166,57,137,56,49,136,149,75,218,2,88,15,2,102,321,256,305,118,40,34,36,128,14,112,126,325,256,309,13,9,222,196
190,212,199,9,13,10,9,3,0,13,6,230,154,146,6,13,12,12,5,1,0,15,10,188,203,46,81,197,252,8,6,9,6,14,9,0,228,11,0,239,219,0,14,116,42,32,126,5,106,33,37,129,40,111,8,11,5,15,11,4,13,5,0,8,6,3,5,2,3,13,1,103,10,14,5,112,40,34,36,126,3,4,9,12,13,3,11,6,12,7,12,8,14,9,14,9,1,2,0,3,11,15,1,12,9,9,15,6,2,105,10,13,6,10,15,96,1,14,0,7,15,1,7,8,15,12,4,2,12,13,11,5,2,87,1,14,15,95,10,125,122,8,6,100,8,3,10,7,11,8,138,57,50,137,150,76,219,3,89,15,11,103,0,257,118,115,41,35,37,131,40,113,121,122,257,2,10,10,223,197
191,213,200,13,11,0,7,9,1,10,10,231,155,147,139,79,72,4,3,14,14,9,202,189,204,47,82,198,253,14,0,1,14,13,1,13,229,132,2,240,220,0,112,115,43,33,125,42,111,0,12,9,41,3,8,0,10,14,9,14,0,14,10,9,4,7,6,0,13,2,10,123,126,2,108,119,41,35,37,104,13,0,2,9,10,11,6,0,11,1,14,9,6,12,6,13,15,4,4,0,9,8,2,13,11,15,11,2,2,98,14,10,15,9,8,97,13,14,13,13,9,13,6,0,14,15,0,7,1,15,5,6,11,106,7,10,13,235,11,2,127,126,13,101,7,14,5,12,0,6,12,11,8,138,151,77,220,2,88,12,2,100,11,13,90,8,0,12,5,7,41,1,1,107,12,11,277,2,224,198
192,214,201,11,13,0,3,3,11,3,2,232,156,148,140,80,73,132,1,9,14,174,203,190,205,48,83,199,254,2,8,14,13,7,4,15,230,133,146,241,221,0,92,8,10,8,3,43,1,4,10,8,13,1,15,6,5,0,7,11,9,6,0,12,15,10,3,1,1,0,12,0,102,12,106,11,3,10,14,105,0,2,3,0,5,14,2,12,5,7,3,6,4,12,13,11,6,13,8,7,7,4,9,15,14,10,2,2,5,99,10,1,0,15,2,249,10,1,1,7,0,9,4,0,2,12,13,12,10,10,0,12,3,235,5,11,5,236,167,11,0,100,11,96,14,1,5,13,13,0,6,8,2,15,152,78,228,9,89,11,9,101,8,8,91,8,7,9,2,6,10,12,15,121,128,366,278,364,225,199
193,215,7,1,2,15,15,8,0,0,9,233,157,149,141,81,74,133,146,65,195,175,204,191,206,49,84,200,255,5,13,14,0,14,5,11,231,134,147,216,94,0,93,11,15,5,8,7,3,9,11,1,15,14,7,11,0,5,14,6,5,7,0,13,15,9,7,13,8,5,5,3,103,112,113,13,5,3,6,96,2,8,8,13,4,11,13,1,6,0,13,5,7,3,15,11,11,5,13,10,11,13,1,12,2,7,9,10,5,104,4,4,12,12,202,250,10,0,1,14,11,12,12,0,15,3,1,9,14,5,11,6,8,236,160,3,14,237,168,216,0,101,4,97,9,5,9,13,6,15,11,7,10,9,4,1,229,216,86,13,1,123,124,2,88,4,118,36,126,3,118,32,128,8,104,367,279,365,226,200
194,4,0,6,11,11,1,13,7,11,14,234,158,150,142,82,75,134,147,66,196,176,205,192,207,50,85,201,4,13,5,2,13,8,12,13,232,135,148,217,95,116,109,13,12,8,3,2,0,8,13,7,15,12,9,15,8,1,1,12,12,3,10,8,12,10,0,11,1,10,7,15,107,106,8,8,9,9,4,97,7,2,9,13,0,2,12,11,8,2,13,0,14,9,14,15,11,13,11,15,10,15,7,7,11,1,7,5,15,105,8,14,8,222,203,251,7,2,10,7,8,15,8,0,1,15,5,2,5,11,7,8,0,237,161,139,11,238,169,217,14,100,9,107,15,3,10,6,14,13,7,3,13,14,13,2,230,217,87,15,1,13,102,11,89,118,115,37,121,36,109,33,98,11,105,296,22,286,227,201
3,6,15,10,14,10,15,110,32,130,8,8,159,151,143,83,76,135,148,67,197,177,206,193,208,5,3,10,4,10,12,7,0,10,14,13,233,136,149,218,88,92,5,0,3,2,12,9,13,8,7,11,8,8,5,14,0,1,13,1,5,10,9,1,4,10,15,7,1,3,14,3,121,113,4,3,9,10,11,102,1,0,116,40,130,8,8,14,7,8,11,11,118,38,130,1,10,12,11,5,12,12,15,15,9,6,10,11,10,98,3,1,5,223,204,252,3,14,9,10,13,13,5,10,1,6,10,2,15,14,14,5,1,238,162,140,216,239,170,218,10,101,5,123,126,8,9,14,2,0,6,13,15,9,1,2,231,218,88,5,0,11,103,11,92,86,1,0,3,37,4,6,99,9,96,297,21,287,98,4
9,10,11,8,11,8,0,90,33,104,14,0,3,152,144,84,77,136,149,68,198,178,207,194,4,2,15,3,15,7,8,9,5,8,13,10,234,137,150,219,89,93,6,7,11,6,2,15,8,5,2,4,10,15,5,15,6,13,10,7,5,11,0,9,6,3,4,7,1,2,3,13,2,15,10,2,0,7,8,103,0,112,113,41,98,3,14,8,5,9,11,12,106,39,98,4,5,1,11,15,13,3,6,7,13,9,12,4,2,99,13,6,3,224,205,253,9,12,14,7,0,8,8,15,10,8,15,3,0,15,11,15,0,239,163,141,217,240,171,219,6,107,4,12,96,8,10,15,4,12,11,3,14,7,12,9,232,219,89,4,12,7,107,11,93,87,9,15,7,14,4,8,107,11,97,298,30,292,99,10
13,10,2,8,10,4,13,91,7,105,14,15,15,13,145,85,78,137,150,69,199,179,208,8,8,5,13,11,13,5,0,5,5,10,0,10,3,138,151,220,92,90,2,15,12,4,13,11,1,3,13,15,15,15,2,3,2,8,6,3,11,3,5,5,15,15,6,2,12,6,8,15,11,13,12,3,5,5,14,121,38,119,15,6,99,12,1,2,14,10,13,114,117,15,99,11,2,4,4,108,32,130,9,13,1,4,15,3,7,131,40,122,11,225,206,254,14,1,1,6,5,2,1,14,10,7,15,15,7,6,8,3,2,240,164,142,218,241,172,220,14,123,122,6,97,14,0,8,5,14,0,8,9,6,4,11,233,220,86,12,10,5,131,38,117,88,7,12,12,13,6,4,249,3,100,299,26,293,102,13
2,14,14,13,14,1,5,90,0,127,130,1,14,6,11,10,5,138,151,70,200,180,15,2,1,1,9,7,10,13,13,15,5,1,5,2,5,0,152,221,93,91,12,12,6,12,12,1,13,10,14,13,2,0,11,4,0,4,5,9,10,15,2,14,5,4,0,12,5,4,1,1,10,9,3,2,1,14,7,6,39,14,9,6,100,13,14,11,2,2,118,111,15,3,98,0,14,6,2,106,33,96,12,15,12,5,2,5,13,14,41,104,9,226,207,255,9,2,3,2,0,0,15,11,12,8,9,9,14,0,11,5,15,241,165,143,219,1,173,221,5,6,102,6,107,4,13,4,9,15,8,14,13,15,1,11,234,221,87,15,14,15,13,39,2,89,11,9,13,5,5,222,250,11,101,319,256,309,103,9
11,11,2,8,10,4,3,91,11,13,102,2,13,12,0,12,10,1,152,71,201,13,4,14,0,15,0,1,5,14,0,5,11,10,4,3,2,8,12,106,94,88,8,3,14,7,10,0,7,9,5,8,14,6,6,0,8,3,4,13,9,5,14,6,6,7,15,15,13,10,13,10,8,1,6,10,14,7,9,6,11,6,2,1,101,8,8,1,8,14,106,10,0,9,99,12,10,8,118,115,14,97,9,2,9,5,4,2,11,8,10,105,9,227,208,12,4,108,38,38,130,4,0,3,15,5,10,13,1,10,2,8,15,5,166,144,220,8,7,90,9,2,103,4,125,124,13,10,7,8,9,6,0,1,2,0,10,106,94,3,36,126,4,112,36,109,9,8,3,6,9,223,251,13,96,6,257,5,107,7
9,1,9,0,3,5,112,111,5,8,103,2,15,0,11,6,1,5,12,14,6,12,10,10,0,14,4,14,1,5,5,2,3,3,6,9,12,10,114,119,95,89,0,0,11,11,0,3,2,5,0,3,6,7,5,3,14,5,3,13,10,10,7,13,0,14,4,11,15,6,11,12,6,1,15,3,6,15,5,2,6,1,8,14,121,34,128,13,14,112,117,15,12,11,104,4,114,40,109,8,4,98,0,15,1,11,12,13,7,7,1,98,7,98,13,4,5,86,39,39,129,126,5,9,1,1,2,14,3,13,10,1,4,1,3,145,221,8,9,91,11,15,107,14,5,100,2,5,15,7,10,12,4,3,5,15,114,109,95,12,37,123,126,106,37,13,7,8,14,5,12,224,252,15,97,2,13,3,127,128
6,5,14,1,13,11,90,8,3,4,100,12,8,14,6,6,0,15,10,9,8,12,7,8,1,0,2,1,0,7,13,5,9,4,9,5,1,0,86,118,109,106,13,9,3,2,12,3,3,12,8,0,3,6,15,13,6,8,8,0,12,3,1,11,3,11,10,13,10,7,12,7,8,0,10,9,10,3,13,2,7,10,10,1,11,35,107,14,1,106,14,1,2,1,105,112,113,41,3,5,0,99,108,34,128,4,15,13,9,8,10,99,9,99,15,6,2,87,4,9,4,100,6,3,7,8,9,0,12,11,7,13,14,15,6,15,88,7,5,88,14,1,123,38,130,101,12,11,11,2,11,3,15,7,6,9,106,14,86,0,1,5,123,111,15,2,8,7,9,14,6,225,253,1,102,0,5,9,7,107
1,7,11,7,15,14,91,3,7,11,101,10,12,0,4,5,7,2,15,114,38,36,38,40,38,122,7,2,11,110,34,36,38,32,32,40,38,126,87,86,112,115,9,8,2,3,4,0,6,5,13,15,12,4,4,0,8,7,7,12,0,15,2,2,6,4,8,12,1,10,5,13,9,11,5,0,10,2,14,0,7,4,6,10,11,1,127,130,108,119,15,1,15,13,127,111,8,4,1,3,0,107,106,35,100,2,5,15,12,7,5,98,9,107,9,3,2,92,112,38,124,101,4,0,7,15,11,5,1,10,15,0,10,8,11,11,89,14,12,89,12,0,15,39,96,123,42,38,36,120,3,0,2,2,10,116,109,0,87,8,4,6,11,4,1,10,3,12,1,10,9,226,254,13,103,15,13,10,8,127
124,13,4,7,3,108,117,10,14,14,107,8,3,4,0,3,13,0,4,106,39,37,39,41,39,125,42,126,108,119,35,37,39,33,33,41,39,121,111,87,90,3,5,8,15,2,14,8,12,10,5,7,3,5,14,12,14,0,10,7,15,2,1,7,9,8,7,11,3,11,3,0,4,4,15,11,11,4,6,9,12,14,1,1,15,12,7,129,111,5,13,14,11,1,7,3,2,1,11,11,1,131,111,4,101,15,10,8,8,12,11,99,7,121,128,0,3,93,92,39,107,131,32,120,11,114,32,130,1,8,12,13,10,10,2,0,94,1,112,109,10,3,8,1,97,3,43,39,37,125,36,120,7,1,110,109,9,11,90,1,6,13,10,5,1,2,8,15,13,14,2,227,255,8,100,9,13,6,5,9
96,6,14,4,114,115,7,15,12,3,125,126,6,1,15,2,11,112,38,109,108,34,32,36,32,128,43,127,109,118,32,42,40,34,32,36,34,126,114,117,91,9,7,12,9,14,12,15,8,3,3,4,13,12,12,4,0,3,15,12,9,4,7,13,6,4,11,8,5,9,15,6,9,1,13,7,0,6,15,6,10,0,8,13,6,12,4,12,9,5,14,11,2,3,11,12,7,11,7,9,6,8,7,3,102,12,3,15,15,3,12,107,108,124,129,36,34,119,93,3,121,128,33,129,34,119,33,121,36,42,42,122,10,3,7,12,95,5,94,8,14,5,0,15,125,36,42,32,120,14,37,125,122,110,115,8,9,15,91,9,0,2,2,13,2,4,9,4,7,7,4,107,6,4,101,15,7,12,6,9
97,8,110,126,106,7,11,2,7,2,12,129,32,32,32,36,128,106,39,110,117,35,33,37,33,131,42,126,110,111,33,43,41,35,33,37,35,131,113,116,117,0,8,10,7,13,9,1,13,13,11,9,11,6,8,13,0,11,12,10,5,1,15,5,2,12,12,0,1,6,8,8,5,10,13,5,13,10,10,14,9,9,14,14,3,1,5,11,9,4,12,5,5,9,0,2,11,0,13,12,10,3,15,2,103,112,36,122,1,15,11,125,117,121,122,37,35,114,117,14,2,129,42,126,35,14,14,8,37,43,43,125,36,124,9,3,106,1,95,4,2,7,14,4,0,37,43,33,121,42,122,9,131,115,7,3,1,4,106,15,14,4,15,6,13,0,8,15,13,8,7,129,120,5,96,2,116,34,124,7
123,34,113,125,111,5,5,4,4,5,3,9,33,33,33,37,131,119,118,109,116,42,36,42,40,120,43,123,113,118,40,40,38,36,36,40,34,126,110,117,0,10,1,13,9,13,10,14,6,10,0,4,8,13,6,15,2,12,4,13,8,10,13,2,7,8,10,9,6,3,5,6,13,12,7,2,12,5,7,3,11,5,5,12,13,10,3,0,2,4,12,14,1,3,3,8,4,13,2,7,12,2,2,2,125,117,37,121,40,122,4,8,5,13,129,36,38,111,12,2,13,11,43,96,14,116,36,42,34,32,38,128,37,127,36,32,113,4,94,6,8,15,14,5,2,9,12,13,1,43,125,38,120,0,118,40,42,40,111,0,5,13,2,15,10,10,13,2,13,11,9,15,123,126,97,15,106,35,125,128
15,35,4,13,1,9,110,36,128,4,10,112,34,34,36,126,6,14,106,114,111,43,37,43,41,131,120,5,114,109,41,41,39,37,37,41,35,107,106,1,13,8,7,9,7,3,2,0,2,13,14,14,9,9,1,0,15,11,10,6,15,13,1,5,13,13,4,9,14,14,8,15,14,3,3,4,8,15,9,14,13,2,2,5,1,7,9,9,2,6,3,9,1,0,1,44,13,10,15,15,11,12,10,6,10,10,1,5,41,107,5,14,4,13,12,37,39,14,9,0,13,11,5,97,112,119,37,43,35,33,39,125,124,3,37,33,4,12,95,0,13,0,1,6,14,8,9,6,4,12,2,39,107,15,106,41,43,41,10,3,167,13,5,2,4,7,7,6,12,0,4,13,11,100,125,40,115,11,13,127
34,32,38,32,36,34,115,37,121,36,36,109,35,35,37,131,38,38,117,90,0,12,8,8,13,6,127,42,115,8,14,3,3,12,3,12,14,129,113,0,7,4,12,12,7,9,9,4,2,13,9,1,7,3,1,15,14,6,8,9,13,9,15,13,14,11,0,5,2,0,15,1,8,6,9,14,9,11,12,14,3,15,2,8,0,5,10,1,12,2,8,209,139,15,188,45,139,9,10,5,3,6,10,1,15,11,0,5,7,127,38,36,32,32,36,120,4,7,13,11,13,2,10,131,113,3,1,0,1,3,8,12,121,40,34,34,36,38,109,14,8,12,1,2,13,4,8,12,2,5,4,9,123,36,113,12,10,2,15,6,106,6,9,13,2,10,12,1,13,0,2,1,6,101,0,41,13,0,8,15
35,33,39,33,37,35,5,12,8,37,37,13,3,0,5,12,39,39,1,91,4,3,11,14,12,6,11,43,4,11,14,8,0,11,6,14,13,11,6,0,12,7,13,6,15,8,7,12,2,4,6,2,3,3,9,4,8,9,4,2,8,1,5,8,7,1,15,1,6,3,5,15,3,12,6,15,15,10,0,5,9,6,11,5,14,12,7,6,181,153,10,107,106,6,107,46,106,7,2,4,1,1,11,8,2,14,0,15,1,2,39,37,33,33,37,107,10,8,6,4,13,11,12,6,0,5,11,2,5,14,0,8,5,41,35,35,37,39,4,14,13,9,9,0,9,6,0,4,8,9,11,0,7,37,9,15,8,15,5,4,2,2,2,2,2,2,2,2,2,2,2,2,2,2,2,2,2,2,2,2
