206,205,206,215,212,211,207,217,211,209,211,216,214,214,217,214,209,215,212,211,210,217,209,215,214,211,208,215,211,206,217,208,213,215,217,216,214,208,206,218,206,209,212,208,205,207,216,212,218,213,266,14,5,6,2,2,6,14,1,7,13,7,7,12,7,11,274,219,215,204,209,207,216,212,208,216,214,207,209,212,208,213,212,213,217,211,211,211,212,216,214,215,204,206,204,212,205,218,218,204,214,207,216,218,215,209,218,219,205,205,215,212,208,215,219,212,219,205,206,219,218,204,215,207,206,214,206,217,214,213
207,218,212,212,204,213,218,219,207,209,206,216,217,212,216,207,216,211,218,212,219,204,213,214,215,214,205,217,205,216,204,212,216,214,213,218,215,215,213,215,211,211,214,219,213,216,209,214,213,210,267,15,12,5,10,1,4,9,4,14,1,8,6,2,1,1,275,206,206,214,213,208,217,206,206,218,219,213,204,215,206,209,218,217,215,209,204,215,205,217,218,214,204,212,213,211,207,205,205,217,213,209,205,206,216,214,211,218,209,210,214,219,211,215,205,214,219,215,207,207,219,207,214,219,217,217,209,211,213,215
212,216,213,212,215,211,215,210,219,217,213,204,215,210,219,205,205,212,204,214,204,217,207,206,206,219,205,219,217,205,209,210,204,210,209,205,218,216,218,211,212,217,213,204,205,216,214,204,211,206,264,0,13,8,7,5,15,15,0,12,5,11,15,12,7,9,272,212,209,204,211,206,216,212,204,214,212,214,212,205,211,218,212,219,213,205,218,211,211,209,213,209,212,210,208,207,216,218,217,212,219,218,213,218,210,207,219,207,213,207,209,207,216,209,209,212,205,208,218,205,207,208,213,209,217,217,210,213,214,204
210,216,211,205,212,211,208,206,214,211,204,216,219,208,212,213,212,219,204,212,205,217,211,208,217,215,217,217,208,209,216,207,205,219,219,215,216,206,219,217,216,207,204,209,211,205,216,206,213,208,265,5,10,12,9,1,0,11,3,15,14,6,11,15,12,2,273,210,207,207,216,204,215,205,204,217,215,218,206,206,213,208,205,212,204,217,210,218,218,204,211,209,218,207,212,215,218,205,215,217,210,217,204,213,214,204,209,210,211,209,206,204,204,212,208,219,204,207,211,213,204,214,211,206,216,204,212,213,218,219
209,206,209,216,207,205,214,217,216,218,215,204,213,211,208,212,218,210,216,215,212,209,219,209,207,219,204,209,216,204,206,212,216,209,205,213,214,204,206,210,216,218,218,216,212,216,210,212,211,217,262,2,3,2,14,0,6,3,9,3,13,6,2,12,6,5,272,219,206,208,217,216,215,208,219,216,204,205,218,204,218,210,210,204,204,215,219,212,207,205,219,215,209,219,212,216,208,219,218,214,216,216,215,209,213,208,209,205,213,213,205,205,211,214,207,206,206,214,208,209,205,213,212,206,216,219,212,208,205,209
219,218,215,216,208,209,205,208,213,205,205,217,212,213,214,207,204,206,214,211,214,204,219,206,210,210,207,218,208,216,214,211,215,209,218,218,206,209,213,205,212,218,209,211,214,215,205,215,213,210,263,10,8,4,7,14,15,15,1,5,8,12,5,11,12,0,273,211,215,204,209,218,211,208,214,211,207,218,216,212,207,208,213,218,209,207,204,213,215,204,218,216,210,205,211,218,218,216,214,216,206,206,214,206,212,218,206,219,215,207,205,205,205,211,212,210,211,208,216,214,217,210,212,208,211,212,209,216,213,204
219,208,212,211,208,217,210,208,204,216,218,206,204,212,216,206,217,205,206,210,213,214,217,209,216,208,215,214,211,211,209,205,210,210,215,212,204,219,204,219,204,208,208,216,215,211,212,218,210,215,268,10,5,2,13,13,0,2,14,14,7,6,6,8,7,4,276,213,212,210,218,219,209,212,214,206,217,212,207,204,211,212,213,216,207,210,206,205,211,206,208,208,206,213,206,217,216,205,215,213,211,206,207,213,213,216,209,212,204,214,205,211,208,217,213,206,206,212,219,210,208,208,205,208,211,211,210,218,209,207
207,215,210,205,218,210,205,217,209,217,206,204,214,205,214,219,216,204,206,213,215,212,204,217,206,214,282,296,208,204,213,208,205,207,210,209,218,211,204,214,219,216,207,212,207,212,217,208,217,214,269,12,10,13,1,9,0,14,13,15,5,0,13,11,10,6,277,206,215,204,217,212,218,215,210,217,219,206,217,218,218,205,219,209,213,215,204,215,215,208,206,210,209,217,218,206,217,210,218,219,208,208,204,219,216,217,205,210,211,206,215,216,216,206,215,215,205,210,204,206,204,219,211,204,204,205,213,216,216,211
219,216,216,219,205,209,205,212,205,212,204,214,215,217,207,219,208,208,215,214,211,210,206,290,222,222,283,303,230,300,207,216,214,205,213,212,211,206,207,218,211,218,204,207,218,213,213,216,209,214,278,2,3,11,5,10,12,15,0,5,11,11,2,15,9,11,270,215,211,218,219,209,215,213,206,213,214,212,209,219,211,212,216,209,213,210,212,214,213,215,205,219,217,208,210,215,209,208,213,216,210,207,214,213,209,215,215,204,217,210,216,212,208,211,208,209,211,209,213,205,208,205,212,205,213,205,207,207,209,216
210,214,216,216,206,218,204,207,217,207,213,217,212,218,219,214,208,206,215,204,213,204,206,266,223,223,10,15,231,295,292,205,207,206,205,209,211,213,211,207,211,214,204,211,218,213,208,209,206,207,372,237,247,242,257,237,252,237,11,15,12,5,4,7,6,7,271,214,207,211,219,217,205,213,209,215,209,217,212,209,215,213,213,211,208,211,208,206,206,216,216,210,207,206,204,210,217,215,205,208,215,213,212,214,205,210,219,214,204,219,219,219,207,208,214,217,207,205,219,213,205,213,206,219,211,219,211,216,211,210
205,204,207,219,213,204,215,211,206,204,219,209,209,218,205,208,209,206,218,208,216,219,216,267,7,2,9,9,14,9,279,204,204,219,219,213,217,216,213,215,204,213,207,206,213,209,208,218,214,206,373,238,248,243,258,238,253,238,364,8,15,8,10,6,11,3,270,206,218,215,206,217,215,218,219,205,208,208,208,207,211,214,213,210,214,211,212,214,216,207,208,218,207,215,217,216,215,211,214,209,209,211,212,205,205,209,204,204,213,214,211,206,204,212,215,217,211,208,208,216,218,217,219,207,208,215,211,207,217,206
211,208,210,204,214,216,211,206,213,218,208,219,211,210,213,215,212,219,215,207,219,280,222,291,2,1,0,2,12,5,293,298,219,214,211,214,212,207,218,210,212,207,217,208,204,215,207,205,215,206,374,239,249,244,259,239,254,239,365,3,0,7,4,9,2,7,271,214,211,219,208,217,217,218,212,219,215,217,208,204,209,205,211,212,219,208,216,219,217,207,212,216,216,204,212,207,212,217,204,213,205,211,211,219,215,210,218,204,214,219,215,210,206,206,213,209,219,219,210,216,219,212,215,216,208,208,219,205,209,207
219,218,216,204,209,215,205,208,219,208,218,204,207,217,209,207,213,210,217,209,206,266,223,14,6,15,9,11,9,14,9,301,298,204,209,217,211,209,217,208,206,209,209,208,209,205,209,218,209,218,375,240,250,245,260,240,255,240,366,13,11,2,7,5,4,8,272,213,214,204,212,214,204,206,218,210,212,206,214,208,219,213,219,219,214,209,217,214,211,205,216,214,215,207,211,217,215,217,286,226,300,217,212,211,217,216,213,211,212,212,204,219,219,208,206,212,216,213,205,217,211,210,219,218,210,209,214,205,211,213
210,206,215,215,207,218,208,219,212,215,206,208,211,207,210,211,217,207,214,218,217,267,7,1,2,2,12,10,13,0,2,6,299,220,222,228,292,218,207,215,210,212,205,211,214,218,208,218,210,208,376,241,251,246,261,241,256,241,367,15,3,3,13,12,4,13,273,205,207,209,217,217,218,212,218,206,217,213,205,212,215,218,216,209,206,213,204,210,219,215,206,204,211,219,280,226,300,213,262,227,293,220,296,207,205,209,204,205,216,210,211,215,206,210,219,211,214,215,212,215,215,219,204,219,214,215,205,210,212,217
206,208,205,207,218,215,212,216,205,208,207,214,211,205,213,219,212,217,207,288,228,291,11,6,4,13,8,7,7,11,3,14,15,221,223,229,270,206,208,205,212,204,216,215,209,206,212,206,217,217,219,206,215,217,209,204,216,215,268,1,9,1,4,7,9,12,272,208,215,204,216,204,213,217,207,219,211,212,216,206,207,217,208,213,216,204,218,209,217,217,206,218,205,219,266,227,274,205,263,11,5,221,279,205,212,206,209,216,218,206,216,218,215,212,215,207,218,211,207,206,218,216,211,209,215,207,216,209,215,206
213,215,204,216,212,211,215,205,204,214,211,215,214,207,219,213,204,210,209,278,229,13,8,14,7,0,13,10,7,4,14,14,13,10,7,13,271,208,210,209,209,214,213,211,207,206,212,210,212,218,211,209,205,218,217,204,213,217,269,15,10,10,4,1,6,14,273,210,213,206,210,212,214,210,206,209,210,205,204,213,204,205,209,204,218,204,206,213,211,218,211,219,214,216,267,0,275,209,278,1,7,13,297,230,294,211,210,218,212,210,215,208,212,207,211,206,207,204,219,208,217,208,217,218,207,204,213,205,212,214
207,215,207,215,212,213,205,208,206,210,212,211,215,215,219,206,214,209,288,281,11,5,2,1,3,13,15,9,15,0,15,12,10,5,3,7,301,302,209,205,215,213,208,205,205,219,209,216,212,214,209,218,204,205,208,205,209,204,278,7,1,10,0,15,13,10,279,218,211,217,209,215,209,207,217,217,208,211,217,217,204,212,219,217,219,213,218,204,218,215,215,206,211,290,285,12,293,222,291,6,6,4,4,231,303,292,218,219,210,213,212,207,213,210,217,204,205,216,218,215,204,209,214,205,217,215,219,218,218,215
214,217,218,208,205,215,211,210,218,219,211,205,212,206,215,218,216,206,264,8,9,11,7,9,13,8,9,13,9,15,10,14,3,3,9,4,6,279,206,208,210,219,205,215,204,212,219,218,218,208,206,218,218,204,217,211,213,213,372,257,252,237,252,237,247,237,387,210,217,214,210,210,216,219,205,208,204,210,218,216,208,218,217,206,204,219,213,209,206,215,206,290,228,289,5,5,11,223,14,4,8,5,14,0,8,297,292,219,211,213,211,206,207,213,207,211,218,216,209,212,207,214,212,214,212,208,217,208,218,214
206,207,218,210,219,208,211,218,213,211,214,213,219,212,204,213,214,219,265,13,14,4,2,13,8,0,0,9,2,10,14,8,3,8,10,4,6,293,300,211,209,219,209,218,216,215,219,207,209,217,210,212,204,210,215,206,217,219,373,258,253,238,253,238,248,238,388,211,212,214,213,214,218,211,215,204,216,217,206,215,218,216,207,214,209,214,214,219,213,214,208,278,229,1,7,4,7,5,11,5,1,0,13,12,15,4,293,292,207,219,210,216,209,210,212,211,211,214,211,215,204,210,213,209,214,208,206,211,205,212
207,205,217,204,212,206,217,211,217,213,219,208,217,208,210,218,288,224,291,5,3,12,5,14,6,1,9,11,11,8,6,5,13,11,3,2,1,0,279,214,211,209,215,205,213,204,210,214,206,210,213,207,208,215,210,216,204,217,374,259,254,239,254,239,249,239,389,219,205,216,211,204,207,204,205,208,212,215,206,215,205,204,216,217,218,217,214,219,208,211,280,289,14,11,14,14,14,15,12,7,1,6,12,7,4,14,11,274,216,214,204,217,206,207,215,204,208,206,217,204,209,213,204,214,214,212,219,215,210,207
214,204,216,211,217,208,206,219,216,208,214,211,280,226,230,222,285,225,6,0,10,8,11,12,14,5,12,6,9,8,0,10,6,4,5,4,4,3,303,292,219,219,218,206,207,218,214,215,205,210,207,205,218,205,205,206,205,211,375,260,255,240,255,240,250,240,390,213,216,213,216,204,215,204,214,210,213,211,207,211,211,208,205,207,208,207,215,215,211,211,266,13,6,3,14,10,12,4,2,5,5,9,6,6,14,10,12,275,216,214,216,218,205,204,211,213,216,219,215,204,214,218,216,216,206,216,208,214,204,216
212,204,205,208,211,210,212,211,211,213,216,290,283,227,231,223,5,11,15,15,10,3,10,0,10,11,1,4,11,0,15,12,8,9,3,15,12,2,9,293,230,230,228,296,204,213,210,217,216,218,204,208,219,204,207,219,207,209,376,261,256,241,256,241,251,241,391,211,204,208,209,217,209,204,212,212,216,217,218,212,205,206,207,204,205,215,212,212,205,214,267,4,12,9,9,15,13,4,8,3,14,6,2,3,5,11,7,279,204,206,214,205,208,214,207,215,205,210,206,216,217,207,213,208,205,207,206,207,208,215
215,215,219,209,207,205,209,204,217,207,284,285,15,12,6,1,5,7,6,3,2,14,3,10,1,7,15,9,7,12,3,7,2,12,14,3,4,4,5,14,231,231,229,276,209,209,210,209,216,216,215,204,211,211,206,219,205,217,218,204,204,217,217,205,214,211,209,210,209,217,210,208,217,218,211,216,214,211,211,216,206,207,215,206,218,205,211,217,208,212,268,13,1,13,13,1,10,4,3,14,8,8,12,6,7,9,7,303,226,296,209,219,209,214,208,204,204,217,218,208,217,211,219,214,209,211,206,209,207,206
209,215,207,214,216,204,210,208,288,222,283,0,9,9,12,15,4,6,12,10,2,5,6,3,12,5,0,13,15,14,14,3,3,7,14,4,1,9,3,6,10,12,13,277,219,218,219,216,207,211,215,218,215,205,207,218,214,207,211,213,212,205,207,216,218,211,204,208,206,216,211,216,217,214,214,214,209,209,218,209,206,216,214,216,213,208,213,213,209,215,269,11,1,0,15,3,1,6,5,15,15,9,8,4,9,12,12,7,227,303,224,226,294,209,218,204,212,215,208,204,214,211,210,205,218,213,207,218,208,209
211,214,210,208,214,213,210,218,262,223,0,0,0,15,10,2,4,1,0,1,4,11,5,8,11,12,14,8,10,2,0,3,11,1,2,0,4,3,5,2,14,15,2,279,205,207,205,205,205,208,212,208,212,211,206,213,218,211,214,206,211,210,209,204,216,216,211,210,213,212,211,208,206,213,213,219,210,204,210,215,216,218,205,210,213,217,214,206,219,288,285,15,11,1,1,7,2,13,13,9,12,12,4,12,5,12,7,8,4,5,225,227,297,294,213,212,207,216,215,214,212,213,211,208,217,210,205,206,204,217
219,216,214,211,216,211,211,211,263,14,2,2,8,15,15,4,9,7,10,11,5,3,9,6,13,15,10,9,7,11,8,0,13,5,1,3,9,5,8,10,0,8,8,293,230,298,211,219,216,210,207,204,212,209,208,211,207,209,210,207,205,213,214,207,204,219,217,213,204,210,216,211,207,205,218,214,211,204,217,211,219,214,205,219,206,219,218,208,280,285,7,2,10,11,15,12,7,2,0,7,9,14,1,1,11,1,1,8,10,7,7,4,3,276,204,208,210,207,218,204,215,219,213,210,207,218,217,206,209,213
217,214,215,217,218,213,205,284,291,6,5,15,14,14,2,12,13,13,3,2,2,8,9,12,13,11,14,14,2,0,7,10,7,1,7,7,13,10,5,15,3,3,15,8,231,274,212,208,213,215,206,213,210,212,215,211,214,210,205,212,218,213,209,208,217,217,212,215,206,216,207,204,212,214,211,208,217,217,207,213,210,212,219,213,216,208,286,228,291,0,0,1,13,0,6,7,5,7,2,1,5,4,3,13,14,2,13,5,4,6,13,0,15,277,211,215,219,211,205,207,211,217,208,204,214,208,217,211,217,218
206,208,212,209,207,290,224,291,14,9,7,3,9,3,4,9,3,7,4,0,1,2,0,3,5,1,4,2,1,0,5,9,5,5,6,2,0,15,12,11,7,9,0,7,6,275,213,213,210,214,218,204,205,214,207,208,216,208,215,218,211,219,205,218,207,216,213,204,205,215,211,210,214,209,219,210,210,214,205,216,212,214,217,210,214,284,285,229,11,13,11,6,14,14,15,12,9,5,13,0,5,10,14,8,13,0,15,12,12,9,7,7,13,276,205,216,207,218,204,207,219,208,218,216,219,211,208,219,219,210
216,213,214,205,205,278,225,6,9,10,13,1,14,12,14,7,14,7,12,12,1,8,4,8,0,1,5,11,5,6,14,3,10,1,10,0,11,9,1,6,1,14,6,3,2,279,210,209,219,207,209,206,213,209,216,209,215,213,217,217,210,213,209,204,210,208,217,206,215,205,208,211,217,205,207,204,210,209,214,216,214,215,212,209,290,289,7,0,1,13,3,13,11,14,12,2,3,5,11,7,11,11,8,8,13,11,12,9,4,12,9,5,10,277,212,207,215,209,213,211,217,213,218,205,212,204,216,216,210,212
213,210,212,205,284,283,5,14,15,0,12,11,5,2,14,3,12,4,1,2,4,12,2,4,15,4,6,5,3,9,13,10,6,9,10,9,4,2,13,10,3,10,2,1,9,299,230,222,220,298,216,209,204,205,211,206,214,215,217,204,213,217,209,218,216,217,213,209,214,213,212,211,206,215,207,211,216,218,204,209,211,207,214,286,285,0,6,9,11,15,6,11,0,9,4,1,13,12,5,11,11,5,7,13,6,9,10,11,9,11,2,7,12,295,220,224,226,294,215,219,218,206,205,206,213,204,211,207,204,215
219,207,206,219,268,12,9,8,12,9,2,8,6,7,3,5,12,15,15,8,1,7,2,9,3,7,12,11,3,14,8,2,0,13,13,7,6,6,2,7,9,2,7,13,10,0,231,223,221,270,218,219,204,214,209,204,206,218,209,214,215,207,211,214,205,211,205,209,217,210,214,213,211,210,210,218,215,212,207,208,219,216,284,291,4,9,4,11,12,12,5,10,15,2,2,8,5,14,6,5,2,2,9,12,15,3,15,13,14,9,2,14,1,0,221,225,227,279,206,219,211,214,206,219,219,217,212,213,210,217
218,216,219,207,269,13,3,8,15,10,6,13,5,3,13,1,9,6,7,11,5,6,10,6,15,2,9,7,3,5,5,14,1,11,13,9,10,8,14,0,12,15,0,14,0,1,8,1,9,271,217,204,211,215,217,207,213,215,210,211,208,207,212,214,212,212,204,213,210,208,211,219,211,212,207,219,207,210,214,211,219,282,281,0,4,6,13,15,10,7,15,10,2,14,2,1,3,15,4,7,14,4,12,5,11,11,1,11,6,12,9,8,8,6,13,11,7,297,298,219,216,219,218,207,219,214,205,204,212,215
217,213,212,213,278,12,10,14,5,7,13,9,13,11,0,9,3,4,11,3,14,7,2,2,11,4,11,1,8,14,15,15,11,14,0,13,15,12,8,9,9,5,10,15,5,3,5,13,10,274,207,207,208,207,215,206,215,216,211,204,218,215,218,212,207,209,213,219,213,217,208,218,219,206,206,216,209,212,205,219,209,278,4,2,6,0,2,9,11,4,15,10,2,14,2,12,8,8,15,6,8,3,0,9,11,14,10,6,4,8,2,14,11,3,0,10,8,12,274,218,219,219,207,211,206,208,205,217,209,210
218,210,214,288,291,7,1,2,4,2,13,12,1,12,12,8,14,11,13,10,4,2,6,4,14,0,1,8,11,6,0,1,11,12,10,15,3,5,2,0,7,12,1,5,10,13,2,6,2,275,213,216,215,218,206,216,209,219,213,217,213,217,204,217,210,213,206,206,213,219,217,217,210,215,212,213,216,211,214,217,290,285,4,8,7,2,11,6,5,10,3,14,8,4,5,6,9,11,1,11,10,8,14,13,12,6,9,1,5,5,15,1,15,3,12,6,4,7,275,215,217,204,207,217,214,206,219,213,213,216
213,218,213,262,9,11,14,11,4,9,12,11,7,10,11,15,13,1,14,8,7,6,1,10,7,15,0,5,11,3,13,6,15,12,13,14,13,8,0,4,6,4,10,7,6,6,12,7,2,279,217,206,210,214,207,207,205,217,207,207,218,209,209,219,217,209,218,207,217,214,213,204,218,217,211,215,219,210,210,282,283,14,14,2,13,6,14,10,10,1,10,6,11,11,15,8,12,5,14,5,15,4,7,5,6,5,5,15,3,0,11,4,14,0,13,11,6,2,297,230,296,218,206,204,214,206,217,215,207,214
217,206,214,263,7,8,10,1,11,15,12,5,12,3,8,11,0,3,1,4,5,7,15,13,2,6,13,3,0,9,15,9,9,0,8,8,15,4,11,7,0,12,0,11,8,4,5,5,15,387,219,219,209,214,204,213,216,214,218,216,219,218,207,208,206,206,215,218,212,212,211,209,219,204,214,209,211,205,213,264,2,12,8,1,11,0,11,11,3,12,15,13,1,0,15,11,1,15,15,3,12,6,8,0,1,1,5,12,2,15,13,6,2,3,1,5,13,12,1,231,301,228,300,204,206,216,219,204,212,211
208,213,282,291,5,12,15,0,6,6,11,11,2,12,14,9,4,11,12,11,14,3,9,2,7,6,14,7,9,15,11,13,10,6,8,3,9,1,1,14,12,12,1,7,8,12,15,257,354,388,211,211,211,218,210,204,211,218,210,208,206,207,218,219,219,217,214,214,208,212,207,209,214,211,210,218,211,217,206,265,10,9,15,9,9,1,14,14,10,1,12,8,12,8,13,14,12,2,0,4,12,10,2,2,6,15,4,5,3,10,15,4,12,15,5,5,15,2,0,1,6,229,276,207,213,205,214,219,212,204
210,206,264,6,11,5,10,15,5,15,13,1,2,9,2,9,1,14,7,12,9,15,10,7,6,7,6,0,14,1,15,1,9,9,0,6,0,0,3,4,5,4,1,13,4,15,368,258,355,389,218,215,215,210,214,214,215,209,212,211,210,207,206,210,219,205,218,207,206,204,209,216,210,217,211,217,218,209,210,262,14,2,0,4,0,5,12,2,2,11,0,3,1,2,3,6,7,9,5,10,1,8,2,9,5,14,9,7,3,11,13,10,11,15,11,12,15,3,13,14,4,4,277,212,206,207,210,204,215,216
206,215,265,15,9,9,13,6,10,1,2,2,0,8,3,11,12,11,10,8,15,3,11,10,3,9,11,8,6,11,15,12,8,15,7,11,8,7,11,10,9,5,4,15,11,1,369,259,356,390,205,208,204,209,212,212,213,214,204,213,206,215,204,218,215,211,218,205,206,211,214,216,218,205,217,211,216,215,210,263,1,12,4,2,6,1,13,14,12,14,8,9,9,4,1,1,14,13,8,15,0,0,13,13,5,2,11,4,1,15,2,4,2,10,9,7,8,1,3,8,10,5,270,207,214,215,209,214,213,208
207,290,281,9,3,2,3,7,3,2,0,10,15,4,7,11,8,4,5,5,15,1,15,7,7,14,8,8,11,10,6,11,3,2,0,3,3,5,10,9,5,9,5,11,9,12,370,260,357,391,215,204,204,207,210,208,210,218,205,204,213,215,204,212,210,204,217,219,219,211,210,212,204,208,216,211,217,211,206,278,13,0,7,14,0,6,4,10,13,4,10,5,3,13,2,7,12,1,9,8,2,3,7,4,2,12,15,14,15,1,6,6,10,3,8,13,1,6,7,9,6,4,271,214,210,216,209,213,219,205
214,278,2,0,12,5,15,0,13,5,14,4,6,3,13,8,11,9,15,12,4,14,11,6,12,7,5,13,15,8,14,8,7,10,14,5,7,14,1,14,7,1,0,9,2,1,371,261,358,213,212,217,208,207,210,207,207,213,211,211,217,218,210,217,207,213,212,217,208,214,218,209,208,213,213,212,208,204,204,377,2,5,14,3,4,13,12,12,0,10,8,11,10,9,9,2,14,6,8,2,5,6,6,9,9,11,0,2,11,6,2,8,3,12,10,1,6,11,15,9,12,14,270,217,218,208,211,216,213,208
218,377,242,237,252,8,7,12,15,4,12,12,2,12,14,13,0,5,11,7,9,15,8,0,15,11,1,2,3,15,0,15,0,15,0,5,11,8,2,2,9,14,0,9,2,9,276,204,213,210,219,219,215,213,214,212,219,217,204,213,205,204,205,211,209,209,210,214,212,215,213,209,204,207,217,207,207,213,204,378,329,232,257,242,8,1,8,1,9,5,6,3,13,10,4,1,6,5,3,14,14,9,5,11,13,13,9,15,14,13,10,9,6,15,4,5,3,9,9,14,1,2,271,213,207,219,205,212,206,214
210,378,243,238,253,324,252,247,12,2,2,11,5,9,10,14,11,9,13,4,9,14,12,13,15,11,13,4,12,15,3,1,6,8,15,1,12,12,7,3,9,5,6,4,11,13,277,209,219,219,217,204,218,216,214,210,205,214,204,205,214,208,211,208,219,216,218,212,215,205,209,211,208,215,209,209,212,215,207,379,330,233,258,243,364,9,11,9,15,12,9,8,3,11,12,14,6,9,10,8,11,15,12,12,2,11,1,11,12,11,5,1,0,11,3,15,14,11,9,12,2,5,279,205,212,210,208,216,208,215
212,379,244,239,254,325,253,248,304,14,9,0,3,7,2,11,2,2,6,15,2,2,12,12,0,9,14,2,13,11,0,5,10,2,3,3,15,4,8,4,2,2,8,4,6,2,279,212,211,212,212,215,219,214,214,212,219,211,216,209,205,207,204,204,210,219,213,216,214,218,209,216,219,207,212,212,213,214,210,380,331,234,259,244,365,9,12,15,5,5,0,14,4,15,10,8,12,5,15,15,8,1,5,14,3,9,9,4,3,6,13,2,2,7,6,2,5,7,5,11,6,12,295,220,296,211,209,206,216,217
213,380,245,240,255,326,254,249,305,309,15,4,7,9,7,14,2,10,13,4,12,10,12,2,14,0,4,12,14,10,10,14,3,1,1,6,10,1,8,2,8,7,3,4,1,11,293,222,228,230,298,219,214,215,217,204,213,208,204,214,208,206,210,211,212,215,214,213,207,211,210,207,204,212,210,205,217,215,214,381,332,235,260,245,366,7,3,6,6,9,7,12,2,0,5,6,1,10,4,5,4,5,8,10,4,4,8,14,9,3,5,3,11,7,7,11,8,10,9,7,4,11,2,221,279,209,211,212,212,216
219,381,246,241,256,327,255,250,306,310,364,5,1,8,0,0,5,11,7,12,15,4,13,9,0,9,14,1,8,0,11,0,4,0,0,5,5,6,5,10,4,8,2,1,3,15,1,223,229,231,295,298,209,216,209,208,209,207,210,214,218,213,208,211,212,212,208,218,206,218,209,213,207,204,216,209,204,209,209,214,333,236,261,246,367,6,12,13,1,0,15,12,2,11,2,12,12,1,2,0,3,5,12,3,4,1,13,15,5,0,8,11,14,13,8,4,9,11,6,0,1,242,232,232,387,216,209,208,208,207
213,211,219,204,215,328,256,251,307,311,365,8,12,4,3,0,15,11,9,10,8,15,1,5,13,13,5,2,13,6,2,8,5,1,14,6,5,6,9,12,15,8,3,10,15,3,5,11,14,1,13,279,215,217,209,211,216,206,213,216,211,208,211,218,205,211,205,208,216,205,218,211,215,204,211,282,292,217,204,218,210,215,219,211,278,2,6,15,5,6,9,0,9,1,13,0,1,1,12,5,13,15,11,0,6,4,12,7,12,14,8,6,13,4,11,1,9,6,1,13,334,243,233,233,388,208,212,218,210,211
218,209,216,219,208,218,206,212,308,312,366,4,9,12,4,10,5,9,0,6,3,13,15,5,2,0,4,15,6,10,2,12,12,5,1,2,15,9,4,11,1,8,8,11,9,12,15,1,8,13,1,293,294,213,217,206,217,217,218,290,302,210,211,204,206,204,219,206,206,219,219,209,217,284,224,285,272,215,217,215,213,207,282,226,287,11,10,5,14,6,7,9,6,4,10,4,0,1,2,2,12,12,2,0,15,8,0,7,4,4,13,8,1,12,5,7,11,1,10,354,335,244,234,234,389,213,219,218,214,216
215,207,206,209,217,215,204,214,213,313,367,6,9,1,8,6,8,0,15,3,2,0,4,11,11,1,3,0,0,9,3,4,3,9,5,0,7,8,3,9,3,3,8,0,6,6,13,8,4,5,5,4,297,296,206,219,213,280,228,291,297,224,226,298,209,219,219,211,207,217,208,207,216,278,225,6,273,210,218,205,209,216,278,227,5,8,10,4,7,12,14,8,13,1,7,15,13,7,8,5,14,6,8,3,10,1,11,14,15,13,3,15,5,4,6,3,1,5,354,355,336,245,235,235,390,209,215,208,206,207
213,219,204,214,219,210,207,206,215,210,278,3,0,6,3,1,2,14,15,1,8,1,10,11,6,14,13,13,8,5,15,10,8,8,9,5,6,5,4,15,9,6,14,14,9,9,1,14,10,13,4,1,6,279,216,209,217,268,229,14,2,225,227,272,219,206,219,213,208,215,206,213,290,289,10,8,279,207,219,219,219,280,291,0,13,9,9,15,7,5,12,0,11,4,9,14,1,5,15,14,8,8,2,7,15,13,13,1,11,13,12,15,4,8,8,15,7,344,355,356,337,246,236,236,391,207,207,210,212,206
210,205,219,206,207,212,219,214,215,216,213,278,11,14,15,8,3,5,3,13,3,15,14,12,1,15,3,3,12,5,12,4,11,6,4,6,3,6,13,4,7,6,5,7,2,0,6,1,4,0,15,12,7,299,300,214,209,269,15,12,12,10,14,273,219,207,214,218,207,210,219,215,278,15,6,7,301,230,220,222,228,281,3,5,1,7,2,8,3,12,7,14,15,13,1,14,15,1,10,1,4,3,4,9,13,5,5,0,11,6,0,14,2,7,6,0,368,345,356,357,338,212,216,209,217,207,208,206,213,217
209,211,218,207,212,204,205,206,218,215,212,377,4,1,4,9,13,11,14,2,10,10,3,15,2,0,3,5,10,12,5,334,329,15,5,1,5,8,0,3,1,1,6,14,14,5,2,3,6,8,1,10,1,11,295,228,228,289,9,4,11,13,2,299,226,292,210,210,209,284,226,230,289,15,7,11,13,231,221,223,229,10,11,13,4,4,10,10,14,5,8,9,12,0,11,5,10,14,7,2,14,2,1,1,6,13,5,2,0,5,5,9,0,3,3,5,369,346,357,358,216,204,205,215,213,206,206,209,207,209
217,211,215,211,204,219,217,214,205,212,216,378,304,14,5,14,13,5,3,14,7,11,0,14,0,10,11,11,1,14,368,335,330,304,6,4,2,10,6,6,0,15,0,3,8,0,14,14,4,4,1,0,12,12,1,229,229,9,11,8,6,15,9,7,227,293,294,214,206,268,227,231,1,7,13,8,12,14,0,7,12,0,10,3,13,11,14,15,2,5,7,15,9,5,15,11,12,12,10,0,13,12,12,7,2,10,11,12,1,5,13,11,3,7,4,15,370,347,358,211,212,216,206,204,208,212,210,218,211,216
213,215,206,214,210,219,206,214,214,206,210,379,305,324,0,10,7,0,11,4,6,1,6,8,1,7,1,12,1,3,369,336,331,305,304,252,11,1,4,10,2,14,0,13,10,6,10,7,6,4,2,3,5,3,3,9,9,10,14,14,3,10,2,1,14,0,279,208,217,269,11,11,1,7,6,4,12,13,0,5,9,2,11,0,4,3,6,9,10,4,15,4,7,11,4,6,14,11,9,11,5,3,2,13,7,9,3,3,4,1,15,10,10,2,14,0,371,348,214,209,205,216,205,211,212,216,207,217,208,211
210,207,218,217,208,219,218,210,214,217,214,380,306,325,309,242,252,13,0,8,12,5,7,0,6,3,11,1,2,1,370,337,332,306,305,253,309,6,2,0,9,9,8,5,3,7,5,10,12,0,10,14,11,5,3,11,0,8,11,14,2,15,1,11,7,3,301,222,226,281,14,7,1,4,6,15,7,3,8,14,13,13,0,0,8,7,4,3,2,3,10,6,12,9,242,2,10,5,13,7,4,15,6,13,10,8,7,0,9,5,7,12,13,14,12,2,279,208,218,207,206,219,215,219,206,208,213,208,209,210
206,205,212,215,213,215,205,207,213,212,207,381,307,326,310,243,253,314,8,0,7,12,7,14,11,9,9,12,252,14,371,338,333,307,306,254,310,304,232,2,14,4,6,13,4,11,15,10,10,4,3,15,15,4,2,4,0,9,6,7,14,8,10,3,9,6,15,223,227,10,6,11,14,4,1,13,1,8,10,1,11,14,0,10,14,13,11,0,0,3,1,6,15,354,243,324,11,15,15,7,1,6,10,9,8,3,14,5,8,10,9,13,14,1,1,6,387,210,215,218,216,215,212,211,210,210,215,210,219,219
207,207,206,210,204,210,212,212,206,207,209,214,308,327,311,244,254,315,324,1,1,6,3,11,14,2,11,334,253,304,387,207,219,308,307,255,311,305,233,364,0,8,3,11,15,15,7,1,14,6,7,11,8,11,3,6,12,11,6,0,3,4,10,11,11,4,4,11,6,15,7,3,4,15,5,0,8,4,8,4,9,15,2,6,0,1,14,7,10,9,1,11,354,355,244,325,309,14,5,10,14,15,10,14,7,15,14,3,2,15,14,1,2,4,6,359,388,215,218,219,214,213,204,214,208,208,212,206,208,217
217,206,204,204,213,205,216,215,204,219,206,215,215,328,312,245,255,316,325,304,232,14,10,15,15,9,349,335,254,305,388,217,207,219,308,256,312,306,234,365,11,10,7,1,1,5,15,0,4,14,15,0,13,10,5,14,3,3,4,13,2,9,15,6,10,5,9,15,11,15,10,15,15,1,5,1,8,11,7,7,13,8,2,1,15,1,11,15,8,2,10,349,355,356,245,326,310,314,247,257,11,12,15,1,7,14,0,7,15,237,247,237,237,232,334,360,389,205,204,218,216,206,215,219,210,212,208,214,212,214
219,216,218,204,206,216,209,211,218,204,216,213,215,217,313,246,256,317,326,305,233,314,11,14,13,344,350,336,255,306,389,209,205,212,211,218,313,307,235,366,11,3,11,5,5,14,9,8,10,2,3,10,5,1,2,2,13,8,4,4,9,13,5,0,8,8,14,9,0,4,12,9,6,6,3,3,13,13,2,9,2,10,8,15,8,2,7,15,15,247,334,350,356,357,246,327,311,315,248,258,329,15,2,3,2,0,4,5,334,238,248,238,238,233,335,361,390,214,206,215,217,215,219,219,218,213,212,219,213,219
214,218,207,212,215,214,219,206,208,209,216,209,207,218,214,209,210,318,327,306,234,315,314,247,339,345,351,337,256,307,390,213,219,204,212,206,216,308,236,367,3,9,10,10,1,3,13,15,7,11,10,11,14,4,5,7,14,7,2,12,13,1,13,5,6,3,13,9,9,12,14,9,3,4,15,5,0,10,9,4,14,1,2,3,4,6,1,13,368,248,335,351,357,358,212,328,312,316,249,259,330,304,12,9,7,6,5,354,335,239,249,239,239,234,336,362,391,208,215,213,219,211,215,216,213,207,208,219,212,219
215,207,206,213,207,204,216,215,215,212,210,217,214,217,212,209,217,217,328,307,235,316,315,248,340,346,352,338,219,308,391,209,209,208,204,207,217,215,209,372,242,237,14,8,8,10,0,10,15,9,13,9,10,7,5,13,11,1,15,0,15,15,9,8,5,2,13,8,3,13,2,7,5,5,6,1,8,12,11,13,6,10,15,15,3,13,1,15,369,249,336,352,358,210,213,216,313,317,250,260,331,305,324,232,12,0,344,355,336,240,250,240,240,235,337,363,205,207,205,215,216,214,219,209,216,206,207,208,212,217
206,218,217,205,211,217,206,208,204,216,214,218,208,205,206,209,206,218,209,308,236,317,316,249,341,347,353,208,209,206,209,204,218,214,212,215,217,207,205,373,243,238,364,0,12,12,0,6,15,3,11,5,1,4,11,4,12,12,3,6,7,10,14,14,8,11,13,4,7,6,2,9,5,10,12,7,14,4,4,13,11,5,7,10,10,4,5,7,370,250,337,353,204,206,212,211,208,318,251,261,332,306,325,233,309,349,345,356,337,241,251,241,241,236,338,216,204,215,217,219,205,214,217,219,208,214,214,210,212,212
211,214,216,209,210,219,209,217,215,209,215,206,218,210,213,214,205,206,205,207,205,318,317,250,342,348,213,212,208,212,215,218,210,212,214,208,211,209,213,374,244,239,365,10,0,14,4,3,3,5,10,14,10,1,11,14,1,6,10,11,2,13,11,3,0,7,13,0,3,1,7,8,6,8,2,5,13,15,7,4,11,15,11,1,3,15,8,3,371,251,338,216,213,217,207,206,204,214,213,208,333,307,326,234,310,350,346,357,338,207,209,206,207,208,216,213,219,205,217,216,216,214,209,210,213,208,209,213,207,217
212,204,204,212,215,211,210,210,215,215,204,206,205,217,209,215,208,205,208,210,206,204,318,251,343,215,204,212,213,216,212,209,207,216,209,211,209,210,215,375,245,240,366,0,13,2,9,0,2,9,14,1,0,11,4,12,10,15,5,3,9,6,12,3,4,1,11,12,15,2,9,0,1,0,0,10,10,14,6,1,5,14,10,13,10,2,2,10,279,209,217,206,216,207,210,214,212,209,207,209,216,308,327,235,311,351,347,358,214,212,211,205,212,207,213,206,204,207,211,206,209,208,205,212,209,204,210,208,215,217
204,212,218,213,214,205,214,219,216,214,214,211,210,208,217,215,209,207,207,214,212,213,215,216,219,210,210,204,208,207,209,205,205,209,213,216,217,210,211,376,246,241,367,9,0,13,5,1,5,15,13,13,1,10,5,1,9,12,14,4,3,6,11,1,14,10,0,11,5,6,9,13,6,0,15,0,4,2,7,0,10,8,11,1,2,7,13,13,295,222,298,210,214,216,204,206,206,215,212,209,207,204,328,236,312,352,348,217,205,210,204,209,208,213,204,215,214,214,205,213,214,204,217,207,204,214,209,214,210,218
205,205,209,209,210,217,207,208,217,213,218,216,209,216,206,212,205,208,214,216,217,217,206,209,204,214,217,214,214,207,207,219,213,213,209,207,207,205,204,205,211,209,262,8,3,2,4,9,8,4,9,9,14,4,15,2,15,9,10,10,13,12,11,14,1,1,4,7,0,13,12,14,12,3,4,0,14,0,11,5,2,8,0,14,3,0,6,14,2,223,382,219,207,210,213,208,205,219,207,216,209,210,214,209,313,353,219,217,217,215,217,214,207,207,219,215,204,210,204,212,210,211,217,205,217,207,210,217,207,205
216,214,213,215,205,208,209,211,219,204,212,206,218,204,208,215,219,213,204,208,219,213,219,207,212,219,205,216,215,217,216,214,206,204,204,206,206,207,212,204,208,211,263,9,0,15,12,9,2,14,4,13,1,13,2,6,3,1,11,1,15,3,1,11,2,14,4,0,1,1,9,6,15,3,11,11,2,7,15,13,1,0,13,9,0,7,12,5,4,334,383,205,206,211,206,208,219,214,209,205,211,218,213,211,213,219,206,205,204,214,205,214,217,217,209,215,218,205,205,205,217,204,208,204,215,204,210,212,215,213
212,207,207,204,217,207,211,206,213,210,212,213,215,218,210,204,215,219,216,208,205,212,205,212,215,215,208,204,214,217,214,204,213,207,208,207,205,207,214,217,209,290,287,3,1,9,2,0,7,15,14,10,15,1,9,1,10,14,7,0,7,12,1,7,6,9,0,13,15,12,12,7,5,11,4,9,12,15,1,12,9,5,6,1,9,7,11,5,368,335,384,213,211,218,218,211,212,212,208,204,217,209,208,217,215,207,207,217,218,213,209,207,207,212,209,215,217,214,216,205,206,207,206,207,216,213,204,216,209,204
206,206,212,211,212,213,214,206,214,204,217,208,209,204,219,209,213,210,212,216,215,211,207,205,205,208,206,212,209,213,207,210,205,206,217,217,216,215,206,212,214,268,4,5,5,13,6,7,4,15,6,12,13,1,14,11,6,14,13,12,13,0,7,14,15,11,14,1,1,5,0,6,15,8,2,4,3,6,12,12,8,13,4,14,15,11,15,13,369,336,385,212,209,211,204,219,218,219,209,219,207,209,209,219,210,206,205,205,217,210,218,204,219,207,217,205,209,214,209,219,204,205,217,210,206,208,207,217,206,205
208,211,214,214,210,218,218,212,218,213,217,204,217,213,214,216,206,210,206,207,219,216,219,218,216,208,204,206,216,204,207,211,207,217,210,213,211,210,211,206,217,269,13,6,0,9,4,13,2,3,1,4,7,5,8,9,13,8,13,0,2,4,8,2,3,3,11,8,15,5,6,6,13,5,8,11,15,12,7,5,9,4,2,10,13,15,4,4,370,337,386,216,215,209,218,216,212,216,211,218,206,217,218,210,204,205,213,208,209,219,214,211,210,217,215,208,211,204,216,208,207,211,219,212,218,218,217,209,219,212
217,211,219,207,214,215,217,210,214,215,206,215,205,217,213,212,212,208,207,215,209,204,218,218,209,207,208,214,210,219,208,217,206,211,205,206,209,210,212,212,208,278,0,8,11,11,14,10,2,5,10,14,5,4,12,8,11,13,12,11,8,9,9,14,1,14,5,7,12,12,1,7,3,2,11,2,10,7,4,3,2,6,7,13,12,8,7,4,371,338,209,209,214,208,214,215,215,212,210,216,204,207,213,212,219,216,204,207,211,209,211,206,213,213,208,205,207,218,210,209,219,218,211,219,204,216,217,219,218,209
219,211,209,212,208,219,216,212,214,214,210,208,210,219,209,217,209,215,209,213,217,206,209,204,204,213,205,216,213,211,207,206,219,204,209,216,209,214,216,206,206,377,237,1,11,13,9,4,3,3,10,2,6,2,5,8,10,5,6,12,14,8,6,13,1,6,5,15,14,13,12,6,3,0,1,1,6,12,11,9,9,13,7,10,13,1,10,1,272,208,215,211,217,216,209,215,216,218,217,208,208,214,212,215,208,218,207,207,218,216,208,214,216,216,209,205,204,211,219,213,213,214,204,217,219,216,218,204,208,219
211,219,215,217,207,213,211,210,204,205,209,209,207,211,217,208,207,207,217,210,216,208,215,215,214,211,204,215,208,211,209,216,206,210,208,210,210,219,214,211,210,378,238,309,1,2,4,14,4,2,10,13,4,11,1,12,6,12,10,14,14,8,11,10,9,6,1,12,4,3,0,11,10,12,5,11,12,13,14,3,6,3,12,2,0,9,7,14,273,209,215,211,209,210,217,207,219,209,209,207,213,210,219,204,216,219,208,216,213,207,210,206,212,210,219,205,217,219,212,206,208,209,206,205,208,209,215,205,216,219
208,214,214,211,206,207,214,209,214,205,206,206,206,204,204,207,210,210,210,219,208,211,216,216,207,214,205,216,207,205,211,209,216,211,215,213,208,212,218,209,212,379,239,310,329,14,13,10,7,8,13,6,3,3,13,11,11,14,2,2,9,12,10,10,13,15,8,15,2,3,2,14,3,10,7,7,13,8,4,4,6,15,9,10,14,14,8,13,279,208,205,212,211,216,217,212,216,218,212,204,208,210,213,212,216,204,204,216,213,209,218,214,211,215,210,217,211,213,219,212,210,213,207,212,216,214,205,209,208,209
216,211,209,207,205,213,209,215,204,211,216,207,206,206,219,215,215,214,219,214,213,204,208,218,213,213,216,214,207,204,219,206,205,212,217,218,210,211,208,217,215,380,240,311,330,364,5,11,5,5,7,13,7,8,4,6,6,2,7,13,8,14,10,11,9,11,4,9,13,10,1,4,7,6,2,8,10,4,4,11,14,11,5,9,6,5,4,1,303,296,219,208,210,209,215,218,205,214,210,217,210,216,214,216,210,208,208,207,205,208,214,204,208,216,212,219,204,210,213,205,216,218,211,209,218,216,207,209,215,216
207,219,207,206,214,208,211,206,215,209,216,210,217,215,210,212,211,204,217,218,216,217,204,207,216,209,212,215,207,215,210,214,212,211,217,208,208,209,204,215,204,381,241,312,331,365,10,6,9,13,7,8,6,11,10,7,6,8,2,1,12,5,10,9,1,11,9,11,4,13,7,13,15,10,1,6,12,7,14,3,8,13,2,7,7,14,3,3,5,279,213,213,207,207,219,212,212,214,205,209,209,204,215,217,206,204,214,207,212,215,216,215,209,210,206,206,204,205,206,217,209,218,216,207,218,210,209,210,216,205
213,219,212,205,213,212,216,207,210,216,217,218,209,204,213,207,206,204,215,208,207,214,219,219,205,205,212,209,215,214,208,209,219,210,204,210,218,204,214,211,207,212,212,313,332,366,5,13,15,6,15,14,15,12,3,5,15,1,7,2,11,0,6,3,15,1,8,0,0,12,4,5,7,14,3,6,15,13,6,14,1,9,10,8,13,4,11,1,12,297,300,219,207,211,210,210,210,218,219,218,211,217,216,210,208,207,212,211,214,205,204,217,208,207,204,207,208,207,206,217,209,212,208,214,207,213,217,207,206,211
207,219,205,219,208,210,214,216,212,208,211,209,208,214,215,212,206,204,219,215,205,204,209,207,210,215,214,209,217,213,215,209,204,215,219,208,218,205,214,210,206,217,216,214,333,367,1,11,2,12,13,15,11,15,13,2,1,15,5,13,8,1,12,10,4,8,1,5,12,1,5,5,14,0,4,13,4,10,5,14,6,5,5,0,0,13,14,0,5,10,279,218,212,214,208,214,208,208,215,204,205,213,215,210,206,205,218,211,205,214,208,212,210,212,210,219,210,218,206,205,210,204,209,209,209,209,217,209,210,214
209,204,204,215,214,215,217,215,219,204,219,214,204,204,214,216,211,207,210,218,218,218,214,213,214,206,217,208,217,219,218,207,216,210,205,211,212,218,217,216,215,208,216,205,208,278,6,5,2,15,13,7,9,15,7,2,6,12,7,5,15,3,14,3,5,13,10,11,15,11,15,10,4,2,4,15,9,9,1,0,13,0,8,11,0,3,2,15,11,0,303,226,296,205,215,209,216,213,204,209,205,214,214,216,216,207,206,215,211,213,214,207,215,211,204,215,207,219,206,208,215,205,213,206,206,211,212,212,209,213
209,219,213,212,218,209,204,206,206,208,213,212,217,216,216,208,214,215,212,208,213,206,210,212,210,213,218,207,214,207,215,218,212,208,213,205,208,215,213,212,216,212,210,280,220,287,13,3,0,9,1,0,4,0,0,7,2,1,2,0,0,3,2,1,4,12,12,12,14,5,10,12,6,12,0,0,7,8,4,7,12,2,2,13,11,2,14,5,15,10,247,252,382,218,210,218,211,205,218,213,204,216,217,215,208,218,214,204,219,207,210,209,204,209,215,205,218,209,207,204,208,213,214,213,208,213,216,215,209,213
206,214,211,218,218,211,208,205,207,215,210,215,215,218,213,215,215,211,204,207,209,209,211,218,213,217,207,208,210,219,218,214,219,216,209,204,213,218,214,218,206,215,213,262,221,0,6,15,5,12,15,0,12,13,12,13,14,11,11,6,14,10,13,12,9,6,5,6,9,15,13,5,9,4,9,9,11,4,0,5,7,0,9,1,4,5,2,15,12,368,248,253,383,208,211,214,211,206,219,207,215,206,212,204,215,216,207,207,217,209,210,210,204,219,206,217,205,208,214,216,204,204,217,209,207,217,209,204,206,208
215,219,218,208,205,208,204,214,217,210,204,213,215,205,217,218,216,205,214,206,212,210,205,211,214,213,212,213,206,216,216,204,204,218,217,205,217,210,209,216,216,215,217,263,8,8,4,0,4,15,4,6,14,13,10,9,10,9,6,4,9,3,9,9,0,6,2,8,4,10,7,0,5,11,7,5,8,11,14,3,10,4,8,2,1,0,9,10,5,369,249,254,384,205,217,209,219,214,212,212,217,215,214,209,205,208,217,206,208,213,205,211,218,214,205,217,204,211,208,204,215,206,210,214,219,217,210,211,205,215
205,208,218,204,210,218,212,213,216,208,213,207,211,218,213,205,214,211,205,217,215,209,216,214,208,215,216,210,212,209,208,216,208,214,205,211,207,215,213,217,205,214,205,262,6,0,6,5,1,5,15,0,4,2,10,8,1,11,12,0,15,15,4,9,9,15,2,9,1,15,6,10,8,14,10,15,2,3,3,12,5,9,3,6,3,12,3,9,9,370,250,255,385,209,207,212,206,217,213,219,218,204,219,210,219,212,213,205,206,207,208,216,209,218,213,211,210,215,216,216,217,209,219,218,217,205,208,213,206,204
215,213,214,214,215,208,205,214,216,218,217,208,215,211,219,207,212,204,215,212,212,205,204,219,217,211,211,216,209,219,205,211,207,218,216,216,216,213,209,217,210,216,213,263,3,7,1,15,1,10,2,2,8,8,2,6,3,12,15,13,15,4,4,13,11,3,5,3,12,6,10,10,4,9,0,12,4,10,12,7,15,13,2,4,1,2,5,4,15,371,251,256,386,209,215,208,217,204,212,209,217,218,216,216,210,217,208,211,209,209,206,214,210,209,211,204,208,206,209,214,214,215,206,214,210,213,216,212,205,217
204,212,210,206,212,210,217,207,218,205,211,213,218,209,210,207,211,204,205,205,205,219,213,206,213,286,224,224,220,220,226,224,292,219,209,205,204,219,207,210,208,219,207,278,13,11,13,3,10,11,10,8,12,8,7,1,1,10,0,11,4,15,9,12,1,3,14,10,10,0,15,12,9,7,12,14,6,0,13,9,12,15,6,2,7,7,9,2,1,272,213,219,209,206,211,217,214,210,213,217,218,210,214,217,219,207,204,211,209,209,213,216,207,218,215,204,212,213,208,210,218,212,207,204,216,213,205,219,212,217
219,218,216,208,214,218,218,219,209,208,207,208,217,218,206,219,212,215,210,217,209,217,210,207,213,262,225,225,221,221,227,225,272,206,209,214,208,211,211,214,205,217,282,283,2,1,1,13,2,4,11,4,15,7,7,15,9,8,8,11,10,7,4,3,14,2,10,9,3,0,8,5,14,2,12,13,15,7,9,6,5,15,11,10,5,2,15,10,7,273,211,219,219,216,216,219,218,211,213,208,213,210,280,296,211,209,219,204,207,207,208,207,205,208,205,213,215,218,213,206,211,219,213,209,208,216,211,213,215,208
205,218,210,204,207,205,205,205,206,211,212,207,212,219,212,213,216,204,212,213,213,208,218,206,217,263,9,10,5,15,11,9,273,207,211,217,210,219,207,212,290,230,281,4,1,8,0,12,0,1,5,15,1,0,1,2,0,2,11,1,1,10,14,8,8,1,13,3,6,13,4,8,4,6,0,3,5,4,2,2,6,13,0,2,10,14,13,10,4,279,219,204,216,210,216,209,211,205,204,211,213,204,278,274,209,214,216,210,212,216,211,219,215,205,218,212,209,204,212,213,211,207,217,210,204,211,219,211,214,217
209,205,216,218,212,213,215,205,218,206,209,216,210,207,218,218,210,209,213,206,204,215,217,206,288,289,4,6,1,12,3,12,279,213,215,209,212,207,284,224,289,231,8,4,8,4,11,14,12,3,14,10,14,13,15,7,5,11,6,0,2,15,11,12,14,11,11,3,2,1,14,0,13,10,6,8,1,11,10,10,15,4,5,7,5,11,8,4,5,297,224,292,210,216,208,205,219,205,288,222,220,226,283,275,217,217,218,209,219,215,207,214,210,214,214,214,208,211,216,210,206,208,213,216,211,219,216,219,207,216
213,206,217,218,217,211,211,205,215,205,204,217,207,215,206,218,205,204,204,208,213,282,222,224,287,6,8,14,5,7,0,8,299,230,294,206,216,207,268,225,4,12,8,13,0,7,15,12,5,12,2,14,5,14,7,13,12,6,5,4,15,10,5,14,7,9,14,15,15,7,3,2,0,6,0,2,11,6,1,12,7,14,4,5,11,11,15,8,14,10,225,279,209,219,213,214,215,214,278,223,221,227,12,293,226,302,215,215,217,204,214,208,215,219,208,205,207,214,212,212,204,206,206,209,212,208,217,212,212,207
216,213,205,209,215,219,210,211,204,215,207,215,208,215,216,210,210,208,209,214,280,291,223,225,1,8,9,2,11,3,0,14,5,231,279,214,214,215,269,9,3,3,3,8,12,6,4,10,4,1,11,8,4,9,0,10,0,1,3,14,15,6,2,9,15,12,13,15,9,8,8,2,6,0,1,8,3,15,2,0,1,14,9,6,1,15,7,5,14,15,9,299,294,217,218,214,210,288,289,5,2,6,11,2,227,274,208,208,209,205,208,210,207,207,205,219,207,211,214,204,209,205,219,217,217,218,214,208,206,216
216,205,209,205,218,210,219,210,206,208,212,208,214,213,204,208,216,216,217,286,289,2,6,5,13,7,10,2,3,3,12,1,0,10,303,222,294,213,278,8,5,1,3,1,8,0,2,14,15,14,13,14,1,10,7,3,0,10,12,15,0,3,2,12,12,7,15,10,6,15,11,14,13,9,7,8,4,3,14,6,1,9,11,8,3,11,11,4,8,2,4,12,303,220,298,208,207,262,0,6,2,2,8,15,12,275,208,211,212,208,213,211,217,212,217,213,211,215,210,215,216,214,209,208,206,212,219,208,206,214
211,219,217,216,217,217,212,204,210,218,209,216,219,216,205,218,214,216,213,278,15,2,0,9,0,5,4,2,9,13,14,5,1,9,3,223,297,222,291,10,9,9,14,3,5,9,2,11,2,13,9,8,6,14,12,15,6,2,9,4,4,15,7,0,6,6,13,4,10,13,1,13,7,13,13,8,5,14,6,8,0,15,15,6,9,10,11,9,13,7,3,0,11,221,293,302,206,263,10,5,4,2,5,8,11,279,211,212,208,209,209,219,219,205,209,208,217,207,207,207,216,209,210,215,208,217,219,219,214,218
208,215,206,212,212,206,214,204,205,215,214,214,217,214,212,217,219,213,286,285,5,8,1,9,12,0,13,14,2,15,9,6,0,3,3,12,3,223,1,8,9,14,6,8,0,14,4,1,1,14,12,15,15,3,14,6,7,7,12,11,3,12,2,2,15,0,3,8,10,1,6,1,0,2,1,5,3,9,8,6,4,12,9,5,9,4,10,5,12,2,4,0,12,8,13,303,224,283,14,3,5,3,13,0,4,299,228,224,298,213,219,216,205,218,216,218,204,213,205,211,212,217,215,217,217,217,217,209,214,213
204,213,207,204,206,212,217,204,218,207,214,208,218,219,218,212,210,208,266,4,11,12,15,2,3,5,14,9,6,3,14,8,11,15,5,15,13,4,7,11,0,10,0,15,14,10,15,4,6,2,5,3,7,4,0,0,8,10,1,9,12,13,12,14,5,7,1,4,7,10,12,5,14,2,9,11,1,1,9,9,10,10,1,8,15,8,0,1,3,15,3,10,1,11,14,5,225,7,15,3,0,10,6,7,6,10,229,225,293,294,212,211,210,213,216,204,210,215,214,214,210,205,206,208,215,205,207,213,204,214
210,212,215,214,211,214,218,204,218,210,208,205,212,205,216,208,212,205,267,8,13,8,14,12,1,0,11,5,8,13,2,5,8,10,2,0,10,15,5,5,11,2,5,9,3,15,15,5,5,11,6,12,6,15,10,2,2,15,13,5,11,12,11,5,3,10,1,5,12,2,3,8,13,13,3,3,0,5,10,13,10,12,4,8,3,8,12,12,7,0,9,2,4,10,9,10,3,7,14,3,6,13,7,8,8,4,3,8,8,297,230,300,213,206,207,216,218,218,212,213,210,218,211,214,208,204,215,212,208,205
208,213,218,217,212,215,214,210,214,208,204,209,209,290,222,292,210,286,283,14,10,13,2,4,11,1,11,10,4,7,0,10,9,8,4,11,4,0,2,10,13,3,3,12,5,12,1,3,9,6,13,15,5,4,10,13,7,10,12,9,14,7,13,2,11,8,13,1,14,6,2,2,12,2,0,5,8,7,3,11,7,11,11,6,0,3,5,13,12,9,7,7,10,12,4,15,6,10,2,2,12,3,0,0,7,12,12,2,14,9,231,297,294,214,219,213,204,207,211,205,204,208,213,209,207,214,206,208,205,218
212,216,208,216,213,212,210,213,204,211,217,205,282,289,223,301,224,291,12,2,0,7,14,4,4,13,5,5,10,11,12,12,2,15,10,3,11,15,13,15,3,13,15,5,15,12,8,11,13,2,3,13,8,252,13,14,12,13,12,14,10,4,2,8,1,2,0,15,1,12,7,8,10,0,12,11,3,7,6,15,2,11,0,4,15,10,2,0,4,13,1,11,13,2,4,15,15,10,6,10,11,0,9,6,5,8,11,10,5,6,9,13,270,212,219,208,219,212,207,216,216,216,217,205,213,211,207,208,215,211
204,217,216,206,206,208,209,216,204,282,230,220,285,13,3,15,225,6,4,6,0,4,14,0,6,1,5,12,0,10,13,1,8,11,11,2,6,2,8,3,14,14,7,10,9,5,8,9,8,6,1,4,339,253,319,4,9,8,11,15,8,4,5,334,304,2,9,7,2,4,13,3,10,13,14,15,5,252,13,1,2,14,6,7,15,1,11,11,2,9,4,0,0,2,9,0,10,0,1,0,8,3,12,9,6,14,14,7,15,11,12,0,271,214,211,208,205,206,207,205,215,211,207,219,218,210,216,218,211,210
216,210,216,216,217,210,208,217,288,291,231,221,15,14,4,4,9,12,12,6,12,14,7,12,12,15,15,4,12,14,6,1,10,0,15,13,14,12,1,6,13,4,8,4,14,6,12,13,11,13,14,354,340,254,320,304,237,247,1,2,232,237,359,335,305,324,252,232,15,8,4,8,2,8,12,10,334,253,329,8,8,7,9,10,1,0,0,11,7,0,10,11,10,4,4,1,15,3,4,9,15,10,4,5,5,14,6,1,10,1,7,6,295,300,211,207,218,210,210,210,216,218,208,211,214,209,219,205,210,218
205,210,204,217,212,210,209,204,266,3,2,14,12,13,7,2,9,0,8,7,10,15,6,15,9,8,5,1,6,13,3,5,4,5,8,14,13,1,1,10,5,2,14,7,3,9,8,8,13,15,368,355,341,255,321,305,238,248,324,334,233,238,360,336,306,325,253,233,304,11,5,5,11,14,2,354,335,254,330,304,15,12,5,11,13,13,1,15,6,12,15,4,10,9,2,8,8,1,7,2,13,9,14,4,2,4,11,1,0,9,11,4,8,299,296,206,211,213,212,210,211,218,218,209,214,210,211,218,207,214
218,217,208,204,208,209,208,209,267,0,13,10,1,4,2,1,10,1,8,11,11,2,11,2,6,1,11,6,10,2,0,2,8,4,12,15,4,6,15,8,14,11,1,13,2,1,11,12,13,15,369,356,342,256,322,306,239,249,325,335,234,239,361,337,307,326,254,234,305,329,1,9,12,11,359,355,336,255,331,305,314,7,5,9,6,9,3,3,7,13,4,5,4,5,6,9,9,2,15,13,14,8,5,1,8,0,0,9,6,9,9,0,12,11,270,218,208,211,216,209,207,214,209,214,214,204,217,217,212,206
204,212,204,207,214,206,204,213,264,0,9,2,12,0,12,1,7,2,9,15,0,0,4,15,11,13,2,2,8,11,15,7,4,14,13,5,2,1,15,7,11,7,5,7,4,5,8,14,15,14,370,357,343,206,323,307,240,250,326,336,235,240,362,338,308,327,255,235,306,330,309,257,242,344,360,356,337,256,332,306,315,329,232,6,3,4,13,3,11,6,12,6,6,9,11,6,5,4,1,10,14,6,5,5,15,7,12,2,15,14,2,10,7,13,271,215,214,209,214,210,212,213,216,214,219,215,204,210,218,215
213,206,207,204,218,214,219,214,265,11,3,2,12,10,11,7,7,1,7,6,2,0,2,11,15,8,10,2,6,1,11,15,13,7,13,15,10,4,1,14,12,4,7,10,7,4,5,8,14,12,371,358,215,214,211,308,241,251,327,337,236,241,363,206,219,328,256,236,307,331,310,258,243,345,361,357,338,219,333,307,316,330,233,364,12,0,0,12,0,7,10,8,8,11,8,1,10,15,2,9,2,14,14,14,15,10,2,5,12,3,4,9,15,13,276,219,207,207,216,216,212,219,207,211,215,206,207,211,214,206
205,218,218,208,209,204,214,208,266,0,3,5,12,3,9,11,5,3,6,6,9,7,10,13,4,11,14,14,9,6,15,4,7,12,15,11,11,5,9,3,5,14,4,3,15,14,10,0,12,11,276,218,207,208,218,209,212,214,328,338,209,204,215,205,204,217,214,219,308,332,311,259,244,346,362,358,205,204,204,308,317,331,234,365,14,2,14,1,6,15,7,4,4,15,11,1,11,8,0,9,13,8,5,15,13,15,6,15,10,8,15,7,4,11,277,219,204,210,215,206,207,216,210,207,219,216,216,206,208,213
207,219,217,215,211,215,207,205,267,1,9,9,4,14,12,3,9,6,7,12,3,9,9,3,4,3,15,5,4,1,2,4,0,3,1,4,7,3,0,8,7,6,1,12,4,0,2,4,9,13,277,218,206,210,207,207,214,204,218,206,219,205,207,205,216,211,209,205,219,333,312,260,245,347,363,206,212,208,211,206,318,332,235,366,11,1,14,14,8,8,14,1,6,11,0,3,7,1,5,15,13,5,8,9,9,1,12,3,5,14,11,7,0,2,387,219,215,215,217,211,206,215,216,212,219,204,214,219,215,211
204,216,218,213,207,219,214,207,264,11,5,9,11,6,13,5,5,10,11,15,1,14,9,3,6,11,13,3,15,1,9,10,15,9,15,13,2,10,9,3,5,0,8,6,9,10,11,10,4,3,297,300,214,208,211,205,211,217,206,212,218,212,213,218,204,213,206,213,208,204,313,261,246,348,210,215,218,215,209,217,210,333,236,367,15,13,1,13,4,11,2,5,5,9,5,5,8,4,1,7,0,9,3,5,12,4,1,13,1,14,12,3,1,349,388,204,212,217,206,218,211,204,218,217,207,206,213,207,211,205
208,217,207,214,216,214,206,206,265,15,7,0,3,3,7,11,1,13,0,1,1,14,10,9,9,3,4,6,2,2,7,10,10,2,15,7,7,0,8,6,13,0,5,12,1,1,7,10,15,3,15,293,296,205,213,204,210,211,211,212,205,207,207,212,213,210,210,205,204,208,214,213,212,206,211,211,206,204,215,212,210,218,213,278,8,10,4,2,1,13,3,0,9,15,12,4,2,13,14,4,6,5,8,13,13,15,4,8,6,7,5,6,368,350,389,216,209,206,204,215,208,209,218,210,205,212,209,209,214,205
211,217,212,211,212,217,214,288,285,2,12,13,10,8,12,3,10,0,9,13,8,5,1,3,11,0,7,13,9,14,6,9,12,0,7,10,6,4,5,3,3,4,15,5,15,14,14,6,8,4,8,8,279,206,205,207,204,218,213,206,208,219,209,216,216,219,211,209,204,206,216,207,216,206,217,212,206,209,213,217,217,211,286,283,1,2,0,7,11,9,0,3,3,7,15,14,10,0,11,0,3,7,2,14,0,9,7,15,9,15,2,0,369,351,390,214,213,207,204,216,218,204,215,210,209,211,216,218,214,214
208,211,209,204,208,209,213,262,0,13,9,13,10,3,5,10,14,12,5,1,2,15,12,9,7,12,1,12,12,7,1,15,15,4,8,7,6,4,12,10,13,15,11,4,0,3,6,11,12,11,13,3,293,226,292,211,205,211,208,212,206,206,218,204,214,212,210,212,205,212,213,217,210,218,213,212,214,212,219,217,205,280,285,8,0,5,6,3,15,6,15,10,7,7,0,12,12,14,7,3,7,2,0,8,8,13,1,4,14,11,15,8,370,352,391,206,212,212,205,212,211,215,210,207,213,205,211,218,208,210
212,218,216,213,204,212,206,263,2,10,9,10,15,3,11,6,1,14,11,6,13,14,11,3,15,2,0,14,13,8,4,12,13,13,8,4,7,7,13,6,12,7,4,15,7,9,4,10,2,14,13,9,11,227,272,210,204,211,215,210,215,206,209,207,204,217,211,215,212,206,211,218,207,214,219,204,207,219,213,207,205,264,0,7,0,14,2,0,3,14,2,11,3,15,2,2,8,3,10,0,0,4,8,6,1,10,15,4,5,5,14,5,371,353,216,212,205,219,209,217,210,219,211,215,216,207,217,212,218,213
213,209,217,214,214,211,213,266,4,14,1,2,3,6,11,13,7,11,8,3,10,0,12,11,10,11,9,11,15,4,5,4,15,11,14,13,14,15,11,12,10,13,4,12,6,5,5,12,4,3,15,4,14,6,273,217,217,213,210,214,207,212,215,207,212,206,205,208,217,212,215,213,206,213,209,219,215,207,218,212,213,265,8,2,3,5,13,2,10,13,1,14,11,1,12,10,1,5,15,1,6,10,15,7,9,2,2,7,1,2,3,13,270,212,208,215,204,214,215,215,215,215,209,207,206,214,218,219,214,216
211,219,219,211,214,210,211,267,10,7,15,12,6,6,12,7,14,5,10,14,11,11,5,10,15,14,6,15,6,2,11,9,3,4,1,8,12,8,5,13,10,6,12,5,9,0,0,6,7,8,12,8,11,0,279,208,210,205,216,217,207,214,214,212,210,206,209,211,206,208,204,213,214,211,218,213,216,204,205,219,209,262,15,0,2,14,15,12,6,2,0,2,9,1,2,3,3,14,9,1,13,0,12,0,1,15,4,3,0,2,7,14,271,211,209,205,210,210,207,210,204,204,207,217,214,215,213,205,207,211
219,219,206,219,208,206,210,377,257,3,12,12,4,1,11,0,9,5,14,12,5,13,12,11,10,9,8,6,13,8,4,7,12,14,3,1,4,7,4,14,2,12,12,9,9,3,2,13,4,11,1,13,12,8,382,211,206,209,206,215,207,217,214,214,204,211,213,219,211,212,211,207,218,211,216,205,216,211,215,213,216,263,9,1,10,14,5,9,6,6,15,11,2,10,12,7,1,2,6,3,1,11,4,10,2,2,12,5,4,1,10,7,387,216,206,219,205,213,204,204,208,205,213,217,219,214,219,215,217,210
211,207,212,217,207,209,213,378,258,324,12,0,9,2,12,3,10,14,13,13,3,6,12,12,3,14,12,5,12,0,13,7,7,2,3,9,8,5,4,6,3,15,1,11,15,11,9,13,11,0,10,3,3,344,383,210,216,214,215,212,219,204,217,204,204,211,213,212,214,217,207,215,204,219,213,216,216,211,205,208,208,278,2,0,4,10,3,9,7,10,11,10,11,12,15,4,13,8,5,4,2,3,6,9,1,13,9,7,15,15,13,344,388,219,213,211,211,212,215,218,216,218,205,217,209,219,209,210,214,211
212,204,205,209,215,207,217,379,259,325,314,14,6,0,12,9,1,15,3,1,5,15,11,10,8,1,11,1,1,12,4,2,13,13,6,11,0,2,6,1,0,2,14,2,15,0,5,11,7,7,14,2,334,345,384,219,214,209,212,210,211,206,211,216,209,213,218,214,212,212,216,218,205,212,208,216,209,212,209,216,214,377,7,14,2,9,11,3,1,8,3,1,4,6,4,9,11,3,3,12,0,11,9,0,1,12,4,4,232,237,359,345,389,208,216,213,208,209,208,211,211,205,218,212,207,217,210,213,206,211
208,205,216,208,215,204,210,380,260,326,315,319,14,6,9,9,11,2,6,1,10,0,15,2,8,4,5,7,4,6,4,15,13,2,3,3,13,1,12,6,6,8,13,14,12,0,14,3,3,3,3,344,335,346,385,218,218,205,209,209,206,211,207,215,214,208,218,217,218,214,216,207,218,209,219,204,215,205,214,205,208,378,309,6,8,15,5,14,0,7,1,4,9,0,11,10,8,10,0,13,10,1,14,8,2,15,12,344,233,238,360,346,390,214,218,209,216,212,210,219,219,210,212,209,213,207,211,217,212,215
209,210,211,212,211,213,219,381,261,327,316,320,304,6,13,4,12,7,15,1,14,14,6,4,12,13,15,5,3,13,1,3,2,2,10,13,13,2,11,6,15,6,7,3,4,2,14,2,11,2,349,345,336,347,386,214,205,206,212,209,216,211,214,210,209,210,209,208,207,217,212,210,213,211,218,219,213,213,215,210,208,379,310,319,11,8,7,11,13,10,7,6,3,13,12,11,15,12,8,11,9,15,6,3,9,257,339,345,234,239,361,347,391,206,208,212,214,219,208,209,207,206,215,219,218,219,216,219,214,214
219,218,213,213,213,214,204,218,205,328,317,321,305,309,8,2,5,11,9,11,5,13,1,13,2,12,3,14,9,15,7,6,9,2,15,13,15,4,10,9,4,15,9,7,8,0,9,12,14,349,350,346,337,348,209,214,213,218,216,208,213,206,219,216,212,212,215,211,217,215,217,211,204,212,206,208,204,213,207,213,211,380,311,320,324,12,9,7,14,14,0,7,11,4,12,7,3,13,3,4,10,12,7,9,368,258,340,346,235,240,362,348,219,218,212,215,217,213,218,213,207,217,213,205,212,219,215,204,209,204
213,212,219,211,216,215,207,204,216,210,318,322,306,310,319,0,14,0,9,1,15,9,14,2,12,7,13,8,14,5,4,12,9,8,8,1,0,15,6,8,0,12,14,7,13,247,13,15,339,350,351,347,338,207,218,216,214,204,215,218,217,210,208,214,204,214,205,217,209,217,215,210,208,219,212,218,205,218,204,217,214,381,312,321,325,304,6,3,15,0,15,12,8,9,8,10,4,7,9,4,12,14,6,0,369,259,341,347,236,241,363,209,219,211,207,206,210,213,211,205,209,205,209,211,214,217,212,213,207,218
212,211,219,212,218,207,208,207,214,212,214,323,307,311,320,319,0,12,14,3,2,15,15,11,0,1,0,13,12,0,13,8,1,6,5,15,12,1,1,8,12,3,7,1,368,248,314,354,340,351,352,348,219,210,218,213,206,214,210,212,215,208,217,211,215,210,211,208,212,205,219,205,210,210,219,219,205,207,211,207,212,210,313,322,326,305,309,15,1,9,15,1,11,10,5,2,1,2,8,8,15,1,5,13,370,260,342,348,206,215,214,214,211,210,207,209,219,212,206,207,210,212,209,214,214,214,215,214,206,211
218,214,211,210,217,218,209,206,212,209,205,217,308,312,321,320,364,12,11,8,1,3,10,3,0,14,5,13,0,0,5,13,1,15,6,15,12,10,11,9,15,13,3,1,369,249,315,355,341,352,353,215,212,211,210,209,208,218,216,214,215,205,216,217,213,211,207,216,204,213,207,219,212,207,209,218,210,209,219,217,216,214,212,323,327,306,310,364,8,7,7,0,12,13,11,2,7,13,9,13,7,10,8,11,371,261,343,207,212,213,207,208,211,214,211,219,204,215,206,212,214,212,218,208,217,211,207,216,213,217
207,212,204,218,204,216,206,212,218,208,209,209,209,313,322,321,365,14,10,15,9,1,3,10,0,15,12,2,9,14,6,8,3,12,0,7,11,8,3,11,10,2,12,14,370,250,316,356,342,353,213,204,207,209,216,211,216,208,211,206,208,208,204,215,217,207,211,219,207,207,219,216,204,206,206,218,217,205,218,214,216,218,218,213,328,307,311,365,14,15,0,6,5,1,0,10,10,1,7,5,12,14,13,2,279,204,206,204,212,208,209,209,207,213,205,219,216,209,216,219,217,213,219,217,211,215,210,218,207,213
204,210,212,217,204,211,206,212,209,210,205,207,205,213,323,322,366,11,7,14,5,0,14,6,4,7,8,10,3,13,14,15,13,0,7,0,6,1,14,12,1,10,15,7,371,251,317,357,343,206,216,216,218,214,215,219,213,210,206,213,212,204,209,211,207,207,206,214,205,211,217,211,213,207,218,219,215,216,215,212,210,217,204,215,213,308,312,366,2,11,252,6,6,7,14,9,6,4,7,3,12,7,247,232,387,210,218,218,204,214,211,216,215,219,212,214,212,219,205,205,211,219,212,218,218,213,206,207,216,213
208,204,205,207,204,218,216,210,206,204,208,216,207,211,216,323,367,12,9,4,3,7,8,12,5,11,9,12,10,12,6,7,10,2,5,6,3,15,0,7,14,5,15,9,382,216,318,358,218,218,206,214,208,208,210,209,204,217,206,217,219,208,212,214,204,214,208,207,207,207,205,215,219,209,218,206,213,205,207,219,207,214,209,216,207,218,313,367,14,359,253,364,13,11,15,12,3,0,11,3,232,339,248,233,388,208,208,213,206,219,205,209,218,209,213,211,211,217,208,219,206,216,219,218,205,204,212,206,208,210
204,211,218,216,212,213,206,209,212,208,206,210,216,210,211,211,278,2,14,0,9,15,12,11,14,5,10,8,10,2,0,4,12,12,5,9,4,13,15,9,247,1,11,344,383,217,204,209,204,219,216,214,205,206,211,216,215,206,218,217,215,215,210,219,211,215,213,212,215,217,208,204,208,213,210,204,211,215,217,211,209,216,208,211,219,213,215,377,339,360,254,365,3,8,12,11,1,247,247,334,233,340,249,234,389,215,212,212,210,209,205,218,214,215,214,211,214,211,216,215,219,209,217,208,214,216,215,209,209,213
215,216,211,215,205,215,207,208,206,213,209,215,206,215,209,208,377,252,14,10,9,3,0,11,6,0,4,0,0,9,4,2,11,4,14,15,14,12,2,354,248,309,339,345,384,211,206,209,208,206,208,211,208,215,212,212,215,215,204,213,206,208,204,215,209,206,204,211,204,207,208,211,214,212,208,210,208,207,213,216,214,214,212,218,205,218,210,378,340,361,255,366,1,0,4,2,359,248,248,335,234,341,250,235,390,210,218,212,218,208,216,209,214,218,209,211,213,213,212,210,209,216,212,213,218,207,209,206,207,207
217,212,215,217,215,209,218,209,219,210,207,209,218,218,205,218,378,253,364,6,12,9,10,9,1,11,8,0,14,5,11,13,6,12,13,1,12,4,349,355,249,310,340,346,385,219,204,214,205,208,212,216,210,218,216,211,213,208,219,214,211,217,218,215,211,213,204,210,218,205,206,211,205,207,218,212,209,218,214,216,205,208,204,219,204,211,208,379,341,362,256,367,10,2,0,354,360,249,249,336,235,342,251,236,391,205,213,219,212,208,216,212,207,216,210,216,215,207,212,215,204,206,208,215,216,216,215,206,211,208
211,212,216,214,213,206,215,216,205,217,205,214,211,214,208,219,379,254,365,6,1,2,15,9,9,11,6,6,15,8,2,0,5,10,5,2,14,354,350,356,250,311,341,347,386,213,206,205,213,209,208,212,214,219,216,212,205,209,204,206,217,218,204,207,206,204,207,216,206,207,210,208,211,213,208,206,212,210,215,217,211,207,211,204,214,215,205,380,342,363,212,377,7,5,344,355,361,250,250,337,236,343,219,209,207,218,207,219,219,212,210,212,212,216,206,215,204,205,219,208,206,211,215,214,208,209,210,219,219,208
215,211,215,216,216,216,214,204,219,217,219,216,207,217,211,214,380,255,366,9,1,5,242,8,1,1,7,2,10,7,8,12,9,4,10,5,344,355,351,357,251,312,342,348,212,207,214,214,217,208,207,209,210,217,204,218,214,212,218,217,219,214,212,205,209,219,216,207,215,216,204,216,214,212,204,206,209,205,217,216,211,210,214,219,204,210,207,381,343,214,214,378,309,354,345,356,362,251,251,338,215,218,210,217,213,206,216,216,217,215,207,208,210,212,205,217,212,217,218,208,212,211,208,209,211,216,211,207,214,213
216,205,213,214,206,208,216,213,216,207,215,219,212,209,214,204,381,256,367,6,13,349,243,314,12,8,7,9,9,1,13,12,8,0,3,354,345,356,352,358,204,313,343,219,217,208,218,218,214,213,215,209,204,215,206,217,209,205,207,216,213,213,215,211,219,213,207,209,210,206,204,204,215,215,211,212,215,204,218,205,213,216,210,212,214,219,212,219,211,215,208,379,310,355,346,357,363,213,206,217,210,210,210,219,212,213,205,218,213,214,209,207,218,211,208,214,213,211,218,214,212,212,219,213,214,210,214,205,207,205
204,206,216,207,209,208,213,219,207,216,204,214,209,213,212,204,217,213,372,252,354,350,244,315,329,257,4,9,4,2,9,10,5,8,334,355,346,357,353,204,206,211,206,215,219,204,212,219,213,204,209,207,215,210,212,207,216,211,219,218,215,204,219,219,216,213,218,212,215,205,208,212,207,213,206,217,218,219,210,215,210,211,217,204,205,214,210,219,208,211,211,380,311,356,347,358,214,211,206,219,216,208,204,218,215,207,219,208,216,217,215,211,209,217,212,211,213,205,210,216,218,211,213,211,205,219,215,210,218,215
206,208,215,212,210,206,205,208,216,207,209,213,213,215,210,208,215,218,373,253,355,351,245,316,330,258,319,1,4,2,9,15,4,359,335,356,347,358,214,204,215,216,208,219,215,213,207,215,218,214,210,206,212,219,208,210,216,213,207,208,209,213,209,215,214,218,206,215,207,209,204,214,218,211,210,211,212,212,207,208,209,219,218,214,214,206,218,215,211,206,212,381,312,357,348,205,206,213,206,212,216,217,218,219,205,208,207,204,215,213,213,209,205,211,217,218,219,216,210,213,219,208,216,209,217,218,205,213,210,219
214,213,217,208,205,217,205,207,217,212,214,207,214,208,208,205,206,208,374,254,356,352,246,317,331,259,320,324,242,257,2,11,349,360,336,357,348,212,207,218,211,215,219,205,205,209,211,205,217,218,208,205,209,213,207,218,216,205,212,209,206,209,206,213,208,207,205,213,208,206,209,215,209,212,218,210,204,218,208,207,209,219,209,215,208,212,204,205,211,209,204,214,313,358,204,215,217,214,213,206,217,205,216,214,212,209,217,219,217,204,210,210,218,204,209,210,205,207,214,204,215,211,219,205,206,206,204,204,204,212
219,212,210,205,210,211,205,207,218,210,209,206,213,205,215,204,216,208,375,255,357,353,214,318,332,260,321,325,243,258,314,339,350,361,337,358,208,217,219,206,208,213,215,216,215,216,210,204,212,213,208,218,211,213,212,208,219,215,210,209,206,216,218,210,217,206,216,217,217,210,210,211,207,205,211,218,209,209,211,215,217,208,205,206,215,208,216,213,206,215,215,207,219,210,218,216,217,217,212,214,213,214,218,214,210,214,218,209,214,212,204,213,208,209,216,217,205,219,208,216,208,211,210,218,209,207,217,217,206,215
207,217,207,215,205,211,219,206,217,219,209,216,210,211,213,214,207,213,376,256,358,218,209,215,333,261,322,326,244,259,315,340,351,362,338,206,209,207,217,218,211,205,210,212,213,208,218,214,218,217,218,215,209,207,204,204,212,212,215,215,217,213,206,206,208,219,212,206,213,209,216,204,208,214,217,209,205,206,218,215,207,206,209,219,215,218,218,209,206,217,206,207,207,216,204,214,212,211,207,213,213,215,210,219,207,217,212,213,213,217,208,214,204,209,206,215,209,215,217,219,215,208,215,217,216,218,219,207,211,211
216,216,219,206,211,218,219,219,206,218,212,204,209,207,209,212,217,205,210,218,210,209,204,204,208,214,323,327,245,260,316,341,352,363,217,216,217,213,214,205,212,219,205,218,211,208,215,218,213,204,210,204,206,210,219,214,204,217,209,209,216,218,213,209,216,213,212,204,216,219,218,209,218,205,213,213,213,211,211,207,211,208,204,205,209,215,212,206,217,216,209,215,208,218,211,211,207,213,214,214,218,219,207,207,208,209,206,209,217,215,209,211,211,210,208,214,216,207,205,215,205,210,209,210,205,207,213,206,214,210
216,207,212,216,204,218,211,216,206,214,213,207,218,207,217,209,210,217,211,211,205,208,209,216,211,214,216,328,246,261,317,342,353,216,205,214,215,214,215,217,214,216,218,213,219,216,204,213,209,217,209,205,210,219,212,217,216,204,215,207,204,208,210,215,209,213,212,209,213,217,217,210,214,207,208,217,210,213,204,206,209,204,206,217,214,213,209,205,214,207,207,210,214,207,213,219,209,207,215,207,206,208,208,212,212,209,206,207,210,217,216,212,213,206,213,205,207,216,217,211,219,215,208,210,215,218,209,214,209,205
205,212,215,206,204,207,215,210,218,217,215,210,204,219,206,204,204,218,211,204,215,213,215,214,218,210,204,205,209,213,318,343,219,219,208,206,215,208,205,216,209,219,213,210,205,205,218,212,215,218,215,204,204,213,207,209,205,212,207,217,208,208,214,207,213,217,216,204,218,211,213,216,219,204,217,216,204,209,212,215,213,213,214,212,215,215,219,218,212,219,213,204,206,219,207,218,206,204,217,217,209,206,204,206,210,210,208,214,211,219,208,204,207,205,209,205,214,217,218,207,219,214,219,210,207,217,206,205,218,208
204,217,215,218,205,211,216,217,214,208,212,205,214,210,206,205,204,219,205,211,217,212,213,213,218,212,204,205,214,205,214,217,207,204,211,212,214,216,209,214,206,204,216,207,206,206,208,216,206,206,209,205,213,217,213,214,208,219,216,219,213,207,215,212,218,215,208,206,218,215,206,205,204,210,215,216,216,216,212,213,204,210,210,212,205,204,212,219,209,219,212,217,208,217,213,204,208,204,218,213,219,219,215,206,219,204,216,210,219,215,206,206,205,214,210,206,217,216,219,218,207,218,212,207,209,214,213,209,204,205
204,206,206,214,216,212,210,213,209,209,212,218,205,207,219,207,215,204,218,207,216,216,214,212,207,213,212,206,210,212,216,216,213,216,216,215,217,208,213,216,219,211,219,218,207,208,211,214,213,211,214,212,208,206,216,212,214,205,204,218,216,210,211,212,209,212,218,214,212,209,215,210,212,208,212,216,213,205,206,206,204,216,216,216,212,206,219,210,208,218,218,204,204,219,208,214,216,213,207,217,215,205,213,214,213,217,212,214,206,210,206,214,212,204,215,216,213,210,211,213,206,210,216,213,217,214,218,205,209,210
