72,249,294,16,30,26,29,20,19,20,17,19,26,25,17,21,18,286,12,228,58,3,11,14,6,131,109,131,117,107,0,92,12,1,104,294,18,23,25,27,20,30,314,266,318,24,286,1,12,321,322,29,19,26,286,9,4,0,13,298,23,27,24,304,313,9,7,15,298,25,28,20,23,30,372,337,7,13,15,1,5,303,288,12,5,0,298,19,19,28,21,29,19,26,25,16,22,18,27,30,21,27,29,19,28,20,24,21,22,24,23,20,28,31,17,26,25,21,29,23,27,23,24,17,29,25,19,18,18,31,1,8,5,1,1,10,1,10,8,12,9,3,7,5,0,58,65,72,174,52
73,250,295,22,26,16,31,19,310,316,25,23,31,29,18,27,28,287,0,229,59,132,4,13,11,0,44,5,7,131,124,93,15,14,105,295,16,27,22,21,20,310,315,267,321,320,287,11,8,15,325,318,22,23,287,271,274,10,10,299,306,258,320,302,7,7,4,10,299,26,26,26,25,16,373,338,334,13,8,12,9,374,289,1,11,15,299,29,18,26,27,17,31,306,266,260,256,318,31,30,17,25,19,21,23,27,20,17,23,24,25,20,19,30,20,16,20,22,27,24,30,23,26,21,16,16,23,26,27,28,0,11,2,14,12,0,11,10,9,4,13,9,1,3,195,59,66,73,175,53
74,251,296,31,26,16,312,256,315,327,264,258,322,18,26,27,25,371,10,230,60,133,146,65,58,195,45,139,72,7,107,106,11,8,100,298,19,27,26,16,16,302,11,8,8,303,286,10,4,5,10,298,304,258,256,272,275,364,5,325,309,259,317,311,10,15,14,2,303,25,23,23,19,19,17,339,335,343,280,271,346,375,286,3,9,6,317,256,258,262,322,25,312,309,267,261,257,323,316,20,18,24,29,31,26,17,17,21,24,28,29,30,20,27,20,30,16,23,30,31,25,17,29,16,22,29,22,22,29,24,12,15,10,11,9,12,12,11,4,13,9,13,2,195,196,60,67,74,176,54
75,252,297,30,306,260,307,257,11,6,265,259,303,23,26,27,25,372,364,231,61,134,147,66,59,196,46,140,73,167,125,109,11,6,101,299,25,31,23,27,19,368,283,283,268,377,287,14,0,3,9,299,302,259,257,273,276,365,5,11,6,13,10,14,10,366,364,4,327,266,326,23,28,17,30,30,336,344,281,272,347,376,287,5,9,10,11,257,259,263,300,312,309,14,1,9,11,1,300,16,17,30,23,28,16,17,27,19,21,21,27,19,23,29,28,20,17,28,20,17,22,22,28,26,22,25,22,31,17,28,12,4,13,8,15,8,8,9,14,1,14,10,174,196,197,61,68,75,177,55
76,253,319,264,311,261,15,3,8,2,9,14,317,322,21,16,29,373,365,232,62,135,148,67,60,197,47,141,74,168,146,6,7,0,102,298,23,23,28,27,25,369,284,284,269,378,290,12,9,1,7,325,313,5,298,19,19,286,2,7,277,274,12,10,13,367,365,12,271,267,303,28,26,19,20,21,26,345,282,273,348,30,290,5,10,10,11,4,10,10,301,288,5,1,1,2,6,10,301,21,18,27,18,18,25,21,27,28,26,17,18,26,28,17,24,19,25,20,29,24,25,29,24,31,24,22,18,17,27,27,2,0,10,4,1,0,14,5,12,10,15,209,175,197,198,62,69,76,178,56
77,254,13,265,15,0,4,6,6,15,3,12,4,323,320,20,18,310,307,233,63,136,149,68,61,198,48,142,75,169,147,139,15,9,103,299,26,21,24,29,25,370,285,285,270,379,291,4,6,10,2,6,0,0,299,25,31,287,15,346,278,275,364,14,11,319,313,355,272,334,377,18,22,25,25,23,22,26,25,22,26,18,291,1,12,12,13,10,0,7,298,289,4,12,7,4,12,14,377,29,23,27,26,308,320,17,26,29,24,28,27,22,18,20,25,16,30,21,31,28,18,19,22,27,24,19,25,27,27,27,2,3,13,14,7,9,9,12,15,6,188,210,176,198,199,63,70,77,179,57
78,255,12,7,3,14,13,0,8,0,15,10,11,9,321,326,21,302,2,234,64,137,150,69,62,199,49,143,76,170,148,140,216,8,104,300,28,22,28,31,27,25,27,25,24,17,302,15,10,1,14,283,4,6,296,20,22,368,349,347,279,276,365,7,10,8,346,356,273,335,378,25,28,21,310,262,320,24,29,22,20,306,309,12,3,13,12,6,10,10,299,302,11,2,2,11,271,346,378,21,25,21,23,302,294,31,28,22,17,20,31,18,28,22,31,23,21,16,314,262,318,18,18,18,25,23,22,28,16,25,8,9,5,3,181,132,4,9,10,195,189,211,177,199,200,64,71,78,180,5
12,4,15,8,1,1,14,1,0,277,283,9,10,10,9,319,260,307,2,0,13,138,151,70,63,200,50,144,77,171,149,141,217,13,105,301,31,22,20,28,19,16,28,29,22,26,371,15,13,15,361,284,334,2,297,24,26,369,350,348,30,16,302,7,271,349,347,357,31,336,379,31,308,320,302,263,323,266,322,310,260,307,11,3,11,6,274,271,352,337,323,313,6,10,0,361,272,347,379,22,30,25,304,315,295,29,16,28,28,17,18,24,16,25,22,27,18,25,286,263,325,256,316,21,27,31,23,18,24,27,3,13,14,202,182,133,132,65,188,196,190,212,178,200,201,10,11,1,2,14
11,9,4,12,0,10,8,268,349,278,284,340,5,0,7,3,261,7,10,13,8,4,152,71,64,201,8,145,78,172,150,142,218,7,96,294,29,24,20,18,22,21,20,20,18,17,372,337,268,355,362,285,335,343,374,21,17,370,351,23,26,26,371,361,272,350,348,20,21,17,310,264,307,317,311,2,9,267,294,302,261,8,2,13,10,358,275,272,353,338,364,9,8,15,358,362,273,348,16,16,17,30,302,5,296,30,22,28,22,30,30,21,17,22,19,23,22,21,287,6,1,257,321,324,17,18,24,19,26,29,7,7,174,203,183,134,133,66,189,197,191,213,179,201,11,3,2,3,4,1
8,14,15,10,283,280,358,269,350,279,285,341,340,12,9,10,13,12,6,14,15,12,7,11,5,0,11,13,11,173,151,143,219,9,97,295,29,20,308,260,322,26,22,25,29,24,373,338,269,356,363,29,336,344,375,30,16,17,19,22,31,18,372,362,273,351,30,27,27,28,371,265,0,13,15,4,14,15,295,368,268,358,328,280,352,359,276,273,354,339,365,3,10,346,359,363,21,28,18,31,17,23,371,10,297,30,17,25,29,30,20,20,27,18,22,22,27,30,288,12,8,15,9,319,316,19,28,19,30,19,72,174,175,204,184,135,134,67,190,198,192,214,180,6,5,10,12,2,13,11
9,7,280,346,284,281,359,270,351,23,17,342,341,328,15,0,1,5,1,11,7,11,12,6,3,11,4,0,5,0,152,144,220,0,98,298,16,17,302,261,303,28,31,17,27,24,23,339,270,357,16,29,28,345,376,23,22,31,20,19,21,24,373,363,18,30,16,29,17,23,372,328,277,268,3,14,7,12,303,369,269,359,329,281,353,360,22,17,20,27,371,271,361,347,360,26,27,310,324,18,16,19,372,337,374,26,16,25,26,24,18,17,30,17,21,22,20,19,289,9,8,11,7,0,303,24,16,28,28,27,73,175,176,205,185,136,135,68,191,199,193,215,6,5,12,14,11,6,6,5
3,346,281,347,285,282,360,24,27,23,21,21,342,329,337,12,13,4,8,6,9,7,4,1,15,10,2,13,4,11,0,145,228,6,99,299,306,262,313,12,327,326,26,27,25,17,18,29,17,30,29,24,21,29,24,19,24,31,28,16,31,30,20,19,20,29,26,27,18,26,373,329,278,269,364,7,14,11,317,370,270,360,330,282,354,27,30,304,322,26,372,272,362,348,20,19,20,302,303,21,29,25,373,338,375,22,19,22,25,17,27,30,31,19,26,21,26,28,302,4,1,14,13,9,374,22,25,29,27,19,74,176,177,206,186,137,136,69,192,200,194,3,9,3,8,10,3,4,13,7
352,347,282,348,19,23,17,17,26,30,23,26,24,330,338,331,274,280,9,12,4,2,1,14,8,0,9,3,3,0,15,8,229,216,100,303,302,263,118,32,128,300,26,27,17,28,18,30,19,16,31,30,18,21,29,28,20,23,21,304,318,20,29,24,23,19,20,26,16,26,18,330,279,270,365,7,10,3,8,298,28,18,21,24,22,29,310,305,300,17,373,273,363,16,24,29,23,371,374,29,30,22,24,339,376,30,16,18,28,22,28,17,26,30,16,20,31,19,368,15,10,3,5,366,375,19,21,20,25,29,75,177,178,207,187,138,137,70,193,201,5,14,10,11,13,15,12,6,271,358
353,348,17,26,19,30,29,24,18,24,30,27,25,29,339,332,275,281,364,11,3,8,5,0,11,12,14,4,5,9,6,5,230,217,101,327,311,5,90,33,100,301,27,24,19,24,30,312,326,17,24,25,28,29,20,23,312,320,18,302,300,17,29,21,22,19,19,31,24,21,29,16,24,31,288,6,11,7,0,299,30,20,25,26,29,30,286,12,301,16,19,20,16,18,16,19,26,372,375,18,30,16,29,29,18,24,31,16,29,26,18,18,21,28,25,27,23,24,369,343,2,9,9,367,376,26,28,19,17,24,76,178,179,208,11,8,138,71,194,11,1,0,5,7,13,4,268,358,272,359
354,25,21,19,26,27,27,17,18,27,31,30,25,22,25,333,276,282,365,7,14,5,1,10,9,6,5,3,5,1,9,0,231,218,123,32,128,3,91,15,101,325,258,324,18,21,17,302,327,266,320,29,20,21,25,24,302,327,258,313,301,18,20,31,22,18,31,24,20,22,20,21,24,20,289,15,13,2,8,303,26,26,22,24,22,26,287,8,303,24,30,29,23,24,21,17,27,373,376,22,16,31,27,18,19,18,19,22,26,23,26,28,17,25,29,21,31,27,370,344,343,4,1,303,31,27,22,16,28,28,77,179,180,346,364,10,9,15,4,0,1,10,7,11,8,358,269,359,273,360
19,17,24,29,28,310,256,326,29,30,21,16,31,22,27,25,28,28,371,0,6,15,6,12,13,13,12,12,9,5,3,1,232,219,7,33,121,34,113,2,102,14,259,303,16,31,16,371,11,267,294,18,25,22,23,23,371,3,259,5,325,256,318,28,19,31,25,16,26,28,27,26,16,28,371,10,11,4,9,321,322,22,16,306,320,31,368,280,377,24,27,20,19,17,31,24,18,18,23,27,20,312,322,25,24,24,31,18,19,18,18,21,19,26,30,30,31,26,26,345,344,337,268,327,256,324,27,17,26,21,280,277,346,347,365,13,7,4,12,8,7,4,11,3,366,359,270,360,28,25
17,17,23,22,20,302,257,303,21,23,304,264,316,21,20,27,21,27,372,334,12,1,0,10,3,1,15,13,6,6,1,10,233,220,5,1,8,35,9,5,103,12,12,321,316,27,24,372,364,0,295,25,21,22,26,16,372,331,268,8,14,257,323,262,318,16,17,29,27,21,28,20,19,24,372,364,15,7,1,8,294,19,16,292,323,318,369,281,378,16,16,18,24,24,28,306,320,23,21,28,24,368,321,322,24,29,18,16,18,20,19,31,28,30,16,27,27,20,16,26,345,338,269,343,257,303,19,20,24,22,281,278,347,348,302,12,0,1,8,1,9,14,11,8,367,360,30,24,19,23
20,16,22,310,264,311,14,325,260,266,313,265,303,25,20,17,30,21,373,335,364,13,13,1,13,11,7,10,7,3,7,4,234,221,0,5,4,3,6,8,129,38,34,126,303,24,17,373,365,9,298,23,21,25,21,28,373,332,269,340,271,274,268,263,323,322,19,29,24,17,25,27,22,23,373,365,9,5,283,1,295,28,26,293,15,303,370,282,379,17,21,25,27,29,20,302,317,322,30,29,27,369,364,317,260,324,16,19,28,18,16,30,24,28,31,24,20,30,23,28,21,339,270,344,343,377,16,22,25,30,282,279,348,314,313,5,8,4,9,13,1,6,15,4,298,24,25,25,25,21
18,29,31,302,265,11,10,4,261,267,15,7,327,258,326,25,17,28,19,336,365,7,3,5,13,13,8,14,10,9,10,15,1,86,2,15,3,10,9,10,12,39,35,107,319,322,29,17,302,4,299,20,25,19,27,26,19,333,270,341,272,275,269,364,13,296,28,25,23,314,256,322,20,21,29,288,15,366,284,334,377,26,30,368,268,374,18,25,24,19,30,27,28,304,258,307,10,321,256,264,260,370,365,13,261,303,28,17,19,30,19,21,24,24,17,22,22,17,24,21,31,26,28,345,344,378,22,23,21,28,26,19,19,292,9,1,13,15,13,8,12,13,6,4,299,30,26,23,25,20
26,29,314,313,12,14,6,6,11,10,3,5,9,259,319,324,24,24,20,23,368,8,4,4,9,15,13,6,3,15,11,7,13,87,4,1,11,0,7,209,132,1,12,129,130,296,27,27,371,280,374,29,26,22,20,27,23,21,19,342,273,276,270,365,12,297,23,25,23,290,257,296,25,28,29,289,4,367,285,335,378,31,20,369,269,375,16,22,25,30,17,16,18,290,259,15,3,3,257,265,261,298,292,5,9,327,264,320,20,306,256,266,324,23,304,316,22,28,22,18,29,27,22,27,345,379,28,24,28,18,16,16,31,293,4,6,9,4,10,0,9,13,5,6,319,318,29,22,26,30
21,312,311,10,5,3,14,0,2,15,1,3,4,5,13,303,19,18,30,31,369,364,4,2,10,8,9,1,14,5,4,4,11,88,1,4,15,11,202,210,133,139,58,44,242,297,25,26,372,281,375,24,30,23,20,30,27,18,28,20,29,28,26,286,6,300,26,31,26,291,6,297,17,23,31,292,15,296,27,336,379,22,20,370,270,376,18,22,17,24,20,28,26,291,7,12,13,6,8,8,12,299,293,12,4,14,265,294,17,302,257,267,303,27,302,298,25,22,17,20,28,19,16,25,24,31,25,18,30,30,22,16,314,309,8,7,12,3,0,5,5,12,13,5,15,294,29,27,21,16
23,302,14,0,13,3,6,2,4,15,14,10,8,3,2,323,316,22,28,30,370,365,2,4,8,11,13,3,13,14,5,3,0,89,6,3,6,181,203,211,134,140,59,45,243,296,26,28,373,282,376,26,308,264,258,318,22,24,25,23,25,18,25,287,9,301,29,28,312,315,1,296,20,22,25,293,13,297,20,20,21,26,19,308,326,22,25,17,26,18,27,21,19,290,10,10,3,4,14,11,10,321,305,7,9,15,12,295,24,371,274,7,323,262,307,299,20,28,16,30,20,17,306,264,264,316,27,19,23,19,21,24,288,9,2,8,6,1,13,2,11,10,6,14,6,295,23,17,28,31
312,313,8,5,13,6,11,0,0,14,3,4,0,11,0,9,319,326,16,28,310,307,0,11,4,11,7,3,14,7,2,116,40,119,14,11,188,182,204,212,135,141,60,46,244,297,22,19,22,30,22,28,302,265,259,325,322,19,28,21,22,28,21,302,12,296,26,27,290,7,15,297,27,19,20,371,6,298,19,31,24,308,258,313,303,25,25,16,20,25,19,21,30,291,14,10,12,3,11,12,11,12,7,13,7,3,15,303,29,372,275,334,11,263,8,294,31,25,23,29,16,19,302,265,265,298,23,24,16,306,20,19,289,3,3,3,7,15,15,9,14,13,15,3,4,321,326,30,17,31
288,8,12,5,15,12,4,4,15,116,32,38,124,3,4,2,10,303,26,17,286,6,5,15,14,5,11,14,14,11,2,106,41,9,9,188,189,183,205,213,136,142,61,47,245,294,18,28,17,19,28,308,305,0,4,7,319,318,22,20,27,19,304,313,0,297,28,19,291,1,4,303,314,324,24,372,364,299,18,26,20,302,259,5,377,24,16,31,31,28,21,20,22,302,5,5,3,1,11,9,5,6,0,0,12,7,1,317,266,373,276,335,364,13,3,295,312,320,30,21,31,304,315,2,13,299,16,28,21,292,22,310,307,5,7,2,13,6,12,5,12,14,11,11,7,6,300,30,21,24
289,9,3,6,11,4,13,0,3,228,33,39,107,0,3,5,9,377,26,19,287,114,34,128,3,1,12,12,11,110,32,111,10,13,181,189,190,184,206,214,137,143,62,48,246,295,31,19,27,18,17,302,2,9,5,9,6,323,322,26,16,23,288,12,7,374,21,23,302,9,5,325,309,303,24,373,365,296,27,31,31,368,271,355,378,29,16,21,30,24,18,26,17,368,274,4,3,11,2,366,343,0,11,5,6,6,8,13,267,303,26,336,365,3,9,298,286,321,316,28,306,307,12,6,1,374,19,26,29,293,27,302,5,14,1,7,12,3,13,2,1,5,10,10,1,1,301,23,20,21
290,7,15,7,8,7,11,12,0,229,216,5,127,130,1,15,366,378,28,26,292,106,35,123,32,38,40,40,42,109,33,4,11,202,182,190,191,185,207,215,138,144,63,49,247,303,22,23,30,19,310,311,6,4,4,9,11,7,317,324,16,29,289,11,355,375,27,304,313,0,7,11,7,321,326,31,302,297,25,25,27,369,272,356,379,19,16,26,30,27,27,16,26,369,275,328,12,1,0,367,344,328,15,7,5,10,283,361,328,323,322,26,292,3,8,299,287,15,300,24,288,7,2,5,355,375,30,29,306,313,25,368,8,11,1,7,1,13,2,9,6,4,10,13,15,1,303,27,29,26
291,15,5,4,4,3,13,10,15,230,217,14,4,107,4,5,367,379,19,29,293,228,0,12,33,39,41,41,43,3,3,14,202,203,183,191,192,186,208,13,8,145,64,50,280,374,27,24,24,27,288,0,15,12,11,10,15,3,9,303,25,22,371,349,356,376,25,302,5,0,366,343,3,2,325,264,315,374,27,22,30,370,273,357,20,22,18,23,27,25,17,28,28,370,276,329,328,12,15,319,345,329,334,1,1,366,284,362,329,364,303,30,293,1,0,317,311,9,301,22,289,0,2,361,356,376,24,22,364,13,23,369,334,11,2,8,0,0,2,9,7,4,15,11,280,274,374,30,31,308
305,0,4,5,8,12,10,2,11,231,218,10,6,249,1,12,325,326,27,31,286,229,146,51,65,51,58,58,79,0,12,209,203,204,184,192,193,187,7,4,1,7,14,366,281,375,31,24,27,29,289,15,9,12,5,9,5,9,1,323,320,23,372,350,357,28,21,371,8,13,367,344,328,8,2,265,366,375,29,25,17,24,22,17,31,30,30,23,30,29,28,25,20,28,29,330,329,337,4,15,303,330,335,364,6,367,285,363,330,365,325,264,307,0,1,0,15,0,327,260,305,6,346,362,357,24,23,21,365,6,25,370,335,364,1,5,0,6,11,7,12,0,14,366,281,275,375,19,23,302
7,2,9,0,6,7,10,15,6,232,219,9,222,250,11,5,7,303,22,24,287,230,147,52,66,52,59,59,80,153,174,210,204,205,185,193,194,8,9,1,3,1,3,367,282,376,25,20,20,23,286,13,9,7,7,8,6,1,9,0,317,316,373,351,28,22,25,372,337,280,303,345,329,331,7,3,367,376,26,31,21,30,19,30,30,30,19,18,18,21,20,23,16,17,22,18,330,338,364,5,377,21,336,365,0,303,30,16,26,288,4,265,10,13,10,12,4,7,7,261,5,366,347,363,29,26,18,29,302,3,28,21,336,365,11,10,4,12,3,12,2,11,9,367,282,276,376,18,31,371
11,5,9,11,5,9,13,5,12,233,220,6,223,251,8,13,4,374,18,30,288,231,148,53,67,53,60,60,81,154,175,211,205,206,186,194,6,7,12,4,7,15,15,303,27,22,21,25,22,22,287,14,8,3,5,3,15,6,2,11,11,298,17,25,23,29,18,373,338,281,256,262,330,332,334,274,377,31,28,28,29,18,19,27,17,20,304,262,326,22,29,30,30,18,30,23,23,339,365,366,378,21,21,302,6,319,324,17,31,289,8,0,2,268,274,268,1,3,11,11,13,367,348,17,19,21,304,260,309,11,25,30,26,302,3,5,8,11,9,6,1,7,15,294,27,27,19,24,22,372
340,13,5,15,12,3,9,0,6,234,221,6,224,252,3,4,366,375,21,22,289,232,149,54,68,54,61,61,82,155,176,212,206,207,187,0,14,3,3,8,0,3,12,325,256,318,20,16,27,24,302,11,1,5,8,6,13,9,2,9,1,299,19,22,25,23,27,21,339,282,257,263,294,333,335,275,378,30,24,30,21,29,18,23,308,256,309,263,327,256,256,326,23,31,28,22,18,312,311,367,379,21,17,371,11,8,298,27,16,371,0,13,366,269,275,269,337,361,343,10,12,303,19,31,23,17,302,261,6,12,30,23,310,307,116,42,128,2,8,5,9,5,8,295,22,22,16,30,31,373
341,364,4,15,3,5,1,6,6,108,119,1,225,253,9,14,367,376,30,18,302,233,150,55,69,55,62,62,83,156,177,213,207,208,4,6,0,13,6,8,2,14,7,0,257,303,26,29,26,304,311,4,7,5,3,4,11,12,6,4,1,327,320,30,31,25,22,20,17,17,292,13,295,26,336,276,379,24,29,17,25,18,24,17,302,257,14,11,8,257,257,317,262,318,28,28,25,302,0,303,22,19,16,372,334,268,299,17,23,372,331,12,367,270,276,270,338,362,344,343,280,377,31,27,27,26,371,1,8,14,19,16,288,108,119,43,131,126,8,12,14,12,2,327,318,18,23,31,27,16
342,365,13,9,8,4,15,14,10,106,2,13,226,254,4,1,323,322,24,23,371,234,151,56,70,56,63,63,84,157,178,214,208,13,5,4,10,4,11,5,8,9,10,2,12,325,322,17,24,302,0,5,15,2,1,13,2,4,13,4,6,13,294,31,31,27,24,29,29,16,293,5,300,26,27,312,256,318,31,24,31,31,28,304,305,7,4,0,9,11,12,12,263,303,23,22,20,371,280,377,30,23,24,373,335,269,256,264,318,373,332,331,377,17,31,18,339,363,345,344,281,378,30,29,29,22,372,364,3,8,29,22,289,86,6,6,12,121,124,12,4,7,13,15,319,316,25,26,23,31
29,292,11,7,5,9,12,118,36,119,2,4,227,255,0,3,15,296,29,21,372,343,274,57,71,57,64,64,85,158,179,215,0,1,9,2,0,10,6,9,8,8,5,5,3,4,327,260,266,305,2,3,10,12,6,11,4,7,5,0,13,6,295,27,22,25,18,22,21,22,302,10,301,30,22,302,257,303,30,16,22,19,308,313,15,4,11,12,0,8,8,8,14,321,326,30,17,372,281,378,24,23,27,19,336,270,257,265,303,28,333,332,378,312,256,266,262,324,22,345,282,379,23,26,23,21,373,365,10,2,23,19,286,87,13,14,11,2,123,128,2,5,15,3,1,319,318,19,21,18
19,293,8,3,10,11,11,86,37,5,11,2,100,8,2,10,1,297,25,26,373,344,275,364,6,0,5,283,277,159,180,9,3,6,0,15,2,7,10,11,4,8,10,7,14,2,11,261,267,11,8,4,5,15,11,0,12,268,10,15,11,3,298,26,31,19,20,19,29,27,371,274,303,314,262,315,0,317,316,23,314,264,307,4,9,12,1,6,14,10,14,11,7,1,303,20,16,373,282,379,31,26,304,266,326,22,368,280,374,30,25,333,379,302,257,267,263,300,28,16,24,308,316,18,30,19,21,371,13,11,23,21,287,92,9,14,14,14,4,131,128,9,5,12,14,7,300,26,24,28
304,307,13,4,15,8,7,87,4,1,12,9,101,15,6,3,12,303,26,30,18,345,276,365,12,6,352,284,278,340,13,12,9,5,280,271,280,268,8,0,4,12,9,15,11,4,15,7,7,0,5,8,0,12,14,10,352,269,334,6,10,15,299,25,25,24,30,28,18,16,372,275,256,305,263,108,42,130,303,30,290,265,15,7,9,15,15,6,12,6,1,12,5,15,325,326,30,25,17,24,29,24,302,267,303,26,369,281,375,29,29,24,310,305,6,14,7,301,21,22,312,311,296,22,18,16,21,372,364,5,22,17,290,93,0,7,4,14,79,0,107,9,8,4,3,2,301,31,28,22
290,10,15,0,8,14,5,228,51,4,4,7,242,8,9,12,2,323,326,27,23,27,19,302,3,355,353,285,279,341,343,277,268,358,281,272,281,269,343,6,11,6,9,10,14,15,8,4,14,1,4,11,14,6,14,349,353,270,335,328,283,274,374,30,16,30,21,20,30,28,373,276,257,11,15,106,43,107,327,318,291,3,3,5,10,14,8,9,15,5,13,15,7,9,6,300,31,28,30,26,31,30,368,3,321,318,370,282,376,28,306,258,315,6,5,3,15,300,16,18,302,2,297,21,20,31,23,373,365,8,28,18,291,90,1,1,14,181,80,153,129,38,126,4,9,8,303,27,24,25
291,13,9,8,12,7,9,229,52,167,79,181,243,5,6,4,7,13,300,21,16,25,17,368,355,356,354,27,24,342,344,278,269,359,282,273,282,270,344,334,12,14,8,5,0,11,6,14,7,1,1,6,10,9,352,350,354,20,336,329,284,275,375,29,31,29,29,16,30,25,28,310,315,108,32,119,2,127,130,317,307,6,13,2,10,8,0,15,271,3,7,5,10,13,9,301,18,310,258,324,22,31,369,328,271,374,17,18,26,26,292,259,7,3,3,8,4,301,20,28,368,280,374,16,16,31,18,17,292,5,22,304,305,91,6,5,174,182,81,154,146,39,107,2,5,11,321,316,30,25
292,7,0,3,10,280,4,230,53,168,80,182,244,1,11,7,5,6,301,19,18,19,26,369,356,357,23,27,16,22,345,279,270,360,26,25,19,30,345,335,340,8,2,11,4,4,5,5,10,14,6,14,7,361,353,351,31,29,24,330,285,276,376,24,30,20,17,25,29,26,310,311,4,106,33,6,2,15,102,2,7,0,4,8,0,3,14,361,272,364,6,1,3,7,5,317,260,307,259,321,320,29,370,329,272,375,30,27,20,26,293,13,14,12,9,5,11,303,18,20,369,281,375,27,29,28,26,17,293,13,21,286,114,109,0,174,175,183,82,155,147,132,242,6,11,4,12,303,21,31
293,3,0,9,366,281,364,231,54,169,81,183,245,11,9,3,5,0,303,28,20,18,27,370,357,18,22,30,26,23,21,18,25,30,17,16,18,22,20,336,341,343,277,3,13,5,8,2,14,6,4,8,358,362,354,27,25,29,19,26,20,24,16,18,30,23,27,31,20,19,288,5,108,111,9,7,4,12,103,12,11,10,6,4,11,9,355,362,273,365,8,12,12,8,5,6,261,4,2,3,325,258,320,330,273,376,31,27,28,31,288,7,13,9,14,3,7,325,316,29,370,282,376,20,18,21,28,25,302,12,19,287,106,7,202,175,176,184,83,156,148,133,243,8,13,4,5,377,16,16
292,15,13,9,367,282,365,232,55,170,82,184,246,8,7,0,5,14,321,326,25,26,19,19,24,16,22,26,26,20,16,26,26,22,26,20,17,16,27,22,342,344,278,343,1,12,9,15,13,0,3,352,359,363,24,26,17,21,27,23,25,17,20,28,18,22,29,20,16,22,289,118,109,4,72,14,8,5,242,15,4,12,11,6,9,355,356,363,25,368,3,14,8,15,12,2,0,13,2,12,13,259,303,27,17,24,31,18,23,24,289,3,0,5,3,9,9,4,303,22,20,27,31,314,260,324,26,25,371,277,27,302,235,195,203,176,177,185,84,157,149,134,244,10,4,0,366,378,21,19
293,2,8,11,296,23,302,233,56,171,83,185,247,13,10,10,3,14,7,327,316,30,21,27,24,31,29,17,23,20,25,24,16,28,28,23,24,16,26,25,26,345,279,344,340,0,2,6,15,8,349,353,360,16,31,22,27,19,30,19,20,26,31,17,19,30,21,26,24,28,288,94,5,222,73,139,65,195,243,14,0,5,11,11,346,356,357,18,31,369,337,6,4,6,12,9,5,0,13,1,3,1,325,326,27,24,20,24,26,22,292,13,5,15,2,10,0,14,317,256,318,31,29,286,261,303,18,21,372,278,306,313,236,196,204,177,178,186,85,158,150,135,245,5,1,2,367,379,24,30
288,5,0,11,297,28,368,268,57,172,84,186,248,361,343,6,14,3,1,4,317,318,29,26,17,23,29,24,22,24,31,22,18,29,24,19,26,31,25,29,18,16,26,345,341,337,274,268,277,352,350,354,17,22,29,17,31,17,23,30,23,16,24,16,25,23,31,25,18,16,289,95,12,223,74,140,66,196,244,13,5,0,3,352,347,357,31,306,318,370,338,364,7,4,11,10,10,6,8,8,2,2,9,303,25,19,20,18,19,20,293,6,9,12,6,5,9,1,5,257,303,26,21,287,2,374,16,19,373,279,290,7,237,197,205,178,179,187,2,159,151,136,246,15,7,13,294,17,18,20
289,4,10,15,294,17,369,269,328,283,268,268,355,362,344,343,5,13,5,15,12,327,318,24,24,17,17,16,22,18,308,256,262,256,266,324,22,29,29,20,29,31,19,30,342,338,275,269,278,353,351,17,21,17,25,22,20,23,17,21,30,308,266,260,326,31,21,19,18,31,292,94,3,224,75,141,67,197,245,2,13,15,366,353,348,26,28,302,303,22,339,365,11,5,11,13,1,6,7,4,8,14,10,319,320,16,17,314,260,322,290,7,5,4,277,277,10,13,13,3,319,320,21,290,366,375,24,30,26,25,291,6,238,198,206,179,180,8,14,14,152,137,247,15,9,5,295,19,20,310
305,2,1,14,295,25,370,270,329,284,269,269,356,363,345,344,340,6,8,5,3,2,296,16,21,26,27,18,25,23,286,257,263,257,267,303,24,19,16,31,26,16,31,24,25,339,276,270,279,354,24,19,27,23,17,31,31,21,27,29,310,315,267,261,294,22,21,28,22,25,293,95,8,225,76,142,68,198,246,14,0,12,367,354,28,16,23,368,377,31,20,371,8,3,15,0,9,10,0,14,8,6,8,1,296,20,25,290,261,294,291,10,8,366,278,278,364,12,9,15,0,303,27,291,367,376,29,21,29,16,292,7,239,199,207,180,8,8,0,9,2,138,248,4,9,10,303,24,312,311
0,7,8,4,303,17,23,21,330,285,270,270,357,23,29,345,341,331,12,10,8,10,297,30,22,31,22,22,20,17,287,9,0,1,0,323,326,20,26,25,24,19,26,18,26,24,27,26,27,27,23,26,23,18,16,27,26,17,26,304,311,4,14,12,295,22,27,23,30,308,315,92,13,226,77,143,69,199,247,4,1,3,294,23,17,18,21,369,378,27,24,372,334,12,11,11,1,14,15,15,6,13,0,3,297,22,28,291,3,295,292,15,11,367,279,279,365,15,3,0,12,377,18,302,303,22,16,19,28,17,293,5,240,200,208,11,14,11,11,10,0,15,10,10,8,4,377,26,302,11
10,5,11,6,374,19,19,26,29,22,18,17,28,16,23,23,342,332,343,3,3,7,300,17,19,29,18,23,24,23,290,14,14,14,12,5,327,326,22,21,24,22,27,23,17,26,31,27,30,30,28,31,21,16,25,18,25,27,304,311,13,13,1,3,294,23,29,31,24,290,7,93,10,227,78,144,70,200,248,15,15,0,295,27,21,17,24,370,379,19,23,373,335,364,10,0,12,5,4,13,11,1,0,2,303,21,26,371,280,377,293,0,7,321,256,326,288,11,3,6,361,378,28,371,325,256,320,22,18,21,288,10,241,201,10,5,14,13,1,10,10,11,4,8,8,346,378,308,305,11
3,0,6,349,375,25,18,18,19,18,26,16,19,20,25,18,30,333,344,343,11,14,301,16,27,30,18,21,18,28,291,6,6,11,8,6,11,303,23,28,24,29,30,26,31,26,29,21,23,16,28,21,31,25,20,27,16,310,315,1,0,6,12,1,295,17,19,27,18,291,118,113,14,98,10,145,71,201,11,9,10,10,296,23,18,21,28,17,26,16,19,30,336,365,6,10,8,11,13,2,8,13,2,7,323,320,28,372,281,378,290,12,1,5,257,303,289,9,8,366,362,379,23,372,364,257,327,318,25,31,289,11,11,0,7,11,0,0,7,4,8,4,11,15,349,347,379,290,13,5
10,10,366,350,376,18,24,22,18,18,25,20,17,20,18,23,31,29,345,344,343,280,374,29,27,18,28,21,23,26,292,12,15,13,3,4,11,323,318,23,16,16,25,23,23,25,25,24,30,16,26,25,16,20,29,23,306,305,5,7,6,3,5,5,294,31,16,22,22,302,86,7,13,99,5,3,6,2,8,4,3,10,297,30,27,30,26,27,29,26,26,27,18,288,13,8,3,2,13,2,4,5,9,12,7,296,16,373,282,379,291,2,8,13,9,327,311,15,15,367,363,29,314,373,365,271,6,303,18,31,290,11,11,4,3,6,0,5,0,4,11,5,3,366,350,348,16,291,15,8
5,13,367,351,26,20,22,27,29,25,26,27,31,29,24,17,20,19,25,345,344,281,375,21,20,22,17,26,22,28,293,10,0,4,5,15,7,14,321,316,26,20,31,21,23,28,28,17,22,19,20,19,26,28,18,310,307,8,5,14,7,8,6,14,295,17,18,28,312,315,87,11,1,242,14,3,11,9,5,2,15,6,321,264,324,16,28,25,28,30,21,16,16,289,5,12,6,13,2,0,366,364,2,3,14,297,17,31,27,31,368,271,349,337,4,4,4,3,268,374,24,304,313,327,256,272,364,323,260,258,291,15,12,3,9,6,14,10,14,8,0,2,13,367,351,19,20,292,11,13
12,7,303,22,28,22,23,30,26,17,24,31,29,30,17,26,28,16,26,22,345,282,376,22,19,23,21,21,30,24,286,2,7,8,15,12,15,1,8,303,23,21,26,20,25,29,17,21,22,21,18,20,24,23,312,309,7,6,1,7,8,2,0,3,294,24,25,19,290,9,235,79,181,243,4,14,8,3,3,6,13,15,15,265,303,30,30,23,21,31,24,22,314,307,15,8,9,15,2,1,367,365,15,15,1,300,28,18,17,17,369,272,350,338,334,1,7,349,269,375,18,288,3,2,257,273,365,6,261,259,292,11,8,9,13,1,9,1,7,12,5,11,15,294,16,29,23,293,7,0
14,4,319,260,316,25,23,16,29,29,16,18,27,31,25,30,29,17,26,26,20,28,29,29,22,17,16,17,23,29,287,2,6,14,15,4,13,6,12,325,318,24,20,18,28,27,31,25,31,26,18,16,21,312,315,1,3,4,13,3,7,0,10,5,295,21,26,31,291,2,236,80,182,244,15,3,4,12,10,12,6,12,1,7,319,326,18,17,17,23,31,28,290,0,5,14,9,6,14,2,325,307,15,11,12,301,18,22,26,28,370,273,351,339,335,343,361,350,270,376,21,289,13,4,323,256,307,14,13,283,293,13,10,15,8,5,0,15,12,12,13,12,10,295,26,24,27,302,11,1
12,2,10,261,317,266,320,31,19,30,18,19,25,20,29,17,29,30,21,30,25,27,26,24,23,31,27,20,26,29,290,1,13,11,4,8,13,11,2,7,325,316,28,22,30,16,28,23,29,21,23,19,306,311,5,15,8,1,1,14,1,3,13,7,300,27,24,31,292,6,237,81,183,245,10,3,4,14,4,7,9,11,6,15,11,296,29,16,17,26,24,25,291,8,5,0,3,12,15,15,12,9,10,11,4,300,19,31,29,24,20,27,18,28,336,344,362,351,23,23,24,302,6,13,13,257,13,12,366,284,292,6,4,9,3,5,5,14,7,4,5,4,11,296,21,20,310,307,8,5
15,10,12,11,12,267,321,326,18,29,24,16,23,16,17,22,29,29,21,31,16,27,28,21,28,23,19,28,22,26,291,6,3,13,9,8,0,4,12,14,12,323,316,29,28,29,22,23,30,18,27,312,305,0,1,7,1,1,7,3,9,11,3,7,301,31,17,20,293,14,238,82,184,246,9,4,0,4,8,15,13,4,1,8,10,297,20,19,26,23,31,306,305,8,12,9,4,11,10,15,10,4,7,11,5,301,18,29,27,22,310,264,262,324,24,345,363,21,17,25,20,368,10,0,4,3,14,15,367,285,293,5,3,8,8,13,12,15,7,6,6,3,3,297,28,16,302,15,5,7
1,14,13,6,12,15,1,321,266,316,19,21,21,23,21,22,23,19,30,24,29,23,22,31,27,28,26,16,25,27,286,1,13,11,5,1,10,8,14,0,10,3,317,316,29,16,20,22,16,18,310,307,12,3,13,15,15,0,6,2,3,11,9,9,296,27,18,16,302,8,239,83,185,247,10,6,7,7,14,7,8,0,9,10,1,374,24,25,31,19,17,286,11,4,14,3,2,7,13,9,3,1,7,1,10,377,24,24,23,23,302,265,263,298,21,24,27,27,19,26,25,369,337,1,1,366,343,280,303,24,371,11,10,1,3,11,2,0,6,7,8,9,1,303,23,31,368,5,12,14
1,7,10,10,6,4,8,4,267,325,262,316,29,20,21,22,20,31,21,23,28,30,25,29,23,18,21,28,17,30,287,3,2,6,15,15,8,8,9,5,7,3,5,319,266,260,258,264,258,260,307,14,5,7,15,13,12,0,8,5,5,0,2,6,297,27,18,21,368,8,240,84,186,248,11,12,6,2,0,15,1,6,11,10,366,375,27,29,24,23,20,287,8,3,4,6,15,3,0,12,12,0,14,8,355,378,20,24,20,21,368,10,9,299,24,19,25,31,312,318,31,370,338,364,0,367,344,281,256,258,372,364,12,15,9,10,10,10,13,7,3,5,8,374,17,28,369,343,352,331
0,15,14,9,2,12,6,5,15,6,263,321,316,30,25,25,29,19,24,16,16,28,24,23,21,30,30,19,17,31,286,12,1,7,2,6,9,12,11,11,2,13,7,2,267,261,259,265,259,261,15,5,1,3,7,8,10,9,6,0,11,1,15,14,298,31,25,16,369,364,241,85,187,14,5,15,9,4,9,10,9,5,6,1,367,376,18,25,26,30,31,288,11,6,10,14,3,6,3,1,6,11,13,346,356,379,25,20,17,31,369,340,280,377,21,28,28,16,302,321,326,16,339,365,6,321,345,282,257,259,373,365,10,13,10,15,1,1,3,15,12,6,366,375,17,29,370,344,353,332
331,268,280,268,3,0,13,14,13,4,0,14,323,256,326,23,20,18,16,26,16,17,29,27,16,22,16,26,28,23,287,2,8,5,6,1,0,12,2,6,11,15,4,12,10,5,15,4,5,3,10,13,0,2,12,13,3,14,12,7,6,7,15,3,299,31,18,19,370,365,5,8,0,1,9,0,1,11,12,14,15,11,0,11,303,29,25,27,24,16,28,289,7,13,3,13,366,364,5,5,4,15,349,347,357,17,30,24,27,20,370,341,281,378,30,22,27,26,368,283,323,316,25,292,0,0,298,16,292,8,27,302,6,10,14,2,5,9,8,5,9,14,367,376,29,31,26,345,354,333
332,269,281,269,337,7,4,5,6,14,6,1,2,257,298,25,30,21,28,27,23,20,25,20,17,20,19,29,29,17,286,15,7,13,13,8,13,5,1,8,4,0,5,6,9,2,0,8,14,9,3,1,1,10,8,2,12,2,0,6,10,11,15,0,300,26,26,20,23,368,4,10,7,2,12,8,9,3,2,2,10,3,9,5,319,322,31,20,29,29,20,290,6,6,15,11,367,365,3,271,280,355,350,348,19,22,26,25,314,326,29,342,282,379,25,314,320,28,369,284,364,319,324,293,9,13,299,31,293,7,23,371,2,7,1,2,5,11,12,11,14,3,303,20,26,24,17,19,27,21
333,270,282,270,338,337,12,1,8,13,7,10,14,3,299,20,25,22,31,17,31,18,27,25,30,27,17,19,17,25,287,2,15,15,14,3,1,13,7,5,1,15,6,0,4,4,2,12,10,14,12,14,5,8,13,14,2,11,15,8,2,11,0,15,301,22,24,28,21,369,340,6,3,12,12,2,15,14,5,9,14,0,5,8,4,296,21,27,20,25,31,291,4,10,11,14,317,315,366,272,281,356,351,24,30,20,28,20,302,300,26,27,20,31,19,290,294,23,370,285,365,5,300,286,6,5,303,16,288,3,22,372,334,7,14,13,11,6,11,13,3,3,377,22,23,20,19,31,31,27
22,26,25,21,339,338,364,0,15,9,4,15,14,3,327,320,24,20,17,30,25,26,25,30,21,25,16,20,18,17,290,14,9,15,15,15,9,3,6,2,7,0,5,10,0,12,14,1,8,4,4,15,9,0,3,3,12,9,2,5,0,10,4,2,294,17,24,22,29,370,341,343,8,8,10,2,2,1,7,4,15,10,15,6,11,297,19,29,24,30,16,302,12,0,6,12,14,14,367,273,282,357,25,27,22,20,306,258,315,301,24,18,18,28,27,291,295,27,31,26,371,13,301,287,12,11,321,316,289,1,30,373,335,343,1,10,2,3,1,0,7,366,378,21,20,17,17,29,18,27
26,31,31,28,17,339,365,13,112,42,120,2,15,0,3,298,25,31,28,19,23,31,20,20,16,25,28,17,16,22,291,3,7,0,6,1,15,6,2,3,0,9,11,15,14,2,3,7,5,14,4,9,0,1,8,3,5,5,6,7,0,11,15,0,295,29,24,28,23,28,342,344,337,10,5,11,5,10,8,15,15,3,12,3,6,377,17,22,20,21,25,371,4,7,1,4,11,2,303,17,19,29,21,27,19,19,286,259,14,300,25,29,26,24,29,286,294,24,18,24,372,364,303,302,9,13,1,296,292,11,18,18,336,344,337,15,14,6,3,13,11,367,379,26,20,29,17,18,18,24
28,25,25,27,306,264,311,118,119,43,107,8,13,3,12,299,22,20,27,24,22,20,29,29,27,21,16,24,19,16,290,15,10,4,11,1,4,14,9,2,9,1,2,15,11,3,13,12,15,4,14,9,10,0,6,2,3,11,14,6,11,9,12,3,296,29,25,26,17,31,30,345,338,331,268,7,10,4,8,13,15,14,5,5,352,378,26,22,21,21,30,372,334,8,13,7,4,15,327,316,19,21,21,28,31,28,287,5,4,301,25,23,26,31,18,287,295,30,22,25,373,365,325,256,364,13,13,297,293,4,23,21,17,345,338,340,4,14,14,12,12,321,316,31,31,28,20,27,19,27
21,27,21,25,286,265,116,115,8,58,242,4,15,9,9,294,29,18,16,23,24,24,31,25,16,17,31,16,29,31,291,5,12,5,2,9,15,0,3,0,10,7,0,15,8,5,14,0,2,0,3,15,11,5,3,8,8,7,13,5,15,0,4,10,297,26,28,28,18,20,23,31,339,332,269,340,283,1,14,14,0,15,13,366,353,379,29,314,258,318,26,373,335,331,7,4,9,8,10,325,324,27,21,23,30,28,368,8,1,374,28,24,18,16,21,292,294,17,30,31,27,288,1,257,365,13,3,303,302,0,16,30,22,27,339,341,334,283,12,9,9,12,303,29,21,18,22,19,24,21
28,29,20,28,287,110,117,9,181,59,243,8,9,4,8,295,29,18,31,21,23,21,28,24,29,18,16,26,26,17,371,14,1,0,9,11,7,8,14,2,14,11,10,2,7,3,11,3,8,1,4,1,0,12,14,14,11,14,2,12,3,15,5,5,377,18,31,23,17,31,30,25,31,333,270,341,284,364,13,15,12,12,13,367,354,28,30,302,259,296,19,20,336,332,334,6,6,2,12,8,294,25,24,28,19,19,369,328,349,375,29,27,26,19,28,293,295,21,28,27,18,289,2,327,315,0,5,319,311,5,17,19,25,16,25,342,335,284,343,6,8,1,327,324,25,30,26,27,24,24
27,29,27,31,286,88,13,174,182,60,244,2,0,2,6,303,19,22,23,26,28,28,22,31,22,23,29,25,29,16,372,364,3,6,5,0,13,0,15,7,2,7,4,13,8,5,13,0,1,4,11,7,0,10,3,6,5,7,3,13,6,4,15,366,378,27,31,23,29,28,29,30,27,16,19,342,285,365,7,2,15,10,15,374,27,29,314,315,8,297,22,28,31,333,335,364,12,8,2,1,295,30,16,16,22,22,370,329,350,376,326,24,29,21,20,292,298,25,29,21,19,302,1,280,13,14,11,13,0,11,19,25,22,31,21,31,336,285,344,364,13,0,11,303,16,22,24,19,27,21
30,22,21,24,287,89,222,175,183,61,245,10,0,1,11,321,318,23,21,24,22,25,23,17,19,30,18,20,25,22,373,365,5,14,2,3,0,0,8,10,2,5,6,1,8,0,6,10,1,2,13,4,11,3,5,8,0,15,11,1,15,5,6,367,379,30,18,28,31,30,26,16,17,16,18,18,29,292,5,12,7,13,366,375,29,31,288,15,3,296,29,20,19,25,336,365,12,4,1,13,298,17,25,20,21,21,18,330,351,288,300,20,25,22,27,293,299,31,31,28,312,311,366,281,334,274,6,14,4,4,30,25,29,29,29,16,22,27,345,365,7,5,11,327,320,16,19,30,20,29
29,19,25,308,307,106,223,176,184,62,246,12,7,4,15,2,321,322,19,21,31,24,18,20,17,31,30,19,31,28,21,368,11,9,9,10,5,10,9,5,1,15,4,7,11,8,2,4,2,9,0,4,1,14,14,11,15,0,2,4,2,5,10,374,30,27,26,19,18,21,28,26,16,26,26,27,31,293,1,12,12,7,367,376,18,29,289,15,7,297,31,25,31,20,312,311,9,8,14,6,299,24,18,17,18,20,31,31,17,289,301,22,306,322,18,371,377,17,17,21,302,11,367,282,335,275,364,2,0,280,26,25,19,21,19,21,27,31,26,286,6,7,4,10,323,316,29,21,19,17
21,31,23,288,110,113,224,177,185,63,247,1,10,12,4,1,14,303,25,28,18,25,22,20,21,25,20,22,19,24,22,369,334,7,4,11,7,9,10,14,15,9,6,8,9,10,12,4,0,5,15,5,4,11,11,6,3,1,3,14,5,1,346,375,28,29,21,29,27,27,26,17,25,17,25,19,24,302,9,13,10,6,377,16,29,310,313,4,277,377,26,28,26,26,302,0,3,5,4,11,303,27,25,27,28,312,266,324,30,302,298,23,302,303,23,372,378,25,25,19,368,283,377,24,336,276,365,1,358,281,30,20,25,16,21,28,21,29,26,287,2,2,3,13,14,296,21,25,31,26
30,27,17,289,94,13,225,178,186,64,248,14,11,10,12,14,6,325,258,316,23,31,25,29,31,20,26,29,31,26,25,370,335,331,10,8,3,2,1,14,5,9,2,2,10,11,13,12,6,4,11,2,7,8,8,14,8,4,7,4,6,358,347,376,19,17,27,27,22,27,28,18,22,24,17,27,310,307,15,11,2,366,378,22,314,315,8,366,278,378,28,19,24,314,305,13,2,6,0,12,377,25,28,29,17,286,267,317,264,315,299,19,368,319,260,373,379,21,29,29,369,284,378,29,31,312,311,366,359,282,30,22,18,18,21,23,19,24,310,315,0,11,11,6,0,297,28,22,17,22
20,312,258,313,95,11,226,179,187,0,2,8,8,14,3,15,11,9,259,298,21,30,18,16,25,21,19,29,19,30,26,23,336,332,343,15,1,15,2,2,0,0,11,15,7,6,12,7,14,13,10,4,15,11,0,9,13,3,14,0,355,359,348,25,24,18,23,26,28,22,18,21,19,25,25,31,302,4,8,3,15,367,379,24,292,2,14,367,279,379,25,26,314,307,14,7,13,3,9,355,378,23,18,21,18,287,0,10,265,12,303,29,369,334,261,303,28,18,30,21,370,285,379,31,304,309,11,367,360,21,26,16,28,30,31,21,28,22,286,8,3,5,12,15,12,327,326,31,31,16
22,290,259,9,106,9,227,180,4,10,7,9,12,4,6,4,2,11,6,299,26,20,21,20,22,21,29,25,23,25,22,25,19,333,344,343,10,15,12,10,14,2,5,3,2,13,6,2,6,5,15,0,13,11,10,3,13,7,11,352,356,360,25,18,22,28,29,26,21,28,18,26,17,19,30,310,311,4,9,6,14,303,22,17,293,6,15,298,31,31,23,314,313,14,10,15,3,1,358,356,379,18,28,27,21,302,9,9,4,15,317,322,370,335,340,374,18,30,30,19,24,29,31,23,288,13,2,325,322,24,23,16,16,16,28,19,24,26,287,2,5,13,3,7,1,6,298,16,27,29
31,291,108,36,119,4,125,128,11,11,14,4,12,10,3,7,1,7,4,323,266,318,17,21,25,28,21,29,18,23,20,23,19,17,345,344,331,11,15,4,4,2,15,15,15,3,0,11,15,4,15,14,4,3,12,8,8,7,355,353,357,17,17,17,18,30,19,29,25,24,23,31,314,260,260,309,3,3,9,12,1,377,20,19,292,8,0,299,23,23,16,288,15,1,6,1,0,366,359,357,23,17,26,25,17,371,10,4,4,9,1,303,30,336,341,375,25,25,16,21,26,30,24,18,289,6,1,14,296,21,21,26,29,25,31,310,262,256,307,10,6,15,3,2,9,8,299,31,25,20
20,288,106,37,14,11,11,102,6,0,8,15,0,11,6,10,11,3,5,4,267,303,22,17,24,20,21,16,26,26,25,21,24,18,17,345,332,331,10,6,10,13,5,9,3,6,0,8,9,4,12,12,14,13,12,3,14,346,356,354,22,27,24,19,19,17,30,27,19,30,27,19,286,261,261,12,5,9,13,13,352,378,22,28,293,1,14,374,19,23,16,289,3,12,10,1,7,367,360,30,24,20,19,20,20,372,334,11,8,0,0,317,316,21,342,376,264,326,27,27,26,18,19,31,290,11,12,9,297,19,30,21,306,266,264,305,263,257,9,14,2,3,4,10,3,11,327,266,316,20
26,289,228,51,2,4,9,103,2,0,5,0,6,9,15,12,7,9,13,14,5,327,316,23,19,20,16,25,18,25,30,27,16,22,25,30,333,332,334,13,5,12,5,5,3,1,6,2,1,0,13,13,4,7,6,9,349,347,357,22,26,27,23,25,30,21,30,31,30,25,22,19,287,1,3,6,5,2,9,352,353,379,27,24,302,7,366,375,17,23,308,315,2,14,7,2,3,377,20,24,28,20,28,23,24,373,335,364,0,9,13,6,294,22,27,286,265,303,16,27,17,21,18,22,291,10,11,9,300,26,17,23,302,267,265,110,128,13,10,15,14,4,13,3,0,13,6,267,321,322
21,302,229,52,216,0,5,107,12,5,15,2,0,13,15,7,5,7,15,1,14,2,298,18,27,18,29,26,21,23,28,24,28,31,17,22,20,333,335,343,15,13,5,3,3,14,14,11,12,14,6,8,5,10,8,352,350,348,25,21,17,30,28,26,16,29,19,29,27,23,30,310,307,2,4,11,6,4,366,353,354,23,21,306,311,0,367,376,18,20,292,7,2,1,9,8,358,378,17,16,26,25,24,27,23,27,336,365,15,2,0,9,295,31,23,287,11,374,27,16,26,17,27,22,302,8,0,15,301,27,27,314,305,5,118,115,242,9,12,13,0,3,9,9,0,4,4,0,2,317
264,307,230,53,217,15,4,127,122,13,6,11,8,0,3,0,15,10,13,15,8,5,299,29,22,27,20,31,31,28,20,21,24,21,23,31,28,20,336,344,334,5,6,11,8,2,10,2,0,1,5,1,2,11,355,353,351,30,29,21,21,24,20,25,31,19,16,24,25,29,312,305,4,15,15,0,6,13,367,354,25,26,28,290,3,12,298,31,16,28,293,8,2,3,12,346,359,379,18,28,31,28,16,25,306,326,31,371,14,11,1,13,303,22,20,290,366,375,19,25,28,23,18,19,371,8,9,13,374,21,310,311,114,34,115,181,243,3,5,6,4,13,8,8,10,2,15,14,11,2
265,13,231,54,218,3,15,7,107,10,4,0,15,7,11,11,5,11,6,1,11,13,294,27,24,20,26,31,21,27,20,22,18,25,22,28,26,24,28,345,335,343,12,9,3,6,4,4,0,0,3,11,10,346,356,354,20,16,30,26,31,31,24,22,23,16,25,31,18,16,302,12,8,9,2,5,10,5,300,22,19,29,22,291,12,1,299,26,28,306,307,3,11,15,366,347,360,21,18,19,30,28,21,22,302,303,22,372,337,6,5,9,327,320,19,291,367,376,21,21,28,17,24,23,372,364,7,366,375,26,292,14,106,35,222,182,244,10,2,2,6,3,12,8,7,11,3,5,8,9
11,1,232,55,219,6,3,6,123,120,3,0,7,3,11,10,4,12,13,0,12,5,295,22,27,18,18,30,21,29,16,16,30,18,27,23,21,27,22,21,336,344,337,0,9,15,10,10,15,1,10,12,358,347,357,27,16,17,30,27,23,31,26,28,25,16,21,19,23,314,311,7,6,5,5,6,5,9,301,29,22,31,18,302,1,8,319,324,28,288,15,10,9,4,367,348,27,23,30,27,21,16,20,22,371,374,24,373,338,364,14,13,10,300,30,286,303,30,21,31,17,25,21,17,373,365,4,367,376,20,293,110,109,5,223,183,245,14,6,9,14,4,6,10,2,1,10,3,12,13
0,13,233,56,220,8,13,12,12,107,15,13,9,4,10,5,0,2,6,6,3,3,374,31,20,29,21,28,22,22,19,30,31,22,30,19,20,31,28,31,30,345,338,343,13,1,2,11,10,3,6,355,359,348,26,30,26,31,23,25,17,19,22,29,17,16,24,21,25,302,8,10,4,0,7,15,10,0,303,30,25,18,17,371,11,14,2,300,28,289,9,15,6,2,296,18,19,16,23,29,22,20,21,28,372,375,23,25,339,365,8,15,7,301,21,287,323,318,16,26,29,27,22,23,20,371,12,303,28,20,286,88,0,13,224,184,246,7,10,6,10,12,15,12,13,11,5,10,11,110
122,5,277,57,221,0,8,9,2,125,120,5,13,2,12,14,6,4,1,8,11,366,375,23,16,17,25,28,29,29,16,18,30,20,17,17,26,20,29,31,17,24,339,344,364,14,2,6,11,14,366,356,360,20,26,25,22,16,16,17,28,18,27,17,18,30,20,16,314,309,7,6,9,6,7,4,14,11,321,256,318,19,24,372,364,13,7,301,20,302,3,15,0,5,297,25,24,25,30,26,25,24,20,19,373,376,18,17,21,371,3,4,6,296,16,292,11,294,19,28,27,19,17,21,18,372,328,374,22,26,287,89,8,15,225,185,247,10,0,13,14,10,8,11,6,116,36,128,3,106
104,366,278,364,235,12,15,11,4,12,102,4,9,5,11,1,9,3,8,6,3,367,376,19,26,29,29,28,19,31,30,28,28,17,24,24,19,19,29,18,19,22,26,345,365,14,6,1,13,1,367,357,26,29,19,17,22,16,28,30,30,19,18,17,23,26,27,25,302,4,14,15,12,2,6,15,10,10,8,257,296,30,21,373,365,4,4,294,29,368,9,0,5,2,323,320,30,16,31,21,31,31,22,31,30,23,19,16,21,372,328,6,11,297,28,293,0,295,17,26,16,18,27,20,21,373,329,375,22,308,292,90,1,3,226,186,248,0,10,3,4,2,6,15,10,86,37,127,36,119
105,367,279,365,236,216,4,2,0,15,103,10,0,0,6,2,15,4,0,1,9,296,22,18,28,29,16,28,17,30,20,31,28,26,20,21,30,28,16,22,25,27,24,28,290,8,0,14,10,12,294,19,22,26,16,18,27,22,25,27,21,21,26,22,30,31,20,308,311,2,11,5,10,0,7,4,9,11,6,0,297,16,20,26,302,6,11,295,18,369,364,8,14,9,10,303,21,29,20,28,17,17,19,23,23,28,16,27,24,373,329,364,8,298,18,302,15,298,28,23,25,20,23,23,27,18,330,376,23,302,293,91,7,10,227,187,9,3,4,8,0,14,8,15,11,87,110,130,37,10
96,303,17,292,237,217,14,4,13,3,107,7,11,5,10,11,7,7,6,7,2,297,18,314,262,258,320,16,22,29,26,19,18,18,24,28,24,28,25,27,20,16,31,17,291,8,10,3,4,9,295,26,23,28,22,18,17,20,18,16,18,19,29,23,31,23,26,286,14,1,5,4,3,5,15,14,4,12,14,2,296,24,18,27,371,12,1,374,17,370,365,12,14,0,10,317,260,258,322,19,24,20,21,23,22,17,31,27,30,28,330,365,15,299,19,371,13,299,23,20,26,20,27,20,18,19,26,22,21,368,290,94,15,11,96,13,12,15,3,5,7,9,14,13,11,86,92,127,40,126
97,317,318,293,238,218,4,12,5,9,125,122,2,11,10,5,4,11,6,14,0,303,24,302,263,259,303,18,17,31,18,31,25,26,23,29,30,21,26,23,18,18,26,30,290,0,7,2,6,4,298,26,19,24,23,17,20,17,17,16,23,28,26,26,22,27,31,287,3,4,9,12,14,0,5,11,3,2,15,5,297,23,25,16,372,340,361,375,25,20,288,6,3,0,7,14,261,259,303,20,31,29,31,26,28,17,20,22,22,31,31,368,2,319,318,372,340,377,28,31,21,30,16,20,30,21,18,31,27,369,291,95,2,15,97,9,2,12,2,0,8,14,6,12,4,87,93,8,41,107
129,130,319,307,239,219,7,13,12,1,13,104,4,7,6,0,0,8,7,6,274,377,314,305,7,11,323,322,28,18,29,24,24,20,17,25,25,20,23,28,23,25,29,23,291,15,1,7,6,14,299,22,26,28,20,16,17,29,18,31,28,18,28,19,27,21,20,364,5,6,5,12,0,14,14,15,4,9,13,3,327,320,16,29,373,341,362,376,20,25,289,15,6,11,12,13,11,1,327,318,29,25,308,316,31,21,19,27,27,17,25,369,331,8,303,373,341,378,22,31,16,308,266,316,20,18,24,18,16,370,292,90,9,5,129,126,6,7,7,0,9,5,11,13,5,106,88,1,4,131
128,98,10,12,240,220,10,8,15,15,5,105,1,8,0,13,12,14,9,358,275,378,286,15,7,14,13,298,16,30,25,26,27,25,22,25,27,24,23,16,29,17,18,21,302,10,4,4,6,0,296,20,17,24,22,27,31,22,25,22,27,19,25,31,21,23,29,365,2,5,3,8,4,7,2,12,10,12,8,15,5,323,316,22,31,342,363,18,30,314,315,10,2,14,8,5,6,10,5,323,316,314,311,303,25,30,31,30,17,26,23,370,332,337,374,20,342,379,16,29,306,313,267,303,31,29,308,320,26,29,293,91,12,12,10,121,122,0,10,2,0,3,3,5,118,119,89,12,6,14
100,99,7,3,241,221,3,2,10,4,8,107,0,0,0,3,4,12,366,359,276,379,287,14,2,6,10,299,23,20,25,16,20,19,21,29,17,31,27,27,20,24,16,314,315,5,5,10,3,6,297,27,22,18,16,27,21,22,18,28,31,20,27,25,16,25,18,302,15,7,7,13,13,8,4,9,4,1,8,9,14,5,303,26,26,22,25,19,16,288,7,11,8,8,7,5,14,8,13,8,323,307,10,323,264,318,31,20,22,29,17,23,333,338,375,18,16,18,22,19,292,15,14,377,20,27,286,325,264,318,292,228,12,7,13,11,107,3,7,15,3,3,7,8,88,12,94,0,8,14
101,121,36,120,10,106,15,6,10,2,10,131,124,12,9,14,2,10,367,360,27,24,368,280,0,7,0,377,16,26,24,23,25,25,28,20,25,24,26,23,16,31,30,302,6,1,13,7,2,8,323,318,23,28,21,30,24,30,17,16,31,17,22,24,17,24,306,307,15,1,4,3,8,15,8,9,13,6,8,7,9,283,377,20,22,23,18,23,28,289,15,10,14,4,7,12,3,7,14,13,1,8,13,11,265,298,29,25,31,29,20,22,29,339,376,27,25,25,18,26,293,12,366,378,31,31,287,0,265,296,293,229,132,15,11,3,127,130,0,9,5,6,9,3,89,12,95,14,0,13
123,128,37,125,36,115,108,38,38,40,42,120,131,122,2,11,0,6,298,21,22,29,369,281,340,280,346,378,22,25,19,28,21,24,29,27,27,25,19,21,30,31,306,311,13,7,0,14,12,0,5,303,29,29,17,31,28,26,22,24,20,27,22,31,25,29,302,13,5,4,4,14,8,1,1,5,10,11,268,268,358,284,378,27,21,25,27,25,17,292,5,10,4,13,15,2,7,3,2,3,5,6,14,12,6,299,24,25,16,22,26,17,20,17,25,31,24,21,18,28,286,7,367,379,19,30,302,1,12,297,286,230,133,160,14,14,5,107,12,4,0,14,10,112,109,3,228,0,14,12
0,131,40,120,37,13,106,39,39,41,43,129,122,123,126,0,4,9,299,17,21,22,370,282,341,281,347,379,20,30,25,29,21,16,28,19,23,25,25,27,27,18,302,2,9,12,13,7,2,8,8,323,326,25,31,28,28,20,28,26,21,18,18,29,26,24,371,7,6,7,2,6,9,14,13,10,8,366,269,269,359,285,379,19,18,17,28,24,20,293,2,108,34,34,34,122,11,9,5,3,3,6,10,1,12,319,324,25,29,31,18,18,25,26,24,23,17,19,19,31,287,0,294,26,314,260,309,2,1,300,287,231,134,161,139,44,72,249,5,5,8,8,2,92,13,7,229,160,79,51
6,3,41,121,42,36,117,14,14,65,65,72,242,0,107,0,9,13,303,16,18,23,26,31,342,282,348,24,24,16,19,20,24,26,29,27,21,21,17,26,22,310,313,7,12,14,8,0,9,0,5,11,298,25,30,18,20,22,20,28,30,28,28,29,25,25,372,364,6,15,13,6,6,3,3,15,10,367,270,270,360,16,16,29,20,28,25,20,24,290,10,94,35,35,35,100,14,4,9,13,6,2,0,1,7,4,321,326,31,25,28,16,31,22,19,25,19,27,23,31,371,9,295,18,302,261,11,7,7,301,288,232,135,162,140,45,73,250,8,11,5,13,12,93,8,10,230,161,80,52
146,65,13,7,43,37,0,3,209,66,66,73,243,9,131,130,3,0,325,316,18,16,25,23,21,16,31,24,21,22,30,21,18,24,27,21,19,28,20,22,16,290,11,11,3,0,5,6,1,2,14,4,299,21,30,16,17,28,18,25,31,22,16,28,16,29,373,365,2,0,15,1,2,2,15,0,7,377,27,21,25,19,28,29,28,16,20,17,18,291,3,95,10,10,14,101,12,3,9,13,15,3,13,4,6,9,1,303,21,30,23,24,29,23,24,22,25,21,26,21,372,334,377,28,368,280,274,0,10,294,289,233,136,163,141,46,74,251,1,11,8,0,9,92,1,14,231,162,81,53
147,66,153,72,44,65,72,181,210,67,67,74,244,5,3,96,15,1,13,303,28,20,20,24,29,30,23,25,21,28,24,16,29,18,19,29,21,21,16,29,19,291,11,1,0,14,7,11,0,12,3,14,321,324,30,19,19,26,21,31,22,25,25,22,18,28,18,302,7,14,12,8,15,8,4,0,366,378,25,19,16,19,17,26,23,29,18,28,29,368,12,90,5,8,15,107,2,15,1,6,11,6,3,7,10,15,0,319,326,26,31,17,19,31,24,30,31,314,326,23,373,335,378,18,369,281,275,364,11,295,368,234,137,164,142,47,75,252,3,2,11,11,6,93,1,14,232,163,82,54
148,67,154,73,45,66,73,182,211,68,68,75,245,0,4,97,6,0,2,321,320,24,18,18,27,22,29,22,26,21,314,266,266,322,27,27,21,20,31,28,28,290,6,5,10,7,2,4,13,1,13,10,9,294,18,28,24,28,21,24,24,31,24,21,18,25,29,371,12,10,2,5,6,8,11,10,367,379,29,29,21,22,16,308,266,324,18,31,24,369,364,91,7,8,5,131,128,2,12,0,15,11,5,11,2,6,6,13,296,30,30,18,30,17,20,19,29,302,327,322,25,336,379,20,370,282,276,365,9,298,369,331,138,165,143,48,76,253,1,12,1,0,9,228,14,10,233,164,83,55
149,68,155,74,46,67,74,183,212,69,69,76,246,5,4,107,14,10,13,15,303,22,21,29,18,29,29,21,27,27,371,267,267,303,22,18,21,26,29,24,22,291,14,12,5,10,9,13,7,6,8,6,2,295,31,17,20,21,17,29,27,29,23,29,28,23,17,372,337,14,10,12,10,5,0,10,294,23,31,23,17,31,21,288,267,294,19,20,31,370,365,228,12,11,7,0,125,126,14,4,2,3,8,14,10,14,0,9,297,30,23,20,26,26,28,310,258,309,10,296,23,31,31,22,23,25,24,286,5,299,370,332,337,166,144,49,77,254,8,3,12,5,3,229,153,8,234,165,84,56
150,69,156,75,47,68,75,184,213,70,70,77,247,6,6,129,130,1,6,2,327,266,322,20,27,26,30,16,27,25,372,328,277,374,17,26,21,20,17,26,22,286,3,2,10,5,11,0,2,5,1,3,8,303,27,20,16,22,23,16,19,26,17,21,17,28,26,373,338,364,8,4,11,2,5,11,295,18,23,31,304,256,322,289,11,295,29,24,22,21,290,229,132,72,8,9,9,129,36,126,7,5,1,15,14,0,15,4,303,19,28,17,18,18,28,292,259,14,14,297,18,17,312,260,322,20,28,287,15,298,25,333,338,343,271,271,283,255,2,8,8,3,5,230,154,167,6,166,85,57
151,70,157,76,48,69,76,185,214,71,71,78,248,0,0,11,107,14,6,15,1,267,303,18,30,24,20,30,25,27,373,329,278,375,22,18,16,19,21,22,17,287,5,14,0,6,11,14,8,14,5,7,14,377,23,24,27,30,16,30,19,31,28,19,26,27,25,16,339,365,14,9,4,14,1,13,303,17,26,310,305,257,296,302,1,303,27,18,17,18,291,230,133,73,160,11,9,10,37,102,3,8,7,9,14,15,3,12,327,322,25,24,22,28,26,293,12,268,1,319,324,25,302,261,303,18,22,368,7,299,27,22,339,344,272,272,284,364,6,12,1,4,5,231,155,168,153,72,51,11
152,71,158,77,49,70,77,186,215,3,51,44,6,10,4,12,121,126,12,6,12,12,325,320,16,28,28,24,26,31,18,330,279,376,23,19,19,19,17,16,17,302,2,1,3,2,7,11,3,0,3,14,366,378,27,19,21,17,28,20,28,16,22,17,20,29,16,26,28,368,277,8,0,4,4,1,377,18,29,302,10,9,297,371,268,377,28,16,28,20,290,231,134,74,161,146,12,1,5,103,5,0,11,7,8,10,3,1,1,296,30,28,18,26,27,368,352,269,364,7,319,266,305,283,374,16,28,369,364,303,16,30,18,345,273,273,285,365,10,5,3,11,15,232,156,169,154,73,52,153
6,6,159,78,50,71,78,187,14,202,52,45,153,10,5,6,4,123,34,126,12,10,14,296,31,16,24,23,28,16,28,21,29,19,23,19,22,21,20,25,25,368,3,1,7,5,0,2,12,1,6,9,367,379,30,18,25,23,21,24,30,20,30,23,22,16,18,22,26,369,278,331,5,12,9,366,378,19,312,311,13,7,294,372,269,378,22,26,20,28,291,232,135,75,162,147,139,1,5,107,10,11,0,10,6,3,1,9,3,297,24,21,18,29,21,369,353,270,365,8,12,267,366,284,375,19,30,370,365,321,26,31,22,17,30,23,28,302,9,6,12,14,11,233,157,170,155,74,53,154
167,3,8,209,146,51,79,79,188,203,53,46,154,160,65,44,8,7,35,107,12,7,10,297,19,28,25,28,27,16,16,31,20,28,22,31,29,17,27,26,20,369,331,5,8,12,11,9,2,1,3,10,303,18,27,16,17,24,27,22,17,27,17,27,16,25,20,31,30,370,279,332,364,5,0,367,379,27,286,5,11,14,295,373,270,379,16,28,18,29,302,233,136,76,163,148,140,146,65,242,5,5,15,8,2,6,7,9,7,303,16,24,26,19,23,370,354,28,368,3,10,2,367,285,376,16,308,262,313,15,20,23,31,21,27,28,27,368,15,12,14,10,2,234,158,171,156,75,54,155
168,146,181,210,147,52,80,80,189,204,54,47,155,161,66,45,139,11,14,249,2,14,9,298,30,21,31,16,18,23,27,23,19,17,29,24,19,18,31,25,24,370,332,343,8,3,12,10,7,8,8,1,377,30,28,16,16,16,21,31,31,19,28,28,16,28,21,24,18,27,29,333,365,7,1,294,25,24,287,7,9,5,298,21,17,28,22,28,26,27,371,234,137,77,164,149,141,147,66,243,11,4,11,2,0,9,11,6,8,374,23,24,24,30,23,19,18,24,369,337,3,14,303,19,28,30,302,263,8,6,20,17,30,18,18,21,31,369,364,10,6,9,9,7,159,172,157,76,55,156
169,147,182,211,148,53,81,81,190,205,55,48,156,162,67,46,140,153,195,250,15,11,10,299,29,20,18,20,24,29,304,322,21,17,23,25,30,30,16,24,25,21,333,344,343,277,277,283,283,277,274,361,378,17,19,22,27,26,17,19,29,16,20,16,22,25,16,24,31,20,16,24,286,13,11,295,25,17,302,6,9,15,299,29,21,25,22,22,28,30,372,340,280,78,165,150,142,148,67,244,5,7,10,7,4,12,2,3,366,375,31,19,31,28,28,22,30,19,370,338,340,280,374,24,24,28,368,283,8,5,28,25,21,31,20,26,26,370,365,14,4,10,8,4,3,173,158,77,56,157
170,148,183,212,149,54,82,82,191,206,56,49,157,163,68,47,141,154,196,251,9,14,0,303,30,16,31,25,30,19,302,298,17,23,27,19,31,25,30,25,28,30,26,345,344,278,278,284,284,278,275,362,379,21,17,21,25,25,22,24,28,312,318,16,16,19,17,19,22,27,20,27,287,14,9,327,316,21,368,4,2,5,321,266,326,29,16,26,17,22,373,341,281,328,166,151,143,149,68,245,7,15,11,13,14,1,4,3,367,376,19,21,27,26,29,310,258,326,18,339,341,281,375,20,25,28,369,284,364,12,30,21,22,31,28,26,21,19,302,14,3,6,6,12,2,9,159,78,57,158
171,149,184,213,150,55,83,83,192,207,57,50,158,164,69,48,142,155,197,252,13,1,5,323,326,17,20,19,304,262,307,299,19,16,31,25,21,19,23,23,25,27,21,21,345,279,279,285,285,279,276,363,19,28,31,16,21,29,24,28,304,307,325,258,256,322,23,26,21,20,20,16,286,3,15,10,298,31,369,334,271,4,11,267,319,322,30,30,21,16,31,342,282,329,331,152,144,150,69,246,6,5,14,0,11,14,12,10,303,19,31,24,19,26,20,286,259,303,24,21,342,282,376,22,23,26,370,285,365,1,21,26,26,23,24,27,28,30,368,0,3,268,14,15,7,13,6,14,14,159
172,150,185,214,151,56,84,84,193,208,9,6,159,165,70,49,143,156,198,253,12,12,13,5,303,29,25,308,305,263,9,325,324,24,28,26,25,27,16,26,22,22,21,30,29,17,22,27,25,20,24,25,27,17,30,23,29,24,31,24,292,0,7,259,257,303,23,28,18,18,27,30,287,0,10,8,299,16,370,335,272,331,14,4,7,303,19,21,17,21,21,16,19,330,332,337,145,151,70,247,14,6,7,3,3,6,283,271,374,20,27,18,18,21,28,287,11,377,24,24,19,16,24,18,19,29,29,20,302,6,31,19,30,31,21,26,22,16,369,340,349,269,343,15,9,1,5,8,15,7
173,151,186,215,152,57,85,85,194,14,15,11,5,166,71,50,144,157,199,254,12,4,7,15,377,27,310,309,114,34,38,122,303,16,23,29,20,29,22,23,17,25,28,25,26,17,31,28,21,16,26,16,31,30,25,24,21,28,18,18,293,116,40,38,128,321,262,256,326,28,28,19,371,4,3,6,377,21,19,336,273,332,334,11,5,325,318,20,22,20,23,19,22,25,333,338,328,274,277,280,3,15,14,11,0,361,284,272,375,27,18,20,20,20,17,286,366,378,25,25,24,23,26,26,24,18,306,260,307,10,266,260,258,318,21,23,26,22,370,341,350,270,344,364,8,15,10,8,13,4
13,152,187,1,9,1,0,6,14,13,0,9,1,15,9,7,145,158,200,255,8,5,12,366,378,310,309,108,119,35,39,107,327,262,322,29,20,19,17,30,21,16,19,28,25,28,22,30,30,20,27,17,21,18,21,16,25,16,18,308,305,106,41,39,123,128,263,257,321,324,30,25,372,337,277,349,378,22,22,16,21,333,335,340,9,2,303,24,25,19,17,17,20,24,29,339,329,275,278,281,364,9,5,12,366,362,285,273,376,26,16,28,21,21,28,287,367,379,31,20,22,22,16,23,30,23,288,261,14,5,267,261,259,325,316,29,21,17,29,342,351,28,345,365,11,7,1,0,2,12
7,2,1,4,6,10,13,3,13,12,2,15,9,0,9,7,1,159,201,9,9,11,12,367,379,290,13,106,11,1,11,129,122,263,327,256,256,316,22,24,29,19,30,17,27,25,22,24,25,30,27,31,21,17,21,20,19,312,266,305,110,119,7,12,10,125,34,40,120,325,322,23,373,338,278,350,379,28,18,18,25,22,336,341,331,0,317,318,25,26,17,22,31,25,23,30,330,276,279,282,365,9,2,3,367,363,19,28,19,27,18,25,22,16,29,368,374,17,23,31,29,22,30,19,17,23,289,13,9,4,0,0,12,0,296,25,31,26,30,16,25,27,17,371,14,5,12,13,8,10
14,14,7,12,8,13,11,10,7,6,10,10,14,0,5,9,15,9,9,5,8,14,0,300,24,291,12,228,15,3,1,8,127,38,128,257,257,327,326,25,21,16,16,24,17,16,31,28,27,16,23,31,29,29,28,16,23,290,267,14,106,11,51,65,0,9,35,41,129,128,303,31,18,339,279,351,17,24,20,25,16,22,16,342,332,364,12,325,324,24,21,30,16,23,17,16,29,25,19,16,286,9,11,0,298,20,21,28,31,21,16,31,28,25,28,369,375,29,17,26,312,262,258,326,22,20,286,3,0,10,7,12,11,10,297,27,16,17,30,31,24,17,26,372,343,7,5,12,8,1
14,14,1,10,7,0,6,5,8,2,1,10,12,15,3,14,10,15,2,4,5,6,6,301,25,290,2,229,160,4,13,10,13,39,131,34,34,128,325,318,25,18,31,17,25,26,25,20,23,20,30,20,26,21,31,23,28,291,11,118,119,195,52,66,132,10,5,65,65,249,321,318,29,21,27,17,22,26,30,308,258,316,22,21,333,365,0,8,377,29,30,20,16,16,17,25,23,25,25,26,287,8,1,12,299,18,23,22,27,21,26,31,29,19,22,370,376,31,18,27,288,263,259,296,16,24,287,12,9,14,271,274,3,8,323,322,18,21,23,31,28,24,21,373,344,334,3,15,110,126
4,1,5,0,13,11,3,14,13,6,9,12,7,14,11,7,9,7,5,10,6,1,12,321,322,291,12,230,161,139,9,12,14,15,14,35,35,107,8,325,324,25,17,17,24,19,27,19,20,30,16,28,29,18,30,21,18,302,9,235,209,196,53,67,133,153,181,66,66,250,6,303,31,17,23,21,16,18,23,286,259,300,20,16,18,302,2,366,378,23,27,23,310,256,260,264,260,258,326,20,302,4,5,5,298,28,31,18,31,27,19,26,26,27,28,27,31,27,21,29,289,6,13,297,25,20,286,10,9,10,272,275,337,271,280,377,16,26,20,26,30,26,20,28,345,335,364,0,235,123
130,3,0,4,4,8,14,11,15,10,15,0,9,2,15,6,9,12,15,15,13,9,12,14,300,368,6,231,162,140,216,1,1,13,15,7,12,125,36,122,303,19,19,17,24,28,25,29,26,27,19,26,30,30,31,16,306,313,11,236,210,197,54,68,134,154,182,67,67,251,13,321,320,26,29,28,25,25,18,287,15,301,19,21,314,307,5,367,379,27,24,306,305,257,261,265,261,259,325,258,305,14,8,2,299,21,24,25,20,21,16,23,25,18,27,30,31,19,24,19,292,6,13,296,28,18,287,13,15,2,273,276,338,272,281,378,27,28,16,17,21,17,20,16,18,336,365,11,236,167
242,0,15,14,8,11,1,3,1,5,6,5,2,12,0,9,10,9,10,4,4,9,7,3,301,369,364,232,163,141,217,3,13,15,1,65,58,79,37,107,319,260,324,17,29,28,314,258,326,24,30,17,308,262,318,31,286,12,14,237,211,198,55,69,135,155,183,68,68,252,7,5,303,31,21,30,22,29,24,302,12,294,29,17,302,12,6,374,22,25,22,302,8,2,12,4,2,8,11,259,7,13,8,14,303,27,31,22,22,31,312,256,316,29,29,17,30,17,26,28,293,10,11,297,30,29,302,8,1,12,30,21,339,273,282,379,31,30,26,29,23,29,26,23,21,20,371,15,237,168
243,3,5,12,4,8,11,11,5,9,10,6,7,12,6,8,3,5,7,2,5,6,7,7,377,370,365,233,164,142,218,7,11,9,195,66,59,80,132,125,120,261,327,322,21,21,292,259,296,20,21,312,315,263,303,22,287,1,4,238,212,199,56,70,136,156,184,69,69,253,6,7,325,320,27,20,31,21,310,307,10,295,31,23,371,274,358,375,22,31,308,313,3,15,3,3,11,10,14,15,2,12,5,7,323,320,28,19,21,23,302,257,374,19,23,18,31,23,304,264,315,6,10,303,27,304,315,11,11,5,27,30,24,26,31,17,19,20,21,28,21,29,20,23,21,20,372,364,238,169
244,7,10,8,8,5,9,9,14,7,1,7,7,6,7,14,11,13,9,1,15,4,2,355,378,21,371,234,165,143,219,8,2,174,196,67,60,81,133,160,123,126,5,298,16,18,293,9,297,21,23,302,3,7,374,25,368,1,2,239,213,200,57,71,137,157,185,70,70,254,3,11,11,294,16,23,31,19,302,6,4,374,21,28,372,275,359,376,18,314,309,3,4,10,3,13,10,7,11,7,9,1,8,1,9,296,31,17,18,18,368,346,375,16,24,24,17,18,286,265,0,14,13,319,256,313,9,280,8,8,23,19,25,24,312,256,324,24,26,24,28,20,31,28,17,25,373,365,239,170
245,6,3,5,11,6,13,15,8,10,8,9,2,13,10,9,1,14,11,6,10,8,366,356,379,26,372,328,166,144,220,1,202,175,197,68,61,82,134,161,132,249,14,299,22,304,315,12,294,18,20,371,274,352,375,30,369,364,14,240,214,201,15,4,138,158,186,71,71,255,13,12,10,295,16,31,16,27,368,271,349,375,22,30,373,276,360,16,24,288,8,1,0,9,15,9,7,6,12,7,2,10,10,7,6,297,17,25,27,31,369,347,376,28,21,28,23,23,287,13,0,0,4,12,257,5,366,281,328,280,24,21,25,312,311,257,321,326,20,27,20,17,30,31,26,26,16,290,240,171
246,2,7,0,0,0,3,8,6,5,7,0,9,15,10,6,0,6,10,13,0,4,367,357,21,16,373,329,364,145,221,202,203,176,198,69,62,83,135,162,133,250,4,374,19,286,0,6,295,18,17,372,275,353,376,22,370,365,9,241,215,15,14,10,7,159,187,5,10,2,12,10,9,303,19,20,24,25,369,272,350,376,262,320,22,25,28,20,25,289,13,4,4,12,1,0,13,3,1,6,11,8,14,8,11,300,30,28,17,20,370,348,21,30,23,31,20,25,368,8,4,15,4,13,12,13,367,282,329,281,28,16,18,288,2,3,8,374,22,24,19,26,24,28,25,16,24,291,241,172
247,9,14,5,10,13,15,4,12,8,0,15,9,4,8,11,15,15,14,3,358,364,317,320,29,29,24,330,365,112,115,242,204,177,199,70,63,84,136,163,134,251,366,375,24,287,11,7,296,28,25,373,276,354,20,21,21,288,1,15,0,6,10,15,0,12,15,14,7,8,11,9,8,319,326,27,28,22,370,273,351,302,263,298,30,31,22,30,310,305,14,15,6,9,13,2,4,13,0,12,5,12,12,1,12,301,25,29,19,31,25,18,16,29,24,16,21,22,369,340,11,0,9,12,11,277,374,23,330,282,304,260,318,289,6,11,366,375,304,256,326,29,23,30,25,306,260,309,274,173
248,12,1,9,5,9,2,10,8,13,14,9,12,0,5,13,13,1,3,349,359,365,7,298,22,23,17,18,302,94,222,243,205,178,200,71,64,85,137,164,135,252,367,376,28,371,10,14,297,24,26,18,16,22,28,17,18,289,4,15,13,1,9,9,7,10,6,6,10,3,1,12,5,3,298,25,16,21,31,25,17,368,4,299,29,28,21,21,302,1,12,8,13,6,7,12,6,10,5,2,6,14,7,14,3,296,22,27,27,25,22,17,20,27,21,29,30,17,370,341,331,355,364,12,366,278,375,19,23,24,302,261,300,368,7,6,367,376,286,257,294,25,30,30,28,292,261,366,275,337
11,11,11,2,13,10,9,7,2,0,14,12,13,6,277,13,1,9,346,350,360,315,4,299,30,19,25,310,309,95,223,244,206,179,201,4,13,8,138,165,136,253,296,16,30,372,364,6,300,17,29,29,31,26,16,29,25,290,12,2,1,5,6,12,10,10,3,3,7,0,12,7,3,9,299,24,17,306,260,326,25,369,364,327,324,24,19,314,313,11,14,1,2,11,3,1,8,9,15,13,7,7,8,0,0,297,31,21,22,31,27,18,314,264,324,18,28,23,24,342,332,356,365,13,367,279,376,266,320,16,368,5,301,369,334,12,317,316,287,12,295,16,29,20,29,293,7,367,276,338
334,10,6,13,0,8,12,10,3,12,12,8,6,366,278,340,277,361,347,351,292,4,1,374,25,27,16,290,118,109,224,245,207,180,1,7,4,12,13,166,137,254,297,29,23,373,365,14,301,28,19,19,26,25,20,17,27,291,0,15,4,11,9,6,2,9,8,4,2,3,11,9,12,11,303,19,23,286,261,298,20,370,365,7,303,17,19,302,12,14,3,13,10,6,6,10,13,0,3,0,15,6,3,13,9,303,27,20,20,30,18,20,302,265,303,31,31,22,17,16,333,357,368,12,303,21,302,267,294,16,369,364,303,370,335,328,2,323,307,6,325,322,29,31,26,302,0,325,322,339
335,331,268,3,1,9,3,5,0,7,14,5,1,367,279,341,278,362,348,29,293,10,355,375,21,31,24,291,92,13,225,246,208,2,8,6,9,6,8,6,138,255,294,17,29,28,286,4,294,27,22,304,264,318,18,31,312,313,7,2,7,0,9,0,7,10,14,3,15,10,8,1,0,0,377,22,24,287,9,299,23,17,368,280,377,314,266,315,3,2,13,4,4,3,14,10,7,14,7,5,15,6,12,6,11,374,29,22,17,310,256,258,311,10,377,27,27,30,26,19,17,23,369,340,327,262,311,7,295,17,370,365,325,324,336,329,364,7,1,1,4,296,18,29,27,368,3,3,317,320
336,332,269,331,8,14,2,10,9,1,6,5,3,377,26,342,279,363,30,306,307,366,356,376,24,22,30,292,93,1,226,247,7,3,6,4,15,0,9,7,4,10,295,22,22,20,287,8,295,30,26,302,265,303,22,23,302,12,4,3,15,11,11,6,13,1,1,7,15,10,11,14,6,366,378,21,28,302,9,327,318,25,369,281,378,286,267,8,15,5,7,9,8,11,13,10,4,7,4,2,0,1,8,11,361,375,20,27,16,286,257,259,3,366,378,31,19,22,18,26,20,21,370,341,340,263,14,7,303,22,16,302,14,303,19,330,365,8,6,7,11,297,21,29,18,369,337,6,10,303
27,333,270,332,331,7,5,14,271,7,14,1,349,378,31,30,29,25,17,302,4,367,357,27,24,27,25,293,228,15,227,248,11,7,10,4,1,4,1,4,8,0,303,31,19,29,368,271,374,22,17,371,283,374,29,314,309,6,15,4,2,6,13,9,15,1,15,11,8,3,3,7,5,367,379,26,30,371,10,11,323,324,370,282,379,287,10,6,1,12,15,12,9,13,9,5,4,6,3,7,3,15,7,366,362,376,26,30,18,287,10,7,7,367,379,16,28,16,22,26,25,17,20,342,341,364,3,0,319,256,25,368,280,374,24,31,288,6,14,6,5,296,27,30,17,370,338,328,271,319
260,322,20,333,332,340,274,346,272,364,14,361,350,379,30,27,21,28,22,368,4,319,266,320,23,27,25,288,229,132,249,14,12,12,2,14,3,14,11,14,9,2,327,264,316,18,369,272,375,27,24,372,284,375,20,292,11,14,7,7,5,15,1,8,2,5,4,6,13,6,9,15,8,296,26,21,19,372,331,7,15,296,29,20,20,292,9,5,0,15,0,10,15,8,2,3,14,7,2,14,6,9,8,367,363,23,24,19,29,292,4,14,1,298,23,20,23,17,19,28,30,24,16,28,342,365,4,1,11,257,22,369,281,375,29,16,289,15,3,13,2,297,29,27,17,23,339,329,272,364
261,298,22,19,333,341,275,347,273,365,366,362,351,24,18,310,262,322,19,369,364,4,267,296,23,16,21,289,230,133,250,14,10,2,15,12,6,14,2,6,5,7,7,265,303,22,370,273,376,31,31,373,285,376,25,293,12,12,1,6,4,6,2,6,12,268,268,271,1,1,4,2,4,297,20,16,20,373,332,364,4,297,18,25,27,293,13,5,11,6,1,15,13,15,15,9,2,12,4,0,6,15,11,374,19,20,18,28,23,293,4,13,1,299,31,17,26,30,25,21,26,29,310,326,19,371,7,11,13,3,23,370,282,376,17,312,305,2,6,13,9,296,17,27,22,25,22,330,273,365
7,299,30,18,20,342,276,348,314,313,367,363,18,30,306,313,263,300,16,370,365,3,7,297,18,23,19,288,231,134,251,12,3,14,9,11,4,6,2,5,3,0,15,4,325,262,318,18,25,29,22,18,28,19,20,286,4,7,12,7,14,6,7,6,352,269,269,272,364,4,6,6,7,303,22,18,22,29,333,365,8,303,20,30,27,292,5,8,15,8,5,0,1,2,2,9,0,15,5,12,15,2,366,375,27,20,23,25,18,286,9,5,2,327,326,29,19,21,26,17,304,266,311,327,316,372,340,7,6,366,24,23,24,24,21,302,10,13,12,13,14,297,308,264,316,22,23,27,27,302
9,303,27,23,26,21,22,304,313,12,303,24,16,314,313,11,14,301,24,310,309,1,5,303,17,22,16,289,232,135,252,12,0,11,4,12,14,15,12,7,11,8,7,12,14,263,303,28,19,20,24,19,17,26,16,287,3,10,0,4,11,0,2,352,353,270,270,273,365,15,8,7,7,323,326,28,20,20,29,302,3,323,320,16,30,293,5,12,1,8,12,7,12,6,14,12,11,0,5,15,9,2,367,376,29,16,25,16,28,287,7,12,10,3,300,27,16,23,30,28,302,267,3,1,296,373,341,364,15,367,26,18,29,31,306,305,4,2,274,14,6,325,311,265,294,28,20,27,28,368
280,377,16,19,304,256,266,313,4,3,377,23,18,302,15,5,15,317,322,302,12,13,11,377,19,28,24,302,233,136,253,0,12,1,14,5,8,11,10,5,13,15,15,15,1,7,323,264,264,320,20,19,17,26,314,311,14,9,1,7,3,283,349,353,354,29,28,22,371,4,15,3,7,15,327,322,22,16,20,368,277,271,374,19,24,302,7,3,6,9,10,11,5,14,4,2,5,7,1,15,9,2,300,20,30,18,19,23,23,371,274,4,12,15,301,20,22,31,27,308,315,6,1,9,297,24,342,365,9,327,21,18,23,312,311,3,12,366,275,328,9,7,2,1,295,23,20,21,26,369
281,378,16,28,302,257,267,15,2,358,378,29,31,371,283,277,15,6,303,371,280,283,355,378,30,17,308,309,234,137,254,9,12,12,3,3,6,7,13,0,116,128,2,7,14,4,5,265,265,303,21,20,27,24,302,11,10,3,13,7,366,284,350,354,19,25,26,20,372,340,5,11,8,7,5,327,318,31,19,369,278,272,375,18,304,313,7,4,0,14,7,10,3,13,0,1,7,4,13,5,14,12,301,21,30,29,18,28,22,372,275,343,277,268,374,22,17,28,18,302,10,13,280,5,327,324,25,286,2,268,20,19,19,302,15,7,3,367,276,329,343,2,2,13,303,16,314,260,318,370
282,379,30,27,371,277,268,268,355,359,379,25,25,372,284,278,334,271,377,372,281,284,356,379,23,30,302,1,3,138,255,12,15,11,15,8,8,13,0,108,117,125,122,8,12,5,0,0,8,317,260,256,258,256,311,9,6,7,15,8,367,285,351,30,19,26,19,19,373,341,334,15,14,11,10,6,300,19,18,370,279,273,376,30,288,10,11,12,7,3,2,4,11,6,6,4,10,5,7,12,15,1,296,16,25,23,23,17,20,373,276,344,278,269,375,17,28,25,25,371,280,361,281,364,4,303,22,287,366,269,16,19,24,368,14,3,9,300,21,330,344,331,271,11,321,266,313,261,300,23
18,29,18,17,372,278,269,269,356,360,19,24,26,373,285,279,335,272,378,373,282,285,357,23,18,310,311,15,15,15,14,12,11,13,10,8,9,13,114,117,0,51,249,3,11,12,5,8,1,15,261,257,259,257,10,11,7,10,8,5,296,27,31,27,22,20,21,18,20,342,335,328,15,7,4,12,301,24,20,26,24,30,25,23,289,10,7,6,15,6,14,0,3,7,3,5,2,8,2,14,0,12,297,20,17,31,21,31,19,22,24,345,279,270,376,23,30,23,25,372,281,362,282,365,6,321,262,313,367,270,31,17,21,369,364,15,4,301,30,23,345,332,272,364,5,267,2,4,301,28
18,29,17,16,373,279,270,270,357,20,27,19,16,21,26,19,336,273,379,18,18,30,312,262,264,313,1,6,7,11,8,108,32,122,11,8,3,10,106,3,202,52,250,3,14,5,5,7,11,1,0,15,1,7,15,13,12,15,15,5,297,30,27,20,29,22,25,29,16,31,336,329,334,9,11,8,319,262,326,16,24,20,17,20,302,7,1,12,12,2,10,6,2,14,6,4,6,9,6,6,7,3,377,27,17,25,29,21,30,21,19,23,24,23,29,23,308,326,24,373,282,363,17,286,15,6,263,2,294,19,27,16,20,370,365,6,9,323,256,326,17,333,273,365,0,0,3,9,303,16
27,22,24,27,24,28,28,20,27,21,30,17,21,26,17,30,25,31,31,18,314,260,305,263,265,5,15,15,6,13,4,228,33,107,14,3,112,38,111,188,203,53,251,9,2,14,6,5,7,14,1,2,7,10,10,2,9,12,7,1,303,30,18,21,31,28,24,31,17,19,28,330,335,364,10,12,4,263,303,22,30,19,306,256,313,11,1,3,9,8,13,15,6,12,8,13,2,14,13,12,283,361,378,19,18,25,31,27,25,21,17,312,320,24,21,25,371,321,326,20,24,26,20,287,6,1,12,12,295,23,22,17,29,304,311,10,10,13,257,303,20,22,24,290,4,1,4,5,377,19
18,20,21,24,27,16,25,23,22,29,17,30,30,30,25,29,30,23,18,19,288,261,1,4,12,7,8,1,12,0,6,229,132,121,36,40,113,39,188,189,204,54,252,8,2,5,0,3,0,5,9,3,10,12,13,0,6,1,14,280,377,17,16,31,21,17,19,18,25,23,30,17,336,365,11,7,12,7,321,260,316,22,302,257,6,4,11,6,8,4,8,14,0,13,3,0,15,9,9,355,284,362,379,31,24,28,18,29,26,30,20,302,303,25,22,22,372,328,321,320,30,28,20,368,277,361,364,5,294,30,304,262,316,302,1,14,15,8,10,374,310,256,316,291,14,3,11,366,378,308
256,322,17,25,27,30,22,25,25,31,26,20,21,22,17,24,27,23,21,26,289,14,5,15,8,1,10,0,271,7,3,230,133,160,37,41,7,195,189,190,205,55,253,6,277,12,15,5,15,14,6,3,4,3,13,11,15,1,361,281,378,18,23,24,16,28,19,18,20,27,19,28,19,371,12,14,10,4,14,261,327,260,315,7,6,11,4,12,15,7,2,9,11,1,15,8,280,280,352,356,285,363,26,25,23,31,24,22,27,22,24,368,377,23,19,16,373,329,364,303,31,28,22,369,278,362,365,3,295,19,315,263,323,311,3,9,8,15,361,375,302,257,303,288,3,7,5,367,379,302
257,303,26,24,30,16,22,29,17,25,23,25,28,30,20,306,258,318,30,306,305,10,5,5,0,3,15,352,272,364,2,231,134,161,167,65,195,196,190,191,206,56,254,366,278,343,15,12,2,3,13,13,4,1,6,8,14,361,362,282,379,20,19,21,29,31,19,26,16,31,26,16,23,372,331,13,6,7,10,3,3,261,8,10,7,6,2,11,14,5,12,13,9,0,13,366,281,281,353,357,19,16,16,25,20,28,30,16,16,16,26,369,378,23,27,30,16,330,365,321,316,23,18,370,279,363,288,15,319,326,2,0,10,3,10,4,1,355,362,376,368,268,377,289,13,3,0,303,23,368
7,323,264,322,28,28,23,27,18,21,18,19,16,22,26,302,259,300,21,288,12,4,10,8,0,12,366,353,273,365,10,232,135,162,168,66,196,197,191,192,207,57,255,367,279,344,337,14,11,0,15,6,0,8,8,6,361,362,363,18,30,16,22,29,31,24,22,20,24,22,18,22,21,373,332,334,9,2,12,9,3,0,11,0,2,8,3,5,6,13,358,340,0,4,7,367,282,282,354,30,21,23,30,23,27,25,17,20,16,30,29,370,379,20,310,322,31,27,288,4,294,20,30,17,31,29,289,13,12,294,283,271,271,352,331,283,355,356,363,21,369,269,378,302,10,6,3,319,326,369
331,10,265,303,314,266,322,29,22,19,18,25,31,21,304,307,15,301,22,289,5,13,7,12,14,8,367,354,23,302,1,233,136,163,169,67,197,198,192,193,208,8,274,377,18,345,338,337,5,9,13,7,14,2,14,366,362,363,19,31,29,26,19,31,31,30,22,22,26,31,26,17,19,18,333,335,328,9,3,8,5,11,2,10,2,8,4,1,2,346,359,341,328,271,277,374,29,28,16,21,31,31,28,17,22,29,26,312,258,266,322,28,28,25,286,296,25,16,289,1,295,18,20,30,30,22,292,8,3,295,284,272,272,353,332,284,356,357,312,260,370,270,379,371,268,8,10,3,296,370
332,343,277,321,315,267,319,316,26,20,27,24,24,29,302,4,15,303,20,302,6,15,7,4,0,8,296,29,19,368,10,234,137,164,170,68,198,199,193,194,9,361,275,378,23,24,339,338,328,349,340,2,5,12,10,367,363,26,28,18,19,29,30,31,29,17,31,24,31,22,26,30,16,24,17,336,329,343,11,10,8,2,7,7,8,15,0,3,358,347,360,342,329,272,278,375,30,25,27,25,31,28,21,17,23,23,25,302,259,267,303,27,16,27,287,297,16,21,371,274,377,28,22,21,20,24,293,14,3,303,285,273,273,354,333,285,357,23,286,261,294,27,16,372,269,334,0,12,297,28
333,344,278,364,11,3,8,294,17,17,30,19,22,25,371,268,271,377,27,368,8,8,0,10,3,7,297,23,16,369,337,8,138,165,171,69,199,200,194,15,358,362,276,379,256,320,23,339,329,350,341,337,4,6,14,377,27,16,24,30,26,23,17,27,25,16,23,16,23,23,24,30,20,19,26,30,330,344,334,280,10,14,3,7,4,9,14,358,359,348,29,23,330,273,279,376,28,22,29,28,30,17,18,20,24,308,266,309,6,2,374,30,26,24,288,325,322,19,372,275,378,29,18,26,31,29,368,12,7,377,30,27,22,29,16,22,30,31,287,2,295,18,25,373,270,335,364,13,374,314
264,345,279,365,9,5,13,295,30,19,21,28,30,19,372,269,272,378,16,369,337,2,14,0,12,13,374,21,28,370,338,340,5,166,172,70,200,201,277,355,359,363,22,302,257,300,29,31,330,351,342,338,343,274,355,378,21,29,17,26,31,21,30,30,16,31,24,16,20,19,23,30,24,22,24,20,23,345,335,281,331,1,12,0,13,4,346,359,360,29,17,17,23,31,21,29,18,18,27,22,20,25,28,16,25,288,267,13,12,358,375,16,18,27,289,9,298,18,373,276,379,27,22,24,25,26,369,340,346,378,23,24,30,26,16,22,16,31,302,9,327,320,25,16,17,336,365,366,375,302
265,319,260,256,343,283,10,321,262,260,322,18,27,21,373,270,273,379,18,370,338,334,8,10,10,366,375,29,16,30,339,341,328,15,173,71,201,346,278,356,360,308,266,305,4,301,16,28,23,25,23,339,344,275,356,379,30,30,18,17,29,24,22,16,29,28,19,29,26,19,30,17,25,25,20,28,31,17,336,282,332,331,7,0,8,355,347,360,23,29,28,18,22,16,19,24,18,27,30,21,17,27,27,17,29,289,14,8,349,359,376,30,22,308,315,11,299,31,22,27,20,19,24,16,19,18,370,341,347,379,16,21,26,28,19,28,28,312,309,10,12,296,304,264,318,314,305,367,376,368
280,14,261,257,256,284,364,10,263,261,319,316,25,19,18,28,23,22,23,22,339,335,343,8,15,367,376,23,25,28,24,342,329,328,280,277,361,347,279,357,306,309,267,11,9,303,27,30,16,18,28,28,345,276,357,29,27,25,31,27,17,31,16,25,23,18,24,30,30,18,20,19,18,26,18,28,23,19,25,17,333,332,331,283,349,356,348,22,29,19,27,29,17,26,29,19,31,21,30,30,21,29,19,16,16,368,277,352,350,360,23,16,29,286,8,13,325,322,26,23,17,18,21,21,26,19,16,342,348,24,21,26,20,27,19,25,24,368,6,2,9,297,302,265,303,290,7,294,17,369
281,337,9,12,257,285,365,4,2,8,4,377,21,30,25,16,310,264,260,258,318,336,344,340,280,377,17,20,308,266,320,20,330,329,281,278,362,348,24,29,286,1,10,14,8,377,17,16,24,27,22,21,26,20,31,31,19,21,21,21,17,17,23,21,20,23,20,26,28,18,20,25,16,19,28,25,30,16,16,24,25,333,332,284,350,357,18,16,22,31,29,23,23,30,31,314,256,262,266,262,266,258,260,316,16,369,278,353,351,27,31,21,22,287,1,1,9,303,21,25,22,20,30,17,31,30,16,24,30,27,26,26,28,22,26,25,31,369,337,277,280,377,368,280,374,291,3,295,25,370
282,338,340,14,294,308,313,366,364,11,366,378,21,29,31,20,302,265,261,259,303,21,345,341,281,378,30,306,305,267,294,17,23,330,282,279,363,30,20,17,287,10,3,14,355,378,23,21,17,27,22,27,29,28,24,18,30,22,17,30,22,18,31,27,23,21,27,26,28,27,16,28,28,30,25,21,30,30,20,23,31,17,333,285,351,22,20,26,29,17,20,21,20,30,312,315,257,263,267,263,267,259,261,303,26,370,279,354,22,31,27,18,19,371,280,277,268,377,17,306,320,24,29,28,27,18,19,21,27,22,24,24,17,24,17,19,23,370,338,278,281,378,369,281,375,302,12,303,16,23
17,339,341,364,295,302,6,367,365,4,367,379,27,29,17,27,368,268,11,7,323,326,25,342,282,379,16,302,13,0,295,23,28,18,17,29,28,16,23,29,368,274,271,346,356,379,28,19,19,29,24,17,17,28,23,29,25,30,19,17,24,20,19,26,20,16,17,26,21,24,25,16,24,31,31,27,21,29,19,30,29,24,31,17,29,25,31,20,22,16,16,26,23,304,309,9,15,1,10,1,6,7,0,325,322,29,17,21,18,29,24,21,18,372,281,278,269,378,24,302,303,29,22,20,16,29,19,30,27,27,29,17,16,18,24,19,19,20,339,279,282,379,370,282,376,368,271,374,28,30
17,24,342,365,325,315,6,327,313,15,296,30,23,19,27,21,369,269,328,271,271,374,23,27,31,29,26,371,277,13,321,318,26,18,29,25,22,30,16,22,369,275,272,347,357,22,31,20,21,31,25,19,17,17,23,19,27,16,31,16,31,30,17,22,25,25,22,30,29,18,19,22,30,25,23,19,26,24,17,28,31,16,25,26,18,19,26,20,16,19,29,30,22,292,10,9,9,14,4,4,0,15,6,3,325,316,24,25,19,31,31,18,19,373,282,279,270,379,29,371,377,23,26,22,23,19,20,23,20,26,17,23,27,27,24,24,31,23,22,25,26,26,20,24,25,369,272,375,30,30
26,21,27,302,8,361,331,5,7,10,297,31,17,27,22,31,370,270,329,272,272,375,19,20,30,29,17,372,278,331,15,303,17,20,26,17,24,30,22,25,370,276,273,348,20,19,25,17,26,18,23,21,21,26,22,29,19,24,31,28,18,24,29,26,24,23,25,22,27,27,20,25,17,30,30,27,29,26,26,18,24,27,31,22,17,18,18,24,26,17,26,23,17,293,1,6,15,3,2,0,7,12,5,13,14,303,24,18,18,25,28,25,16,19,20,28,23,18,28,372,378,19,16,26,28,31,27,23,23,19,3584,3328,3584,1,1,1,1,1,1,1,1,1,1,1,1,1,1,1,1,1
