84,5,9,6,13,3,97,96,1,7,0,94,0,10,97,0,3,15,7,278,21,25,23,19,31,21,28,18,30,27,280,8,11,205,45,217,9,14,15,2,7,2,240,338,373,19,23,17,17,21,21,266,82,96,5,8,4,0,8,6,14,97,108,9,80,3,115,103,14,97,96,90,4,92,278,28,16,26,29,18,31,30,20,27,280,15,1,372,360,256,368,29,24,21,19,26,24,19,20,17,19,30,21,30,25,20,25,20,31,20,23,23,26,28,26,31,282,238,296,26,26,18,19,23,31,288,228,300,270,3,0,244,372,20,364,13,15,4,14,7,11,0,278,28,280,3,13,2,8,368,30,16,360,372,21,29,31,29,26,26,19,18,264,13,12,1,11,0,5,11,11,8,9,334,245,373,31,16,26,25
85,12,3,12,10,4,113,103,4,7,1,95,0,2,222,14,1,256,13,279,22,19,21,22,18,20,17,31,286,234,287,3,14,206,46,218,10,3,7,14,7,330,241,339,374,27,21,30,25,282,304,267,83,204,8,5,12,0,0,5,6,113,109,1,81,11,8,0,2,121,101,91,10,93,279,16,24,25,31,21,23,30,29,282,285,0,357,373,361,257,369,28,19,22,30,23,18,23,27,16,21,27,30,286,236,300,28,26,28,27,30,23,20,21,24,284,293,239,278,26,21,16,27,29,16,280,229,281,271,12,357,245,373,24,365,354,14,357,354,7,2,14,279,286,289,7,252,260,342,369,26,17,361,373,21,16,19,22,23,28,29,31,265,15,8,3,15,1,10,4,8,6,357,335,246,374,23,30,28,26
86,8,12,1,8,2,12,14,0,7,13,216,7,176,223,8,357,257,310,372,26,26,25,26,18,23,30,288,285,235,13,3,4,207,47,219,0,7,15,1,350,331,242,340,375,25,20,30,21,264,299,291,96,205,152,68,56,68,56,62,44,7,13,3,82,8,14,4,13,2,5,92,9,97,276,24,28,16,25,31,30,30,25,280,8,2,358,374,362,258,370,22,26,17,22,19,19,16,31,20,29,31,30,264,237,281,26,25,22,28,16,25,24,29,292,285,1,5,279,21,28,24,286,234,228,283,12,297,287,1,358,246,374,30,366,355,1,358,355,1,1,11,303,285,3,342,253,261,343,370,17,25,362,374,17,24,16,18,28,17,20,25,280,9,14,6,12,12,1,4,9,14,358,336,247,375,27,23,26,27
87,14,4,13,5,4,11,7,188,152,170,217,199,177,224,4,358,258,311,373,28,18,19,17,27,25,282,293,4,1,10,252,14,208,48,220,11,13,252,342,351,332,243,341,25,31,20,17,18,265,5,98,103,206,153,69,57,69,57,63,45,146,12,116,83,10,10,12,6,15,4,93,8,222,277,18,30,29,18,27,31,16,288,291,7,8,359,375,363,259,371,29,288,230,298,23,23,24,29,18,17,29,26,265,0,299,230,228,294,292,232,300,20,284,289,13,13,0,368,18,24,290,287,235,229,9,11,15,1,4,359,247,375,26,367,356,12,359,356,12,10,5,9,240,334,343,254,262,344,371,25,29,363,375,21,18,25,27,282,238,232,236,285,2,6,12,7,3,10,9,6,5,359,337,20,22,18,30,20,16
107,15,9,1,9,6,4,188,189,153,171,218,200,178,225,7,359,259,312,374,290,294,28,16,23,292,285,14,5,13,338,253,306,209,49,221,256,346,253,343,352,333,25,31,21,25,19,22,17,280,100,109,10,207,154,70,58,70,58,64,46,147,146,222,96,6,5,10,3,15,13,90,199,223,276,28,22,22,18,31,18,24,268,5,11,1,372,30,31,19,27,29,280,231,305,238,294,25,29,18,26,25,29,364,7,14,231,229,281,280,233,274,288,291,7,6,8,346,369,22,23,280,5,15,2,5,10,8,6,10,368,18,18,282,236,283,10,301,287,244,240,248,350,241,335,344,255,263,345,23,16,29,20,25,28,288,236,236,285,239,233,237,4,11,3,4,6,2,13,256,260,244,372,21,19,20,16,22,17,19
44,170,152,1,13,4,158,189,190,154,172,219,201,179,226,6,372,24,313,375,268,272,25,23,26,270,13,15,14,330,339,254,307,306,252,334,257,347,254,344,353,19,25,31,23,20,28,288,230,285,210,4,1,208,155,71,59,71,59,65,47,148,147,223,204,62,14,15,14,0,15,91,200,224,277,22,26,28,25,23,30,24,269,12,4,330,373,31,25,25,284,234,287,7,12,239,295,232,300,26,29,26,28,365,310,9,11,5,295,283,1,275,280,13,10,4,334,347,370,18,17,364,15,14,10,12,1,240,260,334,369,21,18,268,237,5,7,13,342,245,241,249,351,242,336,345,31,19,25,27,17,22,25,16,288,293,237,237,3,3,12,10,6,14,15,9,5,6,350,257,261,245,373,17,30,17,23,27,21,26
45,171,153,122,68,188,159,190,191,155,173,220,202,180,227,350,373,17,16,16,269,273,23,25,19,271,14,1,338,331,340,255,308,307,253,335,258,348,255,345,24,19,20,19,17,28,22,280,231,13,211,122,1,209,156,72,60,72,60,66,48,149,148,224,205,63,152,13,5,15,10,97,201,225,278,27,22,21,17,26,19,19,364,260,338,331,374,22,19,284,285,235,6,7,3,12,5,233,301,302,22,21,20,366,311,310,256,7,5,244,1,303,293,5,6,330,335,348,371,27,25,365,318,248,244,260,334,241,261,335,370,29,16,269,4,3,14,338,343,246,242,250,352,243,337,23,27,16,23,282,302,21,29,21,280,3,3,4,1,6,8,15,1,9,7,11,9,330,351,258,262,246,374,17,26,29,28,19,17,26
46,172,154,123,69,189,160,191,192,156,174,221,203,181,330,351,374,16,17,286,287,278,21,21,286,287,6,338,339,332,341,25,309,308,254,336,259,349,31,22,29,19,29,25,17,28,290,283,4,8,212,123,140,3,157,73,61,73,61,67,49,150,149,225,206,64,153,146,10,7,4,222,202,226,279,28,23,26,282,228,304,25,365,261,339,332,375,28,290,293,8,4,5,6,6,15,2,9,14,281,19,26,28,367,312,311,257,326,350,245,310,5,1,9,334,331,336,349,26,26,16,366,319,249,245,261,335,242,262,336,371,31,23,280,1,2,338,339,344,247,243,251,353,28,21,26,24,18,24,280,278,24,20,290,285,7,4,13,5,4,3,4,6,12,8,13,357,331,352,259,263,247,375,23,25,31,17,24,17,24
47,173,155,124,70,190,161,192,193,157,175,10,90,357,331,352,375,30,284,293,5,279,29,288,283,12,357,339,340,333,18,18,30,309,255,337,24,27,16,17,20,17,31,20,22,22,266,10,0,6,213,124,141,152,12,10,6,1,4,0,9,151,150,226,207,65,154,147,146,44,182,223,203,227,372,20,19,24,280,229,281,22,366,262,340,333,29,20,264,14,7,8,11,14,13,9,13,14,2,301,300,17,20,20,313,312,258,327,351,246,311,322,256,342,335,332,337,29,17,29,28,367,320,250,246,262,336,243,263,337,22,18,21,364,248,334,339,340,345,27,16,29,25,25,21,288,228,238,236,285,279,30,29,280,11,5,12,4,1,15,7,7,13,15,8,1,358,332,353,20,26,22,30,23,17,29,18,19,26,29
48,174,156,125,71,191,162,193,7,14,13,12,91,358,332,353,24,23,270,1,13,297,232,283,1,8,358,340,341,30,21,290,298,22,27,21,23,282,234,294,18,16,26,18,23,25,267,11,15,6,214,125,142,153,146,2,0,13,2,74,0,7,151,227,208,66,155,148,147,45,183,224,92,357,373,29,24,290,287,13,368,29,367,263,341,18,17,26,265,15,2,10,15,15,4,8,5,1,14,7,276,18,29,16,17,313,259,328,352,247,312,323,257,343,336,333,16,23,29,29,22,27,321,251,247,263,337,23,29,20,16,22,28,365,249,335,340,341,25,25,31,20,17,282,230,287,229,239,237,244,368,18,286,289,4,8,4,8,13,14,0,12,3,8,8,2,359,333,31,26,24,23,22,29,31,19,30,19,31,26
49,175,157,126,72,192,163,4,15,0,6,11,216,359,333,28,26,22,271,9,14,11,233,11,1,5,359,341,30,28,22,280,301,230,236,232,296,280,235,274,29,28,30,22,19,19,364,240,2,12,215,126,143,154,147,146,13,7,182,75,134,62,68,8,209,67,156,149,148,46,184,225,93,358,374,19,16,280,12,357,369,29,19,27,23,18,29,292,285,14,4,7,12,1,0,12,15,15,5,4,277,16,27,16,19,19,27,329,353,29,313,324,258,344,337,17,20,21,16,28,16,19,22,27,30,27,30,20,22,23,29,16,24,366,250,336,341,22,288,304,290,300,21,280,231,3,11,7,334,245,369,30,270,5,15,7,8,7,2,6,15,9,13,12,8,1,301,294,29,23,24,26,29,18,22,30,25,16,31,24
62,5,9,127,73,193,12,5,3,8,2,182,217,278,17,23,23,24,270,2,12,13,9,15,10,11,368,18,19,284,236,287,2,231,237,233,305,291,11,275,31,20,16,31,26,24,365,241,354,14,8,127,144,155,148,147,128,188,183,76,135,63,69,122,5,6,157,150,149,47,185,226,97,359,375,30,284,283,15,358,370,20,18,27,30,22,25,280,6,0,13,15,6,12,12,6,9,9,0,9,274,27,31,30,27,23,25,28,27,22,22,325,259,345,31,31,27,23,28,29,16,17,26,24,25,28,24,30,24,16,19,28,29,367,251,337,29,31,270,303,293,274,25,360,260,4,1,334,335,246,370,25,271,5,1,6,14,12,0,11,9,3,7,5,12,1,15,301,302,30,30,19,16,18,29,19,22,23,19,20
63,122,2,11,12,11,9,9,0,4,176,183,218,279,29,30,29,22,271,1,357,314,260,12,11,334,369,29,284,287,237,3,9,7,0,6,15,9,2,274,21,31,22,23,19,23,366,242,355,9,8,2,145,156,149,148,129,189,184,77,136,64,70,123,146,3,3,151,150,48,186,227,222,272,31,20,280,15,13,359,371,31,17,286,234,300,292,289,1,9,15,3,14,8,11,10,6,8,5,6,275,18,30,27,22,16,17,23,28,16,27,16,26,27,27,30,24,21,30,29,29,28,16,19,26,27,18,28,16,21,27,20,18,31,17,26,26,23,271,7,4,275,16,361,261,318,334,335,336,247,371,17,266,7,3,8,13,4,13,5,4,7,11,3,2,0,13,12,368,16,29,26,31,28,29,22,19,18,23,25
64,123,134,1,13,7,8,9,15,158,177,184,219,278,20,22,24,290,287,0,358,315,261,318,350,335,370,24,266,0,10,14,8,7,14,15,5,9,7,275,29,30,21,23,19,20,367,243,356,13,8,13,3,157,150,149,130,190,185,78,137,65,71,124,147,128,7,13,151,49,187,158,223,273,27,290,285,9,15,278,19,17,28,280,235,301,293,13,3,10,8,6,9,6,15,5,15,14,11,3,281,27,23,29,19,24,29,21,21,22,25,22,25,23,29,17,23,21,23,19,23,30,18,30,290,234,304,16,28,29,25,288,230,296,26,27,18,19,360,256,256,368,28,362,262,319,335,336,337,31,24,22,267,10,9,4,14,2,0,5,13,13,5,6,4,10,4,357,369,28,24,18,17,30,19,17,16,29,26,23
65,124,135,122,74,14,0,8,188,159,178,185,220,279,22,19,284,285,3,6,359,316,262,319,351,336,371,31,267,1,15,8,7,13,10,0,10,14,12,295,296,24,22,17,22,22,20,27,264,13,4,13,7,7,151,150,131,191,186,79,138,66,72,125,148,129,122,7,12,1,164,159,224,278,24,268,1,0,0,279,18,22,292,283,0,14,11,12,2,0,4,4,6,15,10,0,9,14,15,6,295,304,24,23,27,17,28,20,22,26,282,236,294,28,26,16,20,16,18,28,25,18,30,23,280,235,299,302,21,292,236,283,231,272,31,25,28,28,361,257,257,369,25,363,263,320,336,337,23,22,28,23,280,8,6,0,1,5,13,8,14,9,5,2,6,15,6,358,370,20,26,20,30,27,28,17,30,24,28,25
66,125,136,123,75,128,62,182,189,160,179,186,221,272,23,24,264,5,11,244,368,317,263,320,352,337,28,284,285,3,3,1,14,2,8,9,13,14,14,5,303,230,302,31,20,18,28,24,265,9,10,4,2,2,10,151,132,192,187,1,139,67,73,126,149,130,123,128,74,188,165,160,225,279,21,269,3,6,9,278,22,27,266,15,6,9,4,7,4,3,2,5,10,12,4,4,9,10,7,14,14,281,22,30,22,30,25,17,29,24,270,237,281,286,234,294,284,228,298,20,21,25,27,288,291,10,6,301,236,293,237,7,10,273,24,17,22,25,362,258,258,370,24,29,21,321,337,30,23,31,21,26,364,1,7,9,2,9,2,12,15,2,11,9,11,3,1,359,371,19,26,22,21,18,22,21,29,16,18,25
67,126,137,124,76,129,63,183,190,161,180,187,2,273,19,30,265,13,330,245,369,19,25,321,353,20,27,268,10,6,15,5,7,0,2,7,15,14,7,11,1,231,276,19,24,27,288,232,285,14,6,9,11,6,0,2,133,193,7,10,10,5,10,127,150,131,124,129,75,189,166,161,226,281,27,264,2,11,11,279,29,29,267,11,9,10,11,5,12,6,2,1,15,6,13,15,6,13,6,11,8,301,294,16,29,22,30,20,26,16,271,6,295,285,235,297,291,229,281,20,27,28,24,268,0,6,0,6,237,9,8,15,3,301,232,234,300,16,363,259,259,371,27,30,18,17,18,30,31,25,24,23,365,326,9,11,3,12,2,2,11,6,8,9,1,3,9,297,304,24,25,25,27,30,24,26,27,24,17,31
256,127,138,125,77,130,64,184,191,162,181,5,0,372,30,17,360,338,331,246,370,17,18,30,20,24,19,269,1,4,8,3,11,15,13,12,10,0,2,7,6,14,277,16,284,234,293,233,1,15,13,15,10,8,3,9,0,14,3,10,12,7,1,8,151,132,125,130,76,190,167,162,227,368,23,265,10,10,7,372,25,18,266,13,10,12,15,1,13,13,2,4,13,15,4,6,14,9,0,1,4,3,281,30,20,23,21,22,290,230,283,15,5,7,12,8,8,6,295,302,26,31,21,269,14,10,256,3,6,8,14,9,11,15,233,235,299,234,304,20,16,23,29,26,26,25,18,22,31,25,23,23,366,327,354,2,15,2,0,3,2,0,11,1,14,12,15,1,372,28,30,27,20,25,17,27,31,16,24,29
257,322,139,126,78,131,65,185,192,163,256,248,342,373,18,27,361,339,332,247,371,18,27,20,20,18,20,280,13,12,13,4,5,1,9,1,8,9,10,8,7,11,295,236,287,235,4,9,7,13,12,12,14,0,7,1,2,0,12,10,12,1,5,10,13,133,126,131,77,191,168,163,334,369,24,360,7,10,338,373,27,28,267,6,7,11,12,6,11,15,10,4,8,2,8,12,13,1,15,15,1,11,299,234,296,29,17,22,270,231,10,2,0,12,7,0,1,15,14,272,20,21,21,360,256,346,257,354,12,2,1,0,14,8,2,11,6,235,295,294,19,25,20,22,17,30,25,29,21,30,28,19,367,328,355,1,2,11,15,6,11,12,7,8,7,0,4,357,373,17,23,17,29,28,16,30,26,29,24,17
258,323,310,127,79,132,66,186,193,334,257,249,343,374,19,19,362,340,333,31,28,29,25,25,29,288,230,285,6,12,6,2,11,7,4,8,4,12,3,9,6,0,13,237,14,7,6,13,11,5,5,3,260,13,14,4,2,9,5,12,3,7,12,4,9,3,127,132,78,192,169,338,335,370,30,361,314,350,339,374,27,286,283,2,1,11,15,15,15,15,13,6,11,6,13,2,10,10,12,1,11,15,9,235,303,232,302,16,271,13,12,5,5,4,0,13,11,8,15,273,30,26,21,361,257,347,258,355,7,0,0,0,15,2,2,6,11,7,7,281,31,25,16,25,25,16,29,16,22,26,24,17,29,329,356,12,10,11,1,1,6,2,8,6,4,3,0,358,374,20,23,28,22,22,25,23,17,18,24,21
259,324,311,306,248,252,244,260,334,335,258,250,344,375,26,19,363,341,22,19,18,31,27,21,17,280,231,2,11,2,9,14,15,4,9,10,14,1,13,5,2,8,8,4,15,3,12,15,6,11,2,350,261,310,2,7,10,12,4,6,3,13,11,15,2,14,3,133,79,193,357,339,336,371,31,362,315,351,340,375,284,285,3,12,15,11,342,354,13,7,2,15,6,5,0,3,1,13,9,7,8,9,6,1,11,233,303,230,283,11,1,11,11,11,0,7,6,10,0,278,16,24,31,362,258,348,259,356,9,2,13,5,13,10,0,10,6,4,2,301,228,294,16,28,31,29,22,23,26,30,26,30,24,19,364,3,0,0,2,12,11,8,6,15,13,252,4,359,375,23,25,29,19,18,30,30,24,28,31,22
21,325,312,307,249,253,245,261,335,336,259,251,345,22,24,18,24,16,27,29,17,28,25,292,234,291,2,0,3,10,0,0,7,11,11,13,0,15,0,7,10,14,1,12,7,3,12,14,5,15,334,351,262,311,306,12,13,10,3,4,12,6,9,10,3,15,240,256,6,11,358,340,337,24,30,363,316,352,341,290,293,6,12,11,10,334,343,355,14,4,15,14,7,10,5,13,0,3,5,0,7,12,2,1,14,2,2,231,13,3,0,8,3,2,13,13,1,14,6,279,16,22,29,363,259,349,29,270,12,9,13,0,4,7,15,7,5,11,5,1,229,305,294,21,21,27,22,30,18,24,22,27,25,20,365,322,12,7,5,15,15,4,15,1,338,253,310,368,31,24,24,20,18,19,21,27,31,17,26,24
23,21,313,308,250,254,246,262,336,337,19,24,16,290,234,236,232,294,290,304,21,292,238,289,235,13,1,10,3,15,8,14,4,15,15,3,12,12,5,14,5,3,8,6,14,1,3,7,0,338,335,352,263,312,307,354,2,3,9,9,6,10,12,3,15,346,241,257,314,1,359,341,28,19,21,31,317,353,17,270,9,2,4,12,342,335,344,356,11,1,11,10,3,8,1,14,11,10,15,4,15,9,14,9,5,1,9,1,1,2,3,1,3,14,3,3,6,11,1,281,20,17,19,22,28,24,29,271,15,11,5,2,15,15,10,13,4,5,1,5,6,7,278,17,22,17,17,24,16,17,23,23,28,30,366,323,354,11,5,11,4,4,8,346,339,254,311,369,27,17,30,24,20,24,23,16,20,24,21,29
29,24,28,309,251,255,247,263,337,29,19,18,284,287,235,237,233,297,283,305,232,291,239,8,8,13,5,9,15,0,6,5,4,15,10,14,14,13,8,252,13,7,8,6,8,240,244,256,350,339,336,353,30,313,308,355,4,10,14,1,13,9,4,13,350,347,242,258,315,318,372,20,16,23,17,26,27,17,26,271,1,15,12,357,343,336,345,280,2,260,9,14,15,0,12,9,14,0,10,12,4,10,10,0,14,11,13,8,3,15,10,9,11,12,8,7,11,6,6,295,228,294,19,26,24,284,234,291,7,9,1,13,12,5,15,14,2,4,0,2,2,14,279,26,18,20,29,286,296,21,22,30,31,27,367,324,355,15,15,3,14,7,350,347,340,255,312,370,31,27,17,24,28,26,31,26,16,24,19,22
29,25,24,28,23,17,18,19,30,25,17,290,287,10,4,15,9,13,11,12,233,11,0,3,3,4,5,240,330,310,2,8,5,3,12,0,3,2,357,253,322,14,13,260,338,241,245,257,351,340,337,27,30,17,309,356,1,13,11,12,12,9,15,334,351,348,243,259,316,319,373,16,23,26,29,28,22,28,28,280,14,4,1,358,344,337,19,360,338,261,326,0,2,8,12,14,260,9,15,14,3,4,2,13,2,0,8,10,7,2,0,12,12,6,3,15,7,0,1,2,229,303,294,16,25,280,235,4,5,1,12,12,14,11,8,14,0,3,1,12,13,8,281,17,290,238,238,287,276,22,27,17,24,30,17,325,356,7,8,5,14,357,351,348,341,26,313,371,17,17,21,26,29,19,19,22,16,23,27,31
17,21,25,30,19,31,27,27,31,26,17,264,2,13,5,7,10,7,5,13,3,13,3,1,0,4,357,241,331,311,326,248,244,248,244,5,6,0,358,254,323,326,334,261,339,242,246,258,352,341,30,16,22,18,290,291,10,3,10,13,8,13,330,335,352,349,17,16,317,320,374,24,25,27,27,23,16,28,284,287,2,0,15,359,345,17,18,361,339,262,327,310,9,3,15,330,261,310,1,4,6,1,5,7,12,9,4,5,4,4,14,9,2,4,8,2,6,11,5,5,6,7,297,300,292,291,15,11,10,5,3,4,14,13,10,3,12,11,1,13,8,2,303,238,293,239,239,14,277,19,24,18,23,29,31,22,270,9,13,9,7,358,352,349,16,30,31,25,27,23,20,31,26,18,19,26,29,23,23,22
25,17,288,234,230,234,302,26,17,16,25,265,3,4,7,8,10,11,2,12,7,1,14,4,9,12,358,242,332,312,327,249,245,249,245,322,3,4,359,255,324,327,335,262,340,243,247,259,353,16,27,19,23,30,266,3,5,10,13,0,3,338,331,336,353,21,26,23,26,321,375,22,30,19,23,27,31,282,291,8,7,15,2,278,21,25,29,362,340,263,328,311,314,256,334,331,262,311,354,2,4,2,5,8,14,12,10,1,5,14,1,11,14,7,14,2,0,2,1,6,9,9,2,297,285,5,3,2,1,15,11,7,10,11,10,5,14,6,1,9,8,5,12,239,3,10,13,13,274,19,29,18,22,27,27,30,271,5,11,9,0,359,353,18,22,31,17,20,25,24,22,20,27,26,29,28,25,28,29,17
17,284,289,235,231,235,281,27,26,282,238,283,7,13,14,1,12,12,0,5,1,6,9,8,10,9,359,243,333,313,328,250,246,250,246,323,326,248,368,24,325,328,336,263,341,19,29,17,27,25,17,16,16,23,267,13,10,6,10,6,338,339,332,337,17,23,30,28,19,23,24,26,22,23,31,26,17,264,2,7,10,15,1,279,16,16,29,363,341,20,329,312,315,257,335,332,263,312,355,10,12,2,6,3,10,0,14,12,6,1,2,9,0,1,9,1,10,10,3,11,10,1,13,1,256,330,354,11,9,8,13,0,3,0,9,0,7,14,4,0,1,14,1,2,8,0,10,0,275,28,21,19,21,19,23,20,266,11,4,11,1,368,19,26,16,288,230,296,29,18,18,28,31,18,27,27,19,25,28,22
27,266,15,5,12,244,368,31,26,270,239,11,0,4,5,0,3,7,10,0,15,10,5,3,4,13,281,16,31,21,329,251,247,251,247,324,327,249,369,31,24,329,337,31,28,20,18,17,25,22,22,31,28,290,289,5,15,12,12,346,339,340,333,17,17,17,27,17,25,25,28,26,23,25,19,21,24,265,2,5,15,12,240,372,21,17,17,23,22,26,24,313,316,258,336,333,17,313,356,4,5,12,15,14,4,5,8,13,8,3,6,9,2,4,15,2,9,4,4,11,15,260,256,346,257,331,355,3,9,7,12,6,7,2,9,13,11,1,15,5,3,7,10,9,0,12,10,12,281,17,25,25,19,16,26,22,267,13,4,13,357,369,22,27,18,280,231,281,27,27,29,28,17,26,20,22,21,28,24,16
28,267,3,0,350,245,369,25,27,271,11,8,5,14,11,2,13,15,12,3,5,10,10,15,14,6,368,24,29,31,30,20,18,29,22,325,328,250,370,30,31,17,24,16,30,23,23,17,19,22,22,28,30,264,15,9,15,14,357,347,340,341,31,23,19,17,24,17,16,16,25,19,17,27,19,27,30,268,0,7,7,357,241,373,18,19,20,21,19,28,29,26,317,259,337,30,22,18,280,13,8,13,11,6,5,5,11,3,6,248,256,13,10,2,4,10,0,3,12,8,334,261,257,347,258,332,356,1,12,9,6,1,13,10,1,5,14,2,8,5,3,7,10,1,5,6,0,8,295,302,22,22,23,18,284,238,293,1,5,3,358,370,30,28,290,291,0,299,234,304,25,22,22,22,17,21,21,26,18,16
292,283,9,346,351,246,370,27,20,280,12,3,6,4,1,0,15,4,6,9,2,8,11,0,240,334,369,28,19,17,17,17,26,17,30,23,329,251,371,17,19,24,27,28,23,30,16,24,17,22,31,23,23,265,9,3,14,10,358,348,341,22,23,28,24,30,26,28,31,30,24,16,17,23,20,17,28,269,11,10,4,358,242,374,27,29,19,20,30,16,28,16,17,28,30,25,24,22,364,256,0,4,9,5,13,9,7,13,346,249,257,354,7,6,12,14,8,12,5,330,335,262,258,348,259,333,280,13,12,0,13,9,14,2,3,6,9,12,1,8,13,7,2,5,4,2,7,11,8,281,20,31,29,28,280,239,5,10,15,15,359,371,19,29,268,14,1,13,235,274,30,29,23,21,30,19,25,24,22,29
364,248,330,347,352,247,371,25,31,360,8,15,3,4,1,3,15,15,1,9,9,2,10,357,241,335,370,31,19,19,26,24,30,16,30,24,18,27,28,22,23,27,21,16,23,24,22,27,29,16,19,22,20,264,2,11,5,14,359,349,21,16,23,25,29,25,29,19,27,31,21,18,16,16,22,31,292,291,10,2,0,359,243,375,22,29,26,21,24,17,25,25,23,26,17,22,23,26,365,257,310,3,14,11,12,12,14,338,347,250,258,355,0,11,14,5,8,12,338,331,336,263,259,349,284,238,283,1,4,12,13,11,2,10,12,5,9,1,0,1,7,13,1,6,8,0,10,15,4,301,238,304,27,290,285,1,6,8,4,1,278,17,18,27,269,15,6,2,5,275,19,27,26,18,30,29,20,24,20,16
365,249,331,348,353,17,21,30,24,361,354,9,2,13,7,6,10,13,15,15,7,3,0,358,242,336,371,27,27,20,286,228,304,21,22,30,20,21,25,31,20,24,24,24,29,23,25,19,26,19,24,21,30,265,12,10,15,0,281,17,25,26,29,25,30,27,21,22,22,29,31,21,29,26,18,288,285,5,1,7,12,276,19,29,17,23,17,18,28,18,30,18,30,25,18,16,31,30,366,258,311,310,240,244,260,248,338,339,348,251,259,356,11,5,1,9,9,342,339,332,337,24,23,21,264,239,2,7,1,5,15,11,12,13,12,5,9,4,13,2,7,12,12,1,15,15,5,7,2,7,239,295,230,289,12,7,3,14,12,0,279,17,28,19,280,10,6,3,4,281,25,26,22,26,27,17,29,23,20,19
366,250,332,349,22,31,31,25,29,362,355,1,13,1,4,2,0,5,7,0,6,12,8,359,243,337,20,25,288,234,287,229,281,25,23,26,16,19,27,28,28,19,19,17,18,27,21,23,20,27,22,20,23,280,12,13,10,5,299,300,25,30,26,19,27,29,28,31,23,27,19,24,29,26,27,280,14,9,13,11,8,277,29,29,27,29,17,28,20,22,31,22,17,27,28,19,30,18,367,259,312,311,241,245,261,249,339,340,349,28,286,283,3,11,3,7,338,343,340,333,22,27,24,24,265,3,1,10,0,10,14,10,9,5,7,4,3,10,12,3,8,11,15,8,9,11,8,0,14,14,0,5,231,7,1,5,5,2,10,3,281,28,26,292,293,15,11,5,12,303,294,23,29,22,16,29,22,31,18,21
367,251,333,28,284,228,298,22,24,363,356,6,14,0,1,13,0,8,0,0,10,11,7,281,20,20,30,26,280,235,11,3,368,20,28,23,30,29,18,22,28,17,31,17,19,20,27,21,30,17,22,21,288,285,13,9,2,9,10,272,31,16,23,27,24,31,19,17,23,16,23,22,20,18,288,289,5,12,1,7,15,281,16,24,17,23,21,28,26,18,24,18,20,19,19,26,16,24,25,26,313,312,242,246,262,250,340,341,16,282,289,13,9,10,14,334,339,344,341,28,31,21,26,19,268,8,15,3,2,14,9,10,5,9,7,240,5,13,13,5,10,1,7,260,248,5,7,10,12,9,11,1,4,13,7,7,4,13,7,13,301,232,302,266,0,13,5,11,6,6,281,19,23,17,26,19,28,23,24,30
29,22,17,28,280,229,281,19,18,25,264,14,15,10,2,0,14,9,14,0,8,0,13,295,302,31,16,24,360,252,260,350,369,18,27,24,28,26,22,31,20,31,23,16,25,23,31,25,23,27,16,25,280,15,13,9,15,13,12,273,27,18,20,29,24,21,23,28,25,22,22,20,22,30,266,5,6,8,15,4,6,372,20,26,16,30,22,31,20,20,20,25,21,23,21,23,18,16,25,25,18,313,243,247,263,251,341,20,22,280,14,3,2,13,350,335,340,345,18,27,27,21,29,17,269,5,14,13,11,5,9,1,11,252,346,241,322,1,12,5,1,14,346,261,249,354,11,8,13,15,5,12,5,2,11,3,4,1,9,7,0,233,281,267,8,14,12,12,8,2,368,30,26,28,19,20,26,27,30,25
23,24,31,288,293,14,297,296,25,29,265,10,14,9,1,5,5,1,9,13,4,13,10,11,278,22,26,29,361,253,261,351,370,21,18,30,286,238,300,29,23,25,26,30,16,19,22,28,22,24,21,288,283,3,5,0,4,11,1,299,294,19,24,19,18,27,17,30,20,24,23,16,31,19,267,4,6,2,1,15,350,373,25,18,24,29,17,22,25,23,31,24,25,22,25,27,24,27,18,18,28,28,27,22,29,29,25,17,286,289,3,6,0,346,351,336,341,26,31,31,16,16,18,26,360,14,5,13,14,9,7,3,338,253,347,242,323,314,240,256,256,334,347,262,250,355,15,4,5,4,15,11,4,15,4,3,9,15,13,4,12,244,372,264,5,8,6,4,4,342,369,29,24,29,31,17,26,18,24,27
30,23,25,360,248,2,12,301,302,20,266,13,7,8,11,0,4,0,13,14,0,4,10,0,279,31,18,27,362,254,262,352,371,17,30,27,264,239,299,294,22,24,16,25,25,19,25,31,26,23,23,280,2,6,4,9,9,4,8,4,295,300,23,292,236,302,17,16,20,23,23,20,30,24,280,14,0,14,6,350,351,374,20,28,26,25,25,27,29,29,20,23,25,20,30,18,19,27,21,28,29,26,16,23,22,30,29,29,270,14,14,5,357,347,352,337,16,26,19,25,17,26,30,24,361,306,8,2,1,7,14,357,339,254,348,243,324,315,241,257,257,335,348,263,251,356,7,9,12,3,10,12,1,13,14,11,13,15,8,4,357,245,373,265,11,11,9,3,342,343,370,19,24,21,19,26,24,29,20,31
27,29,29,361,249,310,7,12,278,31,267,9,2,4,0,0,11,10,14,11,10,13,15,11,281,20,27,23,363,255,263,353,31,288,230,304,265,0,12,281,27,30,16,18,26,18,24,20,30,16,292,289,6,2,3,5,3,3,10,4,5,278,29,270,237,278,31,31,17,22,27,20,28,28,364,12,8,12,338,351,352,375,31,17,23,23,20,26,30,16,26,22,27,24,25,27,23,19,25,28,16,17,20,30,17,22,23,22,271,12,6,0,358,348,353,29,24,27,24,21,16,26,26,22,362,307,310,4,4,1,9,358,340,255,349,16,325,316,242,258,258,336,349,20,16,268,1,3,6,8,3,12,7,0,4,7,8,11,6,10,358,246,374,264,8,1,2,357,343,344,371,20,26,28,26,17,23,29,31,25
31,29,22,362,250,311,354,15,279,16,280,8,7,9,7,14,14,10,4,1,8,9,11,14,368,25,28,16,23,30,286,234,302,280,231,281,280,14,4,303,300,25,20,19,27,17,27,28,18,30,268,10,0,4,6,6,5,1,6,12,0,279,25,271,2,279,21,17,19,30,286,302,27,16,365,322,252,338,339,352,353,30,30,30,30,17,22,22,30,25,26,27,19,22,24,25,22,19,26,18,27,30,25,23,28,288,232,304,266,9,11,14,359,349,23,24,282,232,296,26,22,24,18,23,363,308,311,354,6,13,4,359,341,23,24,21,19,317,243,259,259,337,31,282,296,269,7,3,2,4,5,8,1,9,11,13,12,13,7,8,359,247,375,265,11,9,1,358,344,345,17,19,16,19,20,19,20,22,31,26
23,21,16,363,251,312,355,4,276,25,360,3,9,11,13,13,5,12,4,4,9,11,2,342,369,23,24,23,26,24,270,235,297,291,7,303,283,15,9,15,305,304,284,236,296,17,18,16,17,27,269,2,13,13,3,11,2,10,5,14,4,272,27,264,12,274,24,16,28,26,268,278,19,26,366,323,253,339,340,353,18,19,24,18,27,27,16,27,31,25,20,26,25,19,27,21,23,24,25,28,24,16,31,17,292,283,233,278,267,14,8,7,281,31,28,284,289,233,297,300,23,17,23,20,27,309,312,355,3,8,13,278,27,25,31,18,26,27,30,17,28,25,23,268,281,280,5,6,12,5,1,4,8,4,2,13,0,3,15,2,272,27,27,266,11,1,10,359,345,23,24,16,18,28,22,31,20,16,24,29
20,18,22,25,20,313,356,6,277,26,361,354,10,2,14,5,4,9,9,9,6,11,334,343,370,22,29,30,24,31,271,3,5,2,1,14,2,11,5,6,1,299,285,237,303,294,16,16,23,20,270,15,14,15,1,4,9,13,7,8,1,273,28,265,4,275,19,28,23,22,269,279,16,21,367,324,254,340,341,28,31,19,25,22,17,23,22,28,29,17,19,19,24,31,21,28,18,23,17,28,21,18,31,24,264,15,4,279,280,4,5,14,372,26,288,291,9,10,11,299,298,23,31,19,24,30,313,356,12,10,11,279,20,19,28,26,30,27,288,234,298,19,24,269,299,285,4,1,0,11,9,2,10,7,6,6,15,9,13,1,273,31,18,267,7,15,9,299,298,17,30,22,27,18,27,22,22,30,24,24
27,282,230,234,300,18,364,260,368,24,362,355,7,4,3,12,3,14,12,15,260,330,335,344,371,29,30,16,23,20,268,6,12,3,2,6,2,9,248,256,4,10,5,4,5,274,26,30,24,24,271,4,9,15,6,3,13,12,15,8,8,276,288,291,13,281,16,28,27,24,264,272,26,31,30,325,255,341,18,31,22,29,19,20,22,27,16,28,31,30,23,17,27,29,19,19,31,17,31,18,16,26,28,30,265,7,8,305,283,2,1,357,373,26,266,5,12,5,8,10,305,298,25,18,24,19,22,360,10,5,11,276,26,25,20,24,27,25,266,235,295,300,27,280,7,6,9,11,8,10,12,13,13,1,1,7,11,10,10,3,278,24,26,360,13,3,14,260,372,19,24,16,18,25,31,29,17,18,25,26
20,280,231,235,281,22,365,261,369,26,363,356,10,9,11,5,9,248,244,338,261,331,336,345,31,17,26,292,232,300,269,8,13,3,9,11,8,338,249,257,354,8,1,4,9,275,25,25,26,27,270,3,15,6,0,7,11,11,0,9,1,277,280,4,9,372,29,22,21,28,265,273,21,22,18,23,29,28,28,20,28,24,26,20,16,25,24,18,21,26,24,18,16,28,29,16,31,31,29,26,19,29,19,16,264,5,2,13,13,8,8,358,374,31,267,9,6,14,4,6,10,281,28,27,22,22,27,361,354,13,0,277,30,18,19,23,21,28,267,4,5,303,230,289,1,13,10,6,4,9,9,15,11,0,15,12,8,1,5,15,279,19,23,361,326,244,338,261,373,28,31,16,23,27,25,22,17,17,16,29
290,289,11,2,368,19,366,262,370,23,24,264,4,5,8,0,338,249,245,339,262,332,337,286,296,21,19,264,233,297,283,8,244,14,1,3,346,339,250,258,355,5,12,13,6,305,302,24,17,19,271,3,12,13,0,4,14,13,2,3,6,303,285,6,357,373,21,28,20,23,360,368,16,17,20,24,30,30,29,16,17,21,282,238,294,286,236,304,21,20,28,19,22,20,19,22,19,18,20,26,16,25,27,31,265,11,6,10,14,8,14,359,375,30,268,11,14,4,14,4,4,299,294,25,24,30,30,362,355,13,5,297,294,16,23,17,292,238,285,1,260,9,231,10,6,13,9,0,14,11,14,7,10,12,1,2,0,3,14,1,301,298,24,362,327,245,339,262,374,19,27,22,30,26,16,31,25,26,26,21
280,5,13,350,369,23,367,263,371,30,18,265,7,13,1,357,339,250,246,340,263,333,29,280,276,31,21,265,12,1,10,357,245,322,252,330,347,340,251,259,356,12,7,2,5,8,281,18,20,20,268,12,14,1,0,4,15,13,1,1,15,15,1,2,358,374,19,28,24,21,361,369,16,31,26,16,21,16,31,290,232,230,291,239,301,289,237,276,17,26,24,29,22,27,26,29,31,25,18,19,25,31,22,18,280,12,13,9,8,6,9,295,238,300,269,4,14,2,10,7,1,14,278,23,22,30,25,363,356,9,14,5,278,22,26,21,266,239,11,342,261,354,13,2,6,2,4,7,0,15,9,15,0,6,0,5,13,10,0,13,10,274,22,363,328,246,340,263,375,27,27,18,24,26,18,17,22,25,16,29
360,260,346,351,370,23,26,20,21,16,17,280,3,10,12,358,340,251,247,341,29,288,228,291,277,27,31,280,15,10,4,358,246,323,253,331,348,341,23,21,280,12,12,15,1,10,368,17,17,20,269,6,15,10,4,5,1,8,11,8,11,6,4,7,359,375,282,304,31,20,362,370,16,17,22,21,31,17,288,283,233,231,7,3,12,13,14,277,286,238,294,31,24,26,23,27,19,21,29,19,23,23,26,20,360,346,326,252,8,9,1,6,239,303,289,12,5,11,6,11,8,7,279,18,30,22,292,238,285,4,3,15,279,22,29,16,267,4,350,343,262,355,15,7,6,12,9,14,1,10,8,8,7,5,11,4,12,8,0,3,12,275,20,28,329,247,341,18,19,31,25,18,30,20,27,26,24,21,21,28
361,261,347,352,371,28,24,26,27,18,284,293,10,3,13,359,341,30,17,29,29,266,229,5,372,25,25,364,12,5,11,359,247,324,254,332,349,18,16,23,360,240,11,8,8,357,369,20,26,16,280,3,14,5,10,8,3,8,1,5,6,5,8,5,305,232,283,274,21,17,363,371,28,19,31,29,28,292,283,9,5,3,15,2,15,5,12,297,289,239,281,19,22,18,25,19,27,27,24,19,18,17,18,21,361,347,327,253,314,13,5,10,7,6,14,8,7,13,12,6,14,6,281,25,24,28,280,239,10,4,13,3,281,28,18,28,364,338,351,344,263,356,12,14,10,240,8,13,7,1,13,7,4,6,10,9,7,2,5,2,1,281,16,23,23,20,24,27,28,27,27,21,27,26,24,26,28,24,17,23
362,262,348,353,20,30,19,22,24,20,264,5,5,10,10,281,25,26,26,16,30,267,7,338,373,17,29,365,306,6,6,272,19,325,255,333,17,22,23,18,361,241,354,4,14,358,370,16,31,24,360,4,8,1,5,5,11,13,3,7,0,10,2,0,15,233,7,275,24,22,21,25,25,29,25,21,290,289,10,13,7,11,13,0,8,6,8,1,11,0,297,294,21,19,30,19,29,20,29,30,24,19,27,23,362,348,328,254,315,314,14,5,5,9,14,11,2,14,4,6,12,7,299,228,236,234,287,1,2,11,1,11,372,18,23,26,365,339,352,345,26,270,15,8,330,241,322,2,10,2,1,12,15,14,15,6,9,1,10,14,15,368,20,29,19,23,23,29,23,26,16,27,30,17,30,19,17,20,20,25
363,263,349,24,18,29,26,23,19,16,265,9,11,14,1,372,20,24,17,29,30,364,346,339,374,28,26,366,307,354,10,273,27,25,19,23,25,16,26,18,362,242,355,5,15,359,371,18,26,29,361,322,260,7,5,8,7,3,7,10,8,8,0,10,2,3,7,372,30,30,17,18,28,25,31,18,264,10,10,7,5,8,0,15,7,2,6,8,1,1,2,278,288,294,25,27,18,29,18,18,21,22,18,18,363,349,329,255,316,315,354,9,1,7,12,15,8,13,14,7,5,6,0,229,237,235,0,7,1,7,244,346,373,27,25,21,366,340,353,16,17,271,7,330,331,242,323,354,14,15,8,2,9,6,11,7,2,9,9,13,346,369,31,25,22,23,23,29,16,25,24,25,29,26,19,18,18,17,31,23
18,30,20,23,22,16,292,232,298,286,289,13,3,1,357,373,23,19,25,26,26,365,347,340,375,20,23,367,308,355,14,297,298,31,18,17,17,21,29,23,363,243,356,4,15,295,294,31,28,23,362,323,261,318,15,14,13,5,2,6,14,1,338,318,8,0,334,373,27,22,19,19,26,30,17,20,265,8,4,7,5,7,3,11,15,6,11,0,8,8,14,279,280,281,31,18,22,25,27,27,25,30,16,30,28,28,29,17,317,316,355,10,9,10,5,6,1,8,15,7,4,3,14,6,9,5,14,13,11,330,245,347,374,31,20,28,367,341,31,23,21,364,338,331,332,243,324,355,14,4,256,10,2,13,1,5,10,9,12,338,347,370,28,17,24,20,23,19,18,19,28,27,28,25,23,27,16,27,30,27
25,22,18,19,21,292,293,233,297,291,8,12,13,2,358,374,29,22,17,29,29,366,348,341,26,18,17,27,309,356,14,10,281,28,17,19,19,31,20,27,22,16,360,9,13,13,272,17,26,27,363,324,262,319,314,12,3,3,9,11,15,338,339,319,326,334,335,374,30,17,20,19,18,23,27,286,287,4,5,5,7,13,3,1,6,4,6,5,14,10,8,297,289,295,294,28,17,18,22,30,23,23,23,26,21,25,21,25,31,317,356,15,14,2,8,7,5,12,14,14,7,5,5,11,7,4,9,2,346,331,246,348,375,27,29,16,16,30,30,26,21,365,339,332,333,24,325,356,3,338,257,354,5,10,15,14,6,4,342,339,348,371,24,17,16,29,25,29,17,16,26,17,24,25,17,25,29,25,21,22
22,23,31,27,292,291,11,10,0,9,8,0,7,10,359,375,23,23,31,28,28,367,349,28,18,23,29,19,24,364,12,3,299,234,296,27,20,23,26,21,20,29,361,326,13,3,273,31,31,16,28,325,263,320,315,306,4,12,2,6,334,339,340,320,327,335,336,375,21,288,298,31,27,28,21,270,6,15,11,10,5,2,14,7,2,7,10,4,13,11,10,8,6,0,305,300,22,18,19,31,25,26,21,30,16,24,24,26,20,292,293,4,0,6,12,10,0,3,7,12,6,15,6,12,3,14,6,330,347,332,247,349,27,20,16,22,16,17,24,24,29,366,340,333,26,21,26,360,342,339,258,355,13,5,3,10,2,357,343,340,349,30,16,19,26,31,28,24,29,28,20,21,31,27,31,24,19,24,26,16
25,26,27,23,280,15,1,4,9,3,1,7,12,10,372,28,28,24,26,18,25,19,17,19,25,23,27,21,21,365,326,0,14,235,274,25,30,20,20,26,20,17,362,327,326,4,281,24,30,18,24,30,19,321,316,307,306,1,13,338,335,340,341,321,328,336,337,26,17,268,276,19,27,30,25,271,13,12,8,0,2,4,7,12,13,9,9,3,11,15,2,1,10,10,3,372,23,19,27,26,18,21,30,24,16,26,26,23,25,264,1,8,14,5,9,8,1,15,10,2,0,12,1,0,7,252,346,331,348,333,21,24,28,20,21,31,16,27,27,28,16,367,341,20,20,20,19,361,343,340,259,356,14,1,1,4,10,358,344,341,234,296,21,31,25,23,19,23,16,27,16,25,22,30,16,31,17,24,19,19
29,17,25,286,287,1,9,4,15,8,2,10,11,338,373,28,28,19,18,21,17,19,27,26,16,21,17,20,30,366,327,322,244,0,275,31,21,30,282,228,238,296,363,328,327,314,368,16,20,30,31,31,24,20,317,308,307,322,350,339,336,341,18,19,329,337,21,29,18,269,277,23,16,27,18,268,5,8,14,12,12,12,9,12,7,9,12,2,1,3,1,13,4,6,357,373,31,17,31,26,16,30,27,16,26,19,16,18,28,265,8,1,8,12,7,2,3,14,10,14,7,4,0,12,357,253,347,332,349,29,23,286,304,16,31,19,31,21,26,20,26,18,28,17,26,22,31,362,344,341,29,268,5,5,3,13,15,359,345,280,235,276,17,30,18,24,30,20,19,30,26,16,25,24,28,24,31,28,30,30
27,288,230,283,10,5,12,9,8,3,14,7,334,339,374,21,26,21,24,20,16,25,25,24,29,24,22,23,21,367,328,323,245,354,274,19,16,19,264,229,239,272,26,329,328,315,369,26,30,21,24,18,30,24,26,309,308,323,351,340,337,30,30,25,29,20,24,27,21,360,368,31,22,19,22,269,7,0,8,6,0,3,3,0,4,8,6,6,13,12,4,13,12,10,358,374,18,26,19,16,19,31,24,20,17,25,20,28,16,270,1,7,12,10,5,11,11,15,12,0,12,13,2,7,358,254,348,333,23,22,31,268,272,26,17,31,26,31,19,27,16,24,24,17,29,18,30,363,345,23,21,269,13,12,8,5,15,295,228,289,13,277,20,27,22,23,21,22,21,17,31,18,26,16,16,17,27,25,29,22
26,280,231,6,12,9,2,7,9,7,14,350,335,340,375,20,23,20,17,286,228,236,230,300,23,20,26,18,31,22,329,324,246,355,275,29,18,25,265,11,0,273,22,20,329,316,370,24,18,16,29,27,21,17,27,27,309,324,352,341,28,21,29,28,25,19,26,17,24,361,369,28,30,27,292,293,9,5,6,7,15,5,6,5,7,0,13,12,13,0,6,4,14,5,359,375,22,25,17,20,22,29,31,26,24,16,16,29,18,271,11,11,15,4,4,15,13,6,7,7,5,2,6,13,359,255,349,24,17,17,26,269,273,20,18,26,31,31,28,22,29,22,24,23,19,29,25,20,21,20,22,270,13,5,3,7,9,3,229,9,1,281,28,29,20,31,23,30,23,17,23,17,24,20,27,21,28,31,22,28
228,283,12,6,14,0,14,12,3,6,357,351,336,341,31,21,20,24,292,283,229,237,231,299,296,21,18,16,25,16,19,325,247,356,295,302,27,18,268,357,326,295,236,300,29,317,371,28,290,300,25,24,17,18,22,18,25,325,353,26,28,29,25,17,22,18,27,22,20,362,370,31,17,290,287,3,15,12,7,2,15,12,11,8,9,0,8,7,8,4,2,1,5,13,281,29,19,21,22,23,30,22,23,31,31,20,16,20,31,280,3,6,3,11,11,14,13,12,6,0,3,5,14,10,368,18,30,23,17,23,23,270,278,17,28,28,21,29,31,30,17,29,20,28,30,31,30,23,27,30,29,271,10,3,9,9,5,13,6,7,11,372,23,31,19,17,30,16,20,27,26,20,21,18,28,27,19,29,22,22
229,0,6,7,3,13,13,1,12,0,358,352,337,22,25,31,286,232,285,3,15,7,14,14,295,294,23,16,30,17,28,25,286,291,6,276,24,31,269,358,327,354,237,295,302,17,18,23,268,272,29,20,30,22,19,29,23,24,28,31,19,16,25,17,21,28,17,30,31,363,371,30,27,360,3,3,4,4,12,6,5,1,5,0,0,12,11,13,0,14,13,15,5,7,305,302,25,22,26,17,20,20,24,20,17,22,24,31,22,360,3,8,7,6,10,11,13,8,9,0,10,4,10,338,369,30,22,25,17,18,23,271,279,23,29,28,26,18,24,25,23,23,31,24,20,31,30,27,22,28,24,280,2,13,8,15,11,6,0,240,334,373,29,27,16,18,17,19,16,29,20,19,20,16,20,30,20,16,19,26
4,11,1,4,13,11,9,5,6,11,359,353,25,22,18,284,289,233,2,15,15,15,3,12,12,274,29,23,19,25,19,25,280,12,14,277,27,292,291,359,328,355,1,9,305,234,296,21,269,273,19,25,29,16,23,17,31,29,17,16,22,21,20,18,27,31,28,22,24,18,20,22,24,361,354,0,12,13,11,3,3,1,15,0,0,5,12,1,0,8,2,2,13,6,7,274,26,25,23,30,18,24,18,23,28,23,24,22,20,361,314,12,13,14,15,4,6,11,2,13,3,6,334,339,370,18,31,31,16,27,22,266,276,22,22,18,18,24,25,20,28,25,31,24,21,26,24,16,17,28,288,287,12,12,11,15,248,256,342,241,335,374,26,28,27,26,24,17,29,16,18,17,26,18,25,17,21,28,27,18
4,11,15,9,11,3,5,0,10,2,274,24,17,30,23,270,3,6,1,11,2,5,9,6,8,275,24,30,26,24,31,288,285,5,1,281,25,268,9,272,329,356,5,0,256,235,276,27,280,281,24,17,21,29,290,238,298,23,26,29,29,27,16,23,16,23,31,25,22,27,26,23,27,362,355,3,15,5,2,12,13,13,6,11,6,5,8,1,9,2,7,12,11,15,15,275,31,30,21,21,24,19,25,28,17,31,19,22,21,362,315,322,244,252,240,12,11,11,1,2,15,350,335,340,371,25,20,27,18,30,29,267,277,19,29,16,29,24,23,18,21,28,27,22,28,20,17,26,20,288,289,2,2,14,11,334,249,257,343,242,336,375,21,19,27,29,19,21,16,17,28,28,25,26,23,21,17,17,22,21
114,8,11,0,3,0,0,0,2,14,275,18,17,18,18,271,12,14,2,5,6,4,8,3,9,272,25,29,27,23,288,287,15,9,10,372,30,269,3,273,22,280,8,330,257,354,277,21,364,368,23,19,17,286,293,239,274,17,22,17,27,29,23,20,24,17,20,18,18,23,23,22,19,363,356,7,3,5,14,13,4,9,11,1,9,14,11,7,9,9,2,11,1,15,7,272,25,22,19,23,19,24,19,25,26,27,29,27,20,363,316,323,245,253,241,306,15,5,0,14,334,351,336,341,30,20,23,23,31,30,30,364,368,23,18,23,16,24,28,16,28,27,24,31,20,23,23,22,24,280,7,2,2,10,342,335,250,258,344,243,337,23,22,30,23,29,19,18,25,23,27,31,26,31,17,18,17,19,30,28
94,6,3,10,5,3,10,2,9,12,281,29,28,282,228,285,13,1,4,10,10,9,9,9,15,273,21,26,25,286,283,15,4,8,346,373,284,291,4,274,25,360,338,331,258,355,276,20,365,369,29,23,16,270,6,15,275,22,27,16,24,20,29,23,24,19,31,23,27,19,17,18,26,30,270,11,10,12,11,13,1,12,3,8,14,13,15,1,4,15,14,8,7,11,10,273,17,20,24,21,28,16,18,24,25,25,20,28,25,28,317,324,246,254,242,307,306,240,240,350,335,352,337,17,16,25,25,27,19,26,19,365,369,18,25,21,26,21,28,17,16,20,24,19,20,25,16,20,22,360,240,252,248,342,343,336,251,259,345,18,31,23,16,19,25,24,16,30,18,16,23,18,16,21,24,21,21,30,28,26
95,4,10,13,2,14,7,14,8,7,372,19,28,266,229,14,3,13,14,15,10,2,8,6,3,281,288,294,21,268,4,14,15,350,347,374,264,9,2,275,22,361,339,332,259,356,277,29,366,370,25,21,31,271,15,5,278,26,28,27,30,24,31,16,24,27,26,27,20,22,24,30,20,31,271,6,13,10,12,6,5,12,15,2,3,7,15,5,4,15,15,6,11,7,5,274,25,24,18,28,25,27,18,26,19,30,26,19,28,22,20,325,247,255,243,308,307,241,241,351,336,353,22,31,16,27,18,23,16,18,27,366,370,23,30,21,26,16,24,19,27,25,18,19,21,30,21,25,24,361,241,253,249,343,344,337,29,19,19,24,28,17,17,23,16,16,18,21,27,19,16,21,24,28,26,19,28,23,21,18
92,12,7,13,1,6,3,8,8,357,373,25,27,267,6,8,10,9,10,12,5,14,6,11,1,305,293,278,16,269,10,9,338,351,348,375,265,6,0,368,19,362,340,333,25,268,297,294,367,371,28,27,288,287,1,0,279,31,16,24,28,17,31,25,19,18,26,20,26,16,19,19,25,16,280,14,6,0,14,3,12,10,15,10,10,6,9,0,1,9,7,13,2,4,5,275,19,24,30,26,19,24,22,28,21,27,27,24,22,27,27,24,28,27,20,309,308,242,242,352,337,31,29,27,30,28,28,28,16,28,22,367,371,16,21,19,19,30,26,18,22,22,20,22,20,17,29,20,22,362,242,254,250,344,345,21,20,24,20,22,31,20,22,31,19,286,234,230,232,296,31,30,27,23,27,30,24,24,21,20
93,10,12,3,11,3,9,11,8,358,374,26,21,364,346,354,6,10,4,4,11,15,14,4,15,2,15,279,20,360,260,338,339,352,349,28,280,0,342,369,23,363,341,29,24,269,8,278,16,30,19,27,266,12,2,0,281,27,25,19,16,17,26,29,25,28,29,29,22,20,18,19,26,286,291,1,5,6,9,10,6,7,5,5,7,6,6,10,3,2,9,7,9,0,5,368,19,16,24,27,30,22,25,29,290,236,238,228,298,21,23,25,18,21,29,30,309,243,243,353,24,28,28,16,21,27,26,21,23,23,18,19,16,27,31,25,19,27,20,22,18,18,30,30,30,20,29,21,17,363,243,255,251,345,17,20,18,17,28,16,18,25,21,17,284,287,235,231,233,297,296,19,24,30,18,25,20,19,24,18
97,0,10,4,0,14,1,7,7,359,375,27,19,365,347,355,6,8,13,11,2,14,15,13,7,11,3,276,17,361,261,339,340,353,31,29,364,342,343,370,25,29,21,24,20,280,4,279,19,28,16,30,267,6,4,10,297,236,304,27,20,18,21,24,19,25,18,17,21,22,23,29,17,280,10,0,12,14,7,11,9,1,9,7,9,14,7,15,5,1,0,8,13,1,346,369,24,29,28,27,29,27,18,288,285,237,239,229,305,302,18,30,26,19,28,21,29,22,23,30,25,21,22,19,17,18,31,23,25,25,17,30,18,20,28,17,29,17,27,28,26,23,23,30,19,24,16,16,19,23,28,26,29,24,19,31,26,23,28,30,17,21,26,288,289,14,6,8,5,15,281,24,28,30,30,29,18,20,18,21
113,118,15,3,10,2,10,10,8,278,27,26,18,366,348,356,0,5,12,15,13,2,6,3,0,9,15,277,29,362,262,340,341,22,23,29,365,343,344,371,19,290,234,228,238,291,5,281,16,25,31,26,280,5,7,9,7,237,281,22,20,16,22,17,18,28,28,30,26,21,29,22,286,291,7,13,12,8,9,7,2,1,15,0,1,5,6,10,6,10,2,15,13,357,347,370,20,23,31,16,29,16,290,289,10,13,4,12,10,276,22,17,26,27,288,230,228,298,17,17,28,22,21,16,22,27,20,31,22,29,22,16,19,25,23,26,28,23,22,20,24,25,31,22,17,17,19,18,21,17,25,31,28,27,18,21,22,16,20,16,30,18,24,266,5,2,6,0,12,14,297,294,19,26,20,30,19,24,31,26
8,88,4,5,7,2,10,13,15,279,22,20,28,367,349,285,0,8,0,3,1,6,12,4,9,15,12,281,22,363,263,341,29,16,23,21,366,344,345,28,290,291,235,229,239,0,260,372,30,22,31,30,364,11,3,3,244,240,372,30,21,28,30,21,24,17,29,31,20,29,20,20,268,2,8,8,5,7,6,6,4,14,7,7,6,14,13,13,3,14,7,15,10,358,348,371,22,26,17,18,27,20,266,3,8,4,1,10,2,277,19,29,20,282,287,231,229,274,26,31,26,17,26,23,284,300,20,19,28,22,18,30,18,24,28,20,16,24,18,30,25,25,20,17,20,24,21,18,21,25,28,28,27,25,24,25,16,31,30,18,28,28,24,267,9,0,10,12,2,10,9,276,21,17,21,31,20,20,29,26
14,89,10,6,13,13,6,7,8,276,28,23,17,31,270,15,12,0,11,7,11,5,6,14,10,12,10,295,232,294,17,18,28,19,25,21,367,345,27,23,280,0,4,8,6,334,261,373,26,29,22,26,365,310,260,342,245,241,373,20,30,20,24,17,23,27,30,25,21,26,26,26,269,0,7,4,8,2,6,15,11,11,4,1,5,4,8,4,7,9,14,2,14,359,349,29,19,26,28,27,29,21,267,3,13,6,8,334,314,372,25,29,27,268,5,12,2,275,17,21,27,18,30,17,264,281,29,19,24,18,26,20,31,17,22,23,20,20,26,28,18,29,23,26,28,26,16,20,20,26,24,16,23,29,30,23,23,26,20,20,22,20,27,268,14,8,12,2,13,1,6,277,20,29,31,16,17,17,19,20
15,88,3,0,8,4,3,10,10,277,19,17,18,17,271,3,6,15,6,15,8,6,12,1,12,7,9,6,233,276,16,29,26,20,28,21,26,30,30,292,285,330,314,240,350,335,262,374,16,29,16,24,366,311,261,343,246,242,374,21,284,298,28,25,18,23,30,20,26,27,25,31,364,7,6,0,15,13,15,1,0,6,14,10,15,1,0,14,1,1,7,1,14,281,19,16,22,20,21,27,292,234,291,357,322,260,346,335,315,373,18,24,23,269,2,350,318,372,29,17,25,30,21,26,265,301,296,22,23,20,23,30,30,16,30,17,30,20,28,31,30,24,27,19,25,16,20,23,28,27,24,20,17,30,16,28,22,29,16,24,16,20,21,269,14,7,10,11,14,1,11,301,302,19,22,19,24,25,29,28
9,89,4,14,4,6,9,6,0,299,302,27,25,16,266,0,4,2,9,2,7,8,6,11,2,12,4,13,1,277,23,26,29,17,19,29,23,28,292,293,357,331,315,241,351,336,263,375,30,31,31,16,367,312,262,344,247,243,375,18,270,278,24,28,16,22,20,19,17,18,21,23,365,306,4,3,0,9,14,3,0,3,2,7,7,3,5,5,6,5,7,3,15,299,236,296,19,22,25,30,270,235,8,358,323,261,347,336,316,374,19,31,26,360,342,351,319,373,18,26,17,18,26,23,280,15,274,22,25,29,29,25,26,31,27,30,18,19,16,23,282,228,300,29,28,20,26,29,20,31,30,28,31,21,22,17,20,16,16,24,24,26,20,268,5,4,9,2,4,6,12,2,276,22,18,31,25,20,21,29
14,119,118,7,14,3,8,10,5,15,305,300,29,27,267,9,14,11,0,14,12,5,3,15,5,252,244,5,10,299,232,300,20,25,26,16,22,21,268,0,358,332,316,242,352,337,20,22,22,24,23,16,18,313,263,345,30,21,25,16,271,279,20,27,30,23,18,25,27,25,29,18,366,307,326,8,15,10,8,5,6,14,0,5,14,7,3,14,0,15,14,244,3,7,237,372,16,20,16,31,271,14,0,359,324,262,348,337,317,375,18,24,29,361,343,352,320,374,27,28,24,28,286,234,293,10,275,16,29,26,24,19,28,22,18,30,17,31,22,290,283,229,281,17,22,20,26,20,24,20,28,21,25,26,28,17,16,25,20,27,29,29,17,269,0,3,5,7,3,7,8,1,277,17,20,30,29,17,25,26
7,12,94,7,6,11,2,13,9,9,3,281,26,18,280,10,14,5,9,15,11,9,2,14,342,253,245,354,13,7,233,276,29,20,26,18,30,17,269,2,359,333,317,243,353,29,30,26,22,23,23,26,19,26,23,22,30,25,19,16,364,372,17,16,19,20,29,30,26,18,22,23,367,308,327,314,5,7,1,13,4,6,9,14,8,1,8,14,1,260,346,245,326,252,330,373,30,25,28,282,287,15,10,281,325,263,349,17,29,18,20,20,20,362,344,353,321,375,17,24,23,25,280,235,3,0,278,22,27,18,25,20,22,16,23,25,22,16,26,280,1,0,372,17,20,22,18,16,18,28,21,28,20,25,29,29,19,30,22,19,19,28,27,360,256,5,13,14,5,5,6,12,372,27,23,17,17,27,26,17
134,13,95,1,10,8,7,7,2,9,2,305,300,290,285,7,1,5,6,11,10,11,7,334,343,254,246,355,5,3,1,277,25,31,30,17,19,290,283,10,372,25,27,18,20,25,22,22,19,17,24,30,29,29,19,20,25,28,16,20,365,373,23,27,25,31,26,22,27,21,22,21,30,309,328,315,318,240,6,4,11,15,2,0,9,3,11,14,346,261,347,246,327,253,331,374,20,29,29,280,15,8,8,299,300,18,30,19,24,19,21,27,21,363,345,29,29,17,24,31,31,284,285,12,2,14,279,30,17,25,25,27,30,31,31,21,18,25,18,364,256,334,373,25,20,27,30,18,18,23,25,26,290,230,302,19,25,27,16,21,18,28,29,361,257,310,248,12,3,8,4,357,373,18,28,29,16,22,20,17
135,152,222,10,1,0,7,5,10,12,15,9,305,283,14,12,0,7,8,13,13,8,350,335,344,255,247,356,0,15,3,272,30,25,23,25,25,280,13,342,373,21,22,17,20,19,31,20,22,23,286,232,298,290,296,22,18,26,24,31,366,374,27,24,17,18,30,30,18,31,31,25,16,27,329,316,319,241,322,8,6,11,248,248,256,1,6,334,347,262,348,247,328,254,332,375,18,30,30,360,240,8,8,13,281,31,23,29,19,24,27,20,25,28,26,22,31,28,23,18,31,264,14,7,7,3,368,27,31,28,24,29,30,25,16,24,27,29,28,365,257,335,374,27,20,25,19,20,19,31,21,288,289,231,272,17,21,26,17,22,17,27,17,362,258,311,249,322,8,4,1,358,374,29,18,27,22,28,30,27
136,153,223,14,11,7,15,7,3,9,3,2,1,6,13,2,14,13,1,13,9,350,351,336,345,284,234,287,12,6,5,273,22,29,31,28,24,364,350,343,374,16,22,18,20,18,26,20,282,238,293,233,305,293,297,300,25,16,16,29,367,375,29,31,21,19,27,30,29,23,19,21,22,21,17,317,320,242,323,322,248,346,249,249,257,310,342,335,348,263,349,31,329,255,333,18,23,25,18,361,241,314,14,0,305,296,27,24,28,27,286,234,294,17,26,20,19,27,25,28,17,265,326,7,15,342,369,31,27,29,21,17,26,30,28,20,22,290,232,366,258,336,375,28,24,26,31,19,17,17,16,266,15,2,273,21,30,21,27,25,31,20,29,363,259,312,250,323,354,2,6,359,375,16,31,18,30,19,27,16
137,154,224,15,5,4,13,13,3,7,11,4,13,14,1,5,1,5,256,240,346,351,352,337,288,287,235,0,11,3,12,281,23,31,26,31,20,365,351,344,375,17,18,25,23,18,20,29,280,239,5,10,4,13,8,299,236,300,19,22,18,30,25,31,27,31,26,28,28,22,18,17,28,23,19,20,321,243,324,323,249,347,250,250,258,311,343,336,349,28,20,21,17,16,27,27,17,21,21,362,242,315,314,9,12,301,296,31,284,234,287,235,281,24,30,29,19,19,30,23,21,25,327,314,330,343,370,24,17,26,21,26,20,26,24,28,29,280,233,367,259,337,27,17,23,19,25,28,25,25,20,267,15,10,281,23,26,31,27,30,25,31,28,22,29,313,251,324,355,9,6,281,29,19,25,30,16,27,20,23
138,155,225,7,12,0,12,10,15,3,5,14,6,6,6,14,5,338,257,241,347,352,353,22,280,11,8,15,6,8,248,372,24,19,18,30,27,366,352,345,22,31,17,20,24,24,18,290,289,2,8,0,3,3,14,5,237,303,304,26,31,25,18,24,31,22,16,30,17,21,31,22,17,27,19,22,31,29,325,324,250,348,251,251,259,312,344,337,19,17,28,25,30,18,22,30,29,19,22,363,243,316,315,318,1,1,281,22,280,235,12,15,295,298,284,232,296,24,282,304,31,20,328,315,331,344,371,30,17,29,23,18,31,17,31,16,282,293,3,272,24,20,26,26,18,18,27,22,284,236,234,283,8,11,368,27,29,25,20,23,30,27,26,18,18,17,17,325,356,13,10,305,296,20,26,16,23,23,31,23
139,156,226,11,6,6,4,15,7,8,0,9,10,4,15,15,334,339,258,242,348,353,24,292,291,9,0,8,0,357,249,373,27,16,22,31,26,367,353,25,30,29,21,29,18,17,288,289,10,15,11,3,12,11,5,11,5,4,297,302,25,29,21,23,17,31,22,17,20,25,19,26,20,18,19,16,22,27,21,325,251,349,27,28,27,313,345,23,31,19,24,29,31,22,17,16,17,25,30,22,17,317,316,319,306,244,368,28,364,240,260,1,2,305,283,233,305,234,287,278,22,23,329,316,332,345,28,20,26,26,20,23,30,27,19,28,280,3,10,273,16,31,22,22,19,30,27,23,280,237,235,15,8,330,369,19,21,31,26,19,19,20,30,24,23,31,28,31,280,10,11,11,274,30,20,28,18,16,19,17
310,248,227,10,14,9,4,6,1,14,3,3,256,260,252,330,335,340,259,243,349,18,28,264,6,1,1,15,13,358,250,374,30,18,29,29,20,20,17,25,21,16,22,21,20,28,280,6,1,6,4,10,15,3,0,9,14,15,5,281,16,27,17,17,19,21,18,30,27,27,16,16,28,17,24,19,21,29,28,27,27,28,26,16,20,30,22,26,29,24,24,24,17,18,17,17,18,26,25,28,24,23,317,320,307,245,369,17,365,241,261,326,7,1,0,240,12,235,8,279,21,26,23,317,333,20,31,22,21,19,21,22,31,26,27,286,285,1,1,368,27,21,286,230,304,18,22,16,360,260,252,260,342,331,370,23,22,22,30,27,26,22,16,16,30,20,16,292,291,0,14,15,275,31,30,17,29,23,31,16
311,249,314,0,10,256,0,0,12,15,1,342,257,261,253,331,336,341,31,23,30,31,27,265,12,5,8,13,12,359,251,375,26,24,24,31,24,31,29,24,19,22,23,21,24,290,289,4,10,6,15,3,1,4,15,15,0,8,4,305,294,29,17,17,26,22,28,18,18,31,18,26,30,25,17,23,17,20,26,24,31,27,19,31,23,30,17,19,20,22,25,24,31,26,18,26,24,27,20,30,25,30,31,321,308,246,370,30,366,242,262,327,318,252,338,241,306,1,0,276,25,31,19,25,29,20,31,17,21,30,30,21,23,24,20,264,1,12,334,369,16,286,289,231,281,19,31,18,361,261,253,261,343,332,371,22,26,26,28,21,22,23,19,20,18,19,31,264,12,3,13,13,278,30,20,19,29,19,26,27
312,250,315,306,346,257,326,252,252,248,350,343,258,262,254,332,337,22,23,26,25,21,27,268,9,13,8,10,6,274,30,23,23,16,29,30,26,17,16,26,25,23,20,23,292,289,3,10,14,9,0,4,7,14,12,11,3,0,15,13,274,17,31,23,31,17,20,26,30,26,16,18,29,16,27,26,22,23,25,24,18,29,20,17,24,22,30,27,17,26,21,17,22,21,27,20,24,30,31,21,26,26,27,18,309,247,371,29,367,243,263,328,319,253,339,242,307,354,10,277,29,23,25,17,18,21,25,28,21,20,26,26,30,20,27,265,8,338,335,370,28,280,9,11,301,232,304,25,362,262,254,262,344,333,19,29,24,29,20,17,19,24,288,302,19,25,27,265,8,1,3,13,279,21,24,16,24,18,30,29
313,251,316,307,347,258,327,253,253,249,351,344,259,263,255,333,28,20,17,24,27,19,29,269,10,5,13,13,14,275,24,21,31,26,27,24,30,16,26,21,26,22,26,27,266,10,10,13,12,8,8,2,14,6,8,6,8,1,12,3,275,25,30,18,21,31,17,17,21,31,21,23,28,25,27,28,20,28,17,24,19,23,20,26,17,20,28,30,24,16,21,21,22,17,25,22,17,29,31,26,18,30,31,19,16,26,29,28,17,18,31,329,320,254,340,243,308,355,7,274,23,22,31,16,30,18,19,25,19,17,26,19,20,26,25,280,357,339,336,371,17,364,6,1,15,233,281,22,363,263,255,263,345,22,26,31,29,25,28,30,292,238,293,299,296,18,17,264,11,1,7,7,368,27,19,27,26,26,24,27
17,30,317,308,348,259,328,254,254,250,352,345,20,20,19,26,23,26,30,31,16,16,27,266,11,4,4,10,13,281,24,18,26,19,31,31,22,19,27,20,19,29,20,25,267,12,15,13,15,3,5,15,15,12,1,14,2,3,2,7,281,20,28,29,21,21,28,20,31,23,28,31,29,27,29,22,29,20,19,18,28,24,16,24,17,17,16,18,31,30,24,17,16,19,31,30,284,300,286,294,22,286,294,20,20,17,21,26,26,20,29,24,321,255,341,22,309,356,2,275,28,25,24,16,29,23,28,21,24,16,28,23,22,282,232,287,358,340,337,26,29,365,310,248,244,252,368,26,30,24,29,17,24,17,23,27,25,24,26,18,268,239,8,1,281,21,22,265,4,4,5,357,369,31,27,24,26,16,30,290
24,22,29,309,349,19,329,255,255,251,353,30,17,17,28,23,27,16,17,20,25,17,26,267,4,8,5,13,7,368,29,17,23,31,16,18,24,18,28,22,18,26,22,290,291,13,7,6,12,3,1,7,14,5,1,14,7,15,8,5,368,16,25,19,16,27,23,21,27,16,29,19,30,18,28,27,22,20,17,31,17,23,19,31,27,23,25,21,21,31,30,24,23,29,282,230,293,299,285,299,230,283,272,27,31,22,28,27,19,25,18,21,26,30,18,26,16,364,9,305,302,18,31,17,19,28,31,29,22,31,17,17,282,283,233,2,359,341,28,24,29,366,311,249,245,253,369,27,27,31,25,17,26,21,30,21,17,26,21,20,269,10,9,7,297,298,22,280,0,11,2,358,370,30,31,16,29,29,26,268
29,20,31,19,23,16,21,17,18,31,30,25,30,16,18,26,21,31,30,22,25,21,22,360,3,12,13,1,330,369,19,27,16,22,26,19,31,31,25,26,26,20,27,264,10,5,6,13,12,5,13,1,7,10,6,15,11,9,13,357,369,28,22,18,17,30,18,19,17,16,24,22,21,30,19,25,31,26,25,24,31,20,30,17,31,16,28,23,23,30,23,24,20,284,283,231,11,4,1,4,231,0,273,22,20,16,28,21,16,30,27,20,18,16,20,23,18,365,354,10,272,19,22,29,22,290,238,302,290,230,300,17,264,11,9,6,274,31,25,31,22,367,312,250,246,254,370,24,18,26,27,16,290,230,228,230,298,284,228,298,280,13,13,6,9,303,232,291,13,2,6,359,371,29,27,24,29,29,22,269
26,20,16,21,19,19,29,18,29,27,20,26,17,25,30,24,25,22,21,17,28,22,24,361,314,7,9,338,331,370,24,29,29,30,20,31,23,23,288,298,31,24,29,265,3,5,2,7,7,12,14,4,15,0,14,15,12,13,4,358,370,27,29,19,23,16,26,23,26,20,26,22,24,21,24,30,17,25,21,17,23,31,25,16,24,30,30,27,21,20,17,23,282,291,12,5,14,6,10,14,13,10,301,294,28,27,27,28,20,23,28,30,22,22,19,16,17,366,355,2,273,31,26,16,22,266,239,299,285,231,303,296,265,12,1,11,275,27,16,19,28,22,313,251,247,255,371,19,21,28,31,292,285,231,229,231,301,283,229,297,293,3,0,0,5,1,233,7,11,15,7,278,30,16,25,29,22,18,19,264
16,30,20,27,21,30,25,16,28,22,20,16,16,20,17,28,19,30,24,22,18,17,17,362,315,318,342,339,332,371,29,22,22,19,19,27,23,286,293,281,286,230,230,291,3,3,3,12,0,10,15,13,7,8,12,10,11,11,4,359,371,24,23,29,30,23,22,20,19,24,18,27,31,27,27,20,30,31,28,23,22,20,28,16,24,22,16,21,22,27,17,18,280,15,11,7,15,2,15,3,7,0,15,272,30,25,21,23,30,23,28,21,28,20,31,22,24,367,356,4,276,30,29,18,28,267,6,1,0,4,8,299,289,4,2,9,274,22,31,18,18,21,28,27,20,27,17,17,27,24,25,266,6,15,14,1,8,12,7,1,7,3,12,2,13,14,15,9,3,7,9,279,28,30,20,24,26,18,22,265
16,20,18,288,300,288,234,296,22,24,17,26,24,31,30,20,30,16,21,22,24,30,22,363,316,319,343,340,333,20,25,26,16,31,26,23,290,287,8,297,291,231,231,12,15,4,14,11,256,12,10,12,11,0,1,2,11,12,8,297,304,16,21,19,17,21,23,19,18,29,21,23,17,30,20,20,30,29,31,31,28,29,21,22,20,20,22,19,30,282,234,230,293,3,13,10,2,0,6,8,2,15,12,273,22,25,28,286,228,296,16,23,19,31,21,27,16,26,280,15,277,22,16,290,238,293,13,10,7,9,3,11,4,2,0,15,275,30,25,21,18,22,28,20,28,21,28,25,23,26,23,267,12,4,12,1,3,2,2,1,5,8,5,5,15,2,9,2,10,3,15,272,22,21,27,19,17,23,288,283
232,298,24,280,297,287,235,295,230,300,28,21,30,18,31,23,26,26,29,17,19,20,27,25,317,320,344,341,24,19,27,17,31,24,21,22,280,4,14,5,7,5,2,0,2,11,9,330,257,326,0,14,0,4,2,6,2,0,11,12,281,18,21,21,19,27,19,27,22,28,22,22,21,27,16,26,30,24,30,23,24,23,24,24,17,18,25,19,21,268,235,231,1,15,12,1,0,13,13,13,13,2,0,278,30,26,290,287,229,295,228,300,17,31,31,20,19,17,360,248,372,17,24,280,239,7,15,7,6,0,350,326,252,256,244,256,368,16,24,19,29,24,28,18,26,30,19,21,16,29,19,280,3,14,8,15,13,11,6,2,13,9,1,2,3,15,13,2,8,10,14,273,29,23,26,30,29,26,268,102
233,297,234,289,2,0,14,8,231,297,232,300,31,22,29,16,28,27,24,30,16,30,25,28,27,321,345,16,30,21,22,31,18,17,28,282,291,9,10,4,0,13,7,4,7,9,357,331,258,327,306,6,0,12,256,0,6,13,3,8,305,300,29,16,23,16,26,20,22,27,24,20,28,18,25,31,18,21,23,17,21,20,19,29,28,29,21,23,23,269,5,9,0,6,9,10,10,5,7,13,4,2,6,279,19,28,268,4,3,7,229,301,300,26,23,28,18,31,361,249,373,23,19,360,240,244,15,0,9,350,351,327,253,257,245,257,369,25,23,24,19,26,29,29,27,31,17,292,236,304,286,291,5,9,14,13,2,11,9,13,2,1,1,7,2,10,11,13,10,8,15,281,31,24,16,31,23,24,269,84
1,12,235,13,5,1,11,13,12,14,233,305,230,294,21,27,30,21,17,29,28,31,31,20,22,24,21,28,20,22,29,18,25,29,284,293,0,7,14,4,10,15,6,5,7,13,358,332,259,328,307,326,256,350,257,306,13,10,7,8,2,274,28,27,25,29,16,27,16,20,23,23,25,16,30,24,20,26,26,21,30,23,17,16,284,228,230,228,230,291,8,14,14,5,5,13,11,1,7,7,7,9,0,276,23,17,269,11,15,14,0,2,295,228,298,26,19,31,362,250,374,24,28,361,241,245,318,252,334,351,352,328,254,258,246,258,370,25,17,28,25,24,31,24,25,288,232,289,237,301,289,2,8,10,2,1,15,11,4,0,14,0,4,9,14,4,2,5,0,10,12,372,20,25,31,22,30,29,280,85
11,1,0,0,15,4,6,0,15,13,12,12,231,281,19,19,22,29,20,22,31,27,19,17,27,24,26,27,25,18,29,21,29,27,264,13,15,7,2,12,7,5,5,11,12,8,359,333,26,329,308,327,257,351,258,307,310,7,14,11,10,275,26,20,23,26,26,29,28,28,28,30,19,31,20,25,21,20,18,28,27,29,30,286,293,229,231,229,231,13,13,9,12,4,7,13,6,10,6,2,8,7,9,277,20,286,283,4,12,9,6,7,4,229,281,23,27,22,363,251,375,29,24,362,242,246,319,253,335,352,353,329,255,259,247,259,371,24,19,19,24,22,21,292,228,285,233,13,2,11,11,7,10,4,11,15,8,1,5,7,4,2,9,14,0,5,0,14,5,13,338,373,26,30,19,28,31,284,293,96
8,12,3,8,13,12,7,2,10,0,3,0,13,295,304,18,19,27,16,21,30,17,24,19,23,31,21,22,24,28,26,20,24,24,265,1,14,0,8,7,2,3,1,1,13,252,372,23,25,16,309,328,258,352,259,308,311,318,2,15,8,295,298,16,18,25,30,26,16,30,28,28,27,28,22,20,26,26,16,28,30,23,23,280,8,6,8,4,1,0,13,13,11,9,5,1,11,8,5,14,4,1,5,281,20,270,10,10,6,12,6,8,6,7,295,298,17,20,30,16,31,27,19,363,243,247,320,254,336,353,21,22,21,20,29,23,25,27,22,30,27,25,24,280,229,14,13,4,15,3,0,3,14,5,8,15,3,8,12,12,15,0,2,9,10,14,7,0,4,357,339,374,25,30,21,21,30,264,98,103
14,7,5,13,7,260,240,11,1,7,12,3,12,7,281,26,21,28,18,20,25,29,20,31,21,31,16,19,19,26,23,26,28,19,266,4,1,12,4,9,0,3,0,12,357,253,373,19,24,29,25,329,259,353,16,309,312,319,354,3,1,4,274,30,16,21,29,29,17,24,30,22,19,25,17,20,20,19,29,30,24,29,284,285,9,8,9,1,10,6,9,5,11,4,12,10,1,8,4,1,0,7,7,303,296,271,13,12,7,6,12,9,4,0,12,297,302,19,23,28,24,16,25,19,17,27,321,255,337,20,30,26,17,23,25,26,16,25,24,22,19,282,234,285,15,13,5,5,14,10,1,4,4,13,0,5,1,6,11,11,3,4,2,2,8,12,7,6,7,358,340,375,17,26,25,29,27,265,84,98
260,5,4,0,338,261,241,318,256,260,1,0,12,10,303,294,19,18,16,28,21,21,17,30,31,23,27,27,27,16,21,16,28,24,267,13,1,10,3,13,4,13,9,10,358,254,374,22,18,20,31,28,16,29,17,19,313,320,355,15,12,5,275,28,22,26,30,27,16,31,29,26,24,29,28,29,25,18,17,26,290,232,289,13,3,9,6,13,2,10,6,14,3,14,8,15,2,13,12,14,3,12,10,4,281,280,1,256,14,9,0,8,7,6,15,4,281,18,18,25,30,25,18,28,18,23,30,28,23,25,20,26,22,19,16,22,27,17,20,20,286,283,235,1,11,6,12,15,0,256,256,5,6,3,3,0,10,5,10,13,3,15,11,11,15,11,6,3,13,359,341,29,23,23,20,19,22,268,85,219
261,318,248,342,339,262,242,319,257,261,326,12,8,0,14,274,25,19,25,19,25,20,17,28,27,22,27,28,24,18,21,22,17,21,268,9,12,9,3,15,0,7,9,8,359,255,375,21,16,23,17,30,16,24,22,24,23,321,356,11,6,9,272,26,16,25,24,18,25,25,23,30,23,23,17,31,18,17,17,17,270,233,0,10,8,12,260,252,240,8,4,15,13,5,14,13,0,3,8,8,13,0,13,15,295,289,357,257,354,15,3,13,10,7,8,9,295,300,25,28,30,23,31,30,24,29,23,17,21,21,19,22,29,31,30,31,23,29,29,292,283,7,1,14,5,13,0,244,338,257,257,354,3,6,6,9,9,15,1,3,11,10,12,5,3,5,11,3,15,281,17,24,20,30,21,29,18,269,80,220
262,319,249,343,340,263,243,320,258,262,327,354,5,1,14,275,16,22,23,26,18,31,26,16,22,16,29,22,26,25,26,17,20,18,269,5,3,11,15,3,10,11,11,4,368,25,20,16,21,20,21,21,26,28,29,31,27,29,364,7,14,8,273,17,30,20,18,19,29,30,30,27,24,26,17,24,27,17,22,20,271,9,10,6,13,334,261,253,241,354,4,2,5,0,11,10,7,12,8,8,2,2,3,4,12,3,358,258,355,12,11,11,4,15,12,9,1,276,17,27,24,28,23,19,24,27,19,26,26,23,21,17,31,22,22,28,30,25,28,280,11,8,11,11,11,5,342,245,339,258,258,355,2,14,11,14,7,13,13,4,9,15,2,6,4,14,12,0,4,372,18,28,29,21,16,18,288,285,81,97
263,320,250,344,341,23,19,321,259,263,328,355,2,4,15,272,22,24,29,17,20,21,18,20,24,16,20,22,31,28,19,31,292,228,291,0,14,7,10,0,4,4,9,357,369,19,24,18,16,18,26,31,17,26,23,21,31,24,365,354,10,9,297,296,18,26,19,31,18,26,19,31,20,20,21,17,17,22,24,16,280,8,2,0,357,335,262,254,242,355,13,14,9,12,15,12,15,7,15,5,3,9,4,9,15,13,359,259,356,2,0,4,12,10,14,8,14,277,31,19,27,30,30,28,17,29,30,26,20,17,16,21,17,28,26,18,29,290,228,291,11,4,9,252,244,338,343,246,340,259,259,356,14,8,14,11,0,15,12,13,10,7,15,2,3,11,9,12,350,373,19,19,23,17,29,26,280,106,103,212
30,321,251,345,23,25,18,17,23,28,329,356,11,13,9,273,26,27,31,30,26,28,26,27,18,22,20,31,23,24,31,286,285,229,15,13,1,11,6,15,12,4,5,358,370,24,19,18,25,18,292,238,232,294,26,23,24,17,366,355,11,14,14,276,18,27,28,19,26,24,20,17,23,29,24,26,20,26,31,286,291,1,13,15,358,336,263,255,243,356,7,2,14,14,9,14,3,4,15,15,7,13,1,4,8,2,297,298,270,6,6,1,11,14,1,6,15,281,20,24,23,21,28,23,23,23,16,24,20,20,28,24,28,23,29,29,286,283,229,2,5,1,350,253,245,339,344,247,341,21,30,364,7,0,13,15,9,0,5,9,10,9,12,13,0,1,4,346,351,374,28,31,21,20,21,290,293,80,4,213
30,22,28,30,29,16,28,25,19,30,292,285,2,13,14,274,19,21,20,22,20,25,19,18,18,16,20,21,24,21,24,270,3,7,6,8,1,4,13,5,15,5,2,359,371,23,20,19,28,31,266,239,233,299,294,25,30,17,367,356,5,2,14,277,31,21,21,16,30,23,20,28,19,22,18,19,23,16,27,266,13,1,13,6,359,337,28,24,18,364,10,12,15,5,1,0,11,6,2,13,2,7,8,5,6,8,3,274,271,1,13,1,2,7,12,15,12,305,228,238,238,228,296,29,22,25,20,25,17,16,23,28,24,27,27,20,280,1,1,15,15,357,351,254,246,340,345,27,27,18,24,365,318,8,4,7,1,0,5,5,15,4,10,3,10,15,342,347,352,375,28,30,26,28,25,280,3,81,3,214
23,30,31,30,30,28,24,21,26,23,280,15,14,14,15,275,26,20,30,24,31,30,26,26,17,16,29,21,29,17,19,271,3,7,13,15,2,12,7,3,5,3,7,368,16,25,19,18,31,28,267,10,3,4,272,29,25,17,23,280,10,2,12,281,20,27,16,16,27,23,17,31,21,27,22,25,19,30,24,267,11,2,4,9,276,30,27,23,18,365,354,13,13,0,2,0,11,2,2,8,8,2,240,4,12,12,9,275,266,10,5,15,13,2,12,3,14,14,229,239,239,229,299,228,304,29,31,25,30,25,16,18,20,26,28,288,293,6,4,2,13,358,352,255,247,341,28,30,29,24,29,366,319,306,1,11,5,5,1,6,3,6,3,1,14,338,343,348,353,17,29,22,30,24,282,283,6,194,15,215
22,26,17,22,18,26,23,25,282,232,285,15,9,11,1,297,232,304,25,21,21,20,27,31,20,23,21,25,20,23,29,264,5,2,15,12,12,13,11,6,2,2,346,369,17,20,17,27,17,31,264,7,15,3,273,28,17,30,286,289,2,8,6,368,30,25,24,24,23,18,26,20,18,22,16,19,23,286,238,287,14,7,4,13,277,29,24,22,23,366,355,1,9,9,13,7,3,10,0,2,12,346,241,354,2,10,15,281,267,3,6,9,6,13,4,1,1,2,8,10,15,6,10,229,276,29,25,29,24,25,21,20,16,26,26,280,9,8,14,12,4,359,353,28,28,25,24,20,22,31,31,367,320,307,314,252,240,260,9,13,9,11,15,260,338,339,344,349,20,28,31,28,23,286,283,104,206,195,11,5
27,18,24,16,26,16,27,16,280,233,3,4,10,7,5,11,233,274,29,28,20,19,31,21,16,24,23,24,26,23,30,265,2,9,2,0,2,13,11,8,13,350,347,370,23,30,24,24,24,18,265,11,14,15,368,27,17,23,280,6,1,8,346,369,22,24,26,21,22,27,19,29,23,20,19,20,28,264,239,10,6,11,14,15,303,298,24,30,21,367,356,2,14,12,14,10,13,1,3,0,334,347,242,355,12,15,7,305,293,1,0,15,13,12,6,4,6,15,6,10,4,7,12,9,277,17,288,232,296,22,21,30,31,282,234,285,2,7,6,6,1,278,25,26,23,26,30,26,26,18,31,26,321,308,315,253,241,261,310,256,260,240,334,261,339,340,345,31,26,24,23,22,23,280,98,101,207,196,12,15
27,18,19,284,238,304,24,288,291,5,13,15,15,2,10,4,4,275,17,20,16,29,18,24,24,19,19,30,17,20,290,285,3,3,8,0,4,12,9,12,342,351,348,371,21,20,23,290,294,284,285,4,12,357,369,30,288,230,285,9,13,357,347,370,28,21,21,25,24,30,16,25,30,22,21,26,19,265,1,4,11,8,3,10,5,278,23,24,24,24,266,8,4,8,1,2,9,8,2,338,335,348,243,356,4,3,13,15,5,1,15,10,8,15,7,2,12,15,13,0,5,7,13,10,297,236,285,233,295,296,31,288,238,283,235,14,13,7,5,13,6,279,22,28,22,22,27,23,19,22,26,16,26,309,316,254,242,262,311,257,261,241,335,262,340,341,20,20,20,23,17,19,290,289,96,3,208,197,2,4
27,27,21,280,239,368,24,280,12,3,10,0,8,1,14,8,7,297,296,19,17,19,27,23,24,21,284,232,234,230,283,0,0,8,7,11,3,15,6,338,343,352,349,19,17,18,282,287,305,291,3,8,11,358,370,290,283,231,10,4,1,358,348,371,20,31,17,30,19,17,28,16,20,19,17,23,288,289,9,6,15,2,1,2,13,279,29,17,20,26,267,10,3,8,15,0,13,10,330,339,336,349,20,264,15,1,15,11,10,7,1,14,6,3,15,0,0,3,4,9,1,14,8,12,10,237,15,10,13,281,288,289,239,15,11,8,14,6,3,7,13,272,28,27,18,19,29,24,30,18,21,19,21,18,317,255,243,263,312,258,262,242,336,263,341,28,16,31,29,27,18,292,283,100,99,5,209,198,6,9
16,25,282,289,334,369,292,285,14,7,15,2,15,2,3,1,14,3,301,234,304,23,27,22,21,284,293,233,235,231,10,6,14,0,1,2,9,10,350,339,344,353,17,16,282,230,285,13,11,11,3,9,6,359,371,289,6,5,14,6,7,359,349,23,29,23,23,16,19,30,25,29,20,23,26,22,280,0,3,1,3,11,10,8,13,274,25,21,22,24,280,6,0,1,1,14,11,346,331,340,337,30,29,265,0,14,0,15,4,9,11,2,8,8,15,10,3,7,0,6,9,1,10,0,3,12,7,7,0,301,293,10,9,10,4,15,10,13,11,2,1,273,23,30,16,18,17,17,30,25,16,24,23,31,20,17,28,20,313,259,263,243,337,16,28,28,31,26,30,28,17,264,13,96,12,4,97,96,12,3
22,292,293,357,335,370,268,5,9,2,2,11,4,5,9,4,13,10,1,235,281,22,16,284,230,285,15,7,14,9,15,5,7,2,256,252,252,342,351,340,345,30,23,20,280,231,11,14,0,12,13,10,10,303,287,6,15,10,15,7,14,281,20,17,31,31,17,25,19,27,21,31,26,19,16,284,293,3,12,7,7,15,11,12,10,275,31,28,21,27,360,248,5,4,2,13,346,347,332,341,28,29,284,283,4,13,5,5,6,7,9,13,3,1,7,3,12,6,6,9,10,4,2,10,4,2,15,10,10,2,2,0,13,7,10,5,10,9,0,11,13,281,18,31,18,22,29,20,23,18,24,25,24,31,17,16,17,28,26,18,24,21,21,31,24,27,29,16,24,26,16,265,108,99,11,3,115,107,5,14
19,264,11,358,336,371,269,4,1,1,4,9,12,8,1,10,8,10,10,12,303,236,232,285,231,12,15,9,14,6,9,11,3,342,257,253,253,343,352,341,21,24,25,282,287,11,9,5,8,11,5,11,12,4,11,2,0,4,4,5,13,372,26,30,17,30,30,20,24,25,25,26,26,17,24,264,15,1,10,15,8,14,2,7,7,301,294,31,16,29,361,249,322,9,4,334,347,348,333,30,25,25,264,12,15,13,3,12,5,4,3,3,15,1,6,8,14,6,1,240,11,4,5,7,5,5,10,12,8,11,1,11,13,1,11,8,4,14,2,11,252,368,29,17,21,23,19,21,23,27,22,31,20,30,21,31,19,23,17,18,21,30,30,18,27,28,21,20,18,29,16,280,86,6,4,14,5,4,12,0
25,265,9,359,337,26,364,8,8,2,2,8,14,9,2,8,4,4,10,4,13,237,233,0,0,15,10,14,7,248,0,1,334,343,258,254,254,344,353,23,16,19,25,270,7,0,7,2,15,12,12,12,6,10,7,0,8,3,2,0,334,373,28,25,21,24,22,17,19,16,20,16,27,30,17,265,0,8,8,14,5,12,12,7,8,6,297,296,24,17,362,250,323,310,342,335,348,349,17,23,17,18,265,14,10,9,5,7,9,12,12,1,4,5,3,10,12,0,350,241,310,15,10,11,9,2,11,12,1,12,14,2,1,9,6,6,15,9,4,357,253,369,25,28,20,26,22,292,232,294,23,31,28,27,29,22,21,30,16,27,18,20,25,18,24,18,19,19,18,20,288,293,87,13,1,14,9,15,11,13
30,264,8,305,302,25,365,322,256,6,14,15,11,5,0,9,11,7,12,12,0,6,9,14,8,14,13,15,346,249,310,330,335,344,259,255,255,345,25,22,22,19,17,271,6,13,4,4,9,12,14,14,3,8,0,248,14,11,7,330,335,374,22,20,22,29,21,25,28,18,30,22,17,26,27,270,9,3,11,12,14,15,9,13,7,4,5,278,22,17,363,251,324,311,343,336,349,25,28,19,18,16,280,7,15,8,1,3,0,0,4,5,7,12,13,13,11,357,351,242,311,318,14,13,4,5,4,13,12,2,6,5,12,6,3,5,3,9,12,358,254,370,22,25,28,16,26,268,233,278,28,31,290,300,21,26,24,27,23,21,25,17,30,24,23,22,19,27,20,25,268,5,96,12,8,14,7,4,3,9
17,265,0,7,278,21,366,323,257,322,3,14,5,13,4,1,3,11,3,15,9,8,9,2,10,11,3,346,347,250,311,331,336,345,21,18,18,24,20,20,16,31,23,266,6,1,13,10,13,15,3,8,15,8,357,249,354,15,350,331,336,375,22,29,23,22,21,20,20,29,19,27,18,29,29,271,1,14,8,9,6,5,10,15,8,0,13,279,28,28,27,16,325,312,344,337,19,23,24,24,30,27,364,10,15,9,13,9,12,8,14,3,0,15,14,11,7,358,352,243,312,319,354,1,9,3,14,12,10,3,12,4,13,3,10,13,10,4,15,359,255,371,24,16,27,24,24,269,13,279,21,27,268,303,234,298,29,27,282,230,298,16,19,25,22,22,18,27,23,18,269,100,99,100,116,13,0,8,12,7
20,264,2,3,279,19,367,324,258,323,318,14,9,15,2,7,9,3,4,14,0,11,5,7,6,4,338,347,348,251,312,332,337,22,25,16,16,22,19,27,21,16,20,267,15,0,2,6,5,10,1,11,2,2,358,250,355,357,351,332,337,17,27,25,16,26,20,31,18,22,18,18,28,28,22,280,1,15,10,6,11,15,14,8,10,15,15,276,17,22,29,31,28,313,345,27,21,30,24,26,24,17,365,310,15,8,10,10,0,10,1,4,14,13,6,12,8,359,353,26,313,320,355,9,13,13,1,12,8,6,9,10,8,11,3,11,7,13,13,281,22,17,31,25,28,21,282,285,7,274,29,30,269,9,235,297,300,19,266,231,303,232,236,300,22,21,23,19,284,304,280,86,108,101,97,0,4,11,2,12
25,265,6,9,368,29,22,325,259,324,319,306,13,0,2,2,248,12,14,2,0,11,12,6,14,346,339,348,349,24,313,333,18,17,30,25,19,25,24,16,16,28,20,266,10,5,2,14,0,9,10,3,8,9,359,251,356,358,352,333,20,24,26,17,28,20,26,30,16,20,18,25,21,284,234,287,10,2,5,8,11,2,8,12,10,12,5,277,19,29,22,26,21,21,19,22,31,28,24,19,23,31,366,311,306,13,3,12,1,15,14,0,14,7,6,10,6,272,16,23,25,321,356,12,13,0,11,14,2,13,3,15,4,0,11,6,11,3,12,305,300,17,22,31,28,20,264,1,13,275,18,30,360,13,2,11,281,19,267,6,12,233,237,281,28,19,21,29,280,297,289,87,80,12,115,42,110,10,7,12
16,268,7,357,369,24,31,26,18,325,320,307,314,248,244,338,249,314,248,260,11,10,7,4,338,347,340,349,21,31,26,26,25,18,16,26,24,20,18,16,24,30,24,267,14,10,13,1,12,10,5,1,10,11,281,27,280,359,353,17,18,31,22,29,25,31,22,26,25,30,22,17,18,280,235,1,8,3,4,4,4,12,4,1,5,8,12,272,28,25,29,19,28,16,30,16,25,17,30,24,23,25,367,312,307,354,0,12,12,6,15,14,8,12,10,1,12,273,21,25,16,24,364,248,260,1,5,14,0,15,5,14,5,11,3,7,13,9,1,4,274,18,25,18,31,23,265,2,1,368,29,20,361,354,11,3,305,232,289,108,40,32,116,303,294,21,24,282,283,7,106,109,81,8,6,43,121,118,2,1
17,269,13,358,370,29,28,29,29,20,321,308,315,249,245,339,250,315,249,261,310,8,8,346,339,348,341,23,30,26,27,27,31,17,20,30,28,24,18,23,21,31,19,280,11,256,0,13,9,8,2,4,0,11,303,234,293,281,17,19,26,27,20,20,25,22,22,17,24,16,26,21,292,291,3,2,15,2,14,10,13,13,14,2,6,9,4,273,28,27,29,31,30,17,28,20,26,30,19,24,18,28,31,313,308,355,6,2,7,7,2,9,10,6,11,5,10,372,26,16,29,25,365,249,261,326,2,5,6,9,11,7,6,12,4,0,7,8,11,3,275,24,30,20,25,28,364,252,338,369,28,21,362,355,15,98,114,233,98,101,41,33,121,120,281,24,16,280,106,42,107,104,109,8,104,34,110,92,15,0
286,289,7,359,371,16,19,22,16,22,17,309,316,250,246,340,251,316,250,262,311,310,334,347,340,349,18,29,22,21,31,31,27,25,25,29,24,26,20,23,28,19,18,360,346,257,354,9,8,7,5,7,14,1,9,235,9,372,18,28,24,27,27,26,23,17,23,18,25,29,29,20,266,3,2,2,6,2,9,1,2,10,10,12,2,6,10,272,24,19,27,17,30,26,31,25,17,25,16,21,30,20,24,24,309,356,3,5,13,8,10,6,10,5,3,12,346,373,17,19,28,28,366,250,262,327,314,256,6,0,0,10,12,3,10,15,9,8,14,8,276,29,21,25,28,20,365,253,339,370,20,20,363,356,15,82,117,36,105,2,100,36,116,97,297,230,230,293,96,43,106,107,14,11,96,35,90,93,7,13
360,244,252,368,22,26,16,18,18,19,28,25,317,251,247,341,25,317,251,263,312,311,335,348,341,20,16,19,18,22,22,30,30,16,17,18,27,30,30,20,18,31,16,361,347,258,355,14,1,11,1,0,11,15,8,15,334,373,25,23,23,23,24,18,18,28,25,19,23,24,19,26,267,2,14,6,10,3,15,13,5,9,10,2,8,12,13,273,31,27,21,21,18,21,19,16,30,31,20,18,19,17,31,24,29,280,11,10,14,13,2,4,6,10,3,342,347,374,19,26,20,23,367,251,263,328,315,257,310,9,11,2,12,2,7,14,1,7,0,7,277,25,20,31,24,16,366,254,340,371,24,30,26,280,2,83,15,37,106,32,103,37,97,117,114,231,231,100,109,98,99,9,15,104,99,11,91,121,38,118
361,245,253,369,25,17,22,17,27,23,16,26,18,29,16,24,27,29,18,19,313,312,336,349,28,30,16,21,17,23,22,24,31,23,25,16,25,17,22,16,16,26,28,362,348,259,356,13,6,260,248,12,3,0,7,350,335,374,17,31,29,22,22,20,21,18,20,29,16,29,19,28,264,3,15,9,9,2,7,13,15,11,13,12,6,5,2,372,30,27,20,22,31,16,26,16,25,28,29,29,26,28,16,288,230,289,12,2,4,8,4,6,15,8,338,343,348,375,27,29,27,29,18,22,31,329,316,258,311,318,244,13,13,2,13,1,252,3,5,8,297,294,25,31,19,22,367,255,341,24,16,292,232,293,106,101,10,102,109,33,14,8,113,118,111,40,34,101,100,101,8,11,4,84,14,1,97,14,39,94
362,246,254,370,29,24,24,20,23,31,24,20,21,24,26,20,25,30,22,27,27,313,337,21,19,21,22,25,18,22,29,29,26,26,26,31,29,23,27,22,19,18,18,363,349,24,270,2,357,261,249,326,9,9,346,351,336,375,18,18,22,21,26,31,17,27,19,21,25,16,18,25,265,13,1,5,2,14,15,0,13,5,4,12,1,3,350,373,27,23,24,28,23,25,19,31,19,29,21,29,20,19,19,266,231,10,7,3,2,0,244,1,8,346,339,344,349,18,26,29,29,21,30,26,27,28,317,259,312,319,245,306,252,9,2,334,253,354,1,4,2,278,17,26,28,19,31,31,22,27,23,280,233,14,84,1,10,86,15,10,14,15,12,121,110,41,35,1,80,1,5,1,4,85,8,11,111,34,120,95
363,247,255,371,17,23,30,28,20,17,19,16,25,16,29,18,29,24,21,24,20,22,23,26,27,21,21,17,21,17,16,29,21,17,29,28,26,24,22,29,30,20,17,24,18,23,271,1,358,262,250,327,326,330,347,352,337,17,22,29,20,21,30,29,29,21,20,21,16,27,28,20,270,13,9,4,6,13,8,5,8,2,7,5,5,342,351,374,27,29,27,17,24,23,26,22,25,282,300,17,23,29,27,267,0,7,4,6,3,346,245,326,346,347,340,345,21,16,21,23,18,20,16,23,24,24,23,20,313,320,246,307,253,306,334,335,254,355,7,9,13,279,23,16,28,16,22,31,24,288,238,291,4,15,85,9,0,87,12,13,13,1,0,6,97,2,11,5,81,13,14,102,38,105,6,6,11,35,97,92
23,28,18,16,18,22,31,24,26,31,23,28,26,25,29,19,28,17,26,21,30,17,28,18,18,27,30,28,30,25,23,16,27,29,30,18,30,25,20,26,19,31,26,24,17,284,285,11,359,263,251,328,327,331,348,353,29,16,20,20,22,22,28,27,31,26,20,29,20,30,20,30,271,14,2,11,12,14,3,357,354,11,12,5,330,343,352,375,26,28,16,31,16,22,18,290,228,283,299,234,304,21,30,364,8,13,248,252,342,347,246,327,347,348,341,31,31,27,18,284,232,300,17,30,29,26,22,25,16,321,247,308,254,307,335,336,255,356,5,13,3,281,22,20,18,16,19,22,16,268,239,11,0,2,96,3,10,82,5,13,13,6,10,13,119,110,0,4,80,15,3,80,39,2,15,13,4,15,216,93
29,25,290,228,302,29,19,26,24,19,31,28,23,18,17,22,30,31,18,28,18,26,17,21,18,19,28,28,16,27,26,24,30,25,30,18,24,19,16,23,24,18,286,236,238,291,11,7,278,29,19,329,328,332,349,28,25,28,26,28,23,31,27,22,20,24,19,30,23,31,16,29,360,10,12,2,12,1,3,358,355,5,7,350,331,344,353,25,25,18,20,31,20,30,23,268,229,8,1,235,278,26,26,365,318,334,249,253,343,348,247,328,348,349,23,29,18,22,22,270,233,301,304,22,28,28,16,25,16,27,22,309,255,308,336,337,22,280,9,0,7,372,31,26,25,19,29,17,23,269,9,11,3,106,103,7,3,83,12,4,11,4,10,3,10,92,2,14,81,4,3,81,0,7,14,5,2,199,217,90
29,24,280,229,281,21,20,28,23,25,31,21,30,31,27,29,18,19,27,30,30,20,31,30,18,16,18,31,20,24,18,29,25,20,22,23,17,19,17,28,31,20,266,237,239,3,12,12,279,26,29,19,329,333,23,22,28,17,17,23,18,23,23,22,18,21,27,28,31,18,28,23,361,326,0,15,15,9,3,359,356,11,357,351,332,345,25,29,22,27,28,25,23,26,29,269,8,7,7,14,279,26,23,366,319,335,250,254,344,349,23,329,349,25,28,16,20,27,16,271,8,1,276,29,24,20,22,22,31,22,19,23,27,309,337,18,28,364,2,13,334,373,22,18,17,26,24,290,228,287,1,0,6,96,14,14,98,105,6,8,4,7,9,10,8,93,1,7,96,8,7,96,0,5,5,7,13,200,218,91
29,286,287,6,301,230,296,20,27,28,29,16,20,23,17,27,24,23,16,26,27,28,17,23,23,28,30,21,24,19,30,26,22,22,24,23,29,25,24,16,24,21,267,2,5,2,12,13,297,294,25,19,23,18,18,28,26,22,23,17,31,27,21,17,18,27,19,23,20,18,28,17,362,327,318,4,13,0,14,301,285,8,358,352,333,30,27,19,19,18,18,28,20,23,18,360,252,244,6,0,281,22,17,367,320,336,251,255,345,27,31,31,16,31,17,20,27,21,28,280,2,7,277,20,26,28,18,23,24,20,24,18,28,16,31,19,17,365,310,330,335,374,24,26,19,286,232,285,229,10,11,10,104,99,2,12,80,8,3,10,3,104,32,116,14,113,42,38,103,104,32,109,13,14,2,15,6,201,219,92
29,280,6,8,12,231,303,294,17,16,29,23,19,24,28,22,31,30,28,24,23,17,19,18,23,25,31,25,25,18,18,23,23,30,17,26,16,17,19,24,19,290,285,2,7,5,14,10,1,272,27,18,26,24,22,25,28,28,21,26,27,25,29,18,26,18,25,27,21,19,25,27,363,328,319,306,5,5,12,14,10,5,359,353,27,25,24,27,16,20,23,25,28,27,18,361,253,245,310,244,372,28,20,17,321,337,24,21,16,31,24,31,17,23,17,23,28,16,28,360,2,13,303,296,28,22,27,16,21,23,18,21,17,18,24,31,27,366,311,331,336,375,29,22,18,280,233,10,106,36,120,6,96,12,9,14,81,12,13,11,12,86,33,97,1,14,43,39,106,109,33,11,6,14,11,7,14,202,220,93
24,360,9,9,11,0,4,303,302,24,22,18,16,27,26,21,16,20,16,20,21,29,20,29,27,25,28,17,31,31,16,27,30,29,17,26,18,22,16,28,288,285,8,0,3,11,3,5,11,273,17,20,19,23,27,24,17,17,25,21,21,21,24,23,20,29,25,23,21,21,26,21,26,329,320,307,326,6,10,5,3,5,272,16,21,18,16,25,27,21,21,21,18,26,17,362,254,246,311,245,373,31,27,25,31,16,22,27,27,21,29,31,26,18,31,24,19,28,25,361,322,2,4,299,234,304,28,22,19,18,25,20,16,17,18,30,24,367,312,332,337,28,26,19,286,283,6,104,109,37,115,42,109,3,8,2,86,10,13,7,0,87,12,111,32,38,32,42,105,8,0,0,6,4,14,3,6,203,221,216
17,361,318,12,4,8,7,10,278,16,20,20,31,18,23,29,31,18,30,17,21,21,19,24,29,22,26,18,17,30,29,17,21,21,29,30,29,26,21,21,280,4,15,7,15,14,3,5,9,272,20,23,20,27,17,18,21,22,23,30,24,23,25,26,22,17,30,22,18,28,26,18,31,19,321,308,327,326,14,1,7,7,273,20,17,28,28,27,31,20,18,29,21,29,31,363,255,247,312,246,374,21,24,23,30,31,20,18,29,20,21,23,18,22,17,21,30,21,24,362,323,310,1,8,235,272,18,18,21,19,28,21,23,20,16,27,30,24,313,333,17,29,30,21,280,3,11,86,108,40,116,43,41,12,1,15,87,6,8,8,7,80,7,9,33,39,33,43,1,1,8,2,14,15,14,5,1,88,199,217
29,362,319,310,11,9,15,10,279,24,19,16,28,18,25,17,22,24,24,28,22,28,30,24,22,26,22,27,22,20,29,16,24,24,28,27,29,22,20,20,360,3,13,9,1,11,2,12,4,273,31,30,29,24,31,31,19,31,29,31,18,24,17,20,22,28,16,16,16,26,22,26,18,26,20,309,328,327,354,13,8,11,278,18,25,23,25,24,29,28,29,17,24,20,31,31,20,20,313,247,375,27,28,18,30,17,19,23,21,21,23,31,22,25,24,31,17,27,27,363,324,311,326,13,0,273,22,21,25,18,29,23,29,16,17,27,16,27,24,29,19,31,30,282,287,15,12,87,82,41,115,40,32,34,38,40,105,2,14,3,12,81,14,7,1,0,12,3,1,13,4,1,2,3,4,6,4,89,200,218
23,363,320,311,326,13,10,8,278,24,18,31,19,28,24,17,26,23,23,28,23,19,20,24,23,21,27,16,16,17,30,28,19,24,20,19,18,17,28,27,361,354,4,9,1,6,8,5,256,368,17,17,21,16,19,31,29,30,30,25,31,17,26,22,288,234,296,19,18,30,27,24,21,24,22,25,329,328,355,14,5,6,279,31,16,25,28,31,27,23,30,25,17,29,19,25,25,18,30,21,30,26,21,20,27,29,30,28,19,29,19,17,19,23,23,30,28,16,19,26,325,312,327,322,1,297,228,236,298,19,19,16,24,29,16,28,17,28,25,30,22,23,30,280,100,110,11,96,83,5,9,41,33,35,39,41,9,3,15,4,8,80,1,0,9,12,10,13,3,1,13,9,12,8,5,0,9,90,201,219
27,16,321,312,327,354,1,1,279,29,19,22,25,21,16,17,21,22,30,20,20,31,29,25,31,17,30,17,17,28,31,26,18,17,23,26,25,28,18,24,362,355,11,1,11,12,14,342,257,369,29,30,31,18,23,20,22,24,26,25,20,27,19,30,270,235,278,26,19,27,25,25,23,25,23,16,22,329,356,6,1,10,281,16,16,22,24,25,24,20,23,29,16,288,238,294,31,20,16,31,24,20,23,24,20,29,29,30,21,17,30,27,18,30,28,30,23,17,28,24,17,313,328,323,310,2,229,237,301,296,24,16,25,27,26,23,25,26,16,24,28,16,286,287,96,97,106,103,96,10,11,2,12,6,15,1,5,13,11,9,15,81,4,12,12,14,13,9,10,6,1,7,2,10,6,2,8,91,202,220
26,18,18,313,328,355,13,2,301,302,18,21,17,29,16,24,23,28,23,21,19,16,19,24,19,25,27,17,27,24,23,29,24,22,24,23,27,26,21,27,363,356,0,9,10,4,330,343,258,370,26,22,20,29,19,23,17,28,20,21,29,25,19,22,271,10,279,26,25,24,18,26,19,21,22,18,282,232,289,1,10,0,368,23,23,31,26,21,20,30,16,28,30,280,239,274,22,16,26,16,30,20,18,26,25,23,18,23,28,16,22,17,22,31,21,28,17,16,24,21,17,31,329,324,311,306,260,256,252,372,22,24,31,23,16,24,23,24,21,30,22,26,266,104,101,121,101,104,109,11,3,8,10,7,3,11,3,12,11,2,98,105,12,5,4,3,0,4,14,74,0,0,12,9,2,0,2,92,203,221
22,28,16,22,329,356,13,9,11,303,296,29,30,25,27,31,31,22,27,30,29,26,31,30,17,21,21,31,18,30,22,19,25,24,29,18,18,25,20,31,29,364,3,3,7,334,331,344,259,371,16,27,29,28,26,19,25,24,24,16,19,17,17,26,280,4,276,16,28,20,29,25,31,30,19,284,285,233,6,13,10,357,369,31,23,18,30,30,28,22,28,18,288,285,4,275,17,18,26,21,30,24,26,31,31,28,20,31,24,31,23,20,22,23,19,22,24,27,18,18,21,26,18,325,312,307,261,257,253,373,17,17,25,24,24,23,28,31,30,17,29,19,267,80,104,118,14,96,8,1,2,10,1,11,14,14,1,104,38,120,96,11,7,12,1,4,3,7,176,75,140,13,7,11,7,3,3,93,92,9
23,27,288,236,234,283,12,8,2,5,301,232,300,22,26,18,27,19,19,16,20,20,17,23,23,24,18,16,25,19,28,19,29,16,23,20,17,22,29,29,17,365,326,240,346,335,332,345,16,18,29,30,26,30,31,16,28,19,29,28,28,23,20,288,287,11,277,20,22,29,30,30,27,26,29,266,11,5,2,5,3,358,370,28,24,16,17,20,19,19,21,30,264,5,14,295,296,30,22,23,26,22,20,23,19,28,30,28,18,27,28,18,26,23,22,23,17,22,19,286,238,300,25,28,313,308,262,258,254,374,21,22,24,31,20,30,17,24,27,25,22,31,266,81,86,111,40,109,2,3,2,0,3,15,9,0,2,86,39,111,109,8,5,15,11,9,1,182,177,76,141,194,0,14,7,5,13,97,93,14
22,19,280,237,235,1,2,0,9,6,3,233,281,290,230,304,27,22,26,22,18,30,16,18,18,30,31,31,24,30,23,27,20,22,18,19,24,19,20,26,26,366,327,241,347,336,333,17,18,24,30,23,20,22,25,29,28,23,27,30,27,19,26,268,3,14,368,16,22,19,22,16,19,19,20,267,15,8,2,11,11,359,371,29,21,19,23,30,28,22,17,19,265,3,5,1,295,298,18,17,22,30,28,22,23,21,17,17,30,28,27,27,22,28,16,24,19,29,17,280,239,274,18,24,18,309,263,259,255,375,16,22,20,21,30,30,30,21,23,17,19,27,267,82,87,4,41,4,15,8,14,0,13,0,0,8,7,87,1,8,11,4,15,10,8,4,176,183,178,77,142,195,10,10,12,12,15,216,94,6
25,27,364,0,3,4,13,2,5,357,318,4,295,285,231,272,16,16,31,21,29,28,21,19,25,19,22,24,22,22,22,23,27,24,29,27,31,20,22,23,19,367,328,242,348,337,30,17,31,19,24,30,30,23,16,16,25,26,28,25,28,16,24,269,2,357,369,29,30,27,16,16,20,22,24,270,4,11,6,1,9,276,19,29,28,26,25,26,18,21,30,20,280,8,1,12,9,276,26,31,19,30,17,18,25,21,28,31,16,20,16,17,30,18,29,26,30,292,234,289,14,275,31,26,18,29,16,19,16,29,19,26,29,23,16,17,17,16,18,16,31,16,266,83,84,15,8,10,4,12,3,9,14,7,12,4,5,96,5,2,1,1,6,15,15,188,177,184,179,78,143,196,13,10,9,9,188,217,95,13
31,20,365,310,2,9,13,3,11,358,319,354,8,15,7,273,17,18,26,17,29,18,29,20,30,24,29,27,28,23,26,21,16,28,21,20,24,21,16,24,30,16,329,243,349,18,20,26,24,17,26,31,27,26,30,29,27,23,24,24,31,27,29,266,12,358,370,31,31,23,27,23,20,21,31,271,13,12,3,9,5,277,21,21,27,24,30,16,31,16,24,282,285,4,0,3,5,277,31,24,29,18,21,17,29,19,16,29,30,28,23,22,16,16,23,24,24,280,235,0,1,278,30,26,18,20,17,17,24,26,19,21,31,23,17,21,24,19,28,29,27,16,267,84,85,6,4,13,8,8,0,6,6,0,9,13,100,101,11,9,15,15,12,4,158,189,178,185,180,79,144,197,8,3,11,170,189,218,92,14
19,16,366,311,354,14,5,3,7,359,320,355,13,260,256,372,25,17,21,22,29,26,19,21,31,23,20,18,24,20,26,22,31,21,27,29,21,24,27,20,16,22,20,25,17,24,30,31,24,30,31,16,21,30,22,19,25,26,24,30,22,22,28,267,11,359,371,17,30,16,26,17,20,24,24,280,14,11,15,6,0,281,21,28,21,20,26,29,26,18,21,268,4,8,12,4,9,295,232,228,296,23,22,16,23,27,27,30,24,20,17,29,31,22,16,25,286,285,7,9,14,279,28,28,19,21,30,30,20,21,20,29,29,24,16,27,26,26,21,18,19,16,270,85,96,10,3,12,9,1,9,7,12,9,11,108,101,1,14,13,4,10,2,176,159,190,179,186,181,12,145,198,1,6,182,171,190,219,93,0
24,18,367,312,355,9,14,13,10,299,321,356,357,261,257,373,21,24,16,29,22,18,28,28,16,21,21,29,25,22,21,24,17,19,27,22,20,16,29,26,23,29,29,31,16,18,19,31,16,30,22,23,21,23,28,16,27,21,18,22,29,19,292,287,5,297,294,30,20,29,23,29,20,21,23,360,7,1,8,3,7,295,294,23,18,22,28,22,24,19,20,269,11,14,12,14,6,12,233,229,274,20,17,21,24,21,27,25,29,18,18,18,27,31,25,284,283,6,10,12,6,278,30,17,26,20,21,24,29,18,31,30,27,24,24,20,21,22,17,29,30,28,271,84,210,0,10,12,14,13,3,6,11,0,2,96,6,7,13,14,13,6,188,177,160,191,180,187,7,1,14,210,74,188,183,172,191,220,88,10
31,31,29,313,356,14,1,13,3,8,295,291,358,262,258,374,29,26,29,21,23,20,24,31,29,24,27,21,26,17,20,18,22,26,19,24,23,23,18,27,28,25,17,28,21,27,24,28,18,31,22,17,28,23,17,17,17,31,23,22,16,30,270,5,0,13,295,232,302,24,16,25,23,31,22,361,326,10,5,11,4,9,305,300,31,21,25,18,30,22,27,280,13,3,8,13,9,4,14,1,275,22,286,228,304,21,30,31,26,26,20,18,20,16,282,283,7,13,1,11,14,279,21,28,29,31,27,29,16,26,19,16,31,292,234,298,29,21,19,31,29,27,270,85,211,140,4,4,14,14,8,9,5,13,104,107,7,8,6,14,4,176,189,178,161,192,181,6,9,5,3,211,75,189,184,173,192,221,89,3
28,23,30,18,360,6,2,9,1,4,12,14,359,263,259,375,28,20,30,288,228,228,236,238,298,22,20,24,22,30,22,16,31,29,20,18,30,21,21,26,26,23,25,17,31,31,16,20,25,21,18,28,29,23,17,24,31,23,23,19,23,16,271,9,2,1,8,233,301,298,24,26,28,19,20,362,327,354,7,2,15,3,13,303,304,19,21,24,20,17,288,291,8,12,4,13,8,15,9,5,301,228,289,229,272,19,30,21,30,21,29,27,29,286,283,7,15,240,13,15,4,272,22,31,19,18,16,22,27,31,24,22,18,268,235,303,298,29,17,28,18,27,271,86,212,141,152,15,4,13,8,10,3,8,96,4,11,11,10,0,176,177,190,179,162,193,11,2,0,10,2,212,76,190,185,174,193,15,222,6
23,28,20,23,361,310,5,14,2,7,14,8,372,22,29,19,21,17,290,283,229,229,237,239,276,25,30,26,23,28,22,23,24,24,25,21,28,26,23,29,26,18,23,24,27,24,22,30,25,23,31,17,31,23,20,17,30,28,20,21,20,31,280,9,8,8,8,3,13,276,19,31,16,21,29,363,328,355,14,3,2,11,11,5,281,27,27,28,18,26,270,10,13,12,6,11,4,11,10,9,13,229,7,0,273,23,19,26,19,31,23,26,17,266,3,4,334,241,322,9,0,273,19,16,25,18,30,25,22,25,29,29,16,269,11,0,281,23,23,284,228,300,264,87,213,142,153,134,56,50,6,4,15,1,210,62,44,44,56,164,177,178,191,180,163,158,134,12,7,8,10,213,77,191,186,175,7,182,223,1
17,18,16,18,362,311,310,244,8,7,3,357,373,31,28,23,25,22,280,7,10,8,6,1,277,30,16,19,25,31,26,16,20,27,25,28,31,16,24,25,24,23,25,16,27,19,29,21,21,16,31,26,23,16,23,31,23,18,19,21,31,290,289,4,7,4,8,1,8,277,29,16,28,20,31,17,329,356,9,1,0,6,13,7,368,29,29,23,31,16,271,11,2,14,10,7,4,2,357,354,0,12,15,7,281,18,19,26,24,16,29,17,29,267,0,357,335,242,323,354,11,281,21,17,19,26,31,23,20,20,25,30,20,360,256,256,368,31,21,270,229,281,265,82,214,143,154,135,57,51,152,12,5,9,211,63,45,45,57,165,178,179,192,181,182,159,135,146,10,13,13,214,78,192,187,7,170,183,224,7
26,25,30,18,363,312,311,245,354,8,15,358,374,19,22,22,25,282,283,13,14,6,12,15,278,19,19,28,20,24,26,22,17,26,28,29,25,17,16,19,23,31,16,27,23,26,31,29,22,21,18,28,22,17,27,28,20,17,19,290,234,287,7,244,1,11,12,15,15,281,19,26,20,24,21,31,31,268,10,5,12,15,2,342,369,20,29,31,19,23,360,2,4,10,2,7,4,0,358,355,12,1,7,5,299,300,24,282,232,294,30,19,286,291,0,358,336,243,324,355,2,301,300,29,24,23,21,25,23,22,18,26,23,361,257,257,369,30,23,271,6,295,293,83,215,144,155,136,58,52,153,140,15,0,212,64,46,46,58,166,179,180,193,188,183,160,136,147,146,74,8,215,79,193,2,170,171,184,225,10
17,16,28,19,17,313,312,246,355,14,7,359,375,29,24,19,17,264,9,357,354,2,0,0,279,19,16,21,24,17,282,298,16,31,25,19,28,31,16,25,22,29,17,28,27,28,16,22,18,19,24,29,23,18,29,28,282,232,228,293,235,0,346,245,306,256,2,6,11,372,26,30,23,30,27,25,26,269,7,6,7,2,342,343,370,26,18,18,30,30,361,318,256,330,314,11,3,14,359,356,11,15,1,12,10,295,296,270,233,303,230,236,289,5,11,359,337,26,325,356,4,3,305,294,30,23,31,27,29,22,27,16,21,362,258,258,370,17,26,268,12,10,1,204,8,145,156,137,59,53,154,141,134,7,213,65,47,47,59,167,180,181,176,189,184,161,137,148,147,75,146,68,50,44,188,171,172,185,226,0
31,19,28,27,19,18,313,247,356,15,14,272,17,27,21,25,26,265,0,358,355,2,3,5,272,16,18,30,23,21,268,272,31,19,21,23,26,27,29,27,23,30,22,22,24,26,20,16,22,21,30,19,16,31,286,230,291,233,229,13,2,334,347,246,307,257,306,248,330,373,22,21,29,22,16,24,22,266,15,15,7,342,343,344,371,30,19,24,21,18,362,319,257,331,315,314,1,15,281,280,7,1,0,10,12,13,281,271,4,11,231,237,11,13,7,274,18,30,282,285,5,10,0,303,298,18,25,25,25,22,28,19,26,363,259,259,371,30,22,269,1,11,1,205,122,4,157,138,60,54,155,142,135,134,214,66,48,48,60,168,181,176,177,190,185,162,138,149,148,76,147,69,51,45,189,172,173,186,227,176
22,25,16,16,21,31,17,25,280,14,12,273,27,23,25,29,24,268,9,359,356,13,11,11,273,27,29,24,26,27,269,273,28,21,21,31,18,17,18,30,28,16,25,22,22,27,20,18,19,31,24,23,20,288,289,231,4,260,248,256,350,335,348,247,308,258,307,249,331,374,22,28,31,17,16,27,19,267,4,3,357,343,344,345,21,29,19,26,30,30,363,320,258,332,316,315,322,260,297,287,0,1,4,0,7,14,295,291,14,5,5,9,3,9,1,275,31,30,280,3,6,244,14,4,297,294,24,26,17,24,31,22,16,17,17,28,30,30,18,360,260,260,13,206,123,146,5,139,61,55,156,143,136,84,215,67,49,49,61,169,164,177,178,191,186,163,139,150,149,77,148,70,52,46,190,173,174,187,182,177
234,238,302,28,22,25,24,290,293,2,11,299,230,302,25,19,24,269,2,281,280,7,1,3,297,232,304,29,27,22,270,297,294,30,16,22,24,29,31,25,31,27,17,25,25,25,22,31,28,27,17,30,282,289,4,240,334,261,249,257,351,336,349,26,309,259,308,250,332,375,28,20,27,19,31,20,31,270,12,9,358,344,345,26,30,25,25,21,26,31,22,321,259,333,317,316,323,261,314,240,0,15,8,15,6,11,4,10,13,4,4,4,12,7,248,301,236,236,289,8,330,245,322,6,1,368,292,232,304,20,28,26,19,21,31,20,17,27,31,361,261,261,306,207,124,147,134,14,14,13,157,144,137,85,0,5,13,12,2,182,165,178,179,192,187,188,152,151,150,78,149,71,53,47,191,174,175,158,183,178
235,239,305,236,232,228,236,289,10,1,6,10,231,303,228,236,236,283,12,305,228,322,5,13,6,233,281,19,29,17,271,3,281,29,22,20,22,20,19,27,29,28,24,31,18,28,28,21,20,17,18,22,280,10,334,241,335,262,250,258,352,337,21,21,27,24,309,251,333,23,17,28,16,25,25,29,26,271,10,5,359,345,22,30,19,31,31,31,29,20,31,17,23,22,22,317,324,262,315,241,306,1,0,10,13,1,11,4,6,5,10,3,3,338,249,310,237,237,1,12,281,246,229,7,342,369,280,233,281,21,25,17,31,28,26,29,25,22,18,362,262,262,280,208,125,148,96,6,8,6,11,145,138,96,11,5,15,3,2,97,166,179,180,193,1,97,96,3,151,79,150,72,54,48,192,175,3,97,184,179
