75,79,73,83,84,78,80,86,85,84,86,77,85,84,82,84,83,84,84,77,81,84,74,72,86,84,87,82,87,74,73,82,74,77,72,76,74,75,80,74,72,86,81,77,87,80,82,758,257,537,4,3,14,0,6,5,11,13,12,4,12,14,5,1,0,13,14,0,14,6,5,3,552,12,10,8,13,0,9,13,10,3,9,5,5,1,9,1,4,12,5,3,13,0,10,0,552,1,0,8,6,7,8,13,14,1,90,17,130,101,101,104,103,129,10,2,4,93,29,22,23,98,93,27,98,4,12,1,91,21,31,158,106,110,108,107,110,143,135,128,7,136,108,148,250,759,80,742,256,92
708,708,780,73,72,78,73,76,84,73,75,74,74,77,75,79,86,72,76,81,84,83,79,72,73,77,75,85,83,79,75,87,74,80,73,85,79,83,81,79,75,87,83,84,86,764,710,769,256,538,2,15,15,1,14,2,0,15,13,3,9,11,0,10,8,2,3,9,0,12,0,0,553,14,13,13,3,6,274,264,260,262,264,262,284,10,3,8,8,13,275,264,289,6,4,11,553,6,7,14,2,5,1,4,6,9,89,26,26,25,24,27,20,130,126,11,8,139,107,106,144,132,121,16,95,6,8,114,122,155,108,153,272,261,265,261,288,89,29,130,104,104,127,277,283,846,78,743,257,89
709,709,783,772,81,81,74,72,83,78,86,85,77,74,85,84,79,74,78,72,72,85,72,73,74,74,77,86,83,82,87,76,81,75,81,75,87,84,78,79,80,73,75,81,78,746,711,318,313,539,8,5,1,276,260,284,7,15,14,5,6,2,2,1,2,3,9,8,1,12,15,14,685,9,7,6,6,5,251,46,45,41,54,42,257,275,264,261,264,264,283,42,259,5,14,1,685,12,10,13,3,8,14,14,4,10,93,23,159,106,146,22,21,154,153,273,264,289,8,112,120,17,22,155,153,12,0,88,27,99,15,5,252,54,42,50,257,138,109,144,30,16,94,250,835,847,762,771,259,92
40,46,45,754,80,81,85,84,82,79,79,82,73,73,87,72,75,86,72,81,74,87,75,82,87,75,73,760,774,83,87,82,83,84,72,82,84,83,72,82,76,75,72,87,76,747,316,309,566,565,5,10,5,249,44,290,261,284,2,9,7,12,12,2,3,2,1,2,8,274,261,288,686,596,486,12,14,8,253,43,44,41,55,50,290,280,49,54,49,55,42,49,257,9,4,7,686,582,521,2,3,2,2,4,8,12,137,108,152,6,141,147,17,96,276,280,46,292,286,91,157,111,109,167,105,100,105,119,17,130,101,124,249,40,42,42,293,261,287,93,29,28,99,253,836,848,746,317,308,90
44,40,52,755,82,78,83,79,72,85,79,76,83,86,84,82,87,80,72,84,76,87,84,73,78,83,83,744,779,712,774,77,75,75,79,78,82,85,81,84,79,85,74,78,77,748,257,564,559,15,277,264,263,281,51,41,48,295,262,262,261,265,263,289,2,5,8,8,274,282,47,254,687,597,487,666,0,11,299,268,268,268,307,51,52,51,41,48,46,55,50,45,291,261,285,7,687,583,522,666,1,8,12,10,8,3,3,112,100,127,13,89,25,97,249,49,54,52,254,92,97,7,5,92,27,26,24,24,16,16,23,94,251,45,53,45,41,54,259,91,159,145,98,253,837,849,747,256,115,119
796,42,53,759,79,83,78,85,81,85,73,75,79,73,80,81,84,79,85,84,75,83,77,78,74,79,83,745,50,713,779,774,75,72,74,79,81,84,81,79,86,85,87,85,73,749,258,534,9,272,280,44,46,46,53,51,49,49,48,51,41,49,43,292,265,261,288,7,248,54,48,256,688,598,488,667,5,5,4,0,12,11,249,45,319,305,51,40,54,51,46,44,51,53,295,284,688,584,523,667,12,13,14,11,11,2,15,91,18,96,12,91,26,96,300,267,307,42,256,90,130,129,114,121,23,20,27,156,107,147,25,94,250,55,52,42,46,42,256,140,164,121,96,253,759,76,758,255,89,31
797,800,718,846,73,85,81,87,81,80,87,72,77,83,82,75,75,78,79,82,76,85,80,84,80,77,85,742,47,48,49,759,87,80,73,75,77,79,86,82,73,80,77,86,77,758,259,535,1,252,50,45,317,307,42,314,306,50,46,51,47,51,40,46,41,40,291,263,278,55,47,259,689,599,489,668,14,11,5,1,6,2,251,48,294,320,302,47,318,271,268,303,55,46,51,257,689,585,524,668,1,7,15,11,14,8,7,141,111,150,113,119,18,95,15,11,298,304,257,90,27,95,91,24,21,154,106,152,13,91,27,99,251,50,48,40,54,50,258,7,138,108,153,252,783,706,763,255,92,22
798,801,719,847,82,82,80,82,87,81,75,85,72,77,766,714,774,72,84,85,85,84,83,78,78,78,79,743,315,269,303,773,772,76,74,86,81,74,84,79,85,80,84,764,706,765,256,536,14,251,54,316,310,250,42,292,282,40,40,40,47,44,45,319,268,269,306,40,42,44,41,254,690,600,490,669,6,3,8,14,10,11,251,54,47,257,297,267,308,6,8,248,55,51,45,254,690,586,525,669,4,4,2,2,10,5,2,7,5,114,121,23,156,153,7,0,15,252,259,137,109,151,137,146,18,94,5,15,8,91,25,96,296,266,266,267,268,267,310,7,2,5,277,278,722,707,316,312,140,144
799,802,720,848,73,75,84,73,81,79,79,75,81,79,746,715,779,708,774,76,85,85,79,73,82,85,75,746,254,7,296,303,759,84,84,85,78,77,73,81,76,81,80,758,707,41,254,528,9,253,55,290,289,251,53,318,270,269,271,271,303,45,55,293,260,287,296,306,53,53,319,308,691,601,491,670,8,4,6,11,14,8,300,302,44,255,4,1,277,264,260,278,318,307,48,255,691,587,526,670,5,13,11,7,7,2,13,0,10,91,31,31,132,129,275,289,0,299,312,0,277,263,285,88,26,96,2,7,8,139,111,164,104,103,125,6,9,2,0,11,11,276,280,828,723,832,255,9,13,92
74,803,721,849,72,76,83,72,84,85,85,76,78,76,747,53,42,709,756,72,80,82,78,86,84,86,82,747,255,9,8,253,781,778,82,81,72,73,84,78,87,768,712,763,317,271,313,529,5,297,303,54,255,253,42,258,10,9,11,6,249,52,52,42,52,292,264,281,41,47,255,9,5,602,492,671,3,3,12,273,260,284,0,298,304,292,286,12,249,44,41,55,254,253,318,310,8,588,527,671,10,2,14,5,14,1,8,9,2,88,19,28,22,94,252,291,263,288,14,6,298,307,255,88,159,149,13,11,15,5,116,121,21,26,95,0,8,9,15,5,9,248,835,829,724,833,257,6,113,123
75,82,84,75,73,75,81,75,73,77,75,85,79,81,744,42,51,51,757,74,74,79,80,81,760,706,712,769,293,265,263,278,54,750,85,79,77,72,86,78,766,769,713,55,257,1,5,530,0,15,297,305,292,283,41,254,1,274,261,287,300,267,306,50,47,43,44,41,44,53,254,13,13,275,288,528,8,5,273,283,44,259,2,11,248,51,292,260,279,318,302,53,259,249,257,6,3,275,287,552,12,11,9,2,6,15,7,9,13,93,24,154,144,94,297,307,44,254,1,14,1,251,259,136,151,14,3,6,15,113,161,108,106,110,164,124,9,11,12,5,14,251,836,830,725,834,257,117,123,23
74,84,75,80,75,85,81,75,81,84,78,85,72,82,745,55,49,54,773,710,778,81,86,75,744,707,713,47,48,50,316,271,306,751,79,81,78,87,76,762,763,317,271,269,312,3,560,565,3,14,0,249,44,315,270,311,277,279,316,308,7,272,278,314,267,306,50,53,44,54,293,261,265,279,254,529,15,12,249,43,45,255,8,12,300,303,53,53,51,256,251,55,294,281,292,261,263,323,308,553,1,2,9,10,1,10,4,2,4,89,25,94,90,132,128,296,271,311,11,276,263,322,310,1,6,6,3,117,102,122,96,3,0,4,137,148,274,261,265,261,289,252,837,831,73,748,255,89,17,29
87,74,74,86,84,83,72,72,84,77,83,768,716,706,765,47,45,52,45,711,750,87,75,78,745,45,43,45,47,317,311,7,250,759,76,84,74,86,80,758,317,312,4,564,484,474,563,5,10,273,263,281,40,259,1,9,253,318,310,9,272,280,55,256,12,296,307,42,41,42,54,43,316,267,312,530,7,272,280,43,54,256,15,15,2,251,48,54,316,309,298,266,306,41,47,52,316,311,2,685,10,11,15,14,8,12,4,1,0,89,16,98,92,24,130,128,6,116,129,252,45,255,15,8,5,116,104,120,26,23,135,101,127,11,4,3,298,267,268,303,294,278,759,75,79,749,256,88,20,31
83,77,85,86,84,85,83,80,77,766,772,758,717,707,45,40,50,42,41,45,751,83,85,75,742,52,47,52,53,258,12,276,283,775,778,82,83,78,768,769,259,11,13,552,485,475,4,4,6,248,40,314,270,313,4,272,279,254,7,2,249,51,316,312,8,273,281,48,40,54,47,53,257,3,0,534,4,301,268,305,47,257,7,9,272,281,54,50,295,263,286,14,248,48,317,266,308,0,13,686,617,3,15,11,9,15,12,11,113,122,23,98,91,27,29,94,0,93,97,253,40,294,264,288,8,140,146,22,23,29,20,23,134,101,124,2,10,0,13,251,41,41,846,85,87,744,258,141,147,27
85,85,86,80,78,80,73,73,86,742,783,767,55,45,52,49,49,54,55,51,775,782,85,74,743,55,46,51,46,293,260,278,47,48,759,75,78,768,771,314,325,288,2,553,14,15,14,4,9,298,266,310,15,15,3,252,43,290,260,289,300,305,292,262,262,283,55,50,41,47,315,303,294,260,285,535,7,3,10,250,51,290,286,9,300,306,46,44,42,42,293,263,283,47,257,15,15,9,7,687,618,596,10,4,3,2,0,11,93,24,24,98,90,25,21,133,103,163,148,249,54,49,44,255,8,10,136,145,17,21,22,27,29,28,94,1,3,10,13,251,42,835,847,80,85,745,257,1,91,22
75,79,76,84,74,72,83,87,74,743,51,50,46,48,44,42,41,319,269,305,52,777,710,716,767,51,55,51,41,45,54,48,51,52,781,716,706,765,315,313,296,310,564,561,8,0,10,274,263,284,15,4,9,272,263,283,42,53,44,259,11,301,303,43,55,41,50,52,48,53,254,300,302,49,258,536,4,7,10,296,269,304,293,261,286,299,303,314,267,307,40,49,54,51,254,15,9,277,289,688,619,597,666,6,15,5,11,7,141,142,18,96,92,28,26,25,28,130,124,252,49,41,49,290,260,288,15,91,20,21,18,22,21,31,98,12,7,1,8,296,302,836,848,75,760,767,256,15,90,28
76,84,86,75,85,85,87,73,87,838,41,315,307,52,55,55,48,255,11,251,40,49,711,717,51,40,52,52,49,46,317,269,269,268,306,717,707,314,325,285,558,476,569,6,2,9,5,252,41,257,6,272,265,279,47,49,44,52,50,294,287,7,250,49,50,46,41,316,271,271,313,5,251,55,255,685,14,13,9,12,4,249,40,50,294,284,249,254,5,252,51,40,315,267,309,4,12,249,257,689,620,598,667,1,8,2,5,10,1,140,111,150,91,28,154,107,144,30,97,252,45,52,43,54,47,257,0,91,26,17,27,29,21,21,96,13,11,14,1,1,252,837,849,77,758,314,313,2,90,22
84,80,75,81,85,82,76,79,75,839,792,293,281,54,42,43,48,257,3,250,46,319,268,306,40,51,40,318,271,267,313,10,10,5,248,316,266,313,252,255,554,477,1,6,11,7,6,297,270,324,264,279,48,45,55,50,44,318,304,51,255,5,248,46,314,268,269,311,9,0,272,265,283,55,257,686,596,9,11,4,7,296,268,305,48,292,323,308,274,278,54,317,311,14,0,5,1,252,255,690,621,599,668,13,9,14,5,8,1,10,15,115,120,23,94,11,92,23,98,299,306,53,315,302,42,257,6,140,111,145,24,16,31,28,95,11,1,5,6,3,251,754,74,766,765,258,1,14,92,20
77,86,79,78,84,84,81,85,77,840,793,788,53,44,49,51,41,255,12,251,53,257,12,253,48,50,42,258,8,0,6,0,10,273,279,295,284,0,250,255,685,507,2,11,2,8,276,261,262,282,46,47,314,270,267,267,271,313,297,268,309,15,251,41,293,288,276,262,262,264,321,268,304,47,254,687,597,617,9,6,1,11,8,252,40,44,256,8,253,43,41,255,2,12,5,9,6,253,257,691,622,600,669,5,5,15,0,9,2,5,0,89,31,156,148,115,119,154,151,12,253,55,255,248,46,257,6,272,285,138,146,21,27,25,96,273,265,264,288,5,248,755,78,758,315,310,5,2,92,159
72,76,81,81,81,83,86,84,76,841,794,789,832,41,41,40,41,255,15,248,48,293,261,281,54,55,52,254,12,277,264,285,14,250,44,40,256,14,250,254,686,508,596,10,7,277,279,51,43,40,51,46,256,274,263,264,265,261,265,285,13,274,283,44,46,257,250,54,50,45,258,8,253,54,256,688,598,618,596,4,5,9,10,301,266,302,255,7,251,48,51,259,5,0,8,0,12,249,294,285,623,601,670,10,10,1,15,0,7,2,6,93,27,132,129,91,21,131,101,129,249,53,258,250,52,259,1,250,290,288,90,24,23,20,98,296,303,54,259,275,281,775,708,767,257,115,124,5,93,135
74,78,82,76,76,78,77,72,79,79,795,790,833,51,41,47,44,293,265,283,50,315,267,303,53,49,48,254,5,249,41,257,4,249,44,315,312,14,250,256,687,509,597,610,15,251,55,40,45,315,306,49,254,253,49,46,43,46,43,292,261,280,43,55,48,259,301,270,270,307,291,262,279,55,254,689,599,619,597,603,5,10,2,6,0,297,312,276,278,40,48,257,12,9,10,13,5,249,54,292,289,602,671,6,0,0,14,15,11,4,12,136,110,110,153,136,107,146,19,97,298,266,313,296,304,257,6,301,302,257,89,16,25,28,134,128,301,269,310,298,268,307,709,315,308,90,98,15,92,27
85,72,75,81,76,74,83,78,83,81,73,791,834,52,55,55,48,46,316,271,302,259,3,251,43,50,43,257,3,301,303,259,11,301,267,308,11,5,298,313,688,510,598,611,596,296,267,269,302,295,280,49,291,279,42,43,51,40,53,42,49,49,41,46,47,295,261,262,286,249,49,41,42,40,258,690,600,620,598,604,596,14,9,4,0,10,2,250,47,48,52,295,260,289,0,8,2,297,269,266,311,3,554,15,12,7,8,9,9,12,10,15,5,272,263,289,6,93,31,135,129,0,113,125,296,327,286,14,298,309,91,21,16,17,18,134,102,103,129,11,8,251,316,309,116,163,148,5,136,106
74,82,81,75,74,77,73,79,81,82,87,84,746,43,55,54,41,48,256,14,301,312,9,248,55,319,269,309,11,1,297,310,6,4,8,274,287,12,3,15,689,511,599,612,597,666,275,263,280,53,49,318,306,41,314,306,52,43,41,47,49,44,314,267,307,50,51,41,295,322,266,266,304,50,257,691,601,621,599,605,597,603,14,14,7,9,4,301,307,52,316,305,50,254,13,1,15,5,9,564,476,484,563,12,8,115,101,125,9,0,10,1,10,248,42,292,286,89,22,31,132,102,120,131,128,250,257,12,1,11,140,142,25,27,155,109,108,107,148,12,14,300,313,2,139,153,15,1,13,4
85,80,81,75,84,79,87,79,79,82,82,84,747,50,40,53,47,47,293,287,15,7,274,282,54,258,5,14,10,272,288,14,3,13,6,250,259,8,273,288,690,512,600,613,598,667,251,42,48,44,316,308,298,266,313,252,40,52,44,316,266,267,327,261,278,40,49,45,44,256,6,9,248,40,295,284,602,622,600,606,598,604,603,500,13,11,8,14,253,45,256,249,43,258,2,14,558,474,574,554,477,485,4,8,10,92,30,97,0,10,5,11,12,251,43,44,255,140,145,17,25,21,25,154,152,248,293,263,285,14,5,139,143,154,150,273,262,285,4,14,8,6,13,6,12,14,15,10,4,13
76,78,80,84,80,74,81,87,81,87,78,764,769,47,50,55,50,51,46,294,263,265,281,44,318,310,1,3,0,250,293,264,289,1,4,253,254,8,249,257,691,513,601,614,599,668,249,51,49,50,256,15,4,13,3,251,53,318,306,292,285,6,248,47,50,45,49,51,43,294,262,260,321,266,271,309,13,623,601,607,599,605,604,501,666,0,10,14,250,43,259,253,48,256,9,1,534,475,571,565,4,8,5,3,8,136,110,165,100,127,7,4,6,248,40,40,290,287,138,110,107,143,25,133,124,251,43,48,295,289,3,4,139,153,274,278,53,291,286,6,12,8,11,11,11,2,6,7,1,0
76,72,72,81,77,81,76,74,77,78,72,748,45,52,49,319,267,306,43,53,45,49,45,316,310,12,276,288,275,280,54,55,257,7,275,281,258,9,248,293,261,287,602,615,600,669,252,53,52,47,254,2,273,263,286,249,55,259,252,49,257,13,300,267,266,270,304,54,318,302,51,52,258,0,0,1,15,7,602,608,600,606,605,502,667,3,14,0,250,40,295,281,317,309,14,5,535,14,8,3,14,117,102,103,100,124,3,88,21,133,105,105,125,296,302,44,43,291,263,262,288,138,109,144,98,301,305,54,52,291,263,287,15,11,250,50,49,53,254,12,276,288,12,12,7,15,8,4,5,9
75,74,79,74,84,76,74,76,82,87,86,749,54,44,42,254,12,250,48,49,41,41,52,293,287,10,298,310,252,52,314,266,311,15,250,40,259,11,251,47,52,292,284,616,601,670,296,267,267,305,292,262,281,41,290,321,269,313,253,50,255,5,1,275,261,262,278,45,295,283,51,315,325,285,15,3,14,11,7,609,601,607,606,503,668,3,9,11,251,41,43,47,295,265,262,286,536,11,6,7,5,91,31,30,22,95,5,89,29,19,16,30,135,129,253,41,46,49,42,47,254,0,13,141,148,8,297,271,304,51,41,259,11,1,300,302,45,40,257,9,249,295,284,6,8,12,15,7,10,13
85,72,86,78,82,75,75,76,86,86,72,842,51,52,48,255,274,282,53,52,52,51,45,52,290,262,287,11,297,271,312,4,9,11,252,45,254,10,298,271,305,52,295,284,602,671,12,7,12,251,48,42,44,48,49,294,286,6,299,307,294,288,274,279,54,50,47,45,46,54,317,326,283,254,13,6,1,12,275,289,602,608,607,504,669,4,14,9,248,41,49,41,42,42,49,255,685,12,13,11,1,136,106,110,109,151,0,141,108,109,111,146,27,95,250,54,315,266,303,50,293,265,287,15,4,2,13,13,297,271,271,326,285,7,8,296,307,54,257,272,281,41,292,264,289,4,274,285,5,3
75,87,72,77,84,73,78,74,79,84,73,843,804,48,51,295,282,734,41,54,40,46,53,319,302,40,255,11,1,12,6,15,12,4,251,46,290,285,13,4,300,270,302,294,284,537,273,289,13,300,302,41,48,49,45,54,290,264,287,253,42,291,322,271,271,266,268,271,302,50,259,249,44,255,9,9,10,276,281,293,285,609,608,505,670,2,14,9,252,53,49,40,40,53,50,257,686,589,10,7,10,3,11,8,0,6,115,100,129,0,4,92,23,94,299,266,312,14,253,51,40,54,256,5,14,11,12,15,116,103,126,299,311,2,2,13,298,268,309,297,302,50,54,50,259,6,251,254,15,2
84,80,84,75,80,77,78,72,77,77,84,844,805,800,738,734,820,735,796,53,55,47,50,258,296,266,311,3,277,286,7,13,272,264,283,49,42,293,284,2,1,1,298,304,256,538,250,254,10,5,252,55,42,45,48,53,47,49,257,251,41,42,256,9,277,265,288,9,299,269,309,249,52,256,4,10,4,299,306,51,293,285,609,506,671,14,5,14,252,47,52,48,54,45,49,258,687,590,617,3,14,10,12,5,13,6,93,28,98,8,7,90,31,130,129,13,13,15,297,303,48,315,312,115,127,12,8,6,139,109,149,116,104,129,274,289,7,9,13,14,297,266,266,304,258,0,300,313,7,14
82,75,84,80,83,72,82,73,77,74,78,845,806,801,739,735,821,736,797,832,41,41,52,254,5,8,2,7,296,308,8,13,253,314,270,307,52,317,311,4,13,11,3,250,258,539,249,259,275,263,278,48,44,54,46,43,50,42,295,283,50,51,291,265,280,53,293,261,264,264,284,297,268,326,286,1,8,14,298,266,270,310,10,0,537,0,10,272,278,48,47,51,319,305,52,255,688,591,618,610,14,9,5,2,1,13,90,25,99,5,0,89,25,17,99,115,105,101,124,252,43,254,113,120,135,104,103,103,104,124,0,137,143,98,297,327,262,285,0,10,2,3,3,296,309,2,11,4,0,2
74,85,76,72,87,75,75,82,81,75,84,81,807,802,740,736,822,737,798,833,48,42,52,291,261,261,260,263,289,13,10,3,298,308,7,250,315,310,14,6,3,15,8,250,256,531,251,254,250,48,50,54,51,54,46,52,51,42,40,42,316,307,51,44,54,47,52,55,53,49,294,262,284,248,291,284,6,14,1,0,3,3,3,8,538,7,5,249,48,318,303,42,254,250,40,255,689,592,619,611,596,12,3,7,14,10,138,111,153,0,7,141,108,108,150,88,24,25,95,299,267,311,92,23,29,30,21,28,22,99,10,6,89,133,126,300,270,308,10,272,263,264,286,8,13,8,14,5,12,5
80,87,73,72,77,72,72,74,87,73,80,77,77,803,741,737,823,78,799,834,53,51,53,54,40,319,270,306,255,0,276,288,11,277,264,322,311,14,15,3,11,7,5,252,258,532,251,259,250,41,40,46,43,48,45,44,45,316,302,55,259,253,45,43,49,40,55,317,271,305,52,48,255,253,41,293,286,6,14,13,2,274,288,5,539,11,0,297,271,309,252,48,294,321,271,311,690,593,620,612,597,589,5,12,0,4,11,11,7,13,13,12,9,5,4,141,110,142,98,276,263,288,88,154,110,145,21,154,108,151,12,5,136,111,152,13,8,2,1,249,42,48,293,289,5,6,7,10,0,3
74,74,77,84,87,79,87,74,84,75,75,87,84,73,85,81,82,78,77,748,48,42,50,44,318,313,13,249,257,7,249,258,14,299,267,312,12,274,288,274,263,262,265,282,256,533,297,326,281,47,53,50,53,40,317,269,267,325,280,44,293,281,48,41,314,302,42,291,262,278,49,51,291,280,43,44,292,285,11,8,275,280,255,566,565,10,5,276,265,284,252,50,44,258,273,286,691,594,621,613,598,590,617,15,8,5,0,1,10,114,100,128,11,2,4,6,0,139,152,252,41,257,90,98,6,136,107,150,13,2,14,13,4,13,7,1,0,13,3,296,304,45,49,293,261,261,262,287,15,10
73,75,81,72,86,84,85,82,80,83,78,74,75,72,81,72,77,86,81,749,55,49,47,55,255,13,8,296,312,2,298,311,7,0,0,13,7,252,295,321,304,45,45,317,311,554,10,248,41,50,44,316,305,52,294,284,276,281,49,40,44,52,51,44,292,282,48,50,48,47,53,54,43,46,50,50,46,291,265,265,278,319,312,537,10,7,15,250,41,291,282,42,316,325,283,295,288,595,622,614,599,591,618,596,4,4,14,0,11,93,24,96,5,9,3,2,275,262,260,283,47,255,93,97,8,9,9,7,4,13,2,2,8,2,0,3,11,8,0,6,299,267,307,54,47,42,315,308,5,624
76,83,85,86,86,81,86,79,81,83,72,84,87,74,80,73,87,85,760,763,51,53,316,266,324,260,289,4,5,13,9,11,273,261,264,263,288,249,49,258,298,304,315,312,566,561,272,278,52,315,267,327,278,41,41,294,282,45,315,304,53,41,50,47,53,48,51,40,41,44,43,316,304,40,317,271,271,307,55,45,48,256,14,538,1,5,272,278,316,306,46,48,290,282,317,267,309,13,623,615,600,592,619,597,610,5,11,14,15,136,111,148,0,272,262,263,283,52,48,55,48,258,138,152,10,14,8,4,11,7,14,500,493,486,507,507,507,493,5,12,10,7,296,304,47,317,309,4,638,625
84,72,78,73,76,84,77,77,80,77,84,81,80,80,81,77,82,80,758,40,45,43,255,275,279,45,255,5,11,11,15,9,251,52,47,52,254,253,42,258,1,300,312,560,569,9,248,42,49,290,289,248,52,46,47,51,54,319,310,252,53,52,319,270,267,304,40,43,52,46,319,310,300,268,313,3,3,296,307,51,317,308,7,539,14,9,253,48,255,249,55,54,314,271,310,2,3,1,6,616,601,593,620,598,611,603,7,12,116,104,127,8,13,253,50,46,46,40,316,270,271,308,9,2,10,11,10,15,7,9,652,501,494,487,508,508,508,494,582,12,3,8,2,298,270,312,6,638,639,626
72,77,73,72,77,72,80,82,74,84,77,74,75,81,84,81,768,716,771,49,43,54,256,249,54,318,313,5,274,286,3,7,299,306,53,315,311,248,41,291,263,287,564,559,15,4,253,51,44,40,257,301,271,302,49,53,50,259,273,281,319,269,311,12,10,299,271,307,55,45,257,3,6,1,0,2,0,15,299,267,312,560,478,561,4,272,283,40,259,248,54,314,312,2,10,10,1,4,0,7,602,594,621,599,612,604,589,486,136,147,96,9,3,299,270,271,267,270,309,9,6,4,5,10,3,9,8,14,2,624,653,502,495,488,509,509,509,495,583,596,486,624,589,521,493,507,652,639,640,627
80,73,78,73,87,86,79,78,83,83,72,77,74,80,77,768,769,717,319,302,46,54,291,282,51,258,3,276,281,291,285,11,13,250,47,258,13,248,52,40,43,259,552,5,4,275,280,50,40,47,257,13,5,253,52,49,51,290,281,53,294,264,289,6,3,2,15,248,44,43,291,261,289,14,3,3,15,12,560,474,484,565,479,12,272,281,52,55,256,248,41,256,1,8,1,14,11,0,14,9,1,595,622,600,613,605,590,487,596,140,148,1,7,6,13,10,8,3,6,8,14,6,8,1,10,3,6,486,631,625,654,503,496,489,510,510,510,496,584,597,487,625,590,522,494,508,653,640,641,628
83,80,85,77,74,86,83,76,87,82,72,85,84,80,75,744,43,46,258,299,266,268,302,43,50,258,11,251,45,53,292,265,265,279,49,256,9,301,305,43,316,308,553,11,6,248,52,45,46,314,313,10,11,301,271,266,305,47,40,55,41,48,294,264,260,263,284,251,54,41,42,52,259,8,4,11,1,558,569,475,485,1,5,7,251,48,316,266,308,250,40,292,262,265,288,8,10,14,10,13,10,5,623,601,614,606,591,488,597,617,6,10,12,12,507,15,14,15,2,8,0,6,6,7,0,13,659,487,632,626,655,504,497,490,511,511,511,497,585,598,488,626,591,523,495,509,654,641,642,629
73,74,84,84,87,77,76,81,84,81,81,75,81,83,74,745,53,50,259,15,273,260,280,50,46,292,263,282,44,50,49,45,316,268,266,308,9,3,253,318,308,564,567,12,0,301,307,40,44,257,3,8,15,2,8,11,300,305,52,49,51,51,47,41,45,55,259,299,269,302,52,48,292,287,13,1,0,554,9,5,15,8,6,9,252,44,258,10,3,251,42,43,45,47,291,286,12,4,15,15,3,3,14,602,615,607,592,489,598,618,617,3,12,631,508,610,507,514,521,3,1,12,10,1,10,659,660,488,633,627,656,505,498,491,512,512,512,498,586,599,489,627,592,524,496,510,655,642,643,630
84,76,78,76,81,84,82,86,74,78,84,79,75,762,710,769,49,319,308,273,283,317,305,54,47,48,44,41,51,43,43,50,254,13,1,8,3,5,248,257,568,559,6,10,4,10,301,268,271,311,15,11,12,1,4,0,7,252,47,42,47,42,45,50,40,42,294,289,3,249,48,41,50,256,6,6,566,567,1,9,15,15,1,275,283,40,256,7,6,248,46,48,42,318,267,312,2,7,14,12,1,274,288,13,616,608,593,490,599,619,618,582,624,632,509,611,508,515,522,603,13,1,1,12,652,660,661,489,634,628,657,506,499,492,513,513,513,499,587,600,490,628,593,525,497,511,656,643,644,1
75,82,81,78,85,81,86,78,80,86,80,84,74,758,711,40,46,256,4,252,50,258,252,53,319,307,50,40,48,49,54,41,259,8,12,11,276,265,283,259,685,2,14,4,11,14,4,11,4,12,13,4,3,5,13,3,11,301,270,270,304,40,52,55,51,41,47,292,264,278,46,45,41,259,4,564,561,15,14,15,5,273,262,282,51,314,312,14,0,253,47,319,270,308,275,263,286,1,7,13,1,253,259,8,13,609,594,491,600,620,619,583,625,633,510,612,509,516,523,604,610,7,14,631,653,661,662,490,635,629,658,5,14,2,8,114,101,127,588,601,491,629,594,526,498,512,657,644,112,125
75,86,83,84,78,72,76,80,78,77,77,85,82,838,722,43,49,255,3,300,267,308,297,267,327,279,44,52,318,266,306,317,310,275,284,13,252,46,41,255,686,596,9,8,10,5,1,7,8,3,486,521,507,5,11,4,0,0,11,13,298,302,47,55,314,304,44,41,46,43,50,316,269,313,11,534,1,6,7,3,0,253,49,50,48,254,12,13,10,297,269,308,0,12,253,49,255,7,10,3,9,300,308,1,13,9,595,492,601,621,620,584,626,634,511,613,510,517,524,605,611,582,645,632,654,662,663,491,636,630,11,2,12,11,3,88,24,99,12,602,492,630,595,527,499,513,658,117,118,135
73,81,86,79,80,78,74,79,87,76,87,79,86,839,723,832,47,295,261,289,8,11,7,2,252,49,49,319,313,14,248,256,3,251,254,9,301,271,304,258,687,597,610,8,14,15,3,4,9,638,487,522,508,582,493,11,12,11,14,14,13,301,268,270,310,298,303,40,316,302,52,255,14,14,7,535,5,4,14,274,260,281,50,49,53,293,261,285,0,276,262,288,7,4,299,306,290,288,0,12,13,5,3,8,10,277,262,287,602,622,621,585,627,635,512,614,511,518,525,606,612,583,646,633,655,663,664,492,637,1,15,1,5,11,9,140,144,133,124,9,10,117,105,129,7,5,12,136,145,30
82,87,79,73,80,80,87,74,80,73,74,72,82,840,724,833,53,54,55,254,6,6,272,265,320,266,305,259,4,10,248,293,262,281,256,13,2,12,248,257,688,598,611,589,12,10,10,14,638,639,488,523,509,583,494,589,11,6,14,7,10,13,1,4,5,5,248,52,254,296,267,326,260,285,7,536,5,13,8,253,44,55,51,43,42,42,50,256,8,248,51,255,1,3,3,248,48,254,11,3,1,12,14,6,274,279,52,292,284,623,622,586,628,636,513,615,512,519,526,607,613,584,647,634,656,664,665,2,12,4,117,100,125,2,5,115,120,28,134,103,101,118,30,94,5,14,645,596,139,106
84,72,79,82,84,81,79,72,87,78,79,79,80,841,725,834,46,316,269,312,273,260,282,40,257,12,250,291,261,261,281,46,41,44,291,285,5,277,279,255,689,599,612,590,617,2,12,631,639,640,489,524,510,584,495,590,596,1,12,0,9,10,11,13,12,12,298,266,311,14,5,251,42,257,10,537,0,15,10,297,266,306,50,318,306,42,52,255,7,252,55,257,2,9,5,300,304,257,12,9,1,3,7,274,281,54,51,46,291,286,623,587,629,637,1,616,513,520,527,608,614,585,648,635,657,665,2,8,2,2,89,17,95,11,9,89,25,157,146,19,26,158,108,151,6,645,646,597,596,486
78,86,74,74,86,84,87,84,73,73,75,83,78,80,77,758,52,290,261,264,283,55,41,55,259,2,253,43,55,54,52,50,46,44,316,311,10,248,46,257,690,600,613,591,618,589,652,632,640,641,490,525,511,585,496,591,597,596,13,12,9,11,0,3,7,6,273,260,289,3,3,249,50,257,15,538,8,13,9,9,10,249,46,290,280,42,43,293,286,248,55,259,11,13,11,1,248,291,262,261,285,11,0,296,267,270,270,303,50,258,3,588,630,0,2,7,3,6,9,609,615,586,649,636,658,3,12,2,113,102,160,109,149,115,104,161,106,148,141,106,109,152,500,493,631,646,647,598,597,487
84,85,79,74,82,87,73,73,85,87,84,73,81,81,79,838,52,53,55,53,43,52,315,266,312,14,296,305,52,47,41,51,53,48,258,12,11,253,41,254,691,601,614,592,619,590,653,633,641,642,491,526,512,586,497,592,598,597,617,13,6,6,11,13,9,1,248,317,308,9,5,249,44,258,8,539,2,5,11,4,8,299,302,50,55,316,305,47,292,281,50,258,7,2,6,2,299,306,49,50,257,10,8,6,4,5,1,251,49,257,11,5,273,289,1,12,12,13,12,2,616,587,650,637,115,104,124,9,93,22,98,0,11,88,22,94,12,4,8,659,610,624,501,494,632,647,648,599,598,488
77,73,73,86,81,75,77,87,80,78,74,80,85,73,83,839,784,734,816,800,54,52,254,5,2,1,9,298,302,51,41,46,42,315,312,4,9,297,307,257,6,602,615,593,620,591,654,634,642,643,492,527,513,587,498,593,599,598,618,666,1,0,4,0,2,13,251,259,0,9,8,251,50,255,14,554,11,14,1,8,15,14,251,54,40,295,322,305,49,40,316,325,261,261,286,0,12,296,267,269,325,260,265,265,264,287,12,253,47,257,2,277,281,256,11,2,14,1,276,262,285,588,651,113,120,27,98,114,119,156,148,1,2,137,108,148,10,10,659,660,611,625,502,495,633,648,649,600,599,489
78,84,77,80,81,80,87,73,83,79,87,75,81,77,77,840,785,735,817,801,784,52,293,263,289,10,0,2,248,54,48,48,55,257,1,4,13,0,253,257,8,12,616,594,621,592,655,635,643,644,5,4,9,588,499,594,600,599,619,667,12,14,7,277,263,289,249,254,9,277,261,322,266,310,13,685,3,14,11,7,12,0,298,306,49,43,256,252,55,316,310,248,41,50,292,286,11,10,14,8,252,52,314,267,307,257,9,250,54,257,277,283,43,291,263,285,7,15,296,267,308,1,8,90,27,158,150,89,20,99,11,13,12,8,2,0,1,659,660,661,612,626,503,496,634,649,650,601,600,490
87,78,75,83,80,80,75,74,77,82,75,78,74,73,85,841,786,736,818,802,785,832,52,53,290,264,261,286,297,305,50,55,55,255,12,12,0,13,300,311,8,2,10,595,622,593,656,636,644,275,285,4,15,15,5,595,601,600,620,668,5,2,2,252,40,255,250,292,288,253,49,257,7,10,4,686,603,0,9,0,14,15,13,253,40,55,294,278,54,256,3,301,271,305,43,254,11,4,5,8,297,303,258,14,250,255,10,298,305,290,282,55,49,46,42,293,264,265,287,0,8,14,7,137,106,148,0,137,110,151,1,1,507,5,0,13,624,660,661,662,613,627,504,497,635,650,651,602,601,491
83,75,81,84,76,87,78,78,74,82,85,81,80,75,85,81,787,737,819,803,786,833,45,41,47,41,41,258,4,252,46,314,302,255,14,14,8,5,4,273,262,263,265,289,623,594,657,637,2,296,313,277,260,284,6,9,602,601,621,669,0,9,273,281,55,254,297,270,313,250,42,257,11,12,2,687,604,603,12,9,11,5,4,251,52,55,46,46,55,258,276,262,285,298,266,324,262,264,284,12,14,250,291,289,299,311,2,13,248,53,42,48,44,47,47,53,54,48,256,13,659,596,0,12,13,5,12,10,13,0,7,659,508,589,486,631,625,661,662,663,614,628,505,498,636,651,8,507,602,492
82,72,86,75,86,72,73,79,85,75,75,85,87,82,81,77,80,80,73,76,787,834,52,45,726,53,55,290,260,281,319,312,249,294,265,262,288,13,11,300,306,52,54,292,287,595,658,9,7,2,1,251,40,257,10,8,10,602,622,670,10,10,250,43,315,308,6,276,260,282,46,293,287,14,3,688,605,604,596,4,12,14,2,249,45,51,52,48,52,255,253,53,254,14,4,248,47,46,294,288,2,296,302,255,11,13,8,14,253,40,45,44,48,48,53,48,43,51,254,672,660,597,617,507,514,521,486,0,0,2,631,660,509,590,487,632,626,662,663,664,615,629,506,499,637,14,624,508,617,486
85,87,87,86,86,75,82,74,78,72,83,77,87,80,78,76,85,80,86,76,72,838,722,812,727,800,46,40,49,54,291,265,279,46,50,47,256,1,0,12,253,51,41,49,290,287,8,273,261,260,262,321,267,324,261,264,287,0,623,671,3,0,248,50,290,263,287,248,55,318,271,305,290,286,11,689,606,605,597,666,13,8,14,250,46,48,319,304,47,292,320,305,294,262,285,300,307,44,45,256,8,1,249,257,13,15,10,6,296,305,49,43,43,43,54,315,271,270,313,673,661,598,618,508,515,522,487,582,514,624,632,661,510,591,488,633,627,663,664,665,616,630,0,507,493,652,625,509,618,487
74,87,78,74,76,84,85,77,75,82,81,72,76,74,86,85,83,76,77,86,83,839,723,813,728,801,832,50,51,51,40,42,49,48,44,54,295,263,285,5,251,53,52,53,45,294,284,251,46,43,53,293,263,281,43,40,255,2,8,534,10,10,251,49,53,49,291,281,52,255,15,251,44,257,15,690,607,606,598,667,5,274,264,280,53,44,254,296,305,49,258,249,52,54,290,264,278,49,40,258,1,7,296,325,261,260,263,287,5,252,40,51,55,49,46,290,261,289,7,674,662,599,619,509,516,523,488,583,515,625,633,662,511,592,489,634,628,664,665,2,4,2,624,508,494,653,626,510,619,488
73,86,79,75,84,77,79,75,83,72,74,73,80,72,81,80,80,84,77,78,76,840,724,814,729,802,833,40,40,49,44,45,46,55,54,49,41,48,255,13,253,47,40,55,55,40,293,320,267,266,302,44,55,52,47,317,310,8,12,535,2,4,248,53,315,306,50,47,43,256,6,249,45,259,4,691,608,607,599,668,5,250,46,51,45,53,259,10,297,270,327,283,314,267,304,53,44,51,50,259,0,273,262,280,43,45,53,293,262,279,53,45,46,41,40,53,41,256,13,675,663,600,620,510,517,524,489,584,516,626,634,663,512,593,490,635,629,665,14,645,617,631,625,509,495,654,627,511,620,489
80,76,74,77,77,87,87,79,77,83,76,86,85,77,80,76,78,80,80,72,83,841,725,815,86,803,834,42,55,45,44,50,43,41,50,41,48,42,257,11,252,41,43,50,50,43,54,256,8,5,301,269,305,43,315,311,12,11,1,536,3,7,249,45,257,249,55,43,44,256,7,248,49,257,10,7,609,608,600,669,5,248,47,50,45,53,256,8,277,263,279,47,256,14,297,307,53,51,315,310,9,253,51,51,52,55,46,315,269,271,303,53,54,53,43,316,267,313,4,676,664,601,621,511,518,525,490,585,517,627,635,664,513,594,491,636,630,507,624,646,618,632,626,510,496,655,628,512,621,490
74,74,87,77,81,80,84,78,76,81,76,78,78,76,87,82,83,85,78,87,74,82,79,73,75,86,842,46,41,49,722,738,46,40,40,51,41,40,295,264,321,268,306,41,40,53,44,254,2,277,263,263,278,42,254,7,568,482,476,565,12,276,283,319,313,251,44,54,52,294,284,252,317,313,10,3,7,609,601,670,15,248,55,48,43,44,257,9,249,43,40,47,295,285,277,282,40,53,292,285,3,296,307,51,55,316,266,327,263,262,283,317,307,52,316,311,7,14,13,677,665,602,622,512,519,526,491,586,518,628,636,665,6,595,492,637,652,508,625,647,619,633,627,511,497,656,629,513,622,491
74,83,80,76,86,76,76,77,79,85,76,82,76,76,75,86,78,81,72,77,73,86,82,83,72,74,843,804,730,824,723,739,800,53,55,45,48,42,44,51,257,14,301,269,305,41,44,295,261,281,53,51,316,270,312,560,559,483,477,1,12,249,54,294,262,279,43,317,304,49,259,252,257,10,0,9,12,0,602,671,1,248,51,46,41,45,294,265,282,44,52,48,41,290,281,55,48,49,42,291,260,265,322,302,55,295,260,279,42,50,55,255,251,49,259,0,3,10,0,543,5,1,623,513,520,527,492,587,519,629,637,8,500,507,514,652,653,509,626,648,620,634,628,512,498,657,630,5,623,492
83,73,87,75,80,83,86,84,86,73,76,74,83,74,85,72,77,74,77,72,87,75,81,81,82,75,844,805,731,825,724,740,801,832,44,44,46,42,52,53,291,260,286,0,252,42,55,42,49,315,268,268,311,3,6,554,14,5,10,15,2,298,303,43,55,316,270,310,299,303,292,281,293,285,3,0,4,0,14,528,14,301,268,305,54,54,54,40,316,307,50,314,303,50,49,50,46,314,307,45,48,49,256,250,53,43,55,48,48,317,268,308,300,304,291,285,4,7,0,544,14,5,672,603,9,8,0,588,520,630,9,638,501,508,515,653,654,510,627,649,621,635,629,513,499,658,274,261,263,261
79,84,79,74,79,80,80,73,82,82,84,87,85,83,83,85,81,79,84,81,86,76,84,80,85,73,845,806,732,826,725,741,802,833,41,47,52,52,42,54,45,53,291,263,278,314,269,303,53,292,264,260,284,558,478,569,6,15,11,3,0,276,278,315,271,313,10,13,5,248,46,53,318,313,4,8,15,5,1,529,14,11,277,281,47,41,42,44,295,283,316,311,300,303,46,48,47,259,248,46,41,54,292,278,53,48,41,48,317,326,263,286,5,253,51,257,5,6,14,545,7,14,673,604,596,486,514,645,589,486,624,639,502,509,516,654,655,511,628,650,622,636,630,276,261,260,280,45,730,730
74,79,85,79,86,82,76,81,77,83,83,76,81,87,78,76,79,74,85,74,74,87,72,80,85,83,87,807,733,827,86,80,803,834,44,52,40,50,43,44,50,43,48,51,53,254,10,253,45,52,53,40,254,554,479,10,0,15,7,2,7,249,47,257,3,13,1,12,2,250,319,267,309,11,8,12,7,3,5,530,12,8,250,55,45,317,307,50,44,45,255,15,15,300,304,54,317,308,297,270,304,53,41,43,47,51,51,40,256,252,51,258,14,251,41,291,287,3,5,579,580,10,674,605,597,487,515,646,590,487,625,640,503,510,517,655,656,512,629,651,623,637,277,279,812,792,730,824,731,731
83,81,77,74,80,80,74,80,87,77,75,77,87,82,72,85,77,85,73,77,76,75,83,74,86,85,82,72,77,79,76,80,80,742,45,43,50,51,52,44,48,47,43,46,50,295,260,278,47,49,46,47,256,685,521,2,12,5,12,274,265,278,51,254,4,0,5,10,7,251,259,8,15,5,274,264,289,10,0,528,9,12,299,269,270,309,298,270,266,266,312,11,3,8,297,266,311,274,260,261,281,42,46,44,45,50,44,40,293,281,46,257,14,301,305,41,259,1,8,8,555,4,675,606,598,488,516,647,591,488,626,641,504,511,518,656,657,513,630,273,287,272,282,835,813,793,731,825,732,732
85,80,86,84,84,74,84,84,73,87,81,73,86,74,79,86,80,84,80,77,79,78,82,87,77,76,83,73,81,87,72,72,83,743,52,46,50,47,48,42,42,54,44,53,55,47,41,314,305,53,55,45,259,686,522,610,11,8,1,249,46,43,48,256,0,7,8,1,0,250,254,6,272,262,280,54,254,14,7,529,2,10,0,15,3,8,2,9,3,8,3,4,624,589,10,11,0,249,48,51,54,318,267,270,302,51,42,46,42,40,55,295,261,265,283,43,254,3,12,10,556,8,676,607,599,489,517,648,592,489,627,642,505,512,519,657,658,273,264,281,294,282,50,836,814,794,732,826,733,733
81,74,78,83,87,77,85,79,74,76,82,85,81,86,80,76,81,78,87,82,85,78,78,77,72,75,84,86,86,83,87,78,76,838,730,50,40,47,43,48,50,46,46,51,48,51,40,255,299,304,49,47,257,687,523,611,596,514,9,299,303,43,42,290,265,286,9,9,10,298,309,11,252,50,51,45,257,15,7,530,14,10,10,6,6,1,10,12,10,12,9,652,625,590,603,0,10,300,269,306,41,290,261,264,278,45,48,51,50,53,40,51,44,40,42,42,258,2,10,13,581,570,677,608,600,490,518,649,593,490,628,643,506,513,520,658,6,248,46,318,267,304,54,837,815,795,733,827,83,83
86,72,82,79,86,86,87,74,84,75,77,74,72,84,82,76,81,82,72,78,85,82,87,87,84,76,74,87,84,81,74,83,72,839,731,784,43,55,44,54,52,54,47,55,40,40,40,256,5,251,41,46,256,688,524,612,597,515,666,3,300,303,51,42,45,258,6,1,13,13,11,15,253,48,47,45,259,8,8,678,2,14,10,12,14,10,3,0,7,10,631,653,626,591,604,596,2,6,14,248,55,41,44,53,318,269,304,55,41,54,52,42,45,319,269,268,312,8,13,15,9,557,557,609,601,491,519,650,594,491,629,644,276,265,265,265,262,281,43,290,285,253,42,750,80,80,73,83,81,76
75,80,74,76,83,76,74,76,72,81,84,80,84,75,81,72,83,85,78,75,84,74,79,83,80,73,79,87,74,78,83,72,75,840,732,785,832,45,49,41,319,271,305,50,42,42,53,254,8,251,48,51,257,689,525,613,598,516,667,13,6,248,49,314,271,324,261,287,13,14,15,11,253,43,52,54,259,11,6,679,582,11,9,9,493,493,493,521,514,659,632,654,627,592,605,597,596,9,13,296,303,42,40,51,257,1,297,305,52,53,41,52,46,290,265,287,4,3,9,507,493,692,581,580,602,492,520,651,595,492,630,274,280,55,55,54,50,48,50,48,291,283,47,751,83,72,73,79,83,80
78,83,77,80,75,81,86,85,80,82,82,83,84,82,87,87,79,72,81,86,78,79,74,75,79,77,87,84,87,87,87,80,82,841,733,786,833,46,55,53,254,2,250,49,319,306,55,259,4,252,52,48,258,690,526,614,599,517,668,2,15,253,47,257,5,253,51,295,285,15,9,13,248,47,50,319,313,7,0,680,583,603,507,631,494,494,494,522,515,660,633,655,628,593,606,598,597,596,13,4,297,303,53,315,311,2,8,252,52,46,45,51,41,40,48,254,3,5,672,508,494,693,7,549,15,12,14,277,260,263,265,283,44,48,53,42,45,319,271,304,50,42,40,754,74,83,77,80,87,77
84,85,75,78,87,85,74,87,75,87,76,81,86,84,85,75,73,80,78,78,73,72,77,83,74,74,73,87,73,81,81,78,78,79,76,787,834,42,49,41,295,287,251,44,257,252,47,259,0,252,48,55,258,691,527,615,600,518,669,14,11,298,270,312,3,252,50,41,258,9,5,14,300,303,48,255,4,8,2,681,584,604,508,632,495,495,495,523,516,661,634,656,629,594,607,599,598,597,582,0,15,301,266,310,10,3,8,297,266,271,306,46,40,41,48,259,7,12,673,509,495,694,0,550,2,5,276,278,722,820,784,718,43,45,734,51,47,292,260,282,43,43,46,755,72,85,78,78,74,73
80,86,76,73,78,84,74,74,81,72,78,80,78,77,87,82,83,75,76,74,80,72,78,84,79,82,75,81,74,74,79,85,85,86,79,83,842,46,43,50,41,256,299,268,310,249,52,293,288,298,303,48,291,264,287,616,601,519,670,12,3,10,1,3,3,249,48,47,290,260,262,286,15,248,42,258,7,1,4,682,585,605,509,633,496,496,496,524,517,662,635,657,630,595,608,600,599,598,583,617,12,14,0,14,5,15,4,7,3,1,301,306,52,54,51,256,4,8,674,510,496,695,6,551,13,277,282,828,723,821,785,719,784,812,735,800,734,738,718,40,42,47,55,846,87,82,79,78,82,74
84,87,87,79,83,85,81,73,78,79,76,85,77,86,72,73,72,86,79,77,76,73,75,81,75,78,76,82,84,81,78,82,87,77,83,74,843,800,52,46,54,295,262,260,265,278,43,42,254,4,248,54,53,42,258,7,602,520,671,0,13,1,4,0,273,283,45,47,44,45,40,294,284,251,50,256,1,8,5,683,586,606,510,634,497,497,497,525,518,663,636,658,274,285,609,601,600,599,584,618,589,1,1,8,12,12,8,521,4,11,10,300,269,303,40,256,7,3,675,511,497,696,1,543,1,249,835,829,724,822,786,720,785,813,736,801,735,739,719,788,53,54,820,847,81,77,80,81,80,82
72,78,83,77,74,82,81,79,79,75,87,83,80,77,72,73,83,76,82,86,73,75,79,78,77,77,72,87,84,87,85,82,85,82,86,82,844,801,800,42,44,47,51,52,316,270,304,47,290,261,280,47,43,55,257,564,476,484,563,14,7,277,262,265,280,42,317,268,270,303,50,317,312,251,49,259,5,10,15,684,587,607,511,635,498,498,498,526,519,664,637,277,281,256,15,602,601,600,585,619,590,617,11,9,12,6,638,522,582,13,4,15,4,297,271,310,9,2,676,512,498,697,7,544,14,249,836,830,725,823,787,721,786,814,737,802,736,740,720,789,792,828,821,848,85,82,73,75,80,76
77,84,74,76,85,73,75,77,80,79,74,75,75,76,84,79,80,81,76,78,79,85,86,74,77,84,72,76,78,79,86,73,81,80,81,85,845,802,801,792,722,44,40,50,292,263,278,45,48,43,316,271,306,44,259,537,477,485,15,274,262,279,44,42,40,315,313,12,15,299,268,324,263,278,53,295,286,4,5,8,588,608,512,636,499,499,499,527,520,665,10,301,271,310,272,286,602,601,586,620,591,618,596,521,486,659,639,523,583,582,8,13,4,14,10,15,0,14,677,513,499,698,12,545,10,249,837,831,86,78,84,84,787,815,72,803,737,741,721,790,793,829,822,849,86,73,85,83,74,83
75,75,82,80,84,76,76,73,85,82,82,74,86,75,84,86,86,79,86,83,87,79,87,78,77,72,82,76,78,80,80,86,74,74,81,80,85,803,802,793,723,784,51,43,45,54,52,40,47,44,258,1,251,40,256,538,0,11,5,250,41,52,47,47,50,256,14,6,10,15,7,248,45,43,54,51,293,284,3,14,2,609,513,637,3,8,10,13,15,272,287,0,13,10,297,311,10,602,587,621,592,619,597,522,487,660,640,524,584,583,596,6,13,14,1,11,15,7,557,0,4,8,6,546,3,250,752,77,80,79,86,80,87,86,72,77,77,87,85,791,794,830,823,76,87,78,81,87,78,79
79,82,83,86,82,75,74,76,86,83,86,75,82,78,72,72,74,76,76,75,83,79,73,75,77,81,83,80,83,76,75,74,79,87,86,84,86,76,803,794,724,785,832,45,317,270,302,42,51,49,292,261,281,43,259,539,12,1,5,300,306,42,51,44,317,326,261,284,6,12,0,301,307,314,271,304,54,256,13,9,4,0,10,6,9,15,1,9,277,323,309,6,272,262,263,263,261,288,588,622,593,620,598,523,488,661,641,525,585,584,597,603,12,11,5,0,1,2,692,11,1,7,4,547,8,249,753,87,79,73,79,83,86,86,78,86,82,85,75,81,795,831,81,86,80,81,73,79,76,75
72,74,80,84,72,79,83,82,86,87,85,76,86,87,76,74,78,78,87,77,86,80,79,72,84,82,85,81,80,85,72,84,78,78,80,79,77,86,80,795,725,786,833,51,294,261,282,55,53,53,46,41,44,318,311,554,1,2,14,13,250,51,43,45,254,249,53,293,261,287,1,2,298,311,4,249,40,257,11,8,8,4,13,1,3,2,1,13,248,254,1,9,249,50,41,47,318,325,286,623,594,621,599,524,489,662,642,526,586,585,598,604,610,493,15,6,0,638,693,12,8,8,4,548,13,252,759,86,75,76,76,78,75,87,73,84,87,75,77,77,81,81,77,76,84,78,79,84,81,78
76,75,81,75,76,84,77,74,86,73,768,708,776,75,83,74,78,79,83,83,79,75,76,87,78,83,86,86,82,80,78,86,84,83,77,74,79,83,72,79,85,787,834,46,53,51,52,53,47,44,53,41,46,256,2,678,2,1,15,13,297,268,304,53,291,282,53,42,55,254,2,13,9,272,265,282,55,293,288,8,2,10,3,15,276,265,285,14,251,257,5,6,248,315,307,54,294,283,290,287,595,622,600,525,490,663,643,527,587,586,599,605,611,494,617,507,631,639,694,2,8,4,8,692,273,278,846,75,78,75,74,83,84,76,78,74,82,76,84,80,74,78,72,84,80,82,77,87,86,84
72,74,84,72,74,85,87,87,770,714,771,709,754,83,81,81,78,80,74,80,768,712,778,83,81,73,77,76,72,86,87,75,77,72,75,76,79,80,72,75,83,84,746,47,49,41,52,52,52,41,41,51,42,295,285,679,617,7,11,15,13,3,252,46,47,42,315,306,47,291,260,285,9,249,48,318,307,42,291,262,265,265,261,262,279,45,255,0,250,258,0,14,296,310,299,303,50,317,266,309,3,623,601,526,491,664,644,9,588,587,600,606,612,495,618,508,632,640,695,10,5,9,659,693,248,835,847,73,75,77,76,81,81,72,81,83,74,75,81,766,712,776,78,77,82,75,77,85,85,77
87,78,75,72,77,83,85,762,769,715,48,45,755,766,710,780,84,78,770,708,761,713,759,79,74,76,84,75,82,79,84,86,83,78,74,75,81,77,79,86,83,74,747,41,51,48,50,44,51,43,48,47,47,49,259,680,618,596,10,9,1,5,299,270,266,270,312,251,52,49,42,259,10,299,267,308,298,271,304,45,43,315,271,268,307,53,257,15,301,312,4,2,0,1,9,298,269,308,14,14,1,1,602,527,492,665,277,262,288,588,601,607,613,496,619,509,633,641,696,9,3,652,660,694,250,836,848,87,83,73,86,73,79,85,87,85,77,83,82,748,713,759,79,768,710,772,84,81,75,82
81,83,75,82,73,78,83,742,55,318,269,305,775,769,711,759,79,82,744,709,46,46,775,714,782,84,80,79,77,74,73,86,87,80,73,87,83,80,72,77,86,75,758,41,51,317,266,307,314,269,306,55,47,49,259,681,619,597,610,11,7,6,0,15,13,14,15,248,49,51,316,327,261,284,3,1,1,12,300,305,316,309,15,3,251,49,292,287,13,12,8,8,10,2,274,289,6,7,6,7,11,8,2,15,275,265,282,47,292,289,602,608,614,497,620,510,634,642,697,4,652,653,661,695,248,837,849,81,76,72,84,87,82,78,85,76,78,73,75,749,50,775,716,761,711,779,774,82,77,83
81,86,73,85,73,72,83,743,41,292,288,250,55,45,45,773,782,86,745,47,50,46,43,715,756,82,81,84,86,87,78,87,76,87,78,83,81,81,73,75,83,78,838,44,42,293,265,278,256,274,280,45,53,42,254,682,620,598,611,610,12,13,1,6,4,274,261,281,55,43,295,279,46,293,289,10,10,7,11,250,254,6,10,11,296,305,55,290,288,1,13,13,3,15,297,324,284,3,486,493,514,493,14,276,279,44,42,47,316,308,10,609,615,498,621,511,635,643,698,631,653,654,662,696,248,756,87,76,78,76,73,81,78,76,77,83,76,79,78,758,53,49,717,52,48,43,759,74,83,87
85,77,76,81,80,74,80,744,52,53,259,253,53,52,40,48,775,716,761,55,54,48,51,41,757,75,80,82,78,73,80,80,81,86,84,72,73,74,80,80,73,72,839,832,42,41,44,43,294,280,41,44,40,42,259,683,621,599,612,611,617,10,4,4,14,253,52,55,53,43,49,319,270,303,290,263,261,289,12,251,293,262,285,0,9,248,45,52,259,11,9,13,1,4,15,298,312,652,487,494,515,494,589,299,303,317,267,268,309,8,624,589,616,499,622,512,636,644,624,632,654,655,663,697,250,757,74,77,82,76,85,85,78,81,74,76,79,81,84,842,46,41,46,46,40,47,783,780,77,74
75,85,74,87,79,77,85,745,50,40,294,279,42,51,49,49,40,717,42,50,48,42,41,44,781,780,75,85,80,75,79,76,85,80,79,78,80,80,77,82,73,86,840,833,52,319,271,307,46,319,269,306,41,42,255,684,622,600,613,612,618,617,1,9,10,253,43,47,54,318,269,312,5,252,55,43,52,254,0,251,45,55,255,272,260,323,266,307,256,7,8,1,275,263,261,285,672,653,488,495,516,495,590,589,300,309,1,514,486,624,625,590,603,1,623,513,637,652,625,633,655,656,664,698,250,759,86,81,77,75,83,79,75,77,78,83,76,85,83,843,792,48,55,42,45,53,48,756,79,73
75,73,84,87,76,87,84,842,40,54,51,54,48,52,42,50,54,47,42,42,51,46,50,50,42,752,74,85,76,84,85,82,81,78,83,72,76,76,84,82,74,76,841,834,45,290,263,280,41,295,260,283,54,54,292,285,623,601,614,613,619,618,603,13,0,299,269,270,267,309,2,2,8,296,302,46,47,295,260,323,303,45,292,283,317,309,0,298,311,2,5,274,282,47,49,257,673,654,489,496,517,496,591,590,582,493,659,515,487,625,626,591,604,596,0,7,645,653,626,634,656,657,665,273,283,846,76,83,85,72,87,87,84,77,78,72,81,86,83,844,793,796,54,51,42,40,44,757,77,73
75,75,79,78,72,78,84,843,832,42,50,51,45,45,46,55,48,49,50,44,41,50,48,47,44,753,86,74,86,87,79,85,76,83,85,72,73,77,81,75,72,79,87,758,41,50,48,44,46,54,41,54,44,51,48,291,284,602,615,614,620,619,604,617,11,10,11,8,14,8,11,3,10,12,252,47,43,51,52,254,252,55,43,50,293,287,275,260,262,262,260,282,50,42,43,256,674,655,490,497,518,497,592,591,583,494,660,516,488,626,627,592,605,597,617,624,646,654,627,635,657,658,274,279,835,847,86,72,73,78,85,75,73,76,79,82,74,87,74,845,794,797,832,52,43,53,53,754,78,85
76,87,86,77,81,85,75,844,833,45,314,266,305,45,46,42,50,50,55,53,46,41,55,49,51,781,772,81,75,73,73,79,87,79,85,81,74,73,86,83,87,82,760,761,44,50,41,47,51,44,51,54,46,316,270,269,313,3,616,615,621,620,605,618,603,14,10,12,14,7,4,12,645,582,300,303,55,43,48,256,253,47,319,307,44,295,279,53,40,41,316,305,44,54,315,310,675,656,491,498,519,498,593,592,584,495,661,517,489,627,628,593,606,598,618,625,647,655,628,636,658,9,300,305,836,848,78,80,81,81,85,74,74,74,72,76,74,86,77,74,795,798,833,49,55,55,43,755,85,86
73,80,80,77,86,75,83,845,834,40,254,5,252,50,46,50,46,41,42,53,46,42,42,48,46,48,754,78,72,75,75,73,85,72,84,75,76,81,77,78,86,75,758,47,41,52,41,48,53,45,47,316,271,311,11,2,1,15,6,616,622,621,606,619,604,596,11,8,1,9,5,645,646,583,617,296,305,47,45,294,282,48,257,298,266,306,51,47,46,53,256,250,53,316,312,15,676,657,492,499,520,499,594,593,585,496,662,518,490,628,629,594,607,599,619,626,648,656,629,637,9,9,8,251,837,849,80,77,79,76,79,87,80,78,77,73,87,78,73,86,82,799,834,51,49,42,50,750,74,82
83,79,85,85,75,79,74,81,744,41,254,273,279,53,52,49,46,45,40,46,51,42,42,47,48,47,755,84,87,87,74,80,84,83,82,73,81,81,87,82,79,74,838,55,40,41,738,734,54,315,307,291,286,12,2,1,5,10,275,284,623,622,607,620,605,597,596,2,5,8,624,646,647,584,618,582,301,267,270,304,43,44,254,3,13,297,304,43,41,54,255,248,314,312,3,0,677,658,272,262,261,287,595,594,586,497,663,519,491,629,630,595,608,600,620,627,649,657,630,275,287,10,277,280,756,77,77,83,84,79,87,79,768,710,780,85,82,73,74,86,72,770,769,40,55,52,40,751,73,81
86,86,86,73,73,78,85,85,745,50,254,252,52,315,268,268,305,44,51,52,55,42,41,738,730,718,846,74,75,85,81,77,79,85,79,79,84,80,87,76,72,78,839,800,734,824,739,735,832,254,251,55,254,11,2,7,7,7,299,313,8,623,608,621,606,598,597,603,507,638,625,647,648,585,619,583,603,3,10,298,270,268,313,15,12,3,301,269,304,40,256,298,310,8,5,6,546,276,279,738,722,293,284,595,587,498,664,520,492,630,3,2,609,601,621,628,650,658,274,321,312,15,248,52,757,81,76,83,76,764,706,772,758,711,750,75,83,80,85,81,83,748,44,41,51,45,45,756,75,72
84,74,76,81,764,712,776,74,746,50,292,282,316,324,264,285,250,318,267,305,46,55,835,739,731,719,847,83,77,83,81,73,74,87,72,74,78,81,73,75,86,82,840,801,735,825,740,736,833,254,252,50,295,263,284,10,13,9,1,7,11,7,609,622,607,599,598,604,508,639,626,648,649,586,620,584,604,617,15,11,9,4,3,3,10,10,12,7,249,50,256,12,14,13,15,7,547,252,835,739,723,784,295,284,588,499,665,12,5,11,276,263,286,602,622,629,651,272,283,293,284,14,298,303,752,72,73,80,77,746,707,781,771,51,751,83,85,80,75,78,84,749,52,41,43,48,48,757,81,80
83,78,78,770,767,713,759,76,747,55,40,44,293,278,50,259,250,290,261,283,53,51,836,740,732,720,848,79,76,73,80,78,82,86,83,75,83,81,73,76,79,84,841,802,736,826,741,737,834,293,280,42,53,45,256,13,8,12,8,13,7,6,1,623,608,600,599,605,509,640,627,649,650,587,621,585,605,618,589,11,12,1,15,2,8,11,14,6,249,318,313,5,9,9,12,3,548,253,836,740,724,785,804,293,289,11,276,265,265,264,282,53,292,286,623,630,6,253,49,718,291,287,4,248,753,73,81,73,87,747,55,52,49,43,783,780,72,78,75,75,76,842,52,55,40,48,42,759,86,72
78,87,76,742,53,44,783,780,758,51,46,315,307,41,316,325,279,55,42,51,41,41,837,741,733,721,849,79,79,84,77,87,76,77,80,83,78,76,80,79,80,74,82,803,737,827,75,760,761,45,44,42,46,43,256,14,6,13,13,4,7,7,13,2,609,601,600,606,510,641,628,650,651,588,622,586,606,619,590,589,11,10,8,9,12,4,2,4,296,308,1,10,0,3,13,11,692,250,837,741,725,786,805,784,293,263,279,44,718,41,40,46,722,295,285,273,262,278,816,719,784,293,262,282,759,76,80,77,86,746,52,54,50,41,41,759,85,72,80,74,84,843,796,726,730,726,726,846,73,78
85,83,77,743,46,53,43,781,767,54,43,295,281,317,313,253,318,271,270,303,53,55,752,84,77,85,74,80,86,86,73,73,84,76,72,80,86,73,73,77,87,84,86,74,87,83,72,742,314,268,268,271,305,314,311,1,8,8,9,12,10,6,5,4,5,602,601,607,511,642,629,651,15,10,623,587,607,620,591,590,596,14,0,7,645,610,12,4,7,11,5,13,11,2,14,638,693,250,759,86,79,787,806,785,788,730,726,828,719,796,734,828,723,792,291,279,44,816,817,720,785,804,726,726,846,77,77,87,77,747,55,53,50,53,47,846,78,81,83,85,74,844,797,727,731,727,727,847,76,74
85,86,83,746,49,314,270,304,46,43,48,46,317,324,265,280,256,15,277,282,51,49,753,79,77,79,78,83,85,80,84,84,72,73,79,72,86,74,80,83,85,75,78,77,82,76,81,743,290,265,264,261,279,258,0,0,6,4,12,8,7,2,15,12,14,5,602,608,512,643,630,9,1,1,5,588,608,621,592,591,597,582,493,624,646,611,589,521,3,9,6,10,0,0,638,639,694,250,777,774,76,83,807,786,789,731,727,829,720,797,735,829,724,793,800,730,816,817,818,721,786,805,727,727,847,80,74,76,74,758,314,266,306,44,816,847,87,83,78,83,75,845,798,728,732,728,728,848,79,80
84,87,84,747,318,311,9,248,44,43,53,53,254,249,42,42,292,261,278,47,318,302,781,776,85,84,72,83,77,85,77,76,78,85,85,73,86,82,84,78,83,79,73,78,74,82,74,838,730,738,738,43,50,257,8,13,11,14,4,7,12,13,8,11,4,15,6,609,513,644,1,10,275,260,262,289,609,622,593,592,598,583,494,625,647,612,590,522,603,1,15,5,8,624,639,640,695,301,305,754,76,78,82,787,790,732,728,830,721,798,736,830,725,794,801,731,817,818,819,80,787,806,728,728,848,82,84,81,766,771,259,0,248,835,817,848,86,87,82,75,75,73,799,729,733,729,729,849,86,81
83,77,84,742,259,8,276,278,52,317,267,271,308,248,40,53,55,45,53,45,259,299,302,777,712,716,780,73,79,77,74,85,81,81,82,83,85,72,83,76,84,84,82,83,79,78,74,839,731,739,739,832,54,293,262,289,1,6,9,8,1,11,12,5,1,15,6,273,265,286,13,272,278,55,718,290,284,623,594,593,599,584,495,626,648,613,591,523,604,603,4,15,624,625,640,641,696,11,249,755,86,79,82,73,791,733,729,831,77,799,737,831,84,795,802,732,818,819,76,85,78,807,729,729,849,76,81,79,758,55,295,260,280,836,818,849,76,77,84,83,87,81,86,80,75,86,78,85,78,81
81,76,73,743,293,262,279,41,316,326,262,261,262,280,314,269,270,305,42,43,293,265,281,51,713,717,779,782,85,87,85,85,72,76,76,82,77,73,80,79,73,72,74,78,75,79,85,840,732,740,740,833,50,317,266,324,284,4,12,0,12,1,11,14,3,2,6,296,305,292,265,282,49,816,719,800,295,286,595,594,600,585,496,627,649,614,592,524,605,604,596,652,625,626,641,642,697,3,250,759,74,78,87,75,75,73,73,82,84,84,82,74,78,79,803,733,819,87,74,84,82,83,76,72,79,85,76,766,763,316,269,302,48,837,819,76,72,78,79,83,82,81,72,80,74,75,74,75,78,86
76,75,73,758,54,44,315,267,308,252,45,49,40,45,292,286,12,296,304,50,43,44,41,46,42,316,302,779,716,772,84,80,77,82,75,81,87,86,76,84,78,84,87,84,75,83,87,841,733,741,741,834,316,308,8,249,258,1,14,9,6,3,9,13,13,6,14,10,299,303,45,49,828,817,720,801,804,294,286,595,601,586,497,628,650,615,593,525,606,605,597,653,626,627,642,643,698,272,278,850,86,85,73,81,76,72,75,85,83,87,77,74,85,83,84,86,86,78,78,79,79,78,81,77,72,73,83,748,49,254,5,253,51,752,77,73,85,85,80,82,80,85,86,86,85,86,87,83,82,87
75,83,76,842,48,48,290,284,7,297,271,306,55,44,48,259,4,273,283,316,268,302,40,48,48,292,281,47,717,850,73,78,84,75,78,87,81,72,74,86,72,84,79,74,79,81,73,75,81,74,76,746,254,9,274,280,257,7,8,3,2,13,1,14,2,0,4,10,11,251,48,835,829,818,721,802,805,788,292,285,602,587,498,629,651,616,594,526,607,606,598,654,627,628,643,644,273,283,824,851,76,72,73,86,84,77,83,72,81,87,86,81,74,87,76,85,73,82,74,82,76,78,73,85,76,83,85,749,48,294,262,283,47,753,72,78,83,77,83,83,86,78,79,75,86,72,74,80,83,74
85,80,77,843,788,41,40,293,262,262,261,278,40,49,42,292,263,278,44,254,276,279,317,271,306,835,796,734,824,851,78,83,82,74,76,87,79,75,83,87,87,72,80,78,79,75,76,73,73,72,78,747,257,1,248,47,256,7,274,286,12,10,2,13,0,274,260,261,262,282,53,836,830,819,74,803,806,789,832,256,0,588,499,630,11,10,595,527,608,607,599,655,628,629,644,275,281,820,825,852,73,77,86,86,83,78,81,78,76,80,73,78,87,72,80,86,84,77,75,87,74,73,73,73,84,77,76,842,53,46,40,52,47,754,81,86,80,85,80,83,85,81,85,86,78,81,83,86,79,83
74,82,73,844,789,788,44,40,46,50,43,40,52,41,48,51,48,319,267,310,248,46,290,263,283,836,797,735,825,852,86,79,81,75,72,81,86,72,76,74,76,75,85,73,78,72,78,82,80,81,84,842,292,264,280,54,290,262,283,254,6,14,6,274,261,279,43,55,48,51,46,837,831,78,73,81,807,790,833,258,5,13,274,264,284,13,0,15,609,608,600,656,629,630,276,280,808,821,826,853,81,80,77,87,85,74,85,72,77,77,85,78,73,78,78,77,84,73,75,86,74,72,87,78,78,84,86,843,784,51,45,51,42,755,76,74,83,73,87,86,84,76,75,86,87,85,77,85,75,87
81,78,80,845,790,789,788,734,722,722,42,40,43,812,784,45,47,290,264,289,296,305,45,52,52,837,798,736,826,853,74,81,86,81,75,83,77,74,76,84,74,74,81,75,80,72,87,79,73,74,85,843,792,52,53,730,734,46,45,293,263,263,261,278,51,47,43,49,718,43,44,759,73,77,87,72,79,791,834,258,10,275,282,722,292,264,263,260,284,609,601,657,630,12,248,835,809,822,827,83,74,83,82,72,77,82,73,87,86,85,74,77,80,77,78,78,77,85,84,84,77,87,83,86,78,76,81,844,785,788,55,41,46,756,75,75,79,73,83,81,87,86,72,79,72,87,79,75,82,85
76,75,81,73,791,790,789,735,723,723,784,734,816,813,785,804,49,49,52,294,260,321,267,307,51,759,799,737,827,76,79,73,75,85,72,73,74,83,81,74,87,83,78,74,81,75,83,72,76,87,87,844,793,796,828,731,735,832,49,55,44,48,40,40,51,42,40,820,719,784,722,850,86,75,79,78,75,81,838,294,264,280,816,723,788,730,730,722,291,288,602,658,7,4,250,836,810,823,78,76,86,85,83,76,80,78,72,82,73,81,76,83,80,73,74,72,75,75,78,86,87,73,78,86,73,72,84,845,786,789,788,49,48,757,82,73,79,84,84,79,84,87,82,85,75,79,79,81,87,81
80,79,74,73,79,791,790,736,724,724,785,735,817,814,786,805,804,40,51,51,51,256,4,250,43,850,81,72,79,74,80,77,78,86,72,77,87,75,83,79,82,80,86,83,73,76,72,79,75,82,85,845,794,797,829,732,736,833,48,50,49,49,42,40,51,41,828,821,720,785,723,851,86,86,87,79,79,77,839,792,730,816,817,724,789,731,731,723,796,290,285,272,262,265,283,837,811,84,77,84,77,83,82,85,73,84,77,73,79,77,73,84,79,85,85,76,80,76,77,81,81,83,81,85,73,78,76,79,787,790,789,804,722,846,74,75,79,85,86,81,87,72,87,82,86,84,75,78,82,87
82,78,72,79,82,76,791,737,725,725,786,736,818,815,787,806,805,784,47,49,47,295,260,281,812,851,81,83,76,86,78,86,84,73,78,82,85,79,75,76,80,84,82,74,74,76,87,77,79,72,87,84,795,798,830,733,737,834,45,55,51,52,730,730,734,808,829,822,721,786,724,852,74,86,75,84,82,83,840,793,731,817,818,725,790,732,732,724,797,784,295,280,722,726,734,846,72,74,87,83,84,75,77,76,81,78,75,75,77,75,87,760,710,778,76,77,75,77,86,72,84,87,76,72,74,72,75,79,82,791,790,805,723,847,84,86,83,78,81,75,87,78,79,86,75,86,80,87,84,87
77,83,77,74,76,73,74,83,73,87,787,737,819,79,72,807,806,785,796,718,726,718,730,824,813,852,77,79,78,72,81,74,83,74,82,74,80,87,72,82,72,84,75,73,87,76,75,87,73,74,76,82,81,799,831,81,87,838,45,54,47,812,731,731,735,809,830,823,74,787,725,853,79,86,73,81,73,76,841,794,732,818,819,72,791,733,733,725,798,785,784,824,723,727,735,847,76,79,84,77,72,80,73,87,82,76,74,75,79,86,766,765,711,759,80,770,708,772,82,75,87,81,77,78,77,79,74,86,84,85,791,806,724,848,85,76,83,75,75,78,81,74,78,78,86,79,77,82,74,82
74,73,83,78,82,75,86,76,83,74,74,75,86,87,81,78,807,786,797,719,727,719,731,825,814,853,76,78,75,79,74,80,87,74,77,77,85,72,82,75,81,78,79,74,81,75,79,73,85,79,75,82,74,85,78,85,75,839,792,718,812,813,732,732,736,810,831,79,73,85,84,72,84,76,76,73,72,83,79,795,733,819,81,83,72,73,85,75,799,786,785,825,724,728,736,848,86,81,84,86,77,85,76,78,82,78,80,78,768,716,765,48,43,777,706,765,709,759,77,81,74,83,86,73,73,78,73,87,78,82,79,807,725,849,79,73,75,79,87,77,72,72,79,80,72,72,74,80,83,81
74,84,78,80,73,78,74,83,75,85,75,83,77,83,74,73,76,787,798,720,728,720,732,826,815,81,83,75,81,78,76,75,80,79,75,79,81,73,74,72,82,76,80,74,84,75,72,73,76,81,72,79,87,85,75,80,77,840,793,719,813,814,733,733,737,811,75,75,75,86,86,85,83,75,77,81,76,75,78,86,79,79,86,85,78,81,74,81,73,787,786,826,725,729,737,849,84,86,83,79,78,83,81,83,87,74,72,83,758,717,44,44,40,49,707,54,43,850,85,83,74,77,81,82,72,72,74,86,73,84,82,79,76,72,75,75,85,75,80,76,72,78,74,84,81,85,87,83,76,75
78,83,87,84,75,79,76,83,85,74,81,72,79,85,75,86,83,76,799,721,729,721,733,827,81,84,78,75,73,78,80,79,72,87,80,87,74,78,85,79,81,82,83,78,79,87,78,72,87,83,83,84,83,74,87,80,81,841,794,720,814,815,72,78,73,74,77,79,78,80,76,77,78,79,72,76,83,80,81,73,77,82,78,81,87,81,72,83,87,84,787,827,72,73,72,79,72,82,85,86,82,76,75,76,76,84,72,74,838,718,52,54,52,49,49,43,816,851,72,82,74,83,73,79,78,79,76,81,83,78,87,76,80,82,77,81,86,72,86,75,74,78,74,81,77,85,77,83,85,87
79,84,78,85,80,73,72,84,76,86,72,75,80,76,76,76,87,87,73,82,81,74,82,72,84,85,79,86,80,82,84,85,80,75,83,82,81,77,83,84,83,84,79,76,79,80,76,76,86,81,84,75,74,76,81,78,81,80,795,721,815,75,80,84,73,82,87,87,87,78,84,87,85,74,85,83,74,80,75,78,77,72,74,76,87,82,85,74,79,77,81,74,72,81,73,72,75,83,81,82,83,72,87,74,72,72,76,75,839,719,788,43,46,43,40,812,817,852,78,85,74,87,86,75,86,84,75,84,83,74,87,77,80,81,76,82,83,85,83,86,72,84,86,87,83,74,79,76,87,75
73,79,76,76,86,81,83,87,87,81,74,73,85,81,77,76,87,73,81,78,81,83,76,87,87,72,81,78,87,72,83,81,72,81,79,82,72,82,83,75,84,72,78,77,77,82,77,72,85,80,78,87,81,74,86,80,73,81,77,84,82,74,85,82,80,83,73,78,83,78,80,80,87,82,75,83,78,75,76,74,82,87,81,81,76,83,86,85,75,73,73,83,73,76,79,78,85,83,81,74,86,82,73,74,86,73,72,86,840,720,789,800,738,738,816,813,818,853,81,77,82,83,80,79,86,78,85,84,84,80,81,78,73,80,87,78,83,76,74,72,80,73,75,83,82,82,86,86,82,73
75,72,74,79,86,80,74,83,79,72,84,72,86,83,81,82,78,81,84,82,77,85,86,85,83,87,79,79,87,83,87,83,77,79,78,79,77,87,86,87,76,75,74,78,81,86,76,80,81,83,74,76,81,85,77,85,81,79,75,80,83,87,77,81,85,77,75,72,76,81,84,87,86,75,73,78,85,80,72,80,83,75,86,73,81,72,75,79,79,87,83,86,80,74,77,81,74,80,84,86,74,79,84,81,87,75,78,84,841,721,790,801,739,739,817,814,819,74,86,84,74,83,76,84,74,85,83,76,73,78,82,73,87,72,86,84,72,72,79,79,79,75,76,72,76,73,74,85,84,78
72,83,74,82,74,83,76,77,72,87,87,85,81,76,85,79,76,85,74,83,75,81,82,84,72,85,87,83,84,73,76,80,72,82,78,80,75,86,87,77,78,81,82,86,83,84,83,80,78,79,75,78,80,81,77,74,84,81,81,84,79,77,84,74,85,81,81,81,84,86,86,78,74,83,76,84,87,72,76,76,73,86,80,84,79,73,82,73,79,80,86,80,80,75,78,72,77,74,80,85,86,76,87,78,82,86,86,82,79,82,791,802,740,740,818,815,81,82,75,76,80,74,81,73,79,83,80,85,75,86,81,80,77,84,80,80,75,87,76,83,84,74,82,72,73,73,83,79,78,87
83,81,85,72,84,86,78,81,74,78,83,82,85,82,83,85,79,84,81,75,79,73,78,76,72,78,76,75,81,87,79,76,81,73,78,85,78,73,84,77,79,74,87,85,78,73,78,77,75,79,79,85,77,74,75,81,73,75,85,87,80,77,73,73,72,78,85,80,77,76,85,72,87,80,82,76,80,76,76,78,78,83,73,78,73,76,87,82,85,80,77,78,80,78,84,77,86,86,87,77,80,73,72,72,84,83,81,85,75,86,87,803,741,741,819,86,79,74,77,74,84,85,75,72,85,86,80,80,72,84,72,75,72,79,73,87,73,79,86,83,86,74,72,76,82,82,74,74,84,76
74,78,72,78,74,84,82,82,77,80,75,77,87,74,79,80,86,83,84,87,85,78,84,72,83,86,74,85,74,84,73,80,79,83,86,76,73,84,73,75,79,78,77,78,87,78,75,85,72,85,85,81,72,80,72,79,83,85,84,83,73,78,76,79,72,77,80,72,75,78,77,85,74,86,82,74,84,76,79,79,73,80,81,76,75,79,75,74,81,84,80,87,84,82,85,82,79,79,79,84,87,76,73,72,75,82,87,82,77,82,79,79,85,75,78,86,76,77,86,84,80,74,83,80,73,85,84,87,82,86,84,72,82,86,83,83,85,86,83,78,85,76,73,82,86,83,80,85,76,76
72,76,77,87,83,74,84,78,78,75,74,81,73,86,77,77,75,73,75,78,84,75,72,80,85,82,80,73,76,78,75,84,87,86,80,76,84,76,82,74,82,74,75,87,80,74,73,75,74,76,84,85,82,78,76,86,81,79,77,72,78,77,79,79,80,79,86,80,76,75,74,87,75,86,82,83,75,78,83,82,75,75,81,75,75,75,84,87,85,72,83,78,82,79,76,75,77,78,72,79,85,85,72,75,87,79,77,86,76,74,77,77,74,86,74,73,83,86,80,76,86,73,72,85,77,85,74,83,74,86,77,82,81,72,74,79,87,86,85,77,73,84,84,83,76,86,73,83,87,79
87,79,79,81,74,75,87,76,77,76,83,82,80,85,82,75,82,78,72,72,79,76,80,84,81,72,73,85,74,72,87,73,78,87,75,76,81,80,87,86,77,75,77,79,83,83,80,83,79,87,76,85,84,79,78,75,75,87,80,84,86,81,74,82,85,82,74,73,80,84,75,72,72,87,74,81,79,84,74,81,87,80,81,80,72,74,78,78,76,76,86,78,73,83,84,81,84,75,83,82,72,79,85,74,79,87,82,75,74,84,77,83,86,83,72,72,74,82,83,72,87,74,73,76,83,82,82,80,85,80,74,80,73,84,85,82,85,87,78,86,81,87,78,76,73,77,77,74,83,87
80,77,74,87,72,74,72,78,84,79,73,84,83,81,76,72,76,81,76,81,76,81,72,83,81,76,82,82,76,82,81,84,86,78,84,83,74,80,83,78,86,86,78,75,81,80,85,83,74,83,75,79,82,78,74,85,83,84,83,84,87,77,86,81,83,84,81,85,80,81,82,72,82,76,79,76,79,76,81,75,87,72,80,77,80,73,73,80,83,77,76,75,78,79,81,77,82,73,83,83,87,78,87,74,73,83,72,74,77,76,78,77,73,85,75,81,77,77,73,81,78,77,84,75,85,80,75,86,81,85,75,75,86,75,79,77,79,72,82,81,78,87,83,75,79,86,86,72,78,85
87,85,83,76,75,85,77,74,87,80,81,78,75,82,85,79,78,81,77,79,78,82,85,80,85,86,80,80,86,86,84,81,79,76,75,87,72,87,82,82,74,84,77,75,81,72,86,77,72,85,85,80,78,77,72,72,79,85,72,78,81,83,80,81,72,87,74,82,86,80,75,80,75,76,72,78,87,85,84,74,73,83,73,87,76,72,75,74,83,85,86,72,74,83,87,79,73,80,78,81,77,86,79,75,80,76,75,82,87,83,79,79,87,87,85,82,76,73,72,87,72,75,74,84,84,77,84,79,83,78,72,76,77,85,86,81,78,79,82,82,72,84,75,84,84,86,76,76,85,760
