73,71,72,76,75,66,72,77,76,76,71,66,64,77,68,75,65,65,75,73,65,75,66,66,78,67,75,67,77,78,74,68,65,66,78,71,72,73,76,72,65,64,72,64,64,71,76,69,78,72,75,74,69,72,68,73,64,69,71,77,78,73,79,73,75,68,72,68,67,75,65,74,75,76,74,66,71,72,74,75,66,68,75,79,66,77,66,79,66,75,74,64,71,73,66,73,74,66,74,71,67,65,68,75,66,67,67,69,77,70,65,77,78,67,77,68,64,67,79,75,64,77,71,78,67,74,70,76,78,68,74,72,73,65,73,64,68,73,67,70,69,75,79,64,75,66,79,72,78,65,64,79,79,76,77,69,66,70,70,79,65,68,79,77,576,13,3,7,0,7
66,71,68,74,67,68,65,71,79,71,64,64,72,76,78,74,78,75,73,66,78,65,70,67,69,71,72,65,66,79,77,66,77,64,65,66,66,71,75,78,76,76,65,70,78,74,66,72,74,79,73,67,75,66,71,74,73,64,69,69,76,77,70,64,64,75,64,71,69,69,68,71,66,64,78,64,67,64,73,79,66,72,74,71,77,67,70,71,66,70,74,64,79,68,69,79,69,76,69,69,71,65,66,79,74,68,588,528,522,524,526,528,600,64,79,65,64,76,74,65,73,78,64,79,73,70,75,68,75,70,79,73,65,74,67,64,68,72,79,68,66,74,77,72,64,77,73,72,71,68,68,78,69,78,77,75,75,73,64,78,67,68,69,71,577,4,2,8,12,10
73,73,79,77,74,72,67,71,73,76,66,65,73,77,70,74,65,78,79,75,72,68,75,74,70,69,65,75,69,76,65,76,67,67,73,79,79,72,76,70,69,78,68,75,70,70,64,73,66,67,70,64,67,70,74,77,76,66,72,73,79,67,70,67,67,79,68,67,76,70,66,67,71,74,72,65,68,73,65,77,74,78,68,77,68,73,71,65,65,64,73,66,74,70,74,79,68,78,68,79,588,524,526,522,528,522,593,529,523,525,527,529,609,608,78,65,65,79,71,71,66,69,75,71,67,77,74,73,70,77,74,75,70,74,76,70,72,70,74,70,68,67,75,75,68,79,72,76,67,74,75,75,73,68,70,70,67,70,64,76,75,69,75,73,586,6,10,3,14,6
75,65,69,79,74,70,72,66,76,78,77,70,77,65,65,74,73,73,73,66,67,74,76,77,79,77,70,79,65,67,73,76,69,74,76,72,70,67,67,71,67,68,78,68,79,69,66,70,68,73,79,70,70,67,70,79,76,74,66,64,79,65,72,73,72,74,77,75,74,75,72,64,78,69,76,72,71,65,65,70,73,68,66,73,65,72,68,67,70,65,78,68,66,74,76,66,71,68,73,74,574,525,527,523,529,523,511,465,460,465,460,463,496,605,524,602,71,73,72,69,70,69,65,64,79,72,64,67,76,71,69,75,69,78,69,72,75,66,74,68,73,78,68,64,72,77,68,76,71,66,78,74,76,74,71,65,73,79,78,76,71,69,78,73,694,9,14,2,12,15
74,75,65,73,72,73,65,68,70,67,71,65,69,69,78,77,69,73,74,64,76,72,68,74,76,65,73,73,70,72,65,77,64,74,69,64,75,79,78,68,69,77,68,79,67,75,70,70,73,64,64,71,69,72,68,73,65,76,68,70,68,71,67,75,64,77,77,64,77,64,68,75,71,70,78,70,70,70,68,72,71,66,71,66,76,69,70,64,66,67,68,73,78,68,77,69,66,76,70,73,575,509,463,462,461,464,507,53,50,53,60,50,491,496,525,609,602,77,79,66,64,79,66,74,65,72,72,76,78,77,72,71,68,70,74,77,67,65,68,71,76,71,77,65,64,72,69,70,78,71,67,72,64,76,74,70,68,72,79,75,67,72,72,67,695,636,12,2,2,1
74,73,66,64,65,74,79,75,70,74,64,70,74,76,72,68,72,72,65,65,65,79,77,71,76,70,78,69,70,71,70,73,70,74,76,73,78,75,79,79,73,69,71,65,76,75,75,72,69,78,71,72,75,69,69,67,67,71,66,78,72,70,66,78,65,75,69,64,64,70,67,77,69,75,64,64,79,66,78,73,66,65,73,71,66,64,66,69,77,67,74,64,64,65,598,522,530,522,524,522,599,453,57,63,56,59,50,62,52,61,58,51,60,491,462,497,603,604,68,65,72,75,68,74,65,64,75,78,64,64,69,75,77,79,73,68,76,64,72,76,79,76,64,66,75,77,75,65,64,78,64,78,69,75,65,75,76,65,75,77,73,72,64,65,696,637,636,540,564,534
65,74,73,74,73,67,73,72,64,68,67,69,65,64,68,67,67,64,73,66,74,73,64,68,66,64,69,66,69,64,79,68,64,64,69,72,78,74,73,76,70,78,71,76,64,64,71,78,79,74,76,79,78,78,67,75,78,74,67,66,75,78,70,64,71,78,64,64,73,67,70,71,65,76,73,79,77,70,71,73,65,67,74,72,68,71,66,67,67,70,79,64,74,588,589,523,531,523,525,523,513,507,53,51,52,53,48,48,58,48,54,57,50,51,53,495,498,609,608,65,70,66,76,64,72,68,67,71,70,79,71,71,71,73,78,74,64,69,68,65,67,64,76,66,69,66,70,68,76,65,75,79,64,65,74,69,67,70,72,66,65,78,73,76,697,638,637,541,565,535
73,66,64,68,74,65,71,78,79,74,67,79,68,79,65,68,78,68,69,67,67,75,67,72,77,68,74,76,79,64,75,72,77,65,67,71,75,73,78,75,71,65,70,64,77,72,76,67,69,71,75,68,79,68,77,67,71,77,68,64,68,75,67,66,65,66,72,75,78,78,69,78,69,79,72,79,65,74,68,64,78,71,64,67,69,70,69,70,65,66,71,79,590,593,513,464,463,460,465,465,504,63,52,53,50,51,52,62,62,55,49,55,50,57,52,57,494,501,580,72,78,67,73,76,65,79,78,70,77,69,68,73,70,70,69,76,79,71,77,72,76,71,73,77,74,65,67,68,70,72,74,66,64,67,74,75,76,64,66,76,79,76,69,66,698,639,638,542,566,536
73,68,64,71,70,67,67,68,77,77,73,77,71,65,75,66,69,77,64,70,79,77,68,74,73,66,67,79,69,71,68,77,65,77,73,70,77,75,69,69,64,64,73,67,67,69,73,71,71,75,65,65,74,73,64,64,72,68,78,66,71,75,68,64,76,79,77,75,73,64,64,71,65,78,64,73,69,67,79,69,64,67,65,76,75,79,77,68,71,67,64,594,595,512,502,63,63,52,61,59,49,53,56,59,54,52,62,55,57,53,53,63,52,48,48,60,59,447,581,66,73,68,68,79,78,79,67,64,67,75,67,69,73,71,77,73,68,76,69,70,66,76,79,69,74,64,77,67,79,72,72,67,64,77,70,75,64,78,64,67,66,73,65,69,699,640,639,543,567,537
75,71,70,75,73,66,65,68,71,73,71,79,70,64,65,68,76,77,77,64,74,71,67,65,75,67,74,66,73,69,73,64,70,69,69,68,68,72,77,75,78,73,65,77,69,75,79,74,73,67,66,70,69,67,72,67,76,75,76,73,76,74,71,79,70,65,70,76,64,71,74,75,78,79,67,71,67,66,69,78,79,64,598,522,524,530,524,522,530,530,522,591,510,502,62,56,60,50,49,57,63,48,60,48,54,51,60,59,57,59,58,63,51,57,56,50,50,442,578,73,71,67,79,69,65,65,79,76,74,76,66,66,77,70,71,77,76,76,76,76,78,70,75,78,78,76,76,69,70,74,79,77,76,70,67,78,78,76,74,73,70,70,65,73,78,641,640,544,568,538
78,65,68,78,68,66,66,74,77,66,71,67,74,76,67,70,74,67,76,68,74,66,67,72,67,78,64,66,64,77,73,78,65,75,74,66,78,76,64,72,70,68,64,64,77,75,65,72,66,79,79,69,78,67,79,77,67,78,71,66,74,72,78,69,70,74,65,71,78,68,78,75,72,76,76,65,75,65,73,68,77,70,576,523,525,531,525,523,531,531,523,509,503,58,52,60,58,52,49,58,62,62,63,61,60,50,61,48,53,57,49,57,51,53,60,60,60,446,579,76,79,69,72,65,76,79,74,76,65,69,76,64,64,73,70,68,67,65,71,78,67,73,79,71,77,79,79,76,72,78,74,68,70,78,75,76,64,70,79,75,69,65,75,65,67,77,641,545,569,539
69,78,72,64,73,70,71,69,65,65,70,65,77,64,69,73,64,75,71,74,66,66,67,68,73,67,72,70,64,66,75,79,79,77,65,72,73,68,73,75,79,70,79,67,65,79,64,66,64,74,70,70,68,70,72,64,79,69,77,69,65,77,66,69,66,68,71,69,69,69,76,64,78,73,67,74,67,75,78,79,72,68,577,511,460,462,460,462,465,462,461,502,49,63,61,51,50,58,58,63,60,60,62,55,48,59,52,57,48,53,57,59,62,49,61,55,61,447,587,77,77,79,76,74,67,74,72,71,67,78,75,71,71,78,67,72,74,72,76,77,75,64,69,74,76,75,79,76,70,66,74,71,74,66,70,65,71,64,69,67,66,73,66,68,65,74,77,74,73,69
65,77,74,67,76,66,69,74,65,71,65,66,76,64,64,74,71,65,70,74,71,65,75,70,69,72,77,70,75,72,73,79,70,78,70,73,73,76,72,79,72,75,75,70,75,68,67,73,78,73,71,79,76,71,67,79,74,79,73,70,72,75,71,76,73,75,65,79,74,68,72,64,72,66,66,70,77,71,66,74,77,598,599,449,57,58,56,54,56,48,49,50,55,63,50,59,56,50,56,56,57,52,48,54,49,52,59,56,57,54,58,50,62,52,61,54,50,447,605,524,604,76,74,67,79,65,70,79,66,78,65,65,67,73,67,71,72,66,78,72,64,71,79,74,73,74,73,70,73,70,71,79,67,74,73,75,70,78,65,76,70,75,76,74,67,69,75,66,64,70
64,73,70,73,79,79,77,73,65,67,77,71,74,74,64,68,67,66,66,588,600,66,79,65,65,76,65,77,68,70,69,77,68,67,69,67,68,72,64,72,65,77,67,79,69,74,65,71,65,70,70,67,75,74,65,66,70,73,75,65,73,66,65,64,69,69,65,76,72,67,78,76,73,75,78,67,79,66,590,522,606,586,509,505,50,59,53,55,52,58,51,49,55,56,61,53,58,58,53,54,55,58,61,50,49,54,59,63,59,52,48,63,56,52,56,53,59,445,1,525,582,76,68,69,66,79,65,72,74,70,70,79,75,66,67,67,73,68,66,67,72,78,67,69,75,73,66,68,71,69,64,73,78,72,76,67,71,74,69,64,79,66,75,73,79,71,72,78,70,67
64,73,69,78,68,71,66,66,67,71,74,76,64,67,65,70,78,78,596,599,587,72,73,73,79,75,73,77,66,68,74,70,71,67,70,79,75,72,68,66,76,66,72,68,69,65,75,66,68,72,71,69,66,66,75,72,77,78,65,65,65,75,74,68,76,65,78,64,72,71,74,65,74,66,73,76,75,77,572,523,611,589,448,48,54,56,62,63,60,63,62,51,50,62,61,59,58,62,54,63,49,62,62,52,61,58,55,63,53,58,48,58,50,53,49,48,59,493,461,500,583,71,77,77,79,71,69,70,77,75,68,65,68,69,73,67,67,68,79,74,70,67,72,71,65,68,66,65,70,79,75,73,69,64,72,79,64,74,79,67,69,69,77,65,65,72,72,75,64,64
72,73,69,71,78,67,76,77,65,71,66,68,67,67,68,72,79,588,591,10,609,606,75,77,70,70,67,65,70,67,78,70,73,71,76,75,67,73,66,73,68,68,76,73,66,73,69,69,73,73,70,68,66,69,78,69,78,78,78,73,66,79,76,77,68,66,79,65,64,74,71,73,64,73,78,74,70,71,573,510,461,462,504,59,53,55,48,50,54,51,48,48,57,63,59,51,49,53,62,48,63,60,53,59,60,57,62,57,61,58,53,61,53,59,57,48,62,60,59,446,580,79,74,77,72,79,67,69,64,69,79,77,72,64,79,72,71,77,67,72,69,66,72,65,79,79,77,74,73,67,66,75,69,65,72,77,69,74,79,72,78,73,78,66,77,74,78,77,74,77
70,71,74,72,78,74,68,78,71,70,72,78,77,73,73,78,598,591,9,0,8,587,64,70,68,75,64,78,76,76,64,72,76,65,75,67,75,77,67,68,66,65,70,71,66,68,66,76,66,70,68,67,73,75,74,75,79,79,75,73,67,67,64,65,68,69,72,66,67,65,73,77,73,78,67,70,69,598,597,451,54,53,48,49,58,51,55,58,52,50,60,56,50,53,53,53,51,51,63,55,52,49,51,49,53,60,56,51,50,55,62,49,59,56,62,62,54,52,62,446,581,78,64,74,76,72,69,73,70,75,65,68,68,77,70,67,75,75,65,75,76,68,77,66,65,76,64,77,79,79,69,71,66,71,69,74,75,75,67,75,69,69,79,66,68,79,68,66,75,79
66,69,71,64,78,66,79,72,76,73,70,78,70,74,64,590,593,11,4,0,11,601,610,77,70,74,64,70,79,67,68,71,75,76,75,65,70,70,79,72,78,78,71,78,72,74,66,64,64,73,78,74,76,70,79,67,77,66,72,79,71,68,74,64,66,69,73,70,73,65,69,74,67,75,78,70,77,570,5,448,57,49,54,56,48,48,58,49,52,51,48,63,52,52,60,56,51,61,58,54,61,55,56,52,59,54,59,58,60,56,60,59,62,58,58,53,55,471,458,476,712,68,70,65,70,70,73,67,64,75,68,77,76,68,75,72,69,66,65,71,76,78,78,68,69,77,74,78,68,72,77,74,69,72,74,65,65,79,66,69,68,69,77,77,72,65,65,72,64,73
68,71,66,67,79,67,67,67,67,71,72,70,69,594,524,589,3,6,5,15,15,2,607,602,76,64,78,64,69,70,68,77,77,70,64,73,76,70,72,68,79,66,65,75,66,77,70,69,66,73,73,74,69,68,78,79,75,71,74,70,72,76,75,65,77,70,76,68,75,65,71,79,78,67,75,64,64,571,510,502,60,62,62,54,59,63,61,55,61,51,59,54,59,48,57,61,60,59,60,52,58,55,53,63,61,59,61,62,54,58,51,62,59,58,51,50,60,442,9,689,713,75,65,68,74,78,70,67,68,74,75,66,70,72,72,67,68,70,75,73,71,79,70,70,75,79,68,69,66,74,74,79,73,73,74,66,76,73,78,67,70,66,65,68,64,70,76,74,74,75
77,72,71,66,79,68,69,72,72,74,78,68,75,586,525,511,461,464,463,460,460,463,496,611,602,71,66,69,73,64,68,73,64,73,67,77,78,69,65,64,68,65,79,68,68,69,77,71,69,67,72,66,79,65,71,79,76,70,65,65,65,74,66,65,69,65,79,71,72,65,67,75,78,76,64,74,68,572,453,60,56,60,49,63,48,49,57,58,59,50,55,51,60,49,62,63,60,61,53,50,58,52,55,56,56,53,57,57,57,62,54,61,63,51,57,61,56,447,13,690,714,72,75,78,77,71,75,78,70,73,67,75,74,74,69,73,69,76,72,69,65,69,74,77,65,79,65,75,70,77,65,70,76,65,64,76,75,68,73,64,69,73,65,70,65,69,65,71,72,68
75,78,79,74,69,78,68,66,71,68,74,594,530,589,508,505,52,48,62,51,53,58,493,499,587,71,79,69,65,73,69,73,76,77,76,75,73,73,78,72,598,602,69,79,65,74,75,78,68,65,72,65,65,74,69,70,77,78,74,71,65,79,76,70,74,70,78,66,71,77,72,64,78,77,76,66,64,573,453,55,55,63,49,50,55,61,49,58,61,55,53,61,51,62,53,57,54,54,49,49,53,55,63,51,54,60,55,60,50,54,61,50,54,62,49,53,55,447,7,691,715,72,66,78,66,68,76,76,70,74,79,64,74,76,68,67,79,73,78,67,69,75,77,66,79,73,67,75,65,70,65,70,70,70,72,73,65,74,71,77,70,65,68,73,64,70,69,70,79,66
65,72,79,67,66,69,67,68,67,74,79,586,531,509,503,60,62,61,59,61,53,59,62,445,611,610,74,74,74,74,73,66,68,68,74,75,78,68,596,602,570,609,602,78,71,65,77,66,70,69,73,78,64,76,78,64,72,67,79,69,73,78,78,68,74,67,64,66,76,73,68,74,71,69,64,64,69,576,452,62,52,55,51,48,51,48,61,63,57,56,52,53,61,57,55,63,52,61,54,58,55,57,51,50,49,54,60,61,52,59,57,49,53,62,48,63,59,442,4,692,716,75,64,64,64,74,72,65,79,70,76,79,68,73,70,78,75,65,79,75,77,67,64,66,65,76,69,79,73,73,69,65,65,78,64,79,75,75,77,75,74,74,69,67,74,68,74,75,71,72
74,74,71,77,79,74,68,67,76,590,528,593,513,502,63,63,51,53,60,58,59,55,63,493,498,603,602,69,72,68,71,69,76,67,64,592,526,526,599,691,571,9,601,610,71,76,68,76,78,76,72,67,74,76,79,78,65,76,79,72,68,72,69,73,74,66,66,73,75,64,78,78,67,71,70,76,77,577,451,55,59,54,52,48,62,62,50,63,52,49,51,50,58,54,62,53,49,61,48,49,50,57,61,53,54,60,51,60,63,50,58,50,53,58,49,53,48,444,7,693,717,76,73,77,71,69,73,74,70,71,77,75,70,71,75,70,66,64,68,78,74,73,78,65,69,68,68,71,71,69,69,64,78,76,74,70,76,77,67,79,65,69,64,66,67,71,65,66,79,64
65,69,70,75,69,77,78,64,596,599,529,511,503,59,50,61,59,53,50,52,56,50,62,62,494,501,605,608,65,70,75,76,65,78,78,574,527,527,12,692,687,15,7,603,606,73,78,64,66,73,68,79,79,66,69,71,70,79,75,65,70,79,68,76,71,70,75,74,68,64,79,64,78,79,71,69,64,576,453,61,55,56,58,49,55,54,53,58,49,55,51,55,56,54,54,49,59,63,55,55,54,52,54,53,61,50,61,53,54,61,60,50,54,60,58,49,55,447,3,578,73,66,76,72,78,76,76,78,75,70,77,76,72,74,79,66,71,69,75,68,66,65,67,71,74,71,69,70,76,79,74,71,71,72,72,78,79,68,71,70,75,65,79,71,79,79,79,67,65,71
75,72,64,74,70,64,67,598,589,1,509,507,48,60,60,57,58,50,53,61,56,60,60,49,62,493,496,601,606,73,71,72,71,65,68,575,14,13,11,693,688,7,10,9,603,600,64,64,74,79,65,73,71,68,74,70,67,70,67,72,73,78,70,69,69,71,66,64,75,74,77,73,77,66,70,71,72,577,448,58,58,50,54,49,55,61,60,57,57,61,53,53,54,54,52,55,60,57,53,54,60,60,51,57,49,53,55,55,49,59,62,56,61,48,55,54,52,444,3,579,68,67,72,79,65,73,71,78,75,67,74,77,67,73,75,73,77,68,76,70,75,71,78,66,77,78,75,70,76,65,78,75,76,77,75,73,70,70,64,72,78,79,78,77,78,71,70,77,70,69
74,71,73,71,72,73,77,586,9,513,506,56,49,58,51,50,54,58,58,62,58,55,61,48,48,63,490,500,605,606,64,76,73,79,70,572,7,7,12,601,591,8,8,2,5,587,65,78,72,69,64,73,74,72,67,71,69,75,71,79,78,75,74,66,69,76,66,64,590,532,530,608,70,70,71,79,72,586,453,60,52,48,56,60,58,61,58,60,52,62,55,48,58,53,58,56,62,49,58,59,59,48,60,56,62,57,61,60,49,51,51,58,60,59,54,52,53,443,9,712,64,65,77,78,69,65,75,75,73,64,76,65,70,79,70,66,74,76,76,69,71,69,66,79,77,70,68,70,65,77,65,77,77,75,78,66,71,71,66,79,72,79,66,71,73,78,71,70,78,68
78,73,64,71,75,77,590,597,513,503,59,62,56,61,52,51,53,53,49,62,54,51,57,55,48,52,50,495,499,603,606,77,78,76,75,573,13,11,15,7,10,6,1,14,3,611,602,66,67,73,75,70,71,68,75,67,74,71,67,70,75,79,77,72,79,67,79,598,591,533,531,603,532,530,530,522,524,597,449,60,54,50,48,59,49,51,55,53,60,61,62,52,63,54,53,55,63,53,57,48,51,56,56,60,62,50,56,52,58,56,48,61,57,58,62,60,467,473,666,713,77,65,79,72,73,68,67,76,77,78,66,64,74,65,79,78,71,79,78,64,72,67,75,65,64,76,74,78,77,65,66,68,71,67,79,69,71,76,78,66,70,64,78,77,66,70,70,77,74,69
67,76,64,79,67,598,591,509,507,61,59,63,56,61,62,50,49,48,49,63,60,63,53,48,56,58,50,49,490,499,603,526,528,528,532,599,11,2,2,15,0,6,9,0,10,13,609,600,67,64,70,68,79,68,79,64,71,79,65,68,70,66,77,72,72,64,590,589,513,464,461,500,533,531,531,523,525,512,507,51,63,60,61,53,50,53,52,63,59,50,63,57,57,49,63,50,53,61,57,59,58,56,62,54,55,50,56,48,62,48,51,48,51,63,55,468,477,678,667,714,70,68,67,75,76,67,79,79,77,67,75,67,75,78,69,69,75,77,70,78,71,74,78,73,75,69,67,73,67,74,74,64,76,76,64,66,76,78,73,70,70,79,71,75,70,66,70,73,71,75
72,72,68,78,598,599,510,505,61,54,48,59,52,59,48,62,63,55,56,56,50,50,54,51,52,60,59,49,63,494,496,527,529,529,533,11,12,14,1,3,8,10,15,6,3,9,1,611,604,69,67,73,73,66,65,77,67,64,77,72,65,75,78,73,72,77,586,509,502,61,55,495,463,462,460,461,462,505,56,60,63,50,52,56,61,49,60,53,61,52,63,51,58,62,53,48,62,53,63,53,58,61,59,59,60,59,56,48,56,62,62,58,60,51,54,443,689,679,668,715,67,70,64,66,74,78,77,78,77,66,70,69,77,75,78,73,78,78,72,65,73,67,66,64,77,69,68,71,73,72,71,73,72,76,74,73,70,79,69,78,78,77,79,72,71,69,75,75,79,71
65,65,77,592,593,8,448,53,52,53,61,61,49,61,50,51,468,455,459,479,61,55,60,57,54,59,61,51,52,60,493,501,12,10,3,13,0,8,5,3,13,13,15,14,1,4,9,12,580,68,73,71,64,73,76,69,75,65,64,66,79,75,66,76,69,588,599,452,61,62,51,56,48,50,61,58,50,52,52,57,59,49,61,61,56,53,53,59,50,54,58,62,57,49,55,61,50,59,56,61,58,49,59,49,53,49,52,56,63,62,51,57,52,61,55,442,690,680,669,716,75,65,77,66,69,74,78,70,73,79,66,68,67,79,67,71,71,68,72,64,73,71,64,67,69,66,74,67,69,64,67,72,71,75,74,79,78,69,68,72,71,78,76,79,67,66,66,74,70,73
65,70,78,586,5,14,448,49,52,56,56,56,58,62,59,59,444,11,2,489,478,54,59,60,57,51,61,49,60,50,61,443,8,10,12,8,5,4,1,1,13,13,3,12,3,8,15,4,581,72,78,72,71,68,74,66,72,77,78,76,68,74,76,77,78,576,3,453,48,48,54,56,63,55,52,48,55,49,60,61,53,52,48,50,59,60,63,53,57,56,55,57,49,51,60,57,63,54,56,52,48,62,51,61,49,49,59,59,48,63,48,49,60,50,55,446,691,681,670,717,67,72,65,65,76,70,70,74,66,73,65,78,74,75,69,65,70,73,78,77,77,68,70,78,69,65,79,68,69,78,70,69,64,68,66,64,67,65,75,77,66,78,75,75,75,70,78,72,66,65
75,69,590,589,6,11,451,51,55,50,51,48,50,51,59,50,443,4,14,9,449,48,50,63,52,49,50,63,55,53,48,442,4,9,14,5,13,513,462,498,1,9,6,14,11,8,13,7,601,528,602,79,78,69,71,64,65,68,75,68,78,71,72,72,67,577,8,452,56,50,49,59,54,55,56,53,51,60,48,59,48,63,50,58,60,59,56,51,52,54,57,52,55,55,50,55,61,48,62,54,57,52,55,59,53,60,62,52,59,58,62,61,48,60,55,442,692,682,671,76,78,70,66,75,72,78,70,72,66,79,72,64,74,69,64,68,66,66,66,68,79,76,79,75,79,65,75,67,64,77,70,76,72,66,67,79,74,70,67,65,65,77,72,75,64,77,69,74,74,65
596,532,599,4,9,4,448,54,62,48,54,58,63,52,50,61,446,9,14,5,451,51,50,58,63,50,52,51,51,62,58,444,15,15,8,7,13,449,60,445,1,12,15,3,8,5,2,7,14,529,587,68,65,68,67,67,73,79,77,72,65,69,72,65,66,574,2,450,50,55,60,52,53,49,61,61,54,51,51,57,60,55,63,61,56,58,58,52,63,63,50,51,63,51,56,61,471,456,459,478,56,52,50,58,60,49,54,57,53,49,61,55,56,62,467,476,693,683,71,79,64,79,76,69,72,64,67,69,70,70,78,70,71,79,64,73,73,72,67,79,72,73,74,79,72,78,65,69,71,69,66,79,75,68,77,64,77,70,64,77,68,79,79,66,72,79,70,77,64,65
572,533,8,0,2,13,450,53,57,59,49,50,51,53,52,56,493,464,463,460,504,59,53,54,60,60,56,48,54,49,63,447,12,15,10,7,513,502,63,442,6,6,4,9,9,13,2,1,3,7,609,606,64,65,67,70,75,76,71,69,68,67,67,73,68,575,3,448,53,59,56,59,59,50,57,60,57,59,51,57,55,50,63,61,61,51,48,63,48,58,51,61,469,458,458,455,475,672,684,452,59,63,467,483,58,51,56,49,53,58,61,48,61,469,475,534,712,77,65,70,71,65,72,73,66,64,77,77,67,73,78,74,68,65,69,67,75,75,79,67,73,77,69,67,69,76,68,65,67,65,76,76,69,71,72,72,74,64,74,65,72,65,68,77,75,66,75,68,65,74
573,10,3,10,0,12,450,58,54,61,51,58,48,50,57,58,51,53,49,59,54,49,62,56,59,53,63,59,52,53,470,475,14,3,13,508,503,53,469,474,15,0,11,6,12,13,11,3,6,7,8,603,526,600,68,70,67,70,66,79,79,78,71,73,77,576,508,504,55,52,50,57,60,54,56,59,52,56,59,51,52,62,52,48,63,58,52,60,57,56,52,55,444,689,636,558,654,673,685,450,61,55,447,488,481,50,61,51,61,48,61,60,467,475,672,535,713,71,68,71,75,79,64,65,70,79,69,75,68,72,72,70,65,67,77,67,65,72,77,76,74,70,68,78,70,66,79,74,76,79,76,78,78,76,71,66,73,65,71,77,79,64,74,70,74,70,67,79,69,71
586,14,5,0,8,14,450,56,57,61,50,56,49,51,63,55,50,59,55,54,49,58,55,53,57,54,57,54,57,468,477,8,5,14,10,452,57,469,474,3,513,460,497,8,11,8,9,12,15,13,0,1,527,611,610,73,69,598,530,604,66,67,73,71,77,577,448,52,63,55,56,54,54,58,50,55,61,62,49,53,62,49,56,53,57,61,63,56,52,49,53,60,444,690,637,559,655,674,686,489,457,459,474,0,485,480,49,49,54,53,55,467,477,678,673,536,714,68,75,70,68,78,64,65,69,77,78,74,76,71,65,68,79,78,72,76,71,76,64,75,69,73,67,69,65,71,73,64,76,76,66,64,77,79,72,70,65,65,66,75,64,68,75,79,70,79,65,75,68,72
700,534,1,5,7,0,485,458,454,459,456,454,458,456,454,481,50,56,55,57,59,50,51,57,49,55,60,50,470,475,8,12,0,12,3,452,48,447,13,8,449,59,495,497,11,14,7,0,5,5,9,2,2,0,605,532,608,586,531,587,75,64,69,73,74,586,448,63,50,61,61,53,51,52,58,49,52,58,56,53,48,53,57,55,52,51,51,62,61,63,49,53,445,691,638,560,656,675,687,11,5,540,564,540,12,485,480,49,49,59,466,472,672,679,674,537,715,69,78,65,79,75,76,78,71,78,76,72,67,70,76,75,71,69,71,73,78,66,79,77,75,77,74,72,76,65,69,79,79,72,72,78,79,68,68,71,79,73,77,75,75,72,67,77,64,74,67,64,69,66
701,535,624,15,2,7,11,12,2,5,10,11,7,10,11,451,53,61,61,54,54,49,62,56,63,50,59,467,472,5,4,3,13,12,510,507,55,446,14,8,452,55,54,444,8,10,6,4,4,5,15,6,9,7,9,533,611,597,6,609,610,68,64,77,74,700,487,483,54,59,59,61,55,52,54,60,54,56,62,59,52,62,63,48,63,55,53,61,49,61,55,61,446,692,639,561,657,676,688,1,660,541,565,541,630,8,487,483,57,469,473,672,673,680,675,538,716,64,79,70,67,67,76,68,71,65,70,78,67,75,64,73,69,68,74,72,67,74,74,68,70,76,65,71,73,70,66,64,70,69,74,66,69,68,72,66,67,71,70,75,65,73,75,75,69,65,66,68,74,66
702,536,625,624,15,8,11,7,6,3,0,11,9,1,1,452,56,61,49,51,51,57,54,49,58,56,470,473,1,1,13,4,11,8,452,59,49,443,4,513,505,56,50,446,0,3,9,3,13,2,15,7,0,2,8,3,8,5,11,7,587,74,77,67,71,701,630,484,480,53,61,57,58,60,58,59,60,56,57,58,60,58,50,48,60,51,55,53,48,62,59,57,443,693,640,562,658,677,700,672,661,542,566,542,631,630,546,486,455,473,660,673,674,681,676,539,717,67,73,76,68,75,71,79,77,64,70,67,64,79,73,68,77,588,604,68,77,70,66,65,71,73,67,76,67,71,65,77,72,67,77,78,66,69,69,74,65,77,75,79,77,78,67,68,73,74,68,67,75,66
703,537,626,625,636,1,13,5,9,8,7,8,6,10,4,448,63,57,54,62,62,52,54,57,61,56,442,4,1,15,1,9,5,15,448,57,55,495,464,502,49,471,459,473,9,508,460,496,14,10,11,15,6,15,3,15,12,8,12,2,607,602,78,68,77,702,631,612,484,482,60,54,61,51,55,61,56,60,62,63,55,58,60,53,53,63,57,63,54,55,60,54,445,584,641,563,659,71,701,673,662,543,567,543,632,631,547,636,546,672,661,674,675,682,677,70,76,74,78,71,66,74,64,65,74,77,64,72,76,70,79,75,71,586,605,524,600,67,74,71,66,75,74,69,72,74,69,77,71,64,65,76,73,66,67,76,71,79,65,67,76,64,66,65,73,66,77,64,75,77
704,538,627,626,637,636,2,11,4,11,5,5,8,9,11,450,54,54,62,59,58,55,62,60,53,50,443,8,4,3,10,14,4,11,486,459,480,57,51,59,467,472,8,0,8,449,58,443,8,11,5,3,13,8,4,4,2,4,13,1,10,578,64,65,71,703,632,613,618,484,481,59,58,57,63,49,55,49,58,57,59,50,56,54,52,52,50,60,59,51,49,57,442,585,74,67,77,71,702,674,663,544,568,544,633,632,548,637,547,673,662,675,676,683,68,67,79,70,73,76,70,76,71,66,72,76,76,65,66,73,74,76,598,589,6,525,601,600,73,74,74,68,67,73,68,74,69,75,65,74,66,76,66,70,77,71,65,73,65,64,74,74,77,65,66,68,74,66,74,70
705,539,628,627,638,637,630,8,1,10,3,8,13,4,14,448,57,59,52,57,48,54,53,49,61,52,491,464,499,14,0,5,6,6,15,1,452,63,63,53,446,8,14,5,511,505,56,442,6,6,5,8,2,9,14,4,3,4,10,12,11,579,64,76,68,704,633,614,619,636,486,479,53,55,51,48,50,50,56,49,53,53,61,59,55,52,56,57,53,54,57,57,446,609,604,79,70,76,703,675,664,545,569,545,634,633,549,638,548,674,663,676,677,74,74,78,69,70,65,69,72,79,72,64,70,76,71,79,75,70,78,78,586,254,249,249,261,605,532,610,72,70,72,78,76,79,70,76,70,75,76,72,66,64,67,78,71,64,71,79,70,73,74,76,79,68,79,75,75,69
79,69,629,628,639,638,631,612,0,7,13,11,5,7,15,448,52,60,50,63,59,52,61,60,57,56,57,58,445,13,15,12,8,3,8,513,504,58,58,60,491,500,0,510,502,58,469,476,1,10,7,13,1,8,1,5,6,5,6,6,5,580,68,69,70,705,634,615,620,637,624,489,481,55,56,54,54,58,60,59,57,54,63,60,55,51,53,51,49,51,56,51,493,499,578,65,74,73,704,676,665,66,69,79,635,634,550,639,549,675,664,677,68,72,78,64,70,76,69,66,75,77,78,68,598,532,524,528,522,524,530,530,597,242,24,20,265,260,533,603,532,602,71,74,69,68,72,78,72,74,67,67,74,71,79,78,72,65,68,69,73,66,79,69,74,75,79,78,68,68
74,66,72,629,640,639,632,613,684,7,3,12,7,2,14,448,49,61,50,59,50,63,54,51,63,49,48,59,494,498,6,2,3,9,11,453,62,60,471,479,60,492,464,506,55,467,476,4,11,7,15,2,12,8,4,8,10,4,1,9,13,581,73,77,69,68,635,616,621,638,625,612,489,481,48,62,58,48,57,49,49,58,62,62,62,57,53,58,52,62,56,56,51,447,579,68,75,70,705,677,77,64,77,79,69,635,551,640,550,676,665,72,69,67,76,70,69,67,79,78,64,64,70,73,586,533,525,529,523,525,531,531,10,243,17,17,27,263,260,7,533,587,76,67,70,69,77,78,67,71,74,78,73,73,79,79,68,78,75,79,71,65,70,71,73,69,79,64,74,68
74,72,77,71,641,640,633,614,685,1,10,13,12,6,2,485,458,479,59,61,48,48,53,63,62,55,48,63,59,490,500,13,5,10,8,451,54,471,474,488,480,60,52,53,469,475,8,3,5,13,0,6,10,3,7,5,13,1,8,8,15,587,79,71,73,68,64,617,622,639,626,613,630,489,478,55,63,59,50,52,60,52,57,55,51,48,57,52,54,62,50,62,63,444,601,608,76,78,65,66,78,73,70,66,74,77,72,641,551,677,70,73,70,75,73,76,66,67,76,70,65,70,78,590,599,255,249,248,248,250,249,248,250,259,28,28,20,27,265,250,261,603,610,65,64,71,70,79,79,76,77,76,75,67,79,71,69,76,72,70,64,75,69,65,74,64,79,68,68,71
77,71,73,72,71,641,634,615,686,5,12,5,3,12,7,2,12,485,478,62,53,54,57,62,61,50,58,54,58,51,492,496,2,2,508,507,54,442,8,3,488,454,455,457,476,8,15,5,7,8,2,15,15,9,0,4,8,7,13,12,4,712,65,68,71,75,77,71,623,640,627,614,631,612,487,478,55,471,457,478,62,62,60,54,49,55,63,57,60,55,61,56,53,491,501,587,74,79,65,71,66,74,67,70,64,70,69,74,74,76,74,69,79,64,77,65,71,68,73,67,77,67,72,576,5,243,23,24,16,30,20,25,27,29,22,25,20,18,29,23,263,260,603,606,69,67,66,68,75,79,71,78,67,71,69,79,73,79,68,78,76,71,68,64,68,77,78,64,77,75
71,79,68,78,70,75,635,616,687,2,3,13,12,14,11,9,3,509,506,54,63,53,49,56,63,56,54,48,61,60,56,495,460,464,507,63,469,473,4,15,9,7,12,9,15,3,6,8,2,12,1,9,11,4,7,9,6,2,5,10,678,713,70,67,69,79,76,70,72,641,628,615,632,613,636,488,457,474,552,487,478,61,53,62,59,53,59,50,57,52,56,51,51,471,473,706,66,69,66,76,65,67,68,65,78,71,64,71,76,67,78,71,65,74,76,70,77,72,75,73,71,71,77,577,255,258,18,26,27,20,17,30,21,23,29,22,29,16,29,29,30,265,262,587,77,78,72,79,70,72,65,64,68,68,64,70,64,70,68,65,71,77,74,74,65,71,78,66,72,67
76,77,67,77,65,66,64,617,688,15,2,4,13,12,0,1,14,448,54,62,59,60,50,51,56,56,52,56,48,63,59,62,63,59,62,471,475,1,14,14,6,13,14,6,11,9,8,3,4,2,10,15,5,3,15,7,12,15,5,672,679,714,77,75,73,66,65,71,65,65,629,616,633,614,637,618,540,672,553,684,453,60,52,51,57,52,61,62,49,54,60,58,469,472,672,707,70,69,72,67,77,74,74,79,64,73,68,78,70,68,75,79,67,70,66,66,73,64,67,64,594,532,528,599,243,16,23,24,19,23,27,26,27,18,27,27,29,18,20,21,17,19,245,601,522,524,608,74,79,76,71,64,75,70,65,73,76,79,79,64,65,73,77,71,73,69,68,66,68,67
75,69,68,76,65,66,75,77,570,3,13,11,15,12,12,513,462,506,56,55,57,61,54,57,58,58,63,48,63,58,51,58,59,56,51,447,2,14,11,2,7,6,11,7,13,1,2,3,10,14,2,11,10,12,13,10,2,0,654,673,680,715,72,78,72,69,66,68,73,72,75,617,634,615,638,619,541,673,554,685,448,56,50,55,51,63,57,48,52,51,53,466,476,648,673,708,70,77,71,78,76,77,70,76,78,67,65,68,71,76,75,71,71,66,71,72,66,77,594,532,591,533,529,254,257,21,17,16,27,27,27,31,26,19,30,31,29,23,30,30,26,19,263,260,523,525,587,72,68,67,64,64,79,72,77,77,77,73,70,79,69,74,77,66,75,65,71,73,68,74
74,73,70,70,73,74,75,76,571,13,12,9,2,4,512,507,53,48,60,49,61,63,63,58,63,62,62,63,53,50,63,61,62,52,49,442,13,12,13,9,5,10,3,3,6,12,3,1,15,7,4,14,13,15,10,5,10,672,655,674,681,716,66,72,66,79,66,76,73,76,76,78,635,616,639,620,542,674,555,686,448,58,49,53,51,53,51,61,61,53,470,473,672,649,674,709,73,77,65,68,64,75,68,67,67,79,70,77,73,73,67,71,74,64,75,66,65,596,595,533,13,254,248,258,17,17,31,17,22,26,31,21,22,31,21,16,30,31,26,31,19,22,22,263,248,260,603,610,78,70,71,77,72,76,72,67,72,66,74,73,66,75,78,72,66,75,76,76,66,75
70,72,72,66,68,64,79,76,586,13,12,9,5,509,505,56,63,57,55,61,51,52,49,50,58,60,50,51,49,55,60,56,58,61,54,492,499,13,15,10,0,15,15,5,5,10,0,15,4,14,6,9,9,12,8,8,654,673,656,675,682,717,64,75,66,74,76,78,68,77,73,70,72,617,640,621,543,675,556,687,452,50,54,54,54,59,59,62,471,454,474,678,673,650,675,710,72,66,76,78,76,72,75,73,72,72,77,70,71,78,77,72,70,75,78,73,69,586,2,4,254,257,16,29,27,27,23,21,21,31,19,28,16,21,21,19,21,29,24,24,16,28,29,21,18,265,260,587,64,65,68,72,69,65,65,71,66,66,71,69,64,68,65,73,66,76,66,78,77,75
69,78,64,70,77,67,73,594,593,12,14,7,15,451,62,55,58,61,62,48,55,59,50,63,53,470,459,481,48,54,54,63,52,57,62,49,492,499,13,8,12,7,1,13,13,12,11,1,4,15,9,0,6,13,9,678,655,674,657,676,683,72,74,64,77,76,64,73,70,66,68,76,73,73,641,622,544,676,557,688,450,61,55,58,59,467,456,455,475,534,648,679,674,651,676,711,64,76,66,73,78,65,74,79,67,69,65,79,79,66,79,73,79,73,71,65,598,599,255,248,258,26,20,26,30,20,25,31,30,26,16,22,21,26,29,19,28,25,26,25,29,28,18,25,27,16,247,603,610,65,79,72,75,66,67,72,69,64,76,73,74,75,79,72,65,65,65,68,68,73
74,71,73,74,70,75,66,572,15,0,15,7,509,502,53,57,60,49,58,60,48,49,56,55,467,474,6,486,479,54,52,62,62,60,48,56,50,490,496,5,10,13,8,5,3,3,7,12,7,9,14,2,5,3,666,679,656,675,658,677,78,77,71,77,77,73,65,71,75,66,78,77,75,76,73,623,545,677,73,570,453,56,58,470,457,472,12,552,666,535,649,680,675,652,677,72,66,69,68,65,64,66,71,64,79,78,77,64,65,74,78,77,71,72,67,594,589,254,259,30,20,31,20,16,27,24,16,31,28,29,23,19,23,20,22,24,23,26,19,23,25,25,28,21,18,29,264,261,607,606,67,67,72,75,66,78,73,73,67,73,74,65,69,66,66,72,76,68,70,73
77,79,70,64,68,65,68,573,5,4,7,5,453,60,51,49,51,62,56,48,56,50,59,58,446,1,11,10,452,51,54,58,63,50,53,63,51,50,490,496,14,9,13,9,4,5,8,7,1,11,3,6,8,672,667,680,657,676,659,67,75,69,73,75,76,77,73,77,74,77,65,77,66,68,76,71,68,78,67,571,449,51,468,475,9,6,660,553,667,536,650,681,676,653,71,72,73,64,71,69,73,77,69,68,65,68,73,68,70,65,74,79,68,79,590,591,256,259,21,17,27,18,17,26,27,23,29,18,21,17,27,17,23,18,16,31,27,18,25,18,30,26,17,26,18,26,29,263,261,603,608,64,78,79,73,67,65,79,71,79,66,74,79,75,70,69,65,74,73,68
64,79,71,70,71,71,78,576,3,3,2,6,452,53,61,53,62,54,50,61,48,55,61,49,444,4,3,6,450,56,50,49,60,60,51,54,58,53,55,490,497,5,7,10,15,9,11,3,4,10,12,5,672,673,668,681,658,677,78,71,72,65,75,76,66,73,65,75,74,67,76,69,64,69,68,65,68,77,75,694,488,458,474,6,8,654,661,554,668,537,651,682,677,71,72,74,73,76,70,79,78,79,65,78,66,71,74,72,67,66,79,66,65,596,599,254,259,18,18,17,25,24,30,17,22,17,17,16,22,29,27,25,20,28,20,31,18,31,21,23,17,24,24,29,22,17,28,28,265,260,611,600,69,75,77,72,65,66,74,66,64,77,64,77,69,79,66,71,76,72
73,70,72,78,74,69,75,577,4,4,13,6,453,54,48,58,56,56,55,61,51,51,61,59,446,10,6,2,451,55,54,51,50,54,50,49,55,48,60,60,442,7,2,9,0,11,14,3,8,9,9,648,673,674,669,682,659,64,66,76,78,64,70,66,79,66,71,67,71,79,73,71,71,68,77,73,78,64,75,695,630,14,1,4,654,655,662,555,669,538,652,683,72,76,67,75,66,66,78,76,70,72,74,74,73,64,76,75,65,78,69,66,588,593,256,257,27,24,18,31,23,25,28,24,17,20,23,25,21,16,18,21,19,24,27,26,21,28,19,22,17,31,18,20,30,29,29,25,21,265,262,611,604,70,74,73,78,73,72,77,76,76,68,77,70,66,75,73,75,67
78,71,72,70,75,73,72,586,1,8,11,9,449,55,55,63,57,59,54,61,60,62,50,52,495,462,461,465,506,57,55,62,52,56,59,63,54,53,60,471,473,1,1,0,7,5,11,3,10,6,654,649,674,675,670,683,75,77,65,73,67,78,75,78,72,78,70,78,66,70,79,72,66,74,65,70,79,65,72,696,631,642,558,678,655,656,663,556,670,539,653,71,67,69,68,77,72,76,74,68,64,68,76,71,69,75,76,72,71,66,74,594,599,256,258,22,26,16,16,22,30,30,27,20,31,25,21,20,27,25,24,23,27,17,24,21,18,22,26,17,29,21,29,25,18,17,20,29,28,16,265,262,605,608,72,70,69,71,79,72,71,71,72,64,72,68,78,72,72,66
69,68,70,77,75,73,67,694,1,4,8,13,489,482,58,59,49,53,51,58,60,51,55,52,60,48,58,53,59,52,52,48,63,63,58,54,55,52,63,444,0,6,14,5,15,14,8,0,2,672,655,650,675,676,671,68,71,71,70,73,71,74,79,70,77,76,68,64,74,71,64,73,67,66,78,72,66,68,67,697,632,643,559,679,656,657,664,557,671,76,73,66,67,64,78,79,69,66,75,72,73,79,78,71,72,67,70,67,66,77,594,599,255,259,30,19,30,23,21,16,28,22,16,31,17,28,19,20,17,25,20,17,16,20,16,20,28,26,29,27,27,25,22,29,21,22,20,21,16,31,27,264,262,601,528,530,600,77,72,64,73,69,79,77,72,70,71,64,67,74
64,68,70,64,71,74,72,695,624,10,15,9,13,451,61,49,56,61,49,55,52,61,55,63,55,57,49,58,54,51,48,49,57,48,51,55,58,57,53,444,1,10,8,4,5,2,6,6,666,673,656,651,676,677,79,75,78,75,77,67,65,70,77,77,78,79,72,74,78,65,69,70,74,68,75,73,74,75,64,698,633,644,560,680,657,658,665,78,72,72,78,65,72,68,65,75,64,69,65,64,78,65,69,69,74,71,73,73,70,588,597,256,258,28,23,24,27,29,28,19,25,23,29,29,17,23,22,28,24,28,29,28,17,17,16,27,23,25,30,31,20,31,25,19,25,23,25,19,27,19,29,20,263,261,529,531,587,79,67,76,78,70,71,66,73,79,68,69,76,66
79,75,79,69,72,73,75,696,625,642,8,11,15,488,459,483,48,50,48,60,62,57,63,51,58,48,60,52,62,51,57,63,56,62,62,58,471,454,459,472,5,4,13,10,7,15,5,672,667,674,657,652,677,69,73,77,76,72,65,69,74,64,69,65,72,70,70,78,72,72,68,71,64,78,69,72,78,77,79,699,634,645,561,681,658,659,73,79,65,70,71,66,71,71,73,68,69,70,70,74,72,71,69,68,71,76,78,66,596,591,254,257,26,24,31,17,20,26,28,27,23,21,22,16,17,29,19,29,28,27,28,24,31,22,16,19,24,31,25,22,24,16,19,21,21,29,24,20,26,22,21,25,25,265,248,261,611,524,600,66,72,67,67,71,72,73,71,75,76,78
75,70,71,79,76,72,67,697,626,643,624,0,15,0,9,488,480,60,51,55,58,470,479,53,55,55,50,53,52,63,50,57,63,51,60,49,444,8,9,15,8,15,6,8,13,9,648,673,668,675,658,653,64,76,76,77,68,78,65,70,69,71,76,64,76,73,77,74,74,67,68,65,78,77,65,75,67,66,65,72,635,646,562,682,659,77,67,77,71,79,77,76,72,69,66,73,77,64,75,70,68,79,70,67,71,79,64,592,595,255,257,20,27,20,28,28,24,17,20,17,29,24,25,17,25,23,28,19,17,22,17,24,29,29,16,16,27,27,23,23,25,20,29,24,23,16,17,27,19,17,29,23,31,19,26,263,262,525,609,608,68,75,66,64,78,70,66,65,78,66
76,65,77,74,71,78,69,698,627,644,625,618,14,2,8,6,486,458,454,454,457,477,449,63,63,51,62,51,49,60,60,63,59,469,459,454,473,5,13,12,4,3,12,8,2,666,649,674,669,676,659,72,79,74,79,71,73,71,78,66,72,67,70,71,73,66,64,78,78,65,77,75,71,76,70,69,77,67,74,70,66,647,563,683,79,76,77,77,64,68,66,69,69,75,73,67,79,71,76,77,75,64,64,73,598,530,524,595,255,257,20,22,22,25,27,17,31,28,26,26,29,31,26,18,29,29,17,26,18,26,31,20,20,18,27,19,27,16,25,25,27,20,20,23,23,19,29,19,30,31,30,25,28,26,19,18,265,261,0,609,610,68,66,76,79,73,79,74,79,74
65,69,72,69,70,71,64,699,628,645,626,619,630,14,12,6,10,3,3,0,11,4,450,50,58,50,62,56,60,63,57,55,50,445,4,8,10,6,5,10,12,9,14,2,672,667,650,675,670,677,77,68,79,64,68,79,77,78,73,70,70,70,64,73,67,68,74,79,78,74,71,77,73,75,75,67,70,69,67,71,65,66,64,68,78,72,68,79,71,64,73,64,73,68,66,76,73,65,68,75,72,76,74,68,586,531,525,255,259,28,22,24,19,24,30,21,20,22,24,21,21,28,28,28,31,16,26,20,23,19,17,22,22,20,20,17,23,18,24,18,31,27,25,18,23,29,23,27,31,29,17,22,17,20,27,20,29,265,261,6,605,600,76,73,65,79,64,65,71,76
71,75,75,64,67,73,72,71,629,646,627,620,631,612,14,10,2,13,3,1,4,14,449,50,48,61,62,53,54,49,61,57,53,444,0,11,13,3,12,15,7,15,0,660,673,668,651,676,671,64,74,67,78,79,65,70,66,73,68,68,65,74,64,65,76,77,78,74,69,79,64,71,79,79,78,65,70,66,66,73,78,71,76,77,71,65,66,72,73,68,66,79,64,75,75,73,67,76,64,75,74,73,65,598,597,256,249,258,29,19,17,16,18,30,31,30,28,16,27,31,18,24,28,31,29,18,30,27,25,31,16,22,20,23,17,21,19,23,16,22,24,28,23,25,26,28,25,25,26,30,31,17,25,30,26,18,18,19,265,262,7,609,606,76,69,77,73,77,69,79
73,77,67,68,66,70,75,76,69,647,628,621,632,613,624,2,2,2,4,7,6,1,450,49,51,48,61,55,61,55,49,57,56,444,2,0,4,11,12,13,6,2,654,661,674,669,652,677,79,66,70,67,72,73,79,70,76,68,76,74,72,67,68,76,74,64,70,70,74,75,64,68,73,73,65,79,71,76,70,74,66,73,74,64,64,72,70,67,71,78,76,78,77,67,72,68,78,72,64,79,78,598,530,595,254,258,25,20,30,21,26,24,29,20,24,23,30,28,20,24,22,25,21,30,20,17,29,20,16,17,21,28,27,18,21,30,27,22,21,17,19,23,18,27,23,20,20,24,28,22,18,25,16,28,22,20,16,29,21,265,260,11,609,600,73,78,72,73,75,67
68,68,78,71,70,69,69,73,68,74,629,622,633,614,625,612,7,6,3,10,9,6,448,60,53,60,48,53,62,52,49,61,468,474,7,9,12,15,3,2,1,654,655,662,675,670,653,78,76,65,74,65,69,67,64,78,67,72,66,79,79,69,75,76,68,73,78,71,77,64,75,77,79,69,73,67,73,67,66,69,66,68,71,79,77,77,64,64,70,72,68,69,64,76,77,77,66,73,65,78,74,586,531,14,243,25,21,19,17,31,31,20,25,25,20,30,31,31,19,19,22,24,29,23,17,27,16,27,21,17,31,29,28,275,251,252,251,252,252,269,21,25,17,17,20,31,26,27,16,25,23,27,25,277,270,27,29,23,21,25,264,250,260,584,72,66,66,73,79,78
71,70,72,66,70,79,68,73,64,70,73,623,634,615,626,613,624,10,2,13,8,7,489,458,457,454,481,59,63,53,58,54,447,1,8,0,5,6,3,2,672,655,656,663,676,671,73,72,67,69,76,72,68,74,77,64,70,74,588,530,530,530,604,70,67,79,78,67,64,76,64,65,68,64,70,70,66,66,77,72,74,66,69,71,78,73,66,79,72,78,72,66,78,71,75,70,78,78,75,71,596,595,256,249,258,21,22,20,30,16,25,21,19,23,16,17,18,22,27,16,24,17,26,20,24,16,17,17,28,31,17,29,277,272,430,384,381,382,420,244,27,22,30,22,23,18,20,26,26,22,16,16,18,264,257,24,19,30,19,19,20,16,247,585,75,74,68,76,65,77
64,66,69,67,65,68,78,65,71,74,78,66,635,616,627,614,625,618,5,4,13,2,9,15,15,12,449,62,62,48,62,466,474,14,10,5,2,7,1,660,673,656,657,664,677,67,74,79,71,79,66,72,76,77,65,67,596,526,595,531,531,531,603,526,600,79,75,74,67,69,76,77,78,74,64,71,71,64,69,70,79,69,78,65,67,72,74,67,74,77,78,73,79,66,66,76,69,71,70,588,589,254,259,19,21,19,25,30,21,30,18,26,28,23,24,29,16,16,23,30,24,21,20,25,17,17,16,27,16,30,26,18,246,430,422,34,41,41,363,243,25,23,21,16,20,29,16,20,23,28,24,31,27,30,21,26,23,23,24,20,31,275,274,582,73,74,64,66,67,76
75,66,78,69,75,72,76,74,64,70,69,75,74,617,628,615,626,619,636,6,0,5,15,9,4,8,489,457,457,455,455,474,14,3,15,4,4,2,672,661,674,657,658,665,75,65,71,67,66,67,65,76,598,532,608,590,591,527,430,383,380,383,416,527,609,530,524,530,610,66,66,69,78,72,70,70,67,65,69,71,65,67,69,68,76,71,64,76,75,69,65,76,75,73,75,72,68,66,76,586,256,259,23,23,20,17,25,31,30,23,23,28,24,26,22,24,16,30,16,25,22,29,30,21,24,30,17,30,30,25,22,30,247,368,41,391,403,40,367,242,24,26,28,23,26,24,22,29,27,25,25,21,25,276,251,269,23,16,25,29,277,272,5,583,68,66,75,67,77,79
72,68,74,67,66,65,66,72,78,76,67,77,66,68,629,616,627,620,637,636,0,14,11,5,11,4,7,15,4,1,15,0,6,8,12,7,8,654,673,662,675,658,659,77,67,72,67,76,68,75,67,73,586,533,605,593,430,381,423,33,44,47,415,417,13,531,525,531,611,602,64,73,73,66,75,65,69,75,67,71,64,71,69,78,77,73,77,73,69,69,75,64,64,79,73,77,71,70,592,595,242,26,30,22,31,29,17,30,24,22,25,20,30,20,25,26,31,30,21,30,22,27,30,29,19,28,28,30,30,25,17,30,245,371,32,413,422,46,363,242,20,20,27,22,28,18,24,27,24,20,18,19,19,246,8,243,18,23,18,276,273,4,6,712,70,71,68,70,69,64
79,74,73,69,68,76,76,67,75,76,77,72,77,66,71,617,628,621,638,637,630,15,11,2,4,13,8,13,4,6,12,0,14,8,5,3,666,655,674,663,676,659,77,74,71,68,72,66,69,76,70,596,595,0,14,433,425,46,36,36,42,47,45,413,382,419,14,3,4,611,604,74,67,73,69,75,68,73,69,68,79,67,79,66,66,69,65,75,70,77,79,77,76,64,66,596,530,524,593,256,259,17,21,25,16,26,20,28,22,23,20,29,20,31,24,22,27,22,24,20,28,27,25,26,27,31,30,30,25,27,21,19,246,369,45,37,43,36,364,244,18,31,20,26,17,26,20,29,23,26,30,19,29,246,2,242,29,27,275,273,4,4,660,713,64,76,70,66,75,69
66,79,72,75,70,78,73,74,65,78,68,69,69,79,73,76,629,622,639,638,631,636,3,7,3,4,1,2,4,6,10,6,5,10,14,648,667,656,675,664,677,70,76,74,66,78,65,69,64,594,526,595,0,433,421,373,40,47,389,398,47,36,33,36,40,412,418,3,7,15,587,72,79,64,74,65,79,71,78,79,75,76,73,69,70,78,65,76,68,68,70,72,66,69,65,586,531,525,254,259,19,27,28,25,21,22,20,17,24,29,31,29,25,24,17,26,20,27,23,25,18,26,29,27,24,20,31,31,20,25,21,24,246,408,376,399,37,388,396,242,17,17,22,29,18,26,31,30,31,31,21,22,17,245,3,267,252,251,272,9,3,660,661,714,78,76,71,71,72,68
70,69,65,75,69,72,64,75,70,75,75,79,65,73,67,64,78,623,640,639,632,637,624,12,6,10,4,11,5,12,0,3,10,4,660,649,668,657,676,665,73,76,67,71,78,69,70,75,71,574,527,10,7,371,413,424,39,389,392,408,399,42,45,46,36,47,365,8,8,12,692,77,67,64,70,79,75,71,64,72,67,79,66,72,78,65,77,66,64,75,69,69,74,588,532,593,256,250,258,23,29,26,27,26,275,253,253,251,253,271,24,17,23,24,23,28,31,17,16,19,18,16,29,20,29,17,22,19,19,29,22,25,263,248,260,404,378,397,254,257,21,18,25,31,17,16,20,28,23,18,16,20,22,245,0,0,13,0,9,13,666,661,662,715,67,70,76,66,67,65
73,67,71,65,75,71,67,67,73,64,74,64,74,66,69,68,75,78,641,640,633,638,625,624,1,13,14,1,9,9,12,8,14,648,661,650,669,658,677,67,75,76,72,68,66,75,68,77,73,575,1,429,384,424,45,390,377,393,1,3,404,377,398,36,46,37,414,380,416,15,693,65,66,76,67,78,73,66,72,70,64,70,77,69,70,78,67,65,75,66,64,73,596,597,533,10,242,19,25,30,31,19,18,275,274,430,385,380,419,267,253,271,19,21,30,26,24,19,22,17,23,27,16,18,16,28,30,25,21,26,18,16,30,17,263,248,249,248,258,24,27,17,18,29,18,25,29,18,16,18,16,27,20,247,14,8,11,9,1,648,667,662,663,716,76,79,70,75,75,71
70,72,75,74,78,79,64,64,77,66,67,75,64,67,65,69,64,65,66,641,634,639,626,625,636,3,13,4,15,15,3,5,654,649,662,651,670,659,71,67,79,76,78,69,64,76,73,75,75,586,8,372,44,42,386,397,7,9,9,6,11,14,407,399,38,44,43,38,410,419,605,610,72,75,73,77,79,66,72,74,65,69,65,75,74,76,65,69,64,66,79,596,593,15,255,250,258,19,28,19,23,29,28,247,428,427,42,37,412,384,421,243,20,30,24,27,25,19,27,18,31,24,17,21,31,25,30,21,22,30,20,18,29,26,17,16,22,19,29,19,21,23,24,22,27,28,22,26,20,21,30,19,21,247,12,8,15,2,678,649,668,663,664,717,75,74,72,76,78,68
75,66,67,65,69,71,70,72,67,74,75,74,67,70,74,75,71,73,64,71,635,640,627,626,637,624,13,2,7,12,12,678,655,650,663,652,671,77,69,70,73,70,73,66,65,70,67,596,522,591,1,372,35,390,394,3,6,13,5,8,8,10,14,404,403,41,33,34,43,363,4,607,604,66,67,65,79,66,78,65,67,64,65,78,73,66,71,73,64,598,528,589,3,255,257,20,30,26,23,17,275,253,252,272,371,47,37,34,32,34,367,267,269,18,16,18,23,20,28,31,20,26,31,19,21,23,26,17,26,25,30,30,29,16,20,22,21,25,26,18,27,17,21,31,30,24,23,31,17,30,18,25,23,245,14,15,2,678,679,650,669,664,665,69,66,65,72,65,66,70
78,78,74,67,67,74,70,70,67,66,70,79,69,76,70,76,75,70,71,68,76,641,628,627,638,625,618,552,540,540,672,679,656,651,664,653,77,65,70,69,67,78,70,77,79,67,598,595,523,8,428,424,389,396,0,8,11,6,10,9,0,4,15,5,404,376,374,400,42,415,385,417,611,606,66,64,77,72,79,65,65,68,75,66,68,69,75,64,592,595,529,8,255,258,23,21,30,22,23,276,274,431,383,381,426,34,39,47,43,32,415,418,244,23,25,22,29,23,16,20,24,22,27,22,26,24,16,23,19,19,22,29,16,17,22,25,30,30,26,21,17,31,18,23,21,18,24,17,26,21,28,31,17,246,6,9,666,679,680,651,670,665,79,77,67,70,74,77,71,68
66,76,79,67,71,68,64,73,73,68,64,66,65,72,71,79,77,76,75,69,76,79,629,628,639,626,619,553,541,541,673,680,657,652,665,66,76,66,74,70,76,67,67,76,79,73,570,9,431,382,424,391,394,10,5,3,10,7,5,2,5,2,10,11,14,4,6,371,37,39,39,410,420,605,600,70,70,74,69,77,64,77,74,71,68,78,69,73,576,11,256,248,259,19,19,16,20,23,277,272,429,424,41,41,41,38,41,32,42,45,46,365,244,31,24,21,30,27,29,26,31,16,20,24,29,18,20,25,23,25,22,30,18,17,30,17,25,21,27,25,22,23,24,23,31,29,22,21,21,25,27,30,276,273,9,660,667,680,681,652,671,65,69,77,68,64,76,64,77,74
76,75,64,78,73,73,76,79,71,67,68,65,79,64,77,72,65,66,73,73,71,69,76,629,640,627,620,554,542,542,674,681,658,653,73,69,72,75,74,75,72,65,76,75,75,76,571,432,425,40,386,393,4,2,9,1,0,9,0,4,4,6,15,4,11,2,13,406,401,40,41,38,412,418,601,600,75,64,66,71,70,79,67,77,77,73,66,67,577,255,257,17,27,22,23,19,17,277,274,428,425,43,43,32,45,38,36,33,42,37,34,363,242,29,28,30,24,17,16,24,22,22,28,26,29,30,22,16,22,30,23,22,23,16,23,17,19,31,16,16,24,18,31,16,16,17,26,18,21,18,23,31,245,14,648,661,668,681,682,653,67,68,67,72,77,65,70,65,75,72
75,65,77,66,65,66,78,71,71,67,75,78,72,69,64,75,77,78,65,65,77,65,67,67,641,628,621,555,543,543,675,682,659,77,71,64,66,64,67,68,78,75,71,64,65,77,570,370,39,386,394,9,3,6,14,9,9,14,3,8,8,14,10,3,9,7,7,2,404,374,401,34,44,412,420,587,78,68,68,77,72,77,75,70,70,64,68,69,576,244,30,31,24,29,23,25,275,273,432,424,43,38,39,38,34,35,43,43,38,35,33,365,242,25,28,30,21,30,30,29,23,27,21,21,24,30,18,30,27,30,19,24,26,26,31,24,22,16,18,31,29,22,17,24,27,19,28,17,27,22,276,251,272,666,649,662,669,682,683,66,74,68,70,75,77,71,74,65,73,74
75,79,76,74,70,68,79,79,79,70,71,65,72,64,65,75,75,72,70,74,79,65,68,77,74,629,622,556,544,544,676,683,74,71,65,73,73,76,78,68,76,68,73,73,68,76,571,368,47,411,416,2,5,8,3,1,13,0,10,9,2,7,6,12,13,4,13,3,11,8,405,400,36,43,367,611,608,78,69,76,65,77,79,65,78,66,72,65,577,243,27,21,18,23,31,277,273,429,423,44,34,389,399,46,42,47,35,39,32,33,35,366,244,21,28,17,30,16,25,18,30,17,22,18,18,25,16,31,28,24,20,24,30,16,18,31,22,20,22,18,16,30,27,22,25,19,26,16,17,275,273,11,672,667,650,663,670,683,73,68,79,67,70,69,77,68,75,74,75,74
75,76,66,78,79,70,74,73,73,79,65,77,70,77,75,68,64,66,65,76,64,75,69,68,67,76,623,557,545,545,677,67,69,78,73,77,65,71,78,67,71,67,64,65,73,64,572,371,35,39,362,4,10,0,2,0,8,1,10,3,11,11,12,4,12,15,12,8,1,4,6,407,403,38,414,420,580,73,74,67,74,71,65,67,77,73,74,67,572,243,17,22,17,31,25,246,428,427,34,47,42,410,423,36,45,37,33,39,47,42,389,396,242,27,21,30,20,18,31,23,21,21,30,18,18,19,21,29,18,19,24,18,19,29,19,19,23,28,19,30,25,29,17,31,27,31,17,26,275,274,5,648,673,668,651,664,671,71,76,78,79,78,68,72,75,77,72,79,72,72
76,65,71,73,73,74,67,72,65,65,78,73,76,65,75,65,74,73,65,70,69,73,77,77,72,66,74,68,70,69,79,79,77,74,78,77,70,72,64,77,64,73,67,65,64,67,573,372,33,43,367,7,13,1,13,0,14,3,10,0,12,14,13,2,8,1,5,7,0,4,14,2,405,401,35,366,581,65,72,69,70,73,67,75,79,71,77,74,573,242,25,23,21,31,16,245,369,45,35,47,47,37,34,36,37,44,34,41,391,378,397,254,259,22,31,23,24,31,16,26,20,21,16,16,30,24,18,19,30,31,27,19,23,31,18,20,20,31,26,17,28,21,22,18,19,20,277,252,274,10,672,649,674,669,652,665,75,69,71,72,73,66,76,70,70,78,73,66,67,77
72,75,66,64,76,77,75,75,70,79,77,68,67,68,64,67,69,75,75,74,79,77,72,72,75,69,73,74,69,67,72,64,65,77,75,64,74,71,79,65,73,74,75,64,65,72,576,369,37,42,413,418,9,15,5,8,10,5,3,9,9,5,9,1,2,15,14,12,4,1,5,1,3,368,44,363,580,75,76,72,77,78,75,65,67,76,76,73,572,243,20,26,29,18,30,247,368,41,43,33,43,38,46,46,41,40,46,43,364,256,248,258,16,16,31,23,29,19,31,30,25,27,17,24,26,21,21,25,30,19,17,23,29,18,18,19,17,25,16,16,17,31,16,30,26,275,273,14,8,678,673,650,675,670,653,78,71,79,67,65,64,68,78,66,67,71,71,78,76,74
77,64,67,74,66,70,73,76,68,71,72,66,74,73,67,72,66,67,68,72,71,75,78,74,71,77,72,68,66,77,66,67,75,77,72,77,70,79,64,75,72,67,79,75,79,75,577,368,40,45,45,367,9,14,4,3,8,6,9,14,8,9,13,5,15,12,0,15,12,8,8,10,6,409,403,364,581,77,71,65,77,65,66,68,70,79,69,79,573,244,27,23,17,29,23,247,405,376,403,33,40,34,46,40,47,45,37,36,365,244,29,23,21,17,16,18,23,28,21,19,16,29,27,30,22,19,31,25,25,27,25,22,20,21,20,28,29,26,25,26,25,19,16,19,275,272,6,6,678,679,674,651,676,671,75,76,75,75,71,79,72,67,74,78,71,69,67,71,68,71
70,79,69,68,66,77,68,68,70,66,79,68,74,71,70,72,79,68,66,75,64,79,71,66,76,67,64,71,75,77,69,71,77,75,69,69,70,67,78,71,74,69,75,67,70,79,570,371,36,34,32,364,2,7,6,5,3,0,9,12,8,2,12,9,11,5,14,12,3,10,2,9,14,0,369,364,578,65,73,78,77,71,75,67,78,79,66,73,586,242,30,17,31,16,25,264,250,262,409,401,45,35,46,34,43,47,38,386,393,242,29,17,17,17,25,29,26,28,31,31,18,16,28,25,30,25,19,27,26,29,23,22,18,25,28,21,29,20,27,21,27,23,26,275,274,10,14,672,679,680,675,652,677,65,71,68,67,71,68,76,67,65,74,79,67,75,72,78,64,77
79,78,77,68,78,69,73,79,71,70,75,68,74,76,74,71,588,524,522,606,71,78,71,69,65,67,65,64,64,68,70,77,73,78,75,75,72,76,77,74,71,64,77,74,73,76,571,368,47,388,379,393,13,4,3,5,0,10,2,2,15,9,9,6,3,13,14,14,14,14,7,2,0,11,372,364,579,71,77,74,69,68,66,79,71,77,79,68,700,268,269,25,28,31,24,18,18,263,261,407,377,375,375,377,374,378,378,392,255,258,18,17,18,23,29,26,20,25,26,28,16,27,25,16,30,24,23,31,31,25,22,24,28,30,23,27,23,20,26,30,16,30,275,273,4,6,660,673,680,681,676,653,67,76,71,67,69,69,74,76,77,65,79,64,76,68,73,74,75,66
75,68,75,65,75,64,69,75,79,588,532,530,526,532,532,530,589,525,523,611,604,69,71,69,77,75,78,66,72,79,68,70,77,72,70,66,74,74,64,72,66,71,75,68,78,79,572,368,36,362,14,4,2,4,15,6,6,2,12,12,10,7,11,7,15,12,14,3,8,0,3,8,15,7,373,364,578,72,69,68,76,68,70,75,78,76,75,79,701,636,268,269,31,23,16,22,30,18,265,249,250,250,248,249,250,248,250,248,257,20,29,27,21,16,17,21,22,23,18,21,16,17,25,29,28,21,30,19,27,17,18,28,23,24,30,26,28,23,23,17,29,277,274,1,3,654,661,674,681,682,677,68,70,71,66,73,74,75,69,74,68,75,76,76,77,70,71,73,65,78
75,64,70,71,72,65,76,79,65,586,533,531,527,533,533,531,6,14,12,3,582,78,71,72,76,78,78,73,73,69,69,67,77,79,67,77,70,66,73,68,78,71,64,72,65,71,573,372,36,366,0,8,7,14,14,10,10,3,11,5,11,12,15,11,1,9,0,1,2,3,11,4,7,428,424,367,579,67,78,71,66,65,69,75,68,78,68,73,702,637,630,267,270,25,26,24,31,16,18,22,29,29,24,29,29,21,25,29,25,26,17,27,27,22,31,28,26,31,23,21,17,22,18,30,27,25,24,27,16,19,26,20,25,30,24,23,26,18,19,23,277,274,15,6,672,655,662,675,682,683,76,65,68,73,75,74,67,76,68,78,75,65,66,75,75,65,67,67,71,70
64,77,64,72,78,64,69,588,526,589,14,0,12,1,9,2,12,9,0,11,583,69,71,77,74,72,72,69,67,69,77,71,69,68,67,70,77,76,71,76,74,66,78,76,72,73,572,370,43,365,6,11,9,4,14,9,4,3,0,6,13,14,2,5,13,4,0,9,1,11,15,11,2,371,44,364,578,72,67,75,73,68,72,77,78,65,70,77,703,638,631,618,266,252,270,18,23,24,27,31,18,22,23,18,28,29,27,31,24,24,30,22,18,25,20,18,31,16,25,24,29,18,27,27,19,20,24,16,30,24,29,22,27,28,23,20,20,29,17,275,273,13,6,660,673,656,663,676,683,71,74,70,75,73,78,75,78,68,67,77,78,66,79,69,71,70,66,72,75,68
77,65,66,72,71,66,69,574,527,13,15,2,6,6,14,7,2,0,13,3,587,65,72,69,76,70,71,76,76,67,72,76,78,67,65,69,65,65,64,64,76,75,64,74,65,76,573,369,38,364,14,15,0,10,14,7,13,7,12,7,7,13,5,7,5,0,15,3,1,11,9,2,430,422,42,364,579,77,75,75,77,78,78,66,66,67,67,73,704,639,632,619,618,8,267,271,20,30,21,24,19,17,24,28,23,30,17,29,31,28,23,19,27,16,29,18,31,18,25,23,23,22,26,17,29,22,20,28,31,31,23,23,17,18,23,21,27,24,16,247,12,6,666,661,674,657,664,677,75,77,69,68,64,73,66,69,77,75,69,78,67,68,69,71,68,66,67,74,76,64
72,75,66,69,72,72,78,575,6,15,13,15,1,9,8,11,15,6,1,5,601,602,67,77,74,70,74,75,72,68,68,79,68,64,79,67,79,70,73,75,71,65,66,66,73,70,572,369,45,365,6,7,15,4,14,5,6,3,14,2,13,4,9,15,8,4,15,9,6,11,13,432,422,34,388,394,587,71,75,77,78,72,70,69,71,69,72,64,705,640,633,620,619,618,12,267,271,21,19,24,23,29,17,30,27,16,18,25,21,22,31,26,20,21,19,30,30,21,22,19,26,25,23,23,20,23,21,17,27,24,21,24,26,21,20,17,17,277,253,273,14,672,667,662,675,658,665,78,69,77,77,77,65,66,75,69,67,68,68,67,71,76,64,72,69,67,78,71,77,73
79,72,65,74,65,77,64,576,3,12,1,4,6,0,14,1,12,8,15,13,13,587,64,594,528,606,590,526,528,524,522,524,608,67,68,75,74,73,64,66,76,78,68,66,78,67,573,370,44,415,382,416,6,4,14,14,3,11,12,7,4,2,6,14,8,13,7,5,13,8,429,422,34,391,397,564,712,79,68,75,78,64,70,73,73,77,66,66,74,641,634,621,620,619,612,6,266,271,19,24,25,25,30,19,19,22,28,25,25,25,23,21,29,21,27,21,25,28,17,28,16,18,20,23,30,17,18,29,21,21,25,27,23,18,27,25,31,246,9,6,660,673,668,663,676,659,78,74,76,74,72,76,74,72,73,77,79,69,77,72,67,71,64,79,78,66,74,64,75,72
67,69,70,71,79,79,77,577,4,10,15,12,6,9,5,14,13,11,6,3,11,605,532,589,529,609,595,527,529,525,523,525,587,78,70,73,70,65,69,78,74,69,79,73,67,70,586,369,47,33,46,364,6,11,6,13,12,9,10,3,11,6,10,1,11,11,11,7,7,428,423,38,389,396,678,565,713,79,67,73,71,71,68,66,74,77,75,67,71,73,635,622,621,620,613,636,12,268,270,19,19,29,22,16,31,26,31,16,28,29,18,20,26,26,29,25,27,17,21,25,19,31,22,21,18,30,19,23,30,25,18,24,16,17,22,30,275,274,3,678,661,674,669,664,677,69,70,79,69,69,75,73,76,72,67,73,67,64,70,68,64,72,77,74,67,77,75,77,73,79
71,65,69,73,73,77,65,576,6,4,4,13,11,14,5,12,7,7,3,7,13,1,533,13,2,14,12,15,10,7,11,0,611,604,64,75,65,72,74,68,71,69,76,69,75,71,694,404,402,33,41,415,417,4,0,10,6,0,7,11,11,13,3,13,6,7,0,9,433,423,36,390,396,654,679,566,714,79,66,72,78,76,76,75,73,64,64,79,70,77,67,623,622,621,614,637,612,14,268,271,24,24,18,21,17,22,20,28,22,26,16,27,29,19,27,29,18,21,25,18,30,21,18,31,21,25,17,21,27,26,18,26,21,31,26,276,273,6,678,679,662,675,670,665,67,66,71,66,78,78,75,76,79,78,70,65,74,75,69,67,78,72,76,75,67,65,78,66,68,75
75,73,65,68,66,69,74,577,2,8,13,12,3,15,1,8,6,15,13,10,11,12,7,11,11,5,5,5,8,12,4,12,15,605,528,606,75,69,65,78,66,77,68,70,72,66,695,642,409,398,33,34,415,380,419,7,6,8,12,12,4,4,12,5,6,4,9,432,423,39,389,394,648,655,680,567,715,79,69,74,67,75,68,74,78,75,67,78,73,65,76,68,623,622,615,638,613,618,14,266,252,253,253,252,269,28,27,17,27,20,28,24,31,28,27,21,18,23,29,27,27,23,26,17,28,19,23,27,19,27,28,18,19,22,277,274,5,660,679,680,663,676,671,74,73,74,68,76,74,79,69,78,71,78,79,78,66,72,66,64,73,64,67,74,67,70,67,74,79,74
69,70,68,72,69,72,596,589,6,6,12,8,5,2,8,11,12,4,13,10,9,5,7,0,2,15,11,8,6,10,11,3,14,13,529,578,69,74,75,64,78,73,64,75,72,64,696,643,630,405,376,398,34,46,413,419,10,14,1,5,10,2,2,13,8,8,429,427,41,391,394,660,649,656,681,568,716,79,77,67,68,66,72,73,68,68,66,71,76,78,67,68,77,623,616,639,614,619,618,12,8,6,2,3,243,22,29,26,19,20,19,22,17,27,26,29,29,21,25,30,23,29,28,23,20,28,19,21,25,27,16,24,25,277,272,14,654,661,680,681,664,677,66,73,68,78,79,76,69,74,79,75,68,66,65,64,67,78,67,73,70,67,65,68,64,77,74,74,73,64
75,73,68,66,78,78,572,6,7,14,4,4,1,1,0,1,11,7,14,6,10,1,11,14,15,4,0,7,10,9,11,8,5,13,9,579,75,76,74,74,66,72,77,66,77,68,697,644,631,612,13,408,398,39,38,413,421,15,4,2,9,12,8,12,15,429,424,39,391,397,660,661,650,657,682,569,717,65,75,70,75,77,71,65,76,76,77,70,74,73,76,64,74,73,617,640,615,620,619,636,12,6,256,248,258,27,20,30,21,23,30,29,27,22,31,27,18,16,27,29,22,31,21,18,18,21,19,30,16,16,18,20,276,273,8,678,655,662,681,682,665,73,75,66,65,75,67,74,70,70,66,69,72,67,78,77,69,65,77,77,70,66,73,65,68,64,67,79,66,69
66,70,72,71,74,78,573,7,7,8,5,11,10,13,1,5,4,6,2,5,11,13,0,9,2,13,4,7,1,3,4,11,1,12,12,603,608,72,71,67,68,78,77,73,64,76,698,645,632,613,636,13,407,398,39,43,410,418,15,15,4,8,15,9,432,424,41,391,396,648,661,662,651,658,683,75,72,73,67,77,69,74,66,69,72,69,68,67,68,72,72,67,72,73,77,641,616,621,620,637,618,2,268,269,24,29,17,22,23,24,25,20,31,28,22,23,25,17,18,17,27,23,18,31,18,27,27,22,18,17,25,277,274,4,654,679,656,663,682,683,71,79,66,77,78,72,65,73,74,72,78,76,68,73,68,70,75,70,66,66,71,65,77,77,70,75,77,70,68,67
77,76,69,72,73,75,576,0,9,12,14,2,15,0,9,2,7,14,2,3,5,14,10,13,10,7,10,12,0,4,6,5,8,3,7,9,609,604,68,74,66,78,64,73,73,67,699,646,633,614,637,624,11,406,400,43,39,414,383,420,7,0,13,429,423,33,390,393,672,649,662,663,652,659,64,74,73,66,71,76,69,71,79,72,69,66,66,76,70,64,65,65,66,64,65,75,617,622,621,638,619,618,8,267,269,20,27,28,28,19,27,18,30,28,17,26,26,23,22,27,20,17,25,29,31,21,16,17,26,20,275,272,14,648,655,680,657,664,683,64,68,72,69,64,78,73,66,65,67,64,75,65,67,74,75,79,76,68,74,76,65,67,66,66,75,73,65,78,64,71
72,66,74,67,69,66,577,9,11,11,12,13,8,10,11,14,1,14,6,256,250,262,8,0,8,10,5,3,7,11,10,7,10,7,14,7,14,587,65,65,68,74,69,76,66,68,72,647,634,615,638,625,642,1,368,44,32,37,43,413,420,13,431,422,33,386,394,666,673,650,663,664,653,79,78,66,65,78,78,71,64,68,78,68,68,79,72,64,76,74,66,74,68,64,76,70,76,623,622,639,620,619,630,13,266,251,270,23,30,20,19,20,30,26,25,19,27,23,24,17,23,19,28,29,21,31,22,16,30,275,273,2,648,649,656,681,658,665,69,73,76,65,79,74,77,67,79,73,67,76,70,70,68,67,64,596,610,71,65,65,70,65,78,75,68,71,78,72,69,70
67,64,79,73,67,65,570,7,13,0,1,7,12,2,9,12,13,13,256,257,26,265,261,7,6,2,0,10,9,8,7,7,2,6,7,9,2,601,610,74,69,76,71,68,75,68,71,72,635,616,639,626,643,612,404,400,41,36,38,43,363,431,423,41,390,395,654,667,674,651,664,665,64,70,69,70,77,75,74,79,75,69,68,79,65,69,76,75,73,70,75,64,71,69,64,76,70,75,623,640,621,620,631,612,13,9,244,17,17,19,31,20,20,26,20,22,30,26,23,31,28,25,19,21,26,18,25,21,276,272,7,654,649,650,657,682,659,66,64,75,67,69,68,77,69,74,73,71,75,588,526,532,522,528,532,595,611,530,528,524,600,78,73,68,72,79,65,69,64,72
66,70,72,76,73,75,571,2,0,3,1,11,1,12,6,7,4,15,243,29,25,27,245,5,11,2,11,4,3,0,12,3,4,8,2,13,10,10,587,68,73,72,74,75,79,78,70,76,78,617,640,627,644,613,630,409,377,377,378,400,410,426,39,390,392,660,655,668,675,652,665,69,79,78,74,71,65,79,69,73,77,68,69,69,73,69,69,67,70,75,73,77,70,68,74,68,72,65,64,641,622,621,632,613,636,3,268,270,25,31,24,18,20,24,25,25,29,16,20,30,23,28,29,31,29,22,27,275,274,12,666,655,650,651,658,683,65,68,77,64,78,79,67,74,65,78,68,70,73,586,527,533,523,529,533,508,497,531,529,525,584,71,77,68,77,76,74,68,75,64
74,74,75,75,72,70,576,6,0,12,13,3,11,5,7,4,7,0,244,21,31,19,264,260,11,10,6,6,13,3,8,7,1,10,2,12,15,10,611,606,78,78,78,66,71,69,65,77,72,78,641,628,645,614,631,630,540,540,552,407,398,38,388,395,648,661,656,669,676,653,72,65,76,71,72,72,66,67,64,76,73,70,79,74,67,69,74,71,69,74,79,75,79,74,77,78,70,77,76,68,623,622,633,614,637,636,9,267,270,276,253,271,17,23,21,31,19,29,29,26,19,22,19,17,23,25,277,273,1,660,667,656,651,652,659,65,78,72,75,77,71,75,72,79,66,76,70,74,596,589,512,464,463,463,463,505,490,463,460,500,585,71,78,74,76,64,64,78,68,66
73,79,69,73,67,70,577,3,4,6,8,2,14,11,7,1,3,254,257,21,25,28,23,246,6,4,4,6,15,7,7,6,12,13,13,1,11,12,7,611,602,66,77,64,66,70,72,72,76,75,78,629,646,615,632,631,541,541,553,618,409,375,395,672,649,662,657,670,677,74,69,74,77,73,73,68,68,79,70,65,70,65,65,79,78,73,70,65,72,73,68,77,76,69,68,74,69,71,79,66,70,623,634,615,638,637,636,5,268,273,2,242,18,22,29,18,17,24,16,26,16,16,20,30,21,276,272,13,672,661,668,657,652,653,71,78,69,74,67,78,77,77,67,64,78,66,598,530,593,509,505,118,134,114,130,110,118,54,58,446,601,522,528,600,70,69,76,76,66,66
64,71,65,79,75,65,570,11,9,10,1,1,10,6,5,15,3,244,18,24,16,20,275,274,7,2,13,2,7,7,13,7,14,5,4,1,5,7,2,15,601,610,76,65,73,65,72,77,78,73,76,66,647,616,633,632,542,542,554,619,612,546,648,673,650,663,658,671,75,71,73,67,66,78,67,73,75,78,72,78,66,66,71,78,64,69,65,69,78,76,79,69,64,79,75,68,71,78,73,71,70,70,635,616,639,638,637,630,12,2,12,243,24,16,27,24,21,18,16,18,25,26,29,24,277,272,15,678,673,662,669,658,653,79,68,73,76,71,71,66,64,66,69,75,70,592,599,531,508,506,212,119,135,115,131,111,119,184,48,495,498,523,529,607,604,75,72,65,71,72
70,75,68,79,78,72,571,7,7,5,12,9,6,2,2,7,4,268,253,269,27,277,274,1,2,4,11,14,4,12,14,11,2,13,10,5,12,2,7,4,1,587,74,71,71,72,78,79,68,75,66,65,77,617,634,633,543,543,555,620,613,547,649,674,651,664,659,75,79,67,72,78,66,73,72,66,66,79,68,70,78,68,68,64,76,69,69,76,66,65,67,74,67,77,68,79,68,78,64,71,75,65,66,617,640,639,638,631,642,10,12,242,17,23,31,19,28,28,24,19,21,24,21,277,273,14,654,679,674,663,670,659,64,64,69,69,68,73,75,65,74,71,70,79,590,593,510,465,505,216,213,120,136,116,132,112,120,185,192,49,495,461,460,501,611,604,67,75,67,66
70,74,68,72,72,592,589,3,4,12,9,14,6,4,11,10,1,5,12,268,253,274,1,6,9,1,13,11,5,9,9,15,14,5,4,12,2,14,8,8,7,607,602,67,77,74,73,71,65,73,65,73,64,73,635,634,544,544,556,621,614,548,650,675,652,665,76,76,79,73,76,72,75,67,67,66,73,79,67,79,74,72,72,68,73,69,78,68,66,65,74,70,70,590,600,71,77,78,73,77,67,67,64,79,641,640,639,632,643,630,0,266,253,251,270,29,27,29,18,21,25,20,275,273,1,660,655,680,675,664,671,71,79,72,65,75,72,79,74,72,65,67,66,598,599,508,504,57,200,217,214,121,137,117,133,113,121,186,193,192,52,63,54,491,497,584,75,69,65,64
67,76,71,69,73,572,10,2,3,9,12,2,14,5,3,4,4,7,1,8,15,3,3,12,7,14,15,6,11,13,4,15,0,8,7,9,2,7,2,12,11,6,584,76,68,73,64,67,68,69,64,73,66,71,76,635,545,545,557,622,615,549,651,676,653,73,77,76,68,71,65,65,76,67,71,69,68,76,75,77,74,71,64,69,69,66,71,66,78,67,76,67,588,591,607,602,64,73,75,66,72,72,69,75,65,641,640,633,644,631,624,3,1,10,243,26,27,22,20,30,31,277,273,15,672,661,656,681,676,665,65,66,64,71,67,67,70,73,79,65,74,74,68,586,509,502,51,212,201,218,215,80,95,83,94,85,91,187,194,193,184,114,54,59,444,585,75,78,70,77
76,71,64,77,64,573,5,8,13,15,11,5,12,14,14,1,8,9,10,3,15,10,0,5,3,14,15,14,0,12,10,10,10,10,11,12,4,11,5,4,8,8,585,74,68,72,69,70,71,68,77,77,72,66,70,78,69,72,72,623,616,550,652,677,71,73,71,79,72,72,70,72,75,68,72,68,75,68,78,69,65,70,71,588,602,598,524,610,70,68,75,592,589,6,5,605,532,532,610,72,69,73,64,68,79,73,641,634,645,632,625,618,15,3,266,253,269,31,25,17,276,272,11,648,673,662,657,682,677,66,67,74,76,74,71,77,68,65,67,72,71,67,596,589,449,58,200,213,202,219,92,92,88,158,108,102,172,80,195,194,185,115,196,53,447,578,74,78,71,72
68,76,79,79,64,572,4,4,9,13,12,3,11,2,5,7,9,0,15,9,8,9,14,2,2,7,6,10,9,1,15,0,0,12,12,5,14,15,8,7,6,5,605,604,78,72,68,64,79,65,70,74,78,67,73,72,78,74,65,76,617,551,653,72,68,69,72,66,72,73,69,73,74,77,74,64,79,70,72,71,67,76,598,589,611,589,525,605,524,526,524,595,256,249,249,261,533,533,611,604,69,64,70,68,74,78,70,635,646,633,626,619,618,3,6,3,242,16,16,277,272,0,660,649,674,663,658,683,75,65,65,64,68,66,67,67,77,71,69,73,588,532,593,512,505,208,201,214,203,81,82,166,104,159,109,103,171,100,170,195,186,116,197,220,445,579,77,73,67,73
75,64,64,79,78,573,2,13,10,11,11,1,10,0,8,2,6,6,4,15,10,11,11,3,13,9,6,8,13,1,9,6,15,10,12,13,13,10,12,15,13,14,7,582,64,79,78,72,76,72,72,73,76,75,79,75,66,68,77,65,75,73,72,70,74,65,74,78,66,75,79,76,74,66,74,71,65,67,64,77,74,77,586,14,15,15,8,0,525,527,525,4,266,251,253,272,7,12,12,611,602,64,73,75,75,75,76,69,647,634,627,620,619,624,9,14,244,277,251,273,0,654,661,650,675,664,659,75,66,64,64,74,73,76,64,68,77,73,67,64,586,533,510,502,204,209,202,215,86,162,100,167,105,57,49,54,56,101,155,90,187,117,198,221,446,587,64,78,67,73
77,77,67,67,70,570,15,9,7,10,14,15,6,0,6,0,2,3,9,9,14,14,11,8,7,7,11,14,7,1,12,15,12,5,8,13,4,0,0,15,10,13,1,583,76,66,74,73,68,70,79,76,72,64,78,71,64,65,76,73,69,71,68,79,70,69,70,74,77,67,68,70,67,75,67,79,70,70,79,73,76,598,597,255,249,249,248,250,260,8,1,7,1,8,6,0,7,12,11,10,582,67,72,72,74,78,68,71,72,635,628,621,620,625,618,9,268,272,6,3,660,655,662,651,676,665,73,64,78,76,67,66,72,76,65,69,69,65,70,592,589,510,506,208,205,210,203,162,106,159,101,58,53,470,457,457,454,482,169,102,174,84,199,222,447,603,600,69,69,66
79,76,68,70,70,571,11,4,5,0,5,10,7,15,12,5,1,14,11,15,14,4,5,12,1,11,15,14,7,2,7,12,5,2,12,2,12,4,8,5,2,8,3,587,70,67,69,70,75,65,72,72,74,76,69,67,67,73,69,68,74,72,71,69,78,65,68,67,71,65,64,71,67,68,73,78,79,67,67,73,598,597,255,259,22,19,27,26,264,260,1,9,10,15,9,7,15,1,256,262,583,67,67,78,74,68,70,79,71,75,629,622,621,626,619,624,13,4,6,654,661,656,663,652,677,78,65,77,75,64,66,69,74,68,72,77,69,72,592,595,513,505,216,209,206,211,156,165,107,52,51,59,470,472,256,250,261,484,481,103,177,176,89,230,493,497,605,610,75,78
75,69,79,75,69,694,10,13,11,15,13,6,13,13,13,8,0,5,13,2,6,14,14,8,14,6,1,15,10,4,13,1,5,11,8,1,13,4,8,5,10,3,8,603,600,66,73,70,71,73,75,71,78,67,79,73,78,71,69,74,66,77,77,73,75,73,78,76,78,71,66,74,65,76,78,65,69,74,71,77,576,4,244,23,31,21,19,21,277,272,13,11,4,4,11,9,15,15,244,247,611,528,606,67,75,73,73,66,68,71,78,623,622,627,620,625,630,558,672,655,662,657,664,653,72,66,72,71,65,73,77,78,69,67,66,70,72,592,593,512,504,208,217,210,207,80,154,53,60,60,62,61,443,6,267,253,274,5,485,456,480,175,176,231,188,491,501,584,70,71
69,74,76,79,70,695,642,10,8,15,2,7,6,3,11,8,1,10,11,12,6,10,15,14,3,4,8,0,13,14,0,14,2,15,8,10,11,4,3,10,6,3,14,2,578,72,67,75,78,69,77,65,77,74,75,70,72,73,66,65,70,75,70,73,74,67,78,71,69,65,67,64,77,73,72,67,76,75,70,68,577,9,242,18,18,16,25,24,245,10,255,261,12,1,8,2,15,2,244,264,261,529,584,67,74,64,68,68,69,71,78,72,623,628,621,626,631,559,673,656,663,658,665,77,74,72,76,68,75,70,64,67,72,67,77,72,598,599,508,507,223,209,218,211,80,158,165,62,62,60,60,466,477,6,11,6,13,8,256,261,452,60,155,232,189,220,447,585,67,78
70,74,72,66,67,696,643,684,7,15,0,3,10,1,6,7,3,14,13,9,6,10,9,10,2,3,13,10,1,10,4,0,3,1,2,8,9,11,1,11,9,3,5,10,579,78,78,66,78,79,64,75,73,78,68,77,71,76,69,68,73,78,69,70,67,65,75,78,76,77,66,75,66,77,78,65,76,71,76,588,589,10,242,29,20,18,21,29,264,250,259,246,4,6,4,6,5,5,267,271,264,260,585,66,68,74,74,77,65,71,70,71,70,629,622,627,632,560,674,657,664,659,77,68,71,73,71,67,66,70,71,72,64,71,69,68,586,508,506,54,224,210,219,166,96,163,63,58,51,48,48,447,6,0,7,0,11,6,266,272,484,479,175,233,190,221,444,580,75,74
66,64,79,73,75,697,644,685,3,12,6,12,5,10,0,6,14,14,14,6,3,12,9,5,2,13,2,13,10,9,3,11,15,13,5,13,15,10,14,7,8,13,7,3,582,77,69,71,74,72,72,64,78,65,67,66,76,74,70,76,66,78,77,70,66,77,68,68,74,64,71,68,72,64,78,75,72,596,530,595,10,0,266,252,253,269,18,26,20,26,23,265,260,15,12,8,2,9,15,267,252,272,611,602,77,72,67,67,76,77,65,65,77,76,623,628,633,561,675,658,665,75,74,70,72,78,68,75,75,77,68,79,77,64,75,588,599,453,57,49,225,211,89,154,97,48,57,61,58,52,53,447,6,9,5,3,6,3,9,2,509,504,58,155,191,222,446,581,75,68
76,68,70,65,78,698,645,686,15,0,8,15,2,9,0,8,14,6,15,3,6,12,5,8,4,8,9,9,15,15,3,12,2,0,4,12,2,7,2,4,11,4,15,15,583,79,64,79,65,64,78,79,71,66,76,78,71,65,75,78,79,64,65,78,75,79,71,65,71,76,71,65,77,72,75,67,66,586,531,6,2,1,1,5,3,242,23,21,30,24,31,21,265,261,3,0,3,15,15,11,9,2,1,587,70,67,78,65,69,68,64,65,72,75,65,629,634,562,676,659,77,73,64,67,74,66,72,67,78,73,71,72,74,71,78,586,511,507,56,50,238,83,162,157,310,295,321,63,50,52,62,442,8,4,15,8,14,14,13,8,452,48,58,234,93,144,443,584,74,69
69,64,70,65,68,699,646,687,15,15,7,9,11,11,14,8,11,2,12,10,3,6,15,9,15,7,6,1,1,12,7,7,13,13,15,2,2,5,11,2,6,3,12,12,578,78,78,75,77,78,79,65,77,73,71,79,70,67,66,77,69,78,67,78,74,71,77,66,78,72,72,66,79,77,79,76,590,595,1,13,4,2,11,6,12,242,277,252,270,24,18,24,23,264,262,0,10,12,15,0,2,12,9,607,524,602,71,69,70,70,72,78,69,65,78,64,635,563,677,67,71,69,70,72,64,76,77,66,75,68,73,70,67,69,594,595,448,48,48,216,239,80,154,48,287,38,288,61,49,60,52,447,6,3,4,1,7,8,14,1,486,483,223,235,87,145,442,585,66,77
70,71,69,74,65,72,647,688,14,15,5,2,10,6,2,11,8,14,1,2,3,11,6,5,9,1,8,12,12,12,2,6,2,5,10,6,5,6,11,15,15,1,1,15,579,71,77,67,75,74,74,77,592,528,522,532,528,604,77,590,608,71,72,72,67,70,72,75,64,73,67,70,71,71,69,67,576,7,9,1,14,11,11,6,2,268,274,11,243,29,24,27,18,275,274,2,13,12,13,5,14,6,13,14,525,607,602,77,70,77,64,73,70,79,64,66,69,71,72,72,75,72,76,67,72,74,72,68,78,79,67,70,69,598,599,511,506,61,208,217,240,164,165,61,285,32,329,319,52,49,60,492,496,3,14,9,3,5,10,11,511,506,224,236,84,142,447,578,70,70
69,74,79,64,66,79,71,694,10,6,9,0,3,1,14,8,3,15,12,8,13,0,11,2,2,12,14,4,9,11,3,14,15,6,2,546,540,540,546,546,11,11,6,2,587,67,79,67,74,68,79,592,599,529,523,533,529,587,76,586,607,524,532,604,74,71,70,73,73,73,75,72,77,79,71,76,577,254,260,2,15,15,1,12,8,15,2,256,258,17,24,31,27,245,3,3,13,12,1,15,8,6,14,3,1,8,609,608,72,76,74,71,75,75,78,67,66,70,72,72,66,70,64,78,71,65,77,72,75,65,73,67,74,586,511,504,62,200,209,218,241,142,48,50,286,33,42,325,321,55,56,469,475,1,7,3,5,7,7,9,449,49,225,237,92,143,443,579,69,74
68,74,76,66,77,66,71,695,636,546,540,11,0,15,14,2,5,10,7,5,15,12,10,11,3,8,10,7,11,0,5,5,1,5,648,547,541,541,547,547,642,534,2,12,712,72,66,65,75,71,594,591,8,428,381,383,420,605,528,595,5,525,533,601,600,72,70,70,64,64,64,71,65,66,77,65,572,242,246,12,5,8,2,8,2,3,7,267,252,251,269,27,20,263,250,248,250,261,8,12,7,0,15,10,12,8,5,601,608,77,64,64,64,70,73,73,71,67,70,73,79,76,65,79,79,69,77,69,70,66,69,592,524,591,448,48,200,201,210,219,81,143,52,60,283,35,40,46,288,51,469,472,5,1,8,0,15,0,13,509,504,51,148,95,80,142,444,578,66,75
78,64,68,67,66,69,64,696,637,547,541,642,7,14,7,6,14,7,7,14,14,9,10,9,1,13,8,11,13,10,11,12,3,648,649,548,542,542,548,548,643,535,612,660,713,74,67,67,76,590,597,10,14,407,402,40,415,421,529,431,381,383,383,418,607,530,532,608,71,67,75,68,64,77,74,78,573,242,245,0,3,9,14,0,13,12,14,4,9,7,242,26,20,30,20,22,27,265,261,1,9,12,14,3,11,14,2,5,580,69,67,73,77,71,71,77,68,75,66,64,73,68,66,77,76,78,74,66,77,79,73,586,525,510,506,216,201,202,211,93,84,140,310,295,315,43,41,35,290,56,444,2,7,13,7,13,4,12,511,502,52,54,149,89,95,143,443,579,73,77
74,75,66,68,68,73,73,697,638,548,542,643,618,0,15,3,11,5,7,15,15,2,11,9,7,10,6,7,15,14,11,7,660,649,650,549,543,543,549,549,644,536,613,661,714,72,65,66,76,574,429,383,380,384,423,43,40,411,383,425,37,36,33,365,2,531,533,607,604,75,77,64,79,75,73,75,576,242,245,2,3,15,11,11,5,0,9,8,0,255,258,22,31,18,29,20,31,277,273,7,5,9,4,12,4,15,0,1,581,78,68,69,64,70,70,75,65,73,66,71,74,67,64,70,68,74,64,65,68,70,592,591,510,505,208,217,202,203,88,87,90,141,285,34,47,32,42,44,324,319,442,5,4,513,464,463,464,461,506,57,63,56,148,81,93,144,443,584,65,78
65,78,65,72,78,76,76,698,639,549,543,644,619,612,4,11,1,8,4,4,6,12,3,13,15,4,11,5,12,5,13,672,661,650,651,550,544,544,550,550,645,537,614,662,715,76,77,76,64,575,368,37,45,46,37,43,41,47,45,37,37,46,46,411,381,385,384,416,601,522,608,68,65,74,65,79,577,268,273,3,15,7,6,12,2,10,14,4,5,242,29,275,270,276,251,271,26,245,8,2,10,0,1,6,0,1,8,15,611,604,78,78,67,77,73,75,79,77,68,70,79,67,75,73,75,78,76,68,66,592,597,511,505,208,209,218,203,95,85,83,160,159,285,37,352,301,338,42,39,291,495,463,462,505,61,61,49,49,60,59,57,51,149,81,88,145,447,585,68,65
78,73,79,75,65,64,75,699,640,550,544,645,620,613,618,10,3,7,540,564,534,4,5,2,9,4,534,2,2,10,654,673,662,651,652,551,545,545,551,551,646,538,615,663,716,75,68,69,69,576,370,42,47,42,36,349,304,301,303,338,45,32,38,353,301,302,339,363,3,523,580,67,69,64,76,71,694,540,8,0,12,12,6,9,15,11,2,1,15,243,23,247,267,273,5,242,31,264,249,261,1,14,10,15,8,13,10,3,13,601,606,76,73,77,70,79,72,68,64,76,64,77,69,74,69,72,66,73,76,570,511,507,212,209,210,219,80,92,88,160,165,309,316,351,345,51,330,301,300,358,294,298,298,323,53,56,55,60,58,62,122,122,234,91,158,165,446,580,71,70
72,67,68,70,66,73,67,64,641,551,545,646,621,614,619,642,546,648,541,565,535,618,1,2,13,654,535,642,564,666,655,674,663,652,653,69,70,69,70,66,647,539,616,664,717,79,76,73,69,577,372,46,41,47,353,344,118,126,130,333,300,341,35,325,299,299,315,415,380,417,581,69,72,78,68,73,695,541,642,4,1,5,14,11,3,7,13,6,11,243,31,247,7,11,15,242,24,26,29,263,260,1,9,13,0,1,1,12,13,6,578,73,66,75,67,67,78,66,75,72,79,72,76,68,69,74,66,67,73,571,451,223,213,210,211,80,88,94,158,159,310,312,47,292,60,118,126,59,61,285,40,38,33,288,50,58,56,51,63,208,123,123,235,84,144,468,474,581,73,71
67,65,65,70,74,64,70,69,68,68,66,647,622,615,620,643,547,649,542,566,536,619,624,546,648,655,536,643,565,667,656,675,664,653,76,75,75,65,71,76,65,70,617,665,64,79,72,78,70,586,371,45,33,352,344,212,119,127,131,180,110,332,301,338,45,38,41,43,34,366,584,72,65,64,69,71,696,542,643,630,4,255,261,14,1,3,13,10,12,268,269,246,4,1,534,268,270,18,26,275,272,0,3,11,5,5,3,13,3,3,579,70,69,73,64,79,67,77,70,76,71,64,70,77,66,76,70,79,77,572,451,224,214,211,82,91,95,166,163,60,286,44,348,347,200,119,127,180,126,332,304,304,302,360,297,318,51,53,212,209,124,124,236,86,145,447,12,578,73,75
78,66,74,75,71,75,64,66,78,66,79,71,623,616,621,644,548,650,543,567,537,620,625,547,649,656,537,644,566,668,657,676,665,74,71,76,74,69,72,71,64,64,67,64,64,77,74,596,530,591,370,35,352,347,216,213,120,128,132,181,111,196,110,332,337,32,44,35,43,364,585,68,68,79,69,77,697,543,644,631,642,266,274,11,8,12,4,3,0,1,242,247,13,672,535,636,266,270,21,245,14,8,1,12,12,2,8,14,14,8,578,74,70,77,68,65,70,68,78,78,68,76,69,72,66,65,74,65,78,573,452,225,215,86,86,86,160,159,56,60,283,42,289,223,201,120,128,181,127,184,122,58,59,283,38,288,54,223,213,210,125,125,237,164,159,443,5,579,69,66
69,68,70,67,71,64,79,65,73,78,65,70,75,617,622,645,549,651,544,568,538,621,626,548,650,657,538,645,567,669,658,677,78,68,74,75,67,74,78,77,77,78,68,68,76,78,64,574,531,429,423,353,345,204,217,214,121,129,133,182,112,197,111,196,332,337,41,44,40,362,580,77,66,64,65,68,698,544,645,632,643,630,552,7,6,3,9,8,6,256,257,245,689,673,536,637,684,243,23,264,250,260,15,8,2,13,0,10,3,9,579,72,66,78,78,65,69,69,79,79,66,77,68,79,73,66,65,73,76,586,450,150,81,90,93,83,154,57,51,51,282,44,293,224,202,121,129,182,128,185,123,220,60,283,38,293,62,224,214,211,92,88,88,154,469,472,5,712,69,64
71,72,69,77,78,75,66,70,66,75,73,69,64,65,623,646,550,652,545,569,539,622,627,549,651,658,539,646,568,670,659,69,65,69,76,79,67,67,72,75,70,69,78,78,66,69,73,575,431,426,353,345,204,205,218,215,85,81,81,183,113,198,112,197,192,334,341,46,32,363,581,74,76,71,70,71,699,545,646,633,644,631,553,630,5,13,7,672,684,244,23,247,690,674,537,638,685,242,26,24,19,245,11,7,7,14,13,4,13,15,611,610,72,77,79,70,73,70,76,68,75,76,74,71,67,73,68,70,594,597,453,151,92,90,87,160,163,310,299,295,312,348,346,225,203,80,89,183,129,186,124,221,63,284,36,291,57,225,215,91,88,82,162,163,446,1,672,713,71,76
72,76,69,73,71,65,73,68,71,68,66,67,72,77,68,647,551,653,64,77,71,623,628,550,652,659,76,647,569,671,66,71,67,75,68,67,77,74,68,68,68,76,68,70,68,72,66,570,369,351,345,212,205,206,219,82,95,156,176,91,84,199,113,198,193,180,330,341,35,367,582,72,79,66,69,79,65,73,647,634,645,632,554,631,642,564,672,673,685,244,18,245,691,675,538,639,686,242,22,23,19,245,13,13,11,11,8,2,7,2,7,584,76,72,77,75,64,72,75,64,66,66,73,71,78,71,67,592,589,511,502,238,89,93,158,157,48,282,42,47,37,289,62,150,93,87,83,90,89,187,125,222,57,282,39,291,49,152,86,94,88,166,157,466,472,672,673,714,71,69
77,78,69,79,70,79,65,74,75,73,67,69,69,66,64,77,75,75,68,76,74,71,629,551,653,76,72,75,64,69,67,69,66,73,69,67,70,69,73,71,64,75,67,74,72,71,67,571,369,293,223,213,206,207,93,83,160,163,171,170,85,87,82,199,194,181,184,333,345,444,583,75,65,78,66,79,75,65,78,635,646,633,555,632,643,565,673,674,686,242,276,273,692,676,539,640,687,242,31,31,21,246,10,10,9,2,12,11,4,5,7,585,78,69,66,66,71,76,70,70,73,73,64,67,73,73,596,597,513,505,200,239,86,94,154,307,295,312,45,34,35,291,55,151,92,93,94,88,95,94,85,154,56,287,44,290,60,153,95,88,81,138,469,472,678,673,674,715,64,65
77,77,76,75,73,77,67,74,65,66,77,76,76,68,78,77,69,76,64,66,68,69,66,67,71,71,75,67,73,64,75,70,72,70,75,69,69,72,66,76,64,65,73,64,76,64,75,576,370,291,224,214,207,86,87,156,167,308,320,175,102,174,93,82,195,182,185,220,283,364,587,69,73,64,79,78,72,70,72,79,647,634,556,633,644,566,674,675,687,243,245,4,693,677,71,641,688,266,271,16,25,265,262,4,15,11,9,7,15,5,6,582,66,64,77,71,72,75,72,71,64,79,71,67,70,74,576,509,505,200,201,240,91,166,165,285,46,33,39,351,304,342,54,238,87,81,93,95,85,162,102,159,62,285,37,293,53,152,89,94,93,139,443,689,679,674,675,716,67,69
69,77,75,65,79,73,65,71,70,68,66,71,66,74,66,78,68,72,77,71,79,73,76,75,67,64,72,78,74,69,74,78,76,76,65,72,79,69,65,69,78,74,65,71,70,72,74,577,372,288,225,215,82,85,156,167,307,315,327,319,103,169,168,86,95,183,186,221,284,367,605,608,69,69,65,79,68,64,79,75,76,635,557,634,645,567,675,676,688,243,265,260,578,64,75,74,694,2,268,270,27,20,246,7,6,11,4,15,2,14,0,583,73,71,78,78,75,71,66,76,65,77,74,72,74,68,577,452,223,201,202,241,94,138,50,330,341,44,348,343,59,60,208,239,95,95,93,92,86,142,103,50,61,282,37,324,320,153,83,88,85,142,446,690,680,675,676,717,78,64
65,68,66,68,78,79,69,67,75,64,79,64,74,69,72,78,68,78,69,74,70,76,65,74,64,67,65,78,74,75,72,78,65,78,64,64,65,66,64,66,66,79,73,70,75,79,74,576,372,293,148,91,92,160,165,311,315,37,41,328,298,322,171,170,95,83,187,222,286,411,417,580,78,69,76,71,65,73,69,64,77,76,74,635,646,568,676,677,570,242,25,247,579,73,73,77,695,684,12,243,29,22,245,3,13,4,1,7,2,1,8,578,70,67,71,65,75,71,65,69,76,65,65,68,74,65,574,452,224,202,203,90,83,139,49,59,287,33,290,58,57,204,209,240,88,88,93,92,84,143,50,306,295,314,42,42,292,173,170,85,84,143,446,691,681,676,677,77,64,73
65,68,73,66,68,72,78,77,69,75,65,73,74,66,67,71,72,79,77,66,68,64,73,75,77,67,70,72,65,75,64,69,75,70,73,65,71,67,68,69,76,64,71,70,78,73,74,577,370,288,149,81,84,144,309,315,40,43,37,45,43,324,320,155,83,91,94,226,330,340,367,581,67,76,64,65,64,73,70,67,64,75,70,71,647,569,677,79,571,243,24,246,580,64,77,78,696,685,256,257,19,23,247,14,0,8,7,15,13,13,11,579,77,68,78,70,79,64,75,79,78,64,70,77,69,66,575,451,225,203,83,88,93,154,61,311,315,351,342,56,212,205,210,241,88,88,87,82,93,154,59,286,32,41,36,47,292,52,148,88,94,140,443,692,682,677,76,64,71,76
64,67,75,71,79,78,75,73,71,79,77,73,78,76,67,67,74,69,64,68,72,68,73,71,70,71,64,79,75,79,70,79,64,69,71,64,73,72,76,72,71,72,594,522,522,522,600,586,373,291,150,82,90,145,286,349,304,341,38,40,35,33,292,175,174,80,84,227,220,284,364,580,69,67,78,65,66,66,74,65,72,74,72,76,64,69,592,524,599,242,21,245,581,65,66,78,697,686,242,20,29,27,245,11,11,5,6,10,7,8,3,584,68,79,70,77,66,78,68,73,74,75,72,74,67,588,593,453,155,94,92,83,162,157,54,287,38,291,63,216,213,206,211,86,89,82,88,164,104,161,53,282,46,36,40,352,344,60,149,85,87,141,447,693,683,73,71,75,73,79
65,79,74,70,67,76,76,75,66,70,76,79,74,66,72,70,71,79,69,76,75,72,78,64,69,64,75,77,70,70,70,76,74,66,69,69,79,75,67,74,596,528,593,523,523,523,607,597,371,290,151,80,85,154,283,290,62,332,339,44,40,33,325,321,175,174,81,228,221,284,367,581,73,66,68,71,65,79,66,66,70,66,68,66,79,68,576,525,13,243,20,247,601,610,69,69,698,687,242,16,26,277,273,2,7,10,4,12,14,13,7,585,68,79,76,79,71,77,64,64,68,75,66,73,67,570,509,502,234,84,81,158,157,50,58,285,43,291,223,217,214,207,86,82,162,178,84,144,105,62,50,284,46,43,351,347,55,53,155,85,91,144,446,584,66,65,78,64,78,76
74,71,79,78,64,70,65,68,68,69,65,77,77,68,79,66,76,64,67,67,66,70,73,64,72,65,76,78,70,75,71,72,67,76,64,71,78,69,76,78,586,529,6,432,382,382,384,381,423,293,150,90,166,159,285,328,320,50,282,35,39,46,32,326,322,146,92,229,222,283,362,582,77,72,73,71,67,70,76,64,76,64,65,69,71,76,577,9,5,243,26,246,15,578,71,75,699,688,242,26,20,246,10,15,1,9,3,7,2,15,4,584,68,67,76,77,78,74,76,78,73,73,70,68,65,571,448,223,235,87,83,154,55,50,306,314,350,343,224,218,215,88,84,162,167,155,83,145,52,51,309,312,44,32,288,58,63,50,238,83,92,145,447,585,75,70,68,76,70,66
75,67,74,77,64,68,68,78,71,67,79,69,71,68,66,69,79,64,65,71,71,74,72,68,77,77,69,64,72,79,64,69,74,71,76,64,72,76,78,590,591,432,381,425,44,44,42,35,39,292,151,80,138,306,315,348,346,52,334,300,336,33,34,33,289,147,80,80,142,61,442,583,68,72,65,72,77,70,69,76,70,77,78,72,64,598,599,255,249,259,22,247,0,579,70,69,75,572,244,30,31,263,262,12,10,9,1,5,3,3,3,585,79,66,71,68,79,74,66,75,73,65,69,77,75,570,449,224,236,83,162,157,60,63,286,40,290,48,225,219,87,82,91,154,56,175,98,163,56,56,285,40,40,32,289,57,55,223,239,87,156,157,447,587,71,71,66,73,68,67
74,67,71,71,69,71,66,66,70,67,65,71,66,76,70,65,73,73,76,79,72,71,64,68,78,67,74,71,78,73,65,78,67,75,76,73,71,598,532,589,433,423,46,40,40,35,47,36,37,293,146,95,139,286,46,289,53,57,59,51,284,43,42,42,291,146,85,86,143,283,473,582,70,73,72,65,65,76,69,77,67,71,71,79,77,574,255,257,27,28,30,263,260,580,74,64,79,573,268,270,19,21,247,12,14,3,3,11,8,9,14,584,67,72,68,64,66,74,66,79,70,71,70,74,64,571,448,225,237,94,140,63,310,298,313,32,290,58,177,178,84,158,108,165,55,49,99,61,54,308,315,351,305,305,342,54,58,224,240,158,159,469,477,712,77,76,79,77,75,66
72,75,66,72,68,66,72,77,73,65,69,73,73,77,75,65,65,64,76,69,70,67,76,69,79,64,68,79,76,68,74,67,76,75,72,72,72,586,533,4,370,34,353,302,339,36,45,32,42,291,147,93,154,282,45,291,50,306,297,299,313,353,303,337,291,147,91,86,142,334,499,583,74,67,69,77,76,70,73,67,75,68,76,76,65,575,243,23,30,17,18,27,246,581,65,73,77,574,15,243,22,20,245,7,4,7,6,2,11,11,7,585,67,69,65,77,69,65,67,79,65,74,64,75,78,570,453,148,81,87,141,311,316,33,33,41,292,48,51,146,90,138,109,48,51,54,307,299,299,312,46,288,63,49,57,55,48,225,241,140,470,475,654,713,74,68,65,74,65,74
70,75,76,70,79,69,68,67,74,64,77,72,75,76,66,68,69,69,68,66,75,76,66,66,78,67,71,74,66,72,65,74,66,73,77,594,528,591,431,381,423,43,293,48,335,340,41,47,46,293,173,106,159,286,42,326,296,316,42,42,41,291,55,286,290,155,82,95,143,467,476,712,71,69,72,76,78,78,74,68,71,73,67,68,77,576,243,24,23,22,26,28,247,584,76,64,78,575,256,258,29,25,247,15,6,7,9,8,7,4,15,584,70,71,71,68,71,70,69,75,64,71,75,64,66,571,451,149,93,85,144,286,44,41,47,45,326,319,58,147,95,139,53,50,53,53,286,43,34,351,304,346,50,49,49,54,63,238,83,141,442,689,655,714,67,72,77,78,75,70
74,79,75,65,78,64,71,75,67,78,71,75,66,73,71,68,67,68,71,70,78,69,67,77,74,77,76,64,70,74,79,76,65,67,68,572,529,9,372,47,353,303,342,52,54,335,336,42,42,325,319,107,308,317,41,35,43,36,35,39,36,327,297,356,347,234,82,80,142,447,689,713,69,68,74,79,72,75,75,71,64,67,77,68,70,577,242,30,27,29,21,27,247,585,69,67,596,597,244,31,30,30,245,11,5,4,12,13,5,11,14,585,71,74,70,76,77,69,71,74,73,77,68,65,70,570,448,146,81,85,145,332,341,47,38,36,40,288,55,179,98,159,56,309,294,319,282,38,350,342,57,58,58,63,58,52,200,239,83,138,446,690,656,715,64,68,76,72,77,67
75,79,70,64,79,68,73,70,74,64,76,70,78,74,79,78,68,67,77,68,79,76,78,76,72,73,79,72,77,66,69,66,70,70,79,573,428,382,422,45,290,53,63,306,323,49,282,46,33,39,325,298,313,47,45,32,41,37,348,305,302,336,352,346,216,235,94,92,143,442,690,714,71,76,71,68,77,67,69,78,78,79,65,67,70,574,243,19,30,21,26,31,245,580,74,70,576,15,244,20,275,251,273,15,8,3,3,6,3,3,9,587,78,72,69,66,72,66,75,69,76,65,64,74,72,571,448,147,88,86,138,50,333,336,41,34,45,324,319,59,99,311,297,316,41,327,317,349,344,51,114,122,122,122,114,212,201,240,81,139,447,691,657,716,68,77,76,71,64,70
67,69,74,65,69,73,72,67,68,68,72,76,71,77,68,72,69,68,78,67,69,79,69,70,71,73,70,69,77,68,69,78,75,64,65,586,368,32,47,39,327,318,60,333,360,298,316,38,42,36,38,38,43,39,44,44,46,348,342,114,114,331,344,208,217,236,81,83,138,447,691,715,78,69,65,68,77,71,71,70,72,74,66,77,71,575,266,271,19,23,22,20,245,581,73,71,577,4,242,27,245,13,6,9,8,10,4,1,0,8,12,712,64,66,78,72,72,72,64,72,64,71,71,79,69,586,449,152,80,80,139,62,48,287,43,35,43,41,328,299,322,283,45,34,46,33,47,290,54,223,115,123,123,123,115,213,202,241,80,138,444,692,658,717,73,79,68,65,64,68
76,67,68,76,74,64,73,75,68,65,69,78,69,77,71,72,70,72,77,78,64,79,69,70,77,70,74,71,75,66,73,71,75,73,596,593,371,36,37,33,47,291,58,51,285,33,39,40,42,42,39,41,33,45,42,47,353,347,200,115,115,184,208,209,218,237,80,86,139,445,692,716,65,73,76,69,64,76,69,77,79,69,77,72,75,694,8,268,271,31,275,252,273,587,77,74,570,256,257,23,265,260,2,12,13,3,8,8,6,14,689,713,68,76,74,71,75,79,70,78,66,70,72,68,590,597,451,153,86,86,154,57,55,334,300,303,301,339,42,40,292,286,40,46,43,34,39,289,49,224,116,124,124,124,116,214,203,86,90,139,442,693,659,71,69,68,64,74,71,67
64,77,68,78,75,77,74,71,79,76,72,69,77,71,64,77,77,68,72,69,66,77,79,68,75,72,70,79,74,74,77,67,74,598,593,432,427,46,43,40,34,328,299,296,317,47,32,47,33,42,39,41,39,38,33,350,343,212,201,116,116,185,209,210,219,92,92,164,165,442,693,717,68,68,68,77,66,70,79,72,75,66,67,72,69,695,624,12,266,253,274,0,540,712,75,70,571,242,22,28,19,246,15,10,1,15,13,3,9,7,690,714,70,76,65,76,77,67,74,79,79,75,77,75,572,513,507,234,91,81,226,54,50,58,48,63,52,282,37,351,344,331,304,301,302,302,305,345,55,225,117,125,125,125,117,215,89,95,158,163,447,587,77,70,71,71,74,72,74,73
78,78,69,71,68,67,74,78,64,71,79,71,77,66,69,66,70,78,70,67,69,70,65,75,76,71,75,69,75,70,79,78,76,586,9,371,34,41,37,32,38,41,38,44,36,47,46,47,34,46,33,36,39,44,39,291,223,213,202,117,117,186,210,211,90,88,89,154,57,447,587,70,73,73,72,78,73,64,78,64,68,67,76,79,64,696,625,624,558,546,534,678,541,713,79,65,586,242,29,16,31,246,11,8,15,2,5,2,5,2,691,715,66,70,73,65,79,69,74,68,68,65,67,75,573,448,223,235,85,81,227,192,62,52,60,63,53,330,303,346,223,180,134,134,50,63,63,52,53,152,86,91,95,81,81,86,95,162,159,466,476,712,64,71,71,76,69,72,65,67
74,74,69,78,64,76,77,70,68,64,68,74,66,75,75,79,74,77,71,71,71,66,65,64,68,76,66,72,64,596,528,524,528,599,428,424,43,32,40,41,42,38,42,35,43,34,45,35,36,35,40,351,302,302,337,288,224,214,203,83,81,187,211,91,88,88,156,157,62,443,603,528,610,76,71,79,65,70,74,73,75,77,69,77,78,697,626,625,559,547,535,679,542,714,72,590,597,243,18,19,28,246,9,1,0,8,13,9,6,6,692,716,74,72,74,67,74,65,76,68,68,77,67,67,570,450,224,236,91,81,228,193,180,49,57,60,61,58,49,52,224,181,135,135,196,62,61,62,62,153,80,91,80,89,80,87,166,167,468,474,654,713,68,65,79,78,69,79,69,67
75,73,71,65,70,78,67,71,68,78,69,72,77,68,74,73,77,77,68,72,79,66,70,79,77,66,69,75,67,572,529,525,529,6,373,32,41,37,45,36,41,44,40,35,33,38,40,40,40,350,305,345,48,62,285,291,225,215,83,95,81,84,83,81,87,166,163,306,314,413,15,529,584,66,79,72,65,74,64,67,79,66,76,70,78,698,627,626,560,548,536,680,543,715,64,576,10,266,271,25,22,245,0,10,12,14,7,12,3,12,693,717,65,78,67,75,76,65,72,79,69,76,73,76,571,450,225,237,81,89,229,194,181,196,59,55,63,63,61,53,225,182,136,136,197,196,57,56,52,234,81,83,94,80,84,160,167,469,474,648,655,714,71,78,68,72,76,68,72,69
70,71,72,78,66,68,69,68,73,68,75,69,74,76,73,76,77,72,79,77,70,69,69,64,71,75,70,67,64,573,433,380,381,384,424,34,46,42,349,301,337,41,41,39,44,46,33,46,43,293,53,308,322,49,283,291,155,81,84,90,95,87,88,88,164,167,306,315,35,37,420,6,585,73,76,79,77,76,79,79,78,78,77,75,72,699,628,627,561,549,537,681,544,716,65,577,10,2,242,17,30,246,13,11,13,8,14,15,5,8,587,77,64,74,67,75,72,71,77,74,75,66,74,71,586,453,177,178,88,90,83,195,182,197,192,52,56,50,50,55,155,183,137,137,198,197,192,118,204,235,84,92,91,81,156,159,466,476,666,649,656,715,71,74,69,64,69,67,78,73
70,73,71,76,66,73,64,73,64,67,73,70,69,64,70,77,77,64,78,69,79,73,75,69,67,75,64,69,70,586,373,40,45,43,353,304,337,47,292,61,287,33,40,40,47,37,32,45,42,325,297,312,326,297,317,290,171,168,81,92,87,95,90,88,154,308,313,43,40,389,397,552,706,69,72,66,67,65,76,77,75,68,65,75,64,73,629,628,562,550,538,682,545,717,598,593,6,3,243,19,19,246,4,6,9,12,5,12,8,9,706,75,78,65,79,75,76,68,72,79,76,70,65,68,700,489,480,171,100,168,82,85,183,198,193,180,134,212,180,110,238,87,90,88,199,198,193,119,205,236,80,85,94,158,167,469,472,666,667,650,657,716,78,73,65,68,73,68,71,66
70,68,70,79,67,79,75,73,73,77,78,68,65,71,598,526,524,524,526,522,526,608,67,71,79,75,596,522,526,595,373,46,37,350,344,57,286,42,329,294,312,34,33,35,36,47,36,47,389,376,398,44,34,35,33,324,321,155,86,81,85,84,93,166,157,285,43,42,387,396,648,553,707,75,74,78,78,67,72,77,78,75,66,64,78,69,71,629,563,551,539,683,71,596,595,3,256,250,259,28,277,273,5,0,10,7,9,4,3,689,707,73,65,68,75,79,77,68,64,66,70,66,73,75,701,612,485,481,101,179,174,83,94,199,194,181,135,213,181,111,239,85,81,91,85,199,194,120,206,237,93,94,156,157,467,473,654,667,668,651,658,717,76,71,78,73,71,67,77,79
75,70,78,72,75,79,64,76,76,67,66,76,68,72,572,527,525,525,527,523,527,605,602,70,78,73,586,523,527,432,422,47,42,292,59,310,316,36,37,39,33,37,35,43,42,37,38,388,397,558,405,400,37,34,39,46,290,169,108,172,84,158,104,159,311,314,38,390,392,678,649,554,708,68,77,74,69,78,66,72,72,67,66,65,68,75,70,64,75,64,77,66,594,597,6,8,242,20,27,19,247,9,11,11,5,7,12,4,0,690,708,78,64,65,70,70,74,77,74,69,68,64,74,69,702,613,618,487,482,58,179,174,86,86,195,182,136,214,182,112,240,95,85,80,90,83,195,121,207,84,92,160,165,471,477,678,655,668,669,652,659,77,64,76,67,76,79,64,72,78
74,78,73,70,65,78,75,75,70,76,76,65,74,66,573,431,381,380,384,382,420,11,587,596,522,526,589,431,417,369,35,35,36,324,297,314,47,41,46,36,32,39,40,37,46,40,40,363,689,559,618,406,400,43,47,43,290,62,109,169,106,165,105,311,314,41,389,393,660,679,650,555,709,70,76,71,65,75,66,74,66,76,596,532,610,65,64,66,66,65,66,70,574,3,15,255,258,16,18,25,245,12,0,6,1,14,13,14,8,691,709,79,64,67,77,78,75,76,75,70,66,75,79,69,703,614,619,624,486,483,58,179,174,92,85,183,137,215,183,113,241,93,81,84,94,81,87,93,92,82,156,167,471,474,672,679,656,669,670,653,68,79,67,71,78,76,72,65,72,74
77,79,70,76,66,77,77,69,75,71,72,79,77,76,574,369,44,47,44,41,412,416,603,597,523,527,429,424,413,422,47,38,45,46,44,42,36,32,41,44,38,40,37,44,41,40,40,365,690,560,619,684,369,42,32,45,326,294,318,52,107,63,306,317,41,389,392,672,661,680,651,556,710,79,68,65,70,78,75,74,78,64,574,533,607,600,73,76,64,78,74,70,575,2,256,257,21,22,23,276,273,429,380,381,384,420,14,10,4,692,710,77,77,77,77,75,65,78,76,67,72,73,69,72,704,615,620,625,636,489,478,58,169,172,88,86,84,93,82,158,98,96,106,170,156,96,174,81,86,166,157,467,474,672,673,680,657,670,671,73,76,66,72,71,78,69,73,72,69,79
67,67,74,70,79,77,77,79,78,76,68,79,79,77,575,372,34,45,46,47,44,364,4,5,6,430,426,45,32,40,34,42,43,33,44,34,42,35,38,36,44,32,38,36,46,46,36,367,691,561,620,685,369,47,44,33,36,43,325,297,296,295,315,35,389,395,666,673,662,681,652,557,711,73,65,77,69,76,69,79,78,77,575,1,13,603,526,606,77,594,528,524,593,9,242,17,30,29,17,246,6,369,36,43,40,363,10,0,5,693,711,72,69,68,76,74,72,71,71,78,67,68,64,66,705,616,621,626,637,636,486,479,53,179,102,98,174,162,104,165,99,97,107,179,165,97,177,172,156,165,468,474,666,673,674,681,658,671,75,68,72,69,66,71,75,70,77,79,66,75
70,69,66,78,75,79,67,67,69,66,67,71,71,71,574,371,40,42,36,39,46,415,384,419,1,372,43,33,37,47,39,348,303,336,33,35,32,46,43,33,46,44,41,34,47,44,37,366,692,562,621,686,373,43,39,37,46,41,34,38,38,38,47,386,397,672,667,674,663,682,653,74,75,69,67,69,67,68,64,75,64,592,593,4,5,0,527,603,528,593,529,525,15,0,244,29,19,25,277,274,429,426,33,37,36,414,418,7,6,582,77,73,75,66,79,70,78,64,69,79,71,72,75,66,69,617,622,627,638,637,636,489,457,479,103,99,179,157,105,62,467,454,456,478,60,56,48,169,165,467,474,660,667,674,675,682,659,74,79,71,72,72,75,78,66,73,69,71,75,65
71,66,69,67,70,68,65,65,70,64,73,78,75,70,575,371,46,44,35,40,45,35,33,410,385,426,34,45,32,33,44,293,62,283,45,42,35,32,42,38,33,36,36,42,44,39,41,365,693,563,622,687,373,44,39,32,32,35,42,47,39,34,389,395,648,673,668,675,664,683,67,68,72,71,70,65,66,71,74,73,79,572,3,4,14,15,3,1,529,11,2,11,5,255,258,25,22,276,272,428,422,42,39,44,32,46,414,421,7,583,71,71,73,79,72,72,69,69,79,78,64,74,66,68,71,79,623,628,639,638,637,624,564,484,457,479,58,59,467,454,474,552,558,487,480,54,52,49,470,476,654,661,668,675,676,683,71,75,76,67,78,78,72,78,75,67,75,69,64,65
65,70,73,72,68,71,74,67,64,65,76,70,76,75,586,373,38,37,37,40,37,34,33,38,44,34,46,45,37,44,34,324,294,317,42,43,33,43,36,43,32,41,32,46,46,40,32,362,584,75,623,688,369,44,39,46,34,41,44,42,35,391,395,660,649,674,669,676,665,70,65,73,79,68,71,73,73,76,75,72,78,573,5,3,8,6,13,5,3,0,10,9,15,242,27,26,277,272,431,423,43,44,45,34,32,32,37,367,0,587,70,66,67,67,71,72,72,75,74,72,67,70,66,72,69,72,75,629,640,639,638,625,565,612,552,486,455,458,477,540,672,553,559,636,489,481,56,466,473,654,655,662,669,676,677,75,64,77,75,71,79,68,79,79,78,66,64,76,65,71
69,68,70,73,66,74,68,77,76,75,72,67,71,598,591,368,44,40,35,39,35,47,34,32,45,40,41,45,44,37,39,36,41,32,42,43,353,301,301,341,35,37,36,36,41,36,36,366,585,76,73,572,371,40,36,34,38,32,44,41,389,396,654,661,650,675,670,677,78,70,73,64,67,69,65,71,79,75,68,74,76,572,13,11,6,12,12,12,9,9,11,15,0,266,252,251,272,431,423,37,36,36,40,38,33,38,391,392,1,712,75,77,71,78,71,70,78,64,77,78,79,73,69,65,70,64,78,71,641,640,639,626,566,613,553,630,534,546,678,541,673,554,560,637,618,485,457,475,672,655,656,663,670,677,65,69,68,68,79,72,77,75,76,69,66,69,72,72,70,79
77,67,77,77,70,75,76,72,77,71,67,66,73,576,0,368,32,36,36,45,43,37,36,45,43,47,45,43,35,34,38,47,47,44,34,352,346,63,49,332,338,43,46,40,43,32,37,366,584,72,73,573,370,37,389,403,38,37,45,386,395,666,655,662,651,676,671,74,66,79,76,69,78,77,75,71,75,64,64,68,70,573,5,8,12,11,4,2,2,6,5,7,8,10,8,2,428,422,41,33,34,32,47,45,35,43,364,6,660,713,78,76,66,64,76,71,79,64,66,65,70,77,65,64,64,72,67,77,69,641,640,627,567,614,554,631,535,547,679,542,674,555,561,638,619,630,552,660,673,656,657,664,671,73,76,64,66,66,78,78,67,70,70,77,72,78,64,79,75,66
68,73,73,76,79,72,74,78,70,66,72,72,76,577,8,408,378,398,34,39,43,45,37,32,38,32,45,36,41,47,35,32,33,42,43,293,57,307,320,62,284,37,40,45,41,42,386,395,585,76,77,576,369,388,395,409,377,379,377,396,672,667,656,663,652,677,65,67,75,72,66,79,66,68,68,73,79,65,73,70,70,572,10,9,10,9,3,10,5,8,3,12,11,13,6,11,371,38,40,37,35,44,36,387,378,379,395,660,661,714,71,74,69,77,70,68,75,79,75,79,75,75,69,76,73,68,70,72,69,71,641,628,568,615,555,632,536,548,680,543,675,556,562,639,620,631,553,661,674,657,658,665,70,65,68,70,74,65,78,64,79,74,67,74,70,68,79,66,66,72
78,74,79,64,70,79,73,69,66,74,69,76,69,694,2,1,558,409,402,36,40,45,37,390,375,402,44,41,40,35,40,35,39,41,43,290,59,285,327,294,316,38,46,42,41,391,393,5,712,75,72,577,406,394,1,564,534,564,546,660,673,668,657,664,653,68,78,71,71,78,66,71,76,66,72,67,78,77,73,67,74,573,7,3,3,8,3,12,1,0,8,10,0,0,8,1,368,36,37,38,46,34,45,365,10,5,660,661,662,715,69,76,69,70,77,72,77,78,70,76,64,73,76,79,75,72,65,64,72,77,64,629,569,616,556,633,537,549,681,544,676,557,563,640,621,632,554,662,675,658,659,73,79,66,65,64,71,78,73,65,69,66,71,71,78,68,66,76,77,75
74,73,76,64,78,66,72,75,78,72,65,65,74,695,642,666,559,642,409,377,374,400,386,394,15,408,399,44,33,46,44,44,37,42,33,289,53,287,38,37,34,47,35,35,389,392,13,678,713,67,76,700,558,564,678,565,535,565,547,661,674,669,658,665,73,70,78,68,73,66,76,78,70,79,79,78,78,67,68,77,65,586,3,7,2,14,10,10,3,13,15,14,3,0,7,4,372,36,38,34,40,391,374,395,13,666,661,662,663,716,78,72,75,75,76,64,64,65,72,74,70,64,78,78,77,71,65,77,76,67,68,76,75,617,557,634,538,550,682,545,677,65,77,641,622,633,555,663,676,659,72,66,76,73,78,66,65,75,68,68,72,73,72,67,68,75,74,64,69,65
76,69,68,73,79,77,67,71,70,64,69,79,73,696,643,667,560,643,630,4,4,405,396,552,13,7,408,399,39,45,391,374,400,40,44,325,296,317,40,35,40,45,32,33,362,7,666,679,714,68,74,701,559,565,679,566,536,566,548,662,675,670,659,73,68,77,79,78,79,74,64,68,76,74,68,73,64,73,64,69,78,700,1,3,13,6,12,6,1,0,2,11,8,0,9,12,407,399,42,391,376,393,534,540,666,667,662,663,664,717,66,65,73,71,75,73,64,74,73,75,79,71,79,70,72,69,77,79,75,64,79,71,73,67,64,635,539,551,683,64,78,64,75,65,623,634,556,664,677,75,65,65,77,69,65,73,72,78,76,78,70,65,69,70,79,64,75,79,71,73
76,66,68,76,66,78,71,79,72,74,72,73,72,697,644,668,561,644,631,624,534,558,672,553,642,8,14,408,400,38,364,12,408,402,43,47,36,46,42,35,39,41,390,378,396,654,667,680,715,76,78,702,560,566,680,567,537,567,549,663,676,671,78,68,65,64,76,79,69,79,73,78,73,67,76,73,74,78,73,72,74,701,630,13,10,9,13,10,8,1,9,6,11,12,15,7,1,409,376,394,7,654,535,541,667,668,663,664,665,75,78,79,76,68,65,73,67,75,70,69,74,76,68,70,76,69,70,67,70,77,78,75,74,77,73,78,76,79,73,70,75,71,68,71,78,635,557,665,79,69,75,67,74,69,78,73,66,66,64,79,75,79,77,64,75,76,72,67,79,78
77,70,66,76,69,67,76,76,69,78,64,65,73,698,645,669,562,645,632,625,535,559,673,554,643,612,2,5,370,44,364,7,3,407,403,34,39,43,37,37,39,33,362,11,654,655,668,681,716,68,74,703,561,567,681,568,538,568,550,664,677,66,64,64,77,66,78,65,78,72,69,64,70,79,65,77,70,72,71,64,72,702,631,624,540,540,552,0,1,3,14,15,8,7,4,11,5,10,6,546,654,655,536,542,668,669,664,665,64,72,64,67,64,76,69,74,73,74,75,78,71,75,68,66,77,66,77,78,74,69,74,78,79,74,79,78,76,68,64,75,75,75,78,73,69,70,67,71,67,73,70,73,65,70,68,78,72,72,71,78,71,69,64,71,66,70,68,73,79,68
76,65,66,68,67,66,73,64,72,78,70,78,71,699,646,670,563,646,633,626,536,560,674,555,644,613,624,6,408,376,393,14,648,684,408,400,37,43,33,386,378,379,395,672,655,656,669,682,717,75,73,704,562,568,682,569,539,569,551,665,65,77,74,79,69,67,76,70,67,64,68,75,75,69,64,66,73,65,76,77,69,703,632,625,541,541,553,618,8,6,11,4,1,1,15,14,8,12,678,547,655,656,537,543,669,670,665,77,64,72,79,79,77,72,73,72,67,75,64,76,75,71,67,66,79,76,72,76,72,72,74,65,65,69,78,64,73,78,79,71,72,64,76,79,78,68,73,79,71,78,78,65,64,69,78,79,77,74,79,75,66,71,76,72,69,67,65,64,71,65
74,78,73,73,74,68,66,71,74,75,68,73,74,74,647,671,66,647,634,627,537,561,675,556,645,614,625,636,540,546,534,678,649,685,1,369,37,37,388,395,1,552,672,673,656,657,670,683,67,71,65,705,563,569,683,70,72,73,67,73,72,71,75,72,74,73,72,79,74,79,73,76,65,65,74,71,79,72,64,67,67,704,633,626,542,542,554,619,612,540,7,2,2,4,14,564,564,666,679,548,656,657,538,544,670,671,78,74,64,72,69,76,70,69,70,64,64,75,70,64,79,64,68,74,73,65,68,70,72,68,79,76,70,64,79,78,74,71,64,76,67,70,69,71,70,66,78,76,74,65,74,71,73,73,79,79,64,65,72,73,65,70,66,78,70,75,76,67,65,66
77,67,73,69,64,72,75,76,68,70,78,68,70,78,67,72,71,64,635,628,538,562,676,557,646,615,626,637,541,547,535,679,650,686,430,423,37,389,392,10,654,553,673,674,657,658,671,70,64,65,77,79,75,71,68,73,71,79,73,65,76,73,73,71,68,66,68,65,74,66,71,77,64,72,67,77,72,79,76,72,72,705,634,627,543,543,555,620,613,541,636,564,552,558,654,565,565,667,680,549,657,658,539,545,671,78,71,74,67,77,71,79,70,66,77,74,72,76,68,75,71,77,70,78,75,65,78,70,79,79,68,67,67,69,69,74,74,71,70,64,65,76,65,64,65,71,69,73,74,66,67,69,76,72,66,76,76,79,67,72,71,67,77,79,76,69,72,71,70,78
67,76,74,69,79,64,76,70,72,74,64,79,76,65,67,75,70,71,71,629,539,563,677,67,647,616,627,638,542,548,536,680,651,687,369,33,389,393,10,666,655,554,674,675,658,659,78,78,74,79,75,67,75,70,79,71,74,74,71,65,70,68,77,75,74,73,74,65,71,75,79,73,65,67,70,77,77,78,66,64,66,72,635,628,544,544,556,621,614,542,637,565,553,559,655,566,566,668,681,550,658,659,70,72,79,78,75,68,78,79,70,73,68,67,79,76,77,65,66,75,75,78,69,66,76,78,70,71,71,64,71,72,64,76,72,72,74,65,78,68,67,79,73,66,72,77,79,65,75,78,65,77,66,65,78,75,67,76,76,70,66,71,74,75,79,66,75,64,74,64
79,76,66,69,73,70,77,74,72,75,69,67,79,76,76,79,65,75,79,79,75,64,71,74,71,617,628,639,543,549,537,681,652,688,409,377,397,14,678,667,656,555,675,676,659,68,67,76,70,66,76,72,75,74,76,76,71,79,64,71,65,64,71,71,66,79,73,67,64,69,68,69,69,70,74,64,76,64,73,78,71,72,79,629,545,545,557,622,615,543,638,566,554,560,656,567,567,669,682,551,659,72,73,66,70,73,64,78,74,65,69,68,66,75,67,73,76,67,79,79,77,74,66,69,72,76,70,70,70,70,74,66,77,72,69,77,68,73,72,71,78,76,71,65,64,75,73,78,68,68,78,75,73,76,72,70,75,74,75,66,69,76,76,78,73,70,76,71,64,77
68,69,71,72,72,77,69,65,77,75,70,66,71,67,73,67,77,68,68,64,75,64,67,70,76,71,629,640,544,550,538,682,653,700,540,546,552,660,679,668,657,556,676,677,73,79,77,65,79,68,72,68,71,66,78,69,77,75,78,72,74,68,76,65,65,73,66,69,67,77,78,68,66,71,74,64,68,79,77,66,72,73,65,77,67,65,66,623,616,544,639,567,555,561,657,568,568,670,683,78,69,64,71,68,76,66,71,69,65,76,64,68,67,73,73,75,73,78,70,65,76,67,66,67,79,76,68,71,71,71,68,77,71,75,67,76,68,79,77,75,79,70,72,75,69,73,75,64,78,70,65,77,74,73,77,65,79,68,73,68,74,65,77,69,77,68,72,73,68,79
64,65,79,66,75,73,76,79,66,75,77,71,67,70,73,74,77,68,77,74,64,67,79,68,69,74,70,641,545,551,539,683,69,701,541,547,553,661,680,669,658,557,677,76,67,78,74,64,73,73,72,76,67,72,76,69,70,72,65,64,79,64,73,74,66,77,78,69,77,77,78,79,71,74,77,65,66,79,71,64,76,65,64,66,64,64,65,76,617,545,640,568,556,562,658,569,569,671,64,73,73,66,70,67,76,72,76,66,73,77,70,72,70,78,69,78,65,67,78,78,76,66,71,72,73,64,77,67,74,77,76,79,75,65,70,72,77,75,73,78,74,78,64,69,72,68,66,78,65,79,74,71,73,72,78,66,66,72,71,67,66,66,79,66,73,75,77,72,77,69
74,79,64,68,64,78,65,64,69,78,66,77,66,75,65,65,71,76,67,69,78,64,66,75,75,73,66,69,69,74,79,76,73,702,542,548,554,662,681,670,659,70,77,72,66,67,64,70,78,78,78,74,73,72,74,74,76,68,77,66,71,71,73,69,66,74,75,70,66,71,71,79,76,68,64,68,79,73,73,66,66,72,76,73,64,64,65,76,79,78,641,569,557,563,659,79,64,72,69,64,76,76,64,70,69,65,70,71,67,71,74,75,77,73,75,79,64,67,74,67,67,66,77,72,79,72,75,68,69,67,68,72,77,76,76,74,65,68,72,65,79,68,72,78,69,70,70,67,70,75,72,73,71,67,69,66,68,78,68,73,79,71,72,67,77,66,77,70,74,69
76,68,74,73,75,79,64,77,65,78,75,79,77,72,65,71,77,69,69,76,72,64,68,66,69,73,75,74,70,76,72,77,70,703,543,549,555,663,682,671,68,77,77,66,66,76,72,66,72,74,73,71,71,79,72,75,74,67,65,79,71,78,70,76,71,71,66,64,66,75,66,64,69,77,76,73,74,76,67,73,76,77,73,68,77,77,76,71,65,77,71,67,64,65,65,75,71,78,66,67,75,72,68,67,73,74,76,69,74,79,73,71,73,73,73,73,65,78,64,69,65,69,74,78,74,77,71,78,71,70,76,65,74,70,68,75,76,68,76,74,70,68,79,77,72,72,79,67,70,79,69,69,75,78,71,77,70,79,76,67,75,78,66,64,65,78,66,76,71,68
