25,25,28,17,17,18,31,16,21,18,19,29,29,21,31,23,27,26,27,25,26,25,22,29,16,24,31,29,19,24,16,22,27,22,29,17,18,20,20,20,25,22,26,20,26,27,27,31,17,17,16,16,28,18,56,74,30,31,20,30,17,26,27,27,30,17,19,27,18,24,23,26,30,29,27,27,74,44,168,150,18,21,44,18,31,21,21,18,25,19,21,20,20,17,24,22,26,16,27,31,25,16,27,117,103,20,22,26,26,27,31,168,221,2,0,10,15,6,11,12,13,8,12,7,11,9,1,13,5,15,3,11,12,14,1,7,1,4,5,1
16,27,26,17,17,18,26,27,26,23,27,50,22,21,27,24,24,21,25,19,22,27,22,23,22,18,19,29,31,22,31,21,24,29,27,25,20,27,19,20,18,21,26,29,17,30,25,16,20,180,150,17,30,186,57,75,156,44,74,30,31,30,20,25,30,74,68,56,62,62,56,18,19,22,23,174,75,45,169,151,132,168,45,156,21,23,31,22,27,24,21,28,31,24,23,20,16,26,22,18,21,31,31,28,29,20,19,27,16,16,203,169,222,7,12,12,9,9,15,7,9,9,6,14,15,9,10,8,12,1,6,6,9,8,8,8,11,0,4,4
31,24,23,19,17,19,17,18,28,21,168,51,156,25,16,16,27,19,25,19,27,26,68,56,44,68,20,29,17,17,21,28,28,29,17,16,19,26,17,28,31,16,28,20,17,31,68,56,192,181,151,138,186,187,58,76,157,45,75,138,23,28,28,19,162,75,69,57,63,63,57,138,21,26,186,175,76,46,170,152,133,169,46,157,144,16,21,25,21,23,24,30,19,29,30,29,23,25,31,22,30,25,18,27,26,23,21,27,17,22,204,170,223,8,4,3,13,7,13,1,0,1,0,11,15,4,14,3,13,14,14,7,0,3,13,1,11,7,13,0
16,29,20,20,31,28,20,25,27,180,169,52,157,150,17,31,26,30,68,62,56,162,69,57,45,69,138,31,31,29,18,25,16,16,23,24,26,16,19,30,27,17,26,28,24,168,69,57,193,182,152,139,187,188,59,77,158,46,76,139,198,25,30,186,163,76,70,58,64,64,58,139,144,174,187,176,77,47,171,153,134,170,47,158,145,132,19,28,29,18,29,30,17,27,28,27,19,22,17,26,21,16,23,28,24,22,16,23,22,21,205,171,224,1,14,10,3,6,4,1,10,0,12,13,1,9,0,5,6,11,1,1,5,10,2,3,11,0,2,14
16,18,19,16,16,20,29,30,203,181,170,53,158,151,132,17,24,162,69,63,57,163,70,58,46,70,139,150,24,24,28,20,19,19,30,27,22,21,16,30,26,19,20,22,162,169,70,58,194,183,153,140,188,189,60,78,159,47,77,140,199,26,203,187,164,77,71,59,65,65,59,140,145,175,188,177,78,48,172,154,135,171,48,159,146,133,144,23,26,29,17,22,27,27,27,31,16,27,16,21,22,19,29,30,21,25,22,16,21,18,206,172,225,9,7,4,9,15,14,5,6,4,14,5,13,3,7,11,2,13,9,0,4,14,7,3,7,1,12,3
22,19,21,30,26,17,25,18,204,182,171,54,159,152,133,138,186,163,70,64,58,164,71,59,47,71,140,151,126,19,25,26,31,29,20,26,23,25,25,21,24,27,28,203,163,170,71,59,195,184,154,141,189,190,61,79,160,48,78,141,200,16,204,188,165,78,72,60,66,66,60,141,146,176,189,178,79,49,173,155,136,172,49,160,147,134,145,156,22,27,29,24,21,28,27,30,29,28,17,20,31,27,18,17,26,27,31,23,20,24,207,173,15,5,1,0,10,10,14,15,3,3,8,1,5,12,3,12,12,14,4,1,14,4,6,8,0,14,11,15
27,21,23,22,24,22,24,30,205,183,172,55,160,153,134,139,187,164,71,65,59,165,72,60,48,72,141,152,127,150,17,31,16,21,16,21,30,30,22,29,29,27,19,204,164,171,72,60,196,185,155,142,190,191,9,8,161,49,79,142,201,31,205,189,166,79,73,61,67,67,61,142,147,177,190,179,11,13,6,10,137,173,3,161,148,135,146,157,198,17,26,28,23,19,28,19,27,17,29,23,24,25,19,21,19,28,20,21,56,50,226,8,4,8,4,10,4,5,6,5,7,5,11,13,13,6,0,1,3,4,8,13,7,14,14,10,0,5,13,11
16,21,17,30,30,21,30,28,206,184,173,14,161,154,135,140,188,165,72,66,60,166,73,61,49,73,142,153,128,151,144,21,31,26,22,28,22,27,29,30,16,19,30,205,165,172,73,61,197,1,7,143,191,11,5,10,13,6,0,143,202,16,206,190,167,4,6,5,4,10,12,143,148,178,191,3,7,15,5,1,3,3,0,8,149,136,147,158,199,18,17,17,29,19,30,24,27,21,18,26,28,31,25,17,25,30,24,174,57,51,227,8,8,7,14,13,12,4,14,12,2,3,11,15,2,1,2,10,7,8,11,5,3,5,11,15,14,12,6,9
21,31,29,18,19,21,22,31,207,185,2,14,14,155,136,141,189,166,73,67,61,167,9,15,10,9,143,154,129,152,145,132,28,20,22,29,29,23,28,30,20,26,30,206,166,173,12,14,14,7,15,11,6,11,10,2,6,9,11,5,100,27,207,191,3,8,4,11,15,3,7,10,149,179,8,3,12,5,15,1,12,2,13,9,10,137,148,159,200,28,21,29,29,25,25,23,18,31,17,28,18,30,16,24,26,24,203,175,58,52,228,7,2,1,13,14,9,14,13,0,13,7,2,3,5,7,6,10,15,13,4,8,11,5,0,0,11,12,11,8
20,17,18,21,28,26,18,25,94,11,5,13,13,6,137,142,190,167,9,8,2,15,15,12,7,14,7,155,130,153,146,133,144,27,26,25,26,19,17,16,29,19,17,207,167,15,3,10,8,10,1,13,15,0,5,5,1,12,1,106,111,21,121,114,5,7,12,5,14,4,4,10,8,9,3,9,11,9,12,15,14,1,10,4,10,8,149,160,201,29,22,28,19,25,16,28,26,26,26,23,18,22,21,23,24,29,204,176,59,53,229,5,9,2,9,10,11,5,13,8,15,9,10,9,1,3,12,7,4,15,1,15,8,5,8,13,1,9,3,5
31,20,26,16,27,27,31,30,95,6,15,6,10,6,4,143,191,4,6,15,12,3,9,5,12,15,1,13,131,154,147,134,145,126,19,18,25,31,18,23,25,31,17,90,15,8,13,13,13,0,1,11,9,10,3,5,13,6,1,80,26,22,26,94,1,0,4,11,10,2,8,2,8,11,5,9,7,8,0,2,15,5,11,4,14,1,4,161,202,21,28,17,31,19,21,17,29,21,19,29,23,23,23,17,19,25,205,177,60,54,230,3,7,14,15,1,9,3,14,3,4,7,0,9,3,1,9,9,1,13,3,13,5,1,8,12,6,7,12,4
25,26,26,19,29,31,31,22,121,42,118,9,8,13,5,7,12,11,9,3,4,6,11,13,1,2,9,8,9,155,148,135,146,127,126,56,68,17,31,21,21,19,27,91,2,8,7,6,3,3,8,15,8,2,12,8,3,6,13,81,18,23,16,95,4,2,10,6,9,7,9,9,9,3,10,10,9,1,15,102,38,114,2,9,1,10,11,13,214,26,26,17,21,20,25,16,24,22,19,27,30,21,18,18,19,23,206,178,61,55,231,6,11,3,13,2,9,2,3,9,10,8,13,11,4,8,6,14,1,1,6,15,7,12,10,10,12,3,12,0
21,31,31,22,26,20,21,25,24,43,94,12,4,5,12,5,6,12,0,9,3,7,5,13,6,8,5,12,2,7,149,136,147,128,127,57,69,150,24,25,21,20,27,117,116,7,14,11,4,4,9,6,6,2,0,11,15,0,11,84,31,29,26,96,15,9,1,8,15,3,1,7,6,8,15,7,6,3,112,111,39,90,13,7,2,1,6,7,215,132,26,25,16,16,22,27,17,25,20,28,28,27,29,17,24,24,207,179,4,5,0,0,7,8,13,12,5,6,15,5,8,4,14,12,4,4,14,6,0,7,12,10,4,5,15,4,8,2,14,4
30,18,22,23,30,27,23,30,24,25,95,15,6,9,11,8,14,5,4,6,9,11,13,0,15,11,12,6,0,13,12,137,148,129,128,58,70,151,138,44,22,23,22,29,101,6,10,3,5,3,11,7,15,9,0,11,5,15,6,85,20,16,21,97,7,2,3,3,11,3,13,2,6,2,2,110,34,40,103,22,31,91,12,2,10,6,11,0,216,133,198,16,28,22,28,25,26,23,19,20,18,22,24,29,23,19,96,8,4,7,11,3,4,9,13,8,9,6,11,15,7,6,4,2,9,5,4,2,8,11,1,1,11,10,4,15,15,13,4,6
28,24,24,18,26,24,19,31,21,22,101,13,5,2,8,6,6,11,1,5,1,12,1,2,12,8,6,13,13,14,1,1,149,130,129,59,71,152,139,45,150,23,21,30,123,124,10,15,13,10,7,7,7,9,8,7,6,4,6,82,26,19,68,220,2,10,11,1,15,9,4,14,7,112,32,109,35,41,18,22,17,220,10,15,9,14,11,12,217,134,199,23,30,28,23,31,17,20,25,17,19,26,24,23,28,29,97,13,1,2,4,10,3,10,14,7,13,11,2,15,2,5,5,0,2,9,13,1,3,11,5,14,4,3,9,5,4,6,15,6
24,30,16,30,20,31,22,21,19,30,119,114,14,1,14,12,2,12,9,2,8,9,6,5,2,6,12,4,9,14,2,9,11,131,130,60,72,153,140,46,151,132,21,22,21,119,124,15,6,0,9,12,11,0,10,9,4,9,1,83,21,203,69,221,1,9,15,6,12,104,120,10,112,103,33,27,19,28,30,21,174,221,3,15,12,11,1,5,218,135,200,31,19,18,28,16,17,23,18,17,22,31,23,29,17,21,94,14,14,7,15,12,10,10,0,10,12,2,0,2,4,11,4,1,9,3,3,11,0,1,10,7,13,9,14,8,5,10,1,7
27,19,17,162,150,26,28,16,25,21,23,117,40,124,5,10,13,11,14,6,1,11,0,4,2,9,10,7,2,0,8,0,7,14,131,61,73,154,141,47,152,133,126,25,26,31,96,3,14,0,5,0,12,11,12,4,15,3,13,82,23,204,70,222,7,15,13,3,108,107,92,110,113,22,19,16,31,56,50,192,175,222,1,10,5,1,1,10,219,136,201,17,18,30,20,31,18,26,21,29,26,19,27,23,19,18,95,15,7,15,12,10,0,3,13,5,4,1,11,3,0,13,1,0,10,1,13,11,15,4,8,14,0,15,4,6,10,9,13,12
31,24,180,163,151,132,30,21,17,18,18,20,41,123,34,122,6,12,6,2,1,102,118,10,3,10,12,4,4,1,2,13,8,5,13,15,1,155,142,48,153,134,127,132,18,28,97,2,0,5,12,13,14,11,2,9,9,14,1,83,24,205,71,223,0,3,2,5,80,26,93,100,17,27,25,29,180,57,51,193,176,223,14,6,14,3,4,15,15,137,202,21,18,22,16,21,26,24,28,18,17,28,17,21,19,26,98,10,4,10,3,6,15,7,0,0,8,6,14,12,5,14,5,13,9,0,14,6,5,8,13,4,3,13,9,4,11,3,3,6
23,203,181,164,152,133,156,44,50,16,23,20,19,20,35,101,9,11,15,110,36,109,123,116,13,7,106,124,14,4,12,5,13,7,7,15,15,10,143,49,154,135,128,133,126,16,117,40,40,122,14,10,14,15,6,3,7,0,8,84,21,206,72,224,9,3,6,3,81,28,119,103,20,25,18,180,181,58,52,194,177,224,5,6,12,3,11,13,11,14,100,30,27,17,27,22,19,16,16,24,26,18,25,29,26,22,99,3,14,14,8,10,4,10,0,0,6,9,3,7,10,0,13,7,13,12,9,10,4,12,13,7,3,8,7,6,3,13,10,8
29,204,182,165,153,134,157,45,51,126,22,26,22,20,26,115,32,36,40,113,37,22,28,115,36,42,113,121,122,4,11,12,5,10,7,5,9,10,11,11,155,136,129,134,127,198,26,41,41,98,15,4,8,5,9,10,9,8,15,85,20,207,73,225,6,12,2,3,82,16,28,21,29,21,186,181,182,59,53,195,178,225,6,14,9,1,112,118,0,104,105,20,18,25,21,27,22,19,26,18,18,16,30,16,27,19,92,8,2,12,9,4,4,4,2,6,8,10,5,5,3,6,7,14,11,4,6,10,2,6,1,10,6,14,4,5,13,7,8,5
16,205,183,166,154,135,158,46,52,127,144,50,29,28,28,24,33,37,41,22,16,30,22,25,37,43,24,24,121,40,118,7,1,15,3,12,1,15,9,4,1,137,130,135,128,199,25,26,20,99,7,6,6,13,9,8,5,4,102,107,31,101,14,10,5,15,13,0,83,17,22,27,28,186,187,182,183,60,54,196,179,4,2,15,110,32,109,115,40,111,31,28,23,21,31,18,27,25,24,31,25,18,24,27,20,22,93,6,0,6,15,3,12,2,13,12,13,2,13,12,6,6,11,12,5,1,12,11,0,15,5,9,10,0,15,15,6,9,6,12
21,206,184,167,155,136,159,47,53,128,145,51,138,50,68,21,18,29,16,27,174,126,50,24,19,17,31,50,16,41,123,36,42,114,1,2,3,11,9,6,3,8,131,136,129,200,23,22,23,117,114,1,6,3,12,10,6,1,100,31,19,226,14,9,9,4,6,102,109,29,25,31,162,187,188,183,184,61,55,197,3,2,4,11,84,33,30,29,41,31,29,20,18,19,25,18,31,23,20,19,17,25,22,29,29,20,94,14,3,1,0,10,15,7,6,8,15,11,8,12,7,2,12,2,14,2,1,5,6,10,4,1,7,6,0,9,6,10,0,6
19,207,185,3,0,137,160,48,54,129,146,52,139,51,69,198,28,23,25,186,175,127,51,126,29,26,186,51,150,19,30,37,43,101,13,10,7,10,10,7,2,2,10,137,130,201,23,19,22,27,98,1,13,7,2,15,1,8,208,74,192,227,6,2,3,104,32,111,25,25,50,162,163,188,189,184,185,9,11,2,12,1,7,12,85,26,22,20,30,25,19,17,22,16,56,56,62,162,138,20,21,30,20,27,30,27,95,11,1,13,14,1,11,11,14,7,5,6,10,13,12,1,4,11,0,12,13,2,1,5,11,3,3,9,11,9,7,3,8,3
18,94,9,4,13,5,161,49,55,130,147,53,140,52,70,199,18,16,180,187,176,128,52,127,132,174,187,52,151,144,25,17,16,119,114,10,15,7,8,11,11,11,11,2,131,202,28,29,16,30,99,2,9,1,0,12,1,12,209,75,193,228,15,10,106,107,33,26,21,162,51,163,164,189,190,185,4,5,13,9,7,4,12,4,100,29,22,18,20,17,28,24,50,174,57,57,63,163,139,198,30,17,27,28,31,22,125,40,116,12,8,8,8,12,13,12,10,4,14,4,8,3,7,5,6,5,13,3,2,9,3,11,7,11,11,15,8,5,6,2
18,95,15,9,14,14,5,9,11,131,148,54,141,53,71,200,27,203,181,188,177,129,53,128,133,175,188,53,152,145,132,19,22,17,101,1,104,38,116,6,4,10,1,1,7,208,21,28,17,23,98,5,11,13,8,2,15,5,210,76,194,229,1,8,84,26,28,20,192,163,52,164,165,190,191,13,12,12,7,12,8,10,3,112,107,25,31,16,29,27,29,162,51,175,58,58,64,164,140,199,16,29,21,21,27,22,18,41,90,14,11,8,4,12,11,11,0,15,8,1,3,6,0,6,7,4,8,9,13,1,9,2,12,13,1,0,9,8,1,14
16,101,8,3,6,13,0,13,8,12,149,55,142,54,72,201,21,204,182,189,178,130,54,129,134,176,189,54,153,146,133,144,24,27,121,34,109,39,121,34,34,120,12,1,7,209,156,56,27,24,99,8,14,106,36,122,15,4,211,77,195,230,7,3,85,28,30,180,193,164,53,165,166,191,9,2,8,13,4,2,9,12,104,113,22,21,20,27,62,74,180,163,52,176,59,59,65,165,141,200,20,25,16,22,21,25,24,29,91,14,4,11,8,0,1,15,9,7,9,5,10,1,0,13,10,4,5,2,2,0,9,10,0,3,3,6,6,9,15,0
27,115,122,5,9,7,15,14,13,2,0,0,143,55,73,202,30,205,183,190,179,131,55,130,135,177,190,55,154,147,134,145,126,44,28,35,19,23,23,35,35,115,116,12,10,210,157,57,198,20,125,42,32,105,37,101,6,5,212,78,196,231,13,1,208,44,162,181,194,165,54,166,167,7,14,4,1,14,6,110,38,34,107,22,17,22,30,186,63,75,181,164,53,177,60,60,66,166,142,201,23,22,24,24,25,31,31,19,90,3,8,14,2,4,4,12,10,3,3,15,9,7,8,12,3,5,4,10,6,6,8,9,4,11,7,7,7,1,13,1
19,29,96,1,15,11,12,2,14,13,10,2,11,8,110,111,20,206,184,191,2,6,13,131,136,178,191,9,155,148,135,146,127,45,144,62,27,21,20,21,24,16,101,10,7,211,158,58,199,26,23,43,33,16,26,220,10,7,213,79,197,5,8,12,209,45,163,182,195,166,55,167,10,9,10,12,5,0,7,82,39,35,24,17,27,22,203,187,64,76,182,165,54,178,61,61,67,167,143,202,30,16,22,19,25,16,25,31,91,5,8,6,8,12,11,11,9,13,1,10,1,10,8,12,7,6,10,2,15,5,7,5,6,13,9,15,12,1,13,4
30,26,97,7,2,9,5,11,12,4,7,12,14,112,111,25,30,207,185,2,2,6,10,6,137,179,8,11,3,149,136,147,128,46,145,63,156,23,31,28,22,21,123,116,8,212,159,59,200,23,16,30,22,30,192,221,7,0,1,5,0,3,3,12,210,46,164,183,196,167,13,4,3,3,13,12,1,11,12,83,17,19,25,21,26,19,204,188,65,77,183,166,55,179,6,1,13,0,1,84,16,16,20,30,26,25,31,25,92,12,6,15,4,1,8,12,8,12,8,10,3,8,8,4,2,9,14,7,8,0,12,9,6,1,15,6,6,7,5,14
21,26,101,15,0,13,8,0,6,9,4,1,3,86,26,31,25,90,6,9,12,1,11,7,13,12,6,5,4,13,137,148,129,47,146,64,157,150,20,23,18,29,26,94,7,213,160,60,201,26,25,23,22,192,193,222,7,15,4,12,8,3,12,1,211,47,165,184,197,1,7,12,1,3,12,5,9,104,36,103,31,18,25,17,18,26,205,189,66,78,184,167,3,8,2,1,5,112,124,85,29,16,27,22,18,24,22,19,93,7,14,12,2,5,14,3,4,5,7,0,14,12,2,12,4,6,7,6,8,13,10,1,12,2,9,1,1,6,0,8
26,20,121,114,1,0,1,2,0,15,3,11,6,87,17,24,22,91,0,14,2,6,0,3,3,15,8,7,15,3,14,149,130,48,147,65,158,151,132,28,23,17,30,95,2,11,161,61,202,24,27,74,192,193,194,223,12,11,11,15,2,13,5,8,212,48,166,185,4,8,9,12,8,6,1,5,110,105,37,18,25,31,16,31,17,23,206,190,67,79,185,6,15,13,7,3,9,86,121,103,23,20,20,27,31,22,21,17,94,2,15,5,10,4,8,9,15,1,10,12,4,11,2,11,15,4,0,14,4,4,14,2,2,9,14,0,5,1,10,5
27,18,27,121,38,114,12,14,14,11,6,9,2,82,24,24,16,115,122,15,13,11,9,11,10,3,12,8,6,9,3,10,131,49,148,66,159,152,133,132,19,21,23,96,2,6,4,9,100,27,174,75,193,194,195,224,8,13,0,5,14,9,5,15,213,49,167,6,3,1,3,9,15,110,36,120,100,19,31,28,19,25,22,28,24,24,207,191,6,2,7,10,11,6,1,13,15,87,31,25,24,17,18,31,24,31,16,19,95,1,12,12,10,14,3,11,12,10,12,5,7,10,8,6,4,3,12,11,0,14,13,1,13,7,9,12,12,0,10,14
24,29,17,16,39,96,8,15,1,9,8,0,13,83,24,22,22,22,101,10,9,5,6,11,10,9,4,13,7,1,2,10,8,9,149,67,160,153,134,133,150,16,23,97,1,4,3,12,208,168,175,76,194,195,196,225,12,10,5,11,7,12,14,15,3,6,9,11,2,13,1,11,104,107,37,117,113,28,22,23,23,23,28,19,24,24,96,8,4,7,5,2,12,8,9,3,102,111,17,23,17,21,31,21,16,18,21,17,94,6,9,6,0,4,7,11,2,5,13,12,6,3,0,2,1,2,15,12,9,2,12,2,7,12,4,14,12,3,13,0
17,24,27,22,29,97,5,12,11,4,3,8,6,214,21,29,29,24,121,38,36,32,116,2,14,3,1,8,7,2,10,15,0,5,1,4,161,154,135,134,151,156,16,101,3,13,7,1,209,169,176,77,195,196,197,7,15,1,14,102,40,116,5,8,11,6,9,11,7,13,5,6,84,16,26,27,26,19,18,17,24,22,19,17,24,22,97,9,8,9,12,8,4,5,0,6,208,21,17,19,22,30,27,16,17,25,31,26,95,4,1,8,5,4,7,1,9,9,4,14,0,8,14,8,3,14,2,1,8,2,3,5,15,4,12,14,1,13,9,0
17,30,24,17,24,119,40,118,6,13,8,3,15,215,150,50,28,31,21,39,37,33,123,124,11,15,3,13,6,0,5,3,13,10,0,7,6,155,136,135,152,157,150,220,1,5,8,15,210,170,177,78,196,197,15,13,12,112,36,111,41,121,116,13,3,0,8,8,10,15,10,13,85,16,23,21,28,21,19,17,20,20,17,16,30,25,101,3,15,11,6,3,11,8,12,5,209,150,19,18,24,26,20,26,22,21,18,17,117,42,122,6,3,7,6,0,0,2,13,9,12,9,8,0,11,10,8,7,8,2,15,3,15,11,9,15,3,15,8,9
21,23,26,29,25,28,41,90,6,0,9,8,7,216,151,51,150,68,18,26,24,25,17,121,114,3,4,12,9,10,15,0,15,10,5,10,14,13,137,136,153,158,151,221,0,4,9,15,211,171,178,79,197,12,4,2,104,113,37,27,26,21,121,114,13,9,1,15,13,12,11,110,105,22,30,22,19,16,20,18,20,16,16,21,24,24,119,122,10,9,6,7,11,1,9,7,210,151,198,25,30,19,16,31,22,20,16,30,18,43,92,7,1,6,12,15,0,13,12,1,4,1,7,8,4,3,0,0,7,13,10,7,11,6,15,15,0,1,1,8
16,18,21,31,17,20,16,91,4,10,7,14,5,217,152,52,151,69,150,20,30,26,17,17,115,120,10,14,10,12,3,15,3,15,8,5,1,13,11,137,154,159,152,222,15,9,3,0,212,172,179,1,0,10,112,40,113,16,29,31,31,31,22,123,118,8,4,11,5,4,12,100,31,18,22,18,16,31,22,24,29,30,25,25,25,20,29,119,118,10,10,11,5,6,4,8,211,152,199,26,30,26,28,18,23,22,26,23,18,22,93,5,15,4,7,12,15,7,9,14,8,5,8,11,6,0,15,11,12,15,14,3,9,2,11,0,13,1,15,9
24,31,27,22,26,25,16,220,12,6,0,2,5,218,153,53,152,70,151,150,68,26,29,29,21,121,120,6,6,14,4,14,9,6,3,6,2,3,14,14,155,160,153,223,14,10,15,3,213,173,4,3,12,108,111,41,16,22,18,29,19,29,23,29,98,5,5,12,3,2,8,214,22,25,17,20,30,30,25,25,17,28,22,21,23,62,18,27,90,7,9,15,2,10,9,0,212,153,200,19,20,23,17,21,16,22,21,25,24,27,101,14,12,7,5,6,15,5,15,1,14,8,2,3,4,4,14,15,8,14,15,15,13,9,0,6,0,10,11,1
26,19,30,23,16,20,174,221,6,11,6,2,15,219,154,54,153,71,152,151,69,144,44,50,21,21,123,118,7,6,3,6,14,13,14,6,7,6,0,9,10,161,154,224,15,6,9,2,14,15,13,4,108,113,29,21,22,27,29,25,20,16,20,22,99,7,7,9,8,14,0,215,144,20,24,25,24,19,17,23,30,19,23,23,192,63,144,23,91,15,10,10,6,11,2,2,213,154,201,26,24,29,24,19,28,24,18,17,21,68,226,5,3,13,12,0,10,14,12,6,8,15,12,10,14,2,2,15,8,6,5,15,8,4,3,6,10,14,12,13
24,30,31,25,62,168,175,222,2,1,6,11,1,3,155,55,154,72,153,152,70,145,45,51,126,16,23,117,114,15,5,6,5,14,4,1,12,7,15,11,10,2,155,225,9,11,0,5,13,1,1,104,111,23,31,18,31,24,29,27,25,23,20,19,115,40,122,8,12,0,0,216,145,144,29,27,24,30,27,24,16,16,16,186,193,64,145,156,220,15,4,1,0,3,2,9,14,155,202,21,20,23,24,29,18,19,25,25,203,69,227,14,5,6,6,15,10,12,14,9,0,12,2,5,13,6,9,13,3,15,5,10,12,10,7,10,12,15,1,10
19,31,22,174,63,169,176,223,12,15,11,11,4,13,0,12,155,73,154,153,71,146,46,52,127,144,28,18,121,38,120,11,12,11,15,8,419,14,12,7,1,3,4,14,0,12,10,1,1,4,108,105,21,21,31,31,18,19,18,19,17,17,27,20,22,41,101,8,8,11,11,217,146,145,150,18,16,29,18,22,21,21,180,187,194,65,146,157,221,14,1,14,1,12,9,13,15,3,214,18,19,26,19,28,25,18,23,24,204,70,228,13,8,0,2,13,0,13,8,13,8,13,7,5,7,3,0,1,10,8,12,13,5,7,11,7,6,9,11,0
18,23,192,175,64,170,177,224,0,2,8,0,1,8,1,8,12,5,155,154,72,147,47,53,128,145,156,29,18,39,121,32,122,2,12,498,420,468,1,9,10,10,15,13,12,4,6,9,9,10,100,23,28,24,44,20,18,62,62,31,27,25,18,26,31,24,119,120,12,9,1,218,147,146,151,144,23,31,20,28,26,192,181,188,195,66,147,158,222,2,9,1,2,0,9,0,4,14,215,198,17,20,29,28,26,16,16,19,205,71,229,9,0,9,0,15,4,1,4,3,7,9,13,0,10,4,10,7,12,15,10,3,14,11,9,8,15,7,6,5
20,203,193,176,65,171,178,225,13,8,4,1,10,2,14,4,15,5,3,155,73,148,48,54,129,146,157,126,25,25,29,33,101,7,506,499,421,469,504,15,6,13,9,1,15,4,9,9,10,108,113,24,29,168,45,138,162,63,63,132,18,27,74,22,21,29,25,90,13,2,13,219,148,147,152,145,144,19,26,29,168,193,182,189,196,67,148,159,223,13,14,9,7,12,13,1,6,11,216,199,23,24,20,23,16,18,28,20,206,72,230,15,15,15,4,15,14,10,3,2,9,3,1,13,14,4,12,15,15,12,9,12,4,12,13,1,3,0,1,5
16,204,194,177,66,172,179,12,13,1,2,7,0,11,5,4,15,15,11,13,12,149,49,55,130,147,158,127,144,44,50,68,220,5,507,500,261,470,505,6,10,2,10,14,0,12,1,12,5,100,30,28,186,169,46,139,163,64,64,133,138,174,75,150,28,31,24,91,15,4,9,7,149,148,153,146,145,138,44,162,169,194,183,190,197,0,149,160,224,8,12,10,1,5,3,6,2,15,217,200,23,17,22,21,21,17,22,16,207,73,231,9,3,9,15,12,8,8,15,3,6,14,12,12,11,10,10,11,1,8,5,2,1,5,13,15,4,13,10,6
17,205,195,178,67,173,11,6,1,15,6,1,12,1,6,1,0,15,7,13,4,10,13,14,131,148,159,128,145,45,51,69,221,4,443,248,260,263,442,13,3,7,11,14,5,3,3,12,5,208,74,192,187,170,47,140,164,65,65,134,139,175,76,151,198,25,23,121,120,4,11,7,2,149,154,147,146,139,45,163,170,195,184,191,15,5,2,161,225,2,1,12,8,12,6,14,2,4,218,201,25,25,27,18,23,17,30,20,92,10,1,7,6,3,0,12,8,0,3,6,12,6,10,7,12,8,1,12,15,11,5,12,4,1,2,3,12,8,6,0
30,206,196,179,0,2,10,4,1,14,4,3,3,2,13,10,12,12,9,1,9,9,10,9,4,149,160,129,146,46,52,70,222,8,461,456,257,444,445,7,10,6,5,6,10,3,2,10,11,209,75,193,188,171,48,141,165,66,66,135,140,176,77,152,199,30,18,24,117,114,3,2,11,3,155,148,147,140,46,164,171,196,185,14,6,2,8,1,14,13,14,0,4,9,7,9,12,14,219,202,27,18,27,24,17,17,30,21,93,7,3,7,7,13,5,14,12,1,9,14,7,12,8,7,11,14,6,15,7,2,4,7,8,3,3,6,13,13,4,8
29,207,197,6,0,12,11,1,7,6,1,0,10,9,7,1,2,7,3,9,6,2,13,7,8,7,161,130,147,47,53,71,223,9,13,459,400,451,8,0,9,14,6,10,15,4,3,14,11,210,76,194,189,172,49,142,166,67,67,136,141,177,78,153,200,27,16,27,23,101,10,14,14,3,9,149,148,141,47,165,172,197,15,2,11,0,10,7,3,9,11,10,5,4,2,9,5,4,13,80,29,25,30,16,20,27,29,26,101,14,8,5,13,13,4,8,12,2,7,5,9,13,6,0,11,10,2,5,13,8,8,4,1,6,15,3,3,7,9,6
28,90,14,0,3,1,3,7,7,6,10,9,6,7,2,6,5,7,5,15,5,6,2,8,3,11,2,131,148,48,54,72,224,6,7,3,401,15,12,0,6,12,9,6,8,3,12,3,8,211,77,195,190,173,3,143,167,5,12,137,142,178,79,154,201,23,27,23,29,117,114,0,14,12,6,3,149,142,48,166,173,2,15,5,2,2,8,6,6,13,1,3,13,10,1,11,2,7,14,81,20,21,29,31,20,19,24,25,220,5,5,7,3,0,11,7,2,11,12,4,10,8,2,2,13,1,8,11,0,4,2,7,15,6,7,1,4,0,2,5
29,91,3,9,13,9,8,14,1,9,3,5,6,14,4,4,2,15,10,4,4,11,15,2,8,1,10,3,149,49,55,73,225,13,2,13,10,7,15,11,15,3,6,15,1,7,12,12,15,212,78,196,191,8,7,14,7,3,4,14,143,179,7,155,202,20,22,25,30,17,96,8,6,5,7,0,13,143,49,167,2,5,0,14,5,7,4,5,7,0,4,7,11,12,14,7,12,3,11,84,28,21,27,22,17,26,26,203,221,6,0,2,12,5,10,12,3,4,0,7,5,11,0,3,0,8,4,2,8,2,12,0,3,0,1,3,15,13,1,2
19,101,3,14,2,14,8,11,4,8,5,0,6,3,9,14,11,0,15,11,15,0,12,11,9,15,416,10,15,12,14,7,6,1,3,0,5,12,14,0,4,14,104,38,42,124,11,15,3,213,79,197,7,1,10,13,12,8,8,12,9,5,1,4,100,20,20,23,16,20,97,0,5,2,14,15,6,12,9,6,11,15,7,6,1,9,1,13,106,120,106,124,11,4,4,1,0,6,7,85,23,28,18,30,25,18,23,204,222,2,15,6,13,1,8,0,11,15,10,0,0,7,14,15,4,11,15,7,15,14,10,6,9,13,11,4,14,1,7,12
18,121,114,12,1,12,12,2,11,11,3,9,12,3,14,0,11,106,32,34,34,36,116,12,2,506,417,480,10,15,8,0,10,8,9,9,9,5,7,14,14,108,111,39,43,90,15,0,5,5,9,5,3,9,10,14,15,3,6,13,10,10,6,106,103,29,25,17,27,30,98,14,6,5,12,7,6,5,12,5,15,5,12,11,3,2,13,104,105,117,103,90,9,12,7,14,10,6,8,84,22,30,29,18,17,30,22,205,223,7,2,10,10,13,12,11,0,4,15,15,6,3,8,0,2,9,3,3,13,10,1,14,9,7,6,6,13,8,0,2
23,27,125,120,12,15,8,0,13,3,112,118,3,12,7,2,9,86,33,35,35,37,98,15,7,507,418,481,480,6,4,13,0,13,9,11,3,11,1,11,102,109,21,19,27,91,13,1,4,13,12,9,11,2,8,1,4,8,1,14,12,8,102,109,31,20,24,28,20,20,99,11,12,14,108,114,2,3,2,14,7,1,8,8,11,2,11,84,23,21,29,91,12,0,11,13,9,7,10,85,20,26,25,30,18,24,28,206,224,7,15,2,5,4,3,10,11,9,0,1,8,2,9,7,12,7,5,1,2,11,6,14,13,15,1,3,0,1,0,11
19,16,23,115,122,6,4,5,11,5,100,101,1,12,2,15,1,87,27,27,16,28,99,3,15,436,253,482,481,504,9,6,8,11,15,14,1,2,4,112,111,19,29,17,24,96,5,4,5,1,4,14,8,15,2,9,4,6,5,8,110,32,105,18,29,30,23,23,19,20,220,1,1,3,80,101,13,12,4,6,6,4,2,0,2,13,12,85,17,24,27,96,4,12,15,12,10,13,2,80,17,25,26,23,29,27,27,207,225,14,10,15,2,14,7,15,9,14,4,2,4,9,5,1,1,9,6,12,12,13,9,10,14,8,7,7,15,14,3,13
25,26,26,19,101,11,14,11,13,112,105,121,122,8,13,13,12,100,19,19,28,25,101,4,11,437,255,252,482,505,2,2,8,5,11,2,1,5,1,86,22,25,29,28,25,97,12,12,4,11,13,2,3,12,9,14,8,11,12,12,100,33,28,31,22,23,30,22,24,168,221,13,11,1,81,115,42,120,9,1,10,1,14,14,3,8,4,82,21,27,23,97,8,7,7,6,7,5,2,81,29,17,23,29,27,21,18,92,7,0,2,1,8,4,1,6,5,1,3,3,3,0,0,14,13,6,4,13,8,7,12,7,10,5,0,2,5,0,9,13
17,24,20,20,226,3,5,8,12,100,18,31,92,3,8,12,104,105,24,28,23,19,115,114,12,432,253,260,249,442,15,13,14,1,10,12,0,8,15,87,18,22,25,18,27,123,124,11,15,3,12,6,3,11,13,5,6,10,14,108,107,16,25,25,23,27,20,30,168,169,222,7,11,9,82,23,43,123,40,122,3,8,0,5,11,11,6,83,25,20,24,123,118,13,15,7,14,2,14,80,16,18,16,16,16,22,31,93,10,2,5,12,12,15,8,6,6,10,5,11,8,8,9,4,9,9,8,14,3,0,4,9,2,13,9,11,14,3,14,14
25,29,29,168,227,4,10,1,104,109,23,30,93,8,2,108,109,27,25,22,30,27,30,96,13,433,254,250,452,455,13,0,13,15,9,4,1,13,14,80,30,31,27,25,30,28,125,120,10,10,15,3,3,6,0,7,13,2,8,100,19,28,19,28,18,19,21,180,169,170,223,12,14,0,83,17,21,24,41,98,6,3,2,14,12,3,11,84,21,20,16,28,115,36,124,4,12,1,6,81,25,26,19,22,30,21,19,92,15,7,9,3,0,8,4,9,7,15,8,4,13,5,10,14,15,11,3,15,15,1,5,15,15,3,2,11,0,10,8,3
28,27,203,169,228,13,8,112,113,28,20,22,101,110,32,101,31,30,29,26,30,24,30,97,11,432,256,257,442,0,4,15,6,6,3,13,11,2,10,81,26,16,26,20,19,22,28,115,114,11,12,4,4,12,5,10,3,13,108,111,29,74,56,62,68,50,168,181,170,171,224,4,14,9,84,19,17,28,24,99,3,4,5,1,6,2,5,85,23,25,17,28,27,37,117,32,118,4,108,103,17,27,19,19,22,16,28,93,15,11,6,1,15,3,11,0,7,7,6,12,10,15,2,14,15,4,6,12,3,15,4,9,13,3,8,12,4,2,5,5
27,26,204,170,229,14,11,84,17,23,31,31,121,109,33,17,18,25,19,31,24,20,26,94,6,433,260,448,447,6,14,0,5,2,5,14,11,10,3,214,16,27,16,30,20,16,21,31,94,15,3,2,1,12,4,11,4,0,82,28,180,75,57,63,69,51,169,182,171,172,225,11,10,0,85,17,19,20,22,90,7,4,4,8,0,1,7,100,26,17,20,19,28,19,22,33,123,42,107,30,25,24,31,17,17,28,31,92,10,15,1,10,13,2,14,0,12,15,12,8,0,9,15,13,0,10,5,5,9,1,8,5,7,7,11,15,12,2,2,8
18,18,205,171,230,2,0,85,29,24,28,25,23,22,21,21,16,21,17,20,19,25,24,95,6,463,400,445,11,13,10,15,6,2,2,13,1,8,6,215,150,68,17,16,17,20,50,23,95,4,4,11,13,11,4,8,0,8,83,203,181,76,58,64,70,52,170,183,172,173,13,7,8,9,80,30,30,20,18,91,11,3,3,2,5,12,7,208,62,23,24,24,26,20,22,30,27,43,26,19,22,24,30,27,22,23,26,93,9,3,8,13,3,11,5,3,11,6,5,11,1,8,1,7,4,8,13,8,10,9,10,15,8,7,14,6,14,12,14,11
24,31,206,172,231,12,104,107,16,19,25,28,28,29,31,30,21,27,18,29,29,22,29,101,9,9,401,2,13,3,2,11,9,8,10,1,9,9,13,216,151,69,132,18,17,180,51,198,123,122,6,2,8,12,14,7,15,6,88,204,182,77,59,65,71,53,171,184,173,10,2,12,13,5,81,30,23,18,23,121,120,14,14,14,13,12,1,209,63,150,26,31,23,29,22,18,21,21,18,30,19,28,20,27,18,18,19,94,11,3,11,0,15,15,10,9,12,1,5,7,10,5,7,2,12,12,6,4,11,3,14,1,5,3,0,8,4,15,8,8
23,31,207,173,13,7,80,20,19,16,26,19,20,19,19,17,26,16,29,16,31,18,19,123,116,2,9,12,8,10,11,6,4,8,10,11,7,14,6,217,152,70,133,138,186,181,52,199,17,101,2,5,5,3,5,11,14,5,100,205,183,78,60,66,72,54,172,185,1,5,14,10,12,11,208,26,17,56,27,31,101,5,2,7,10,6,5,210,64,151,126,50,56,23,31,31,17,28,29,24,27,21,29,24,18,21,17,95,15,1,7,8,3,8,10,0,1,0,9,0,10,9,3,6,8,13,6,13,7,6,11,5,3,4,5,6,14,4,13,7
21,22,123,122,8,0,81,27,18,26,30,23,21,24,17,26,28,26,25,17,23,24,18,16,94,1,11,7,14,15,9,5,10,7,11,4,13,3,6,218,153,71,134,139,187,182,53,200,18,121,124,2,11,15,15,7,9,9,88,206,184,79,61,67,73,55,173,7,4,10,3,0,2,5,209,126,168,57,156,50,226,14,4,13,8,2,10,211,65,152,127,51,57,126,17,28,23,16,25,24,16,26,28,16,29,25,28,98,14,0,5,7,7,4,2,13,4,0,10,15,9,9,9,14,4,11,6,2,14,9,1,11,12,11,7,9,7,6,7,13
24,21,23,96,1,13,100,20,17,24,31,31,23,21,17,29,19,29,30,19,20,28,25,24,95,9,2,13,2,15,14,5,10,10,0,15,6,8,2,219,154,72,135,140,188,183,54,201,17,18,101,5,15,3,11,2,7,1,100,207,185,2,5,10,15,1,5,6,5,12,3,0,7,3,210,127,169,58,157,51,227,14,7,10,3,2,10,212,66,153,128,52,58,127,126,26,25,22,29,22,26,30,21,26,18,27,27,99,0,14,10,2,9,5,6,9,15,1,8,6,5,6,11,14,12,8,2,12,10,1,0,9,9,11,14,9,11,6,0,7
16,30,25,97,11,110,113,30,19,24,20,29,18,31,29,23,23,24,27,31,24,31,19,23,96,9,2,7,0,15,10,13,7,110,32,116,15,4,15,1,155,73,136,141,189,184,55,202,23,17,119,116,8,2,8,5,5,106,105,94,11,10,9,12,12,0,1,5,2,7,14,14,8,5,211,128,170,59,158,52,228,0,12,2,14,7,0,213,67,154,129,53,59,128,127,156,21,28,26,21,26,17,16,22,18,30,22,94,9,5,1,15,7,12,15,3,7,11,1,7,5,1,6,0,3,0,6,6,12,11,10,9,1,7,15,1,3,14,2,4
19,17,24,115,34,107,22,21,29,31,23,27,22,22,31,24,22,22,27,29,17,22,27,19,97,13,5,3,6,11,14,2,106,113,33,119,118,13,15,14,8,14,137,142,190,185,1,208,25,20,19,101,8,15,11,13,5,80,25,95,7,9,2,9,3,11,0,4,13,9,13,2,2,6,212,129,171,60,159,53,229,0,10,102,42,124,1,2,1,155,130,54,60,129,128,157,156,23,28,16,28,29,31,29,27,23,22,95,3,1,5,15,4,6,8,15,0,6,4,6,0,1,1,15,0,10,9,6,9,3,7,9,1,12,10,11,0,14,12,2
22,20,27,19,35,16,25,28,24,23,17,31,22,25,24,21,17,27,31,16,28,30,174,156,226,11,5,7,14,1,3,108,105,17,27,31,90,0,14,9,3,1,1,143,191,8,15,209,126,21,30,121,116,0,9,0,6,81,23,92,0,110,122,13,14,4,0,3,10,0,0,0,5,12,213,130,172,61,160,54,230,1,4,86,43,101,3,3,4,1,131,55,61,130,129,158,157,138,28,20,22,18,18,29,18,22,30,90,2,7,11,5,5,6,7,13,11,6,12,0,4,5,5,13,11,4,1,9,11,13,5,5,7,1,12,6,0,15,14,14
24,17,27,16,18,19,17,31,24,30,18,27,21,27,26,26,31,31,19,56,50,192,175,157,227,1,11,5,8,13,8,86,25,18,26,21,91,8,3,9,1,6,13,0,14,10,5,210,127,144,20,20,101,8,1,12,5,86,21,93,7,100,115,120,14,12,14,14,12,12,3,3,8,11,14,131,173,14,161,55,231,11,6,87,21,121,122,10,8,1,7,0,12,131,130,159,158,139,144,20,25,23,26,21,25,19,29,91,6,5,9,7,1,3,7,3,14,12,9,0,12,1,13,2,4,15,6,4,14,10,6,1,11,8,9,11,4,14,4,12
19,18,29,30,28,22,29,27,20,25,17,18,24,25,30,22,24,17,168,57,51,193,176,158,228,15,5,9,14,11,7,87,25,27,19,23,94,8,3,7,6,7,12,15,10,14,7,211,128,145,138,68,119,40,114,14,10,87,22,119,40,105,21,92,2,7,1,9,15,10,15,8,15,0,5,14,9,9,0,3,9,1,110,111,21,29,94,4,11,14,0,7,6,0,131,160,159,140,145,132,23,30,17,28,29,27,21,92,7,4,15,7,8,14,7,15,4,5,10,8,6,0,9,0,1,7,13,13,13,3,9,10,3,6,0,14,3,2,5,12
24,29,19,16,20,23,25,18,24,28,18,20,19,23,28,30,20,168,169,58,52,194,177,159,229,15,1,8,8,14,108,111,21,20,30,28,95,5,3,7,9,15,11,0,4,7,3,212,129,146,139,69,144,41,98,1,6,208,28,20,41,30,31,93,8,13,0,10,6,8,8,2,9,15,7,11,4,4,6,14,1,6,100,22,25,24,95,14,14,6,7,8,10,1,4,161,160,141,146,133,132,24,18,17,16,16,16,93,14,14,6,15,6,4,6,1,11,11,6,9,11,8,6,10,15,5,0,12,2,11,13,15,12,8,12,12,11,10,15,4
18,18,25,26,18,31,17,25,29,21,16,29,16,29,30,22,180,169,170,59,53,195,178,160,230,6,11,5,5,11,86,31,23,27,21,19,101,0,0,1,15,15,12,15,2,8,14,213,130,147,140,70,145,198,99,1,12,209,132,21,20,17,26,101,6,15,6,9,5,12,14,5,4,10,12,5,9,9,2,6,3,102,103,20,20,26,90,1,10,0,15,4,6,4,8,10,161,142,147,134,133,150,29,23,31,30,23,98,0,8,6,4,3,12,9,3,6,12,11,13,14,0,0,0,3,1,10,12,12,11,3,10,2,11,4,3,2,9,15,11
21,22,24,29,28,29,17,29,16,22,16,30,25,28,28,174,181,170,171,60,54,196,179,161,231,7,5,1,2,4,87,20,18,30,18,24,226,6,1,4,6,5,12,0,15,8,2,15,131,148,141,71,146,199,90,5,12,210,133,126,19,19,26,123,114,0,11,8,7,6,6,12,5,5,13,14,10,11,8,15,112,103,18,22,26,26,91,2,5,8,8,5,15,6,4,1,12,143,148,135,134,151,198,21,18,25,17,99,13,13,6,0,15,1,3,7,1,10,1,7,13,7,9,11,12,2,9,6,2,5,15,14,5,3,6,0,8,14,2,15
23,29,22,18,29,28,18,27,19,18,21,27,22,29,186,175,182,171,172,61,55,197,9,10,7,10,1,14,2,104,103,24,28,21,17,203,227,12,4,10,13,12,5,10,8,4,13,12,6,149,142,72,147,200,91,10,15,211,134,127,156,17,25,22,117,120,14,5,1,1,8,7,14,6,3,12,2,5,13,108,111,18,30,24,19,68,226,3,1,13,9,4,3,7,7,13,8,0,149,136,135,152,199,21,29,16,25,96,15,11,4,12,3,6,0,5,2,12,2,1,15,15,7,9,6,5,5,3,6,7,12,9,3,13,7,9,9,6,1,5
31,24,21,21,17,26,17,31,28,26,30,22,31,186,187,176,183,172,173,6,7,14,9,9,0,8,1,10,108,107,23,27,30,23,20,204,228,1,6,11,12,12,15,11,14,1,8,2,15,1,143,73,148,201,101,8,5,212,135,128,157,132,17,25,17,121,116,2,4,14,8,6,11,0,1,7,14,5,102,105,19,20,17,31,174,69,227,2,15,7,7,112,120,4,11,4,15,9,14,137,136,153,200,27,16,22,31,97,3,8,3,11,10,11,12,14,8,7,1,10,4,2,1,15,10,15,0,15,5,5,5,1,15,10,11,8,11,6,13,15
31,29,19,44,16,18,24,27,25,30,20,26,192,187,188,177,184,173,9,12,6,7,15,5,3,5,14,8,86,29,16,28,20,17,18,205,229,4,11,5,9,15,10,3,10,9,5,11,15,9,14,7,149,202,117,118,11,213,136,129,158,133,198,31,27,26,119,120,6,1,4,5,15,13,14,6,0,104,109,29,22,24,27,192,175,70,228,7,12,11,13,100,101,0,12,1,4,4,9,7,137,154,201,28,31,16,18,101,2,10,6,6,2,4,13,0,2,12,10,9,3,1,0,6,5,0,14,13,5,5,8,8,12,7,15,14,6,3,12,8
30,31,174,45,126,44,68,18,23,25,31,180,193,188,189,178,185,3,3,13,9,3,4,11,11,11,4,9,87,20,17,24,29,31,16,206,230,5,11,8,4,6,6,13,8,6,14,10,14,1,11,14,3,86,21,90,11,5,137,130,159,134,199,25,25,25,26,94,13,9,11,6,6,7,110,38,36,109,19,31,22,31,192,193,176,71,229,4,12,112,36,107,125,118,12,0,9,6,3,0,5,155,202,20,17,23,22,123,114,3,6,4,3,3,5,9,8,3,8,6,9,6,1,14,10,14,7,6,12,4,5,13,7,13,15,9,13,7,14,6
74,162,175,46,127,45,69,150,62,56,180,181,194,189,190,179,3,12,2,2,2,1,6,15,1,12,13,8,100,17,17,30,18,30,28,207,231,4,10,2,1,1,0,11,14,13,6,7,11,0,12,4,4,87,25,91,10,7,2,131,160,135,200,23,31,26,18,95,1,11,14,7,6,112,113,39,37,28,21,25,22,192,193,194,177,72,230,2,7,86,37,23,18,90,9,8,3,10,13,5,13,1,86,30,21,20,18,28,96,1,8,3,15,10,5,13,2,9,9,5,15,7,7,1,12,14,9,13,1,8,8,0,4,9,7,2,9,13,11,1
75,163,176,47,128,46,70,151,63,57,181,182,195,190,191,2,3,7,11,11,7,106,38,124,2,11,13,12,208,62,29,28,28,30,29,125,42,122,0,9,9,1,4,10,15,11,0,12,14,8,0,7,5,86,30,121,122,11,13,7,161,136,201,22,27,23,30,123,36,34,32,32,40,105,28,23,21,22,22,28,162,193,194,195,178,73,231,4,6,87,16,25,29,91,8,15,15,7,12,9,3,3,87,19,30,22,19,29,97,11,7,12,4,5,8,9,9,12,14,8,2,10,9,5,11,8,10,4,12,8,3,2,7,11,0,2,11,12,13,12
76,164,177,48,129,47,71,152,64,58,182,183,196,191,10,8,10,13,7,110,42,111,39,96,13,9,2,1,209,63,198,31,25,20,17,31,43,98,12,12,14,3,9,2,112,32,116,4,14,9,6,12,14,87,31,29,119,32,114,13,7,137,202,31,30,22,22,31,37,35,33,33,41,29,16,27,21,22,29,168,163,194,195,196,179,12,8,10,14,100,24,19,31,119,42,124,4,9,8,6,6,110,109,24,24,23,27,18,92,11,15,11,8,13,5,4,10,8,11,11,4,1,2,14,9,10,7,9,11,15,9,0,1,5,12,1,0,5,11,9
77,165,178,49,130,48,72,153,65,59,183,184,197,3,15,2,5,7,3,100,43,27,22,97,0,9,13,11,210,64,199,23,18,31,18,17,16,99,12,4,2,12,15,2,100,33,96,12,4,10,14,15,8,100,26,20,25,33,96,8,15,14,82,23,18,24,17,19,26,17,17,16,28,30,22,23,20,68,186,169,164,195,196,197,13,12,7,14,104,113,20,23,17,20,43,98,10,6,11,13,13,100,30,26,18,28,16,20,93,0,15,2,7,10,15,6,1,13,1,2,13,9,1,12,7,11,4,12,11,7,11,14,3,3,2,2,8,5,12,3
78,166,179,7,131,49,73,154,66,60,184,185,1,3,0,8,9,8,108,105,23,23,29,94,3,6,9,2,211,65,200,27,18,29,16,25,25,96,12,2,9,14,104,42,103,28,97,10,1,1,1,11,108,107,30,23,20,31,97,10,4,11,83,16,27,23,25,26,29,31,19,22,23,17,29,16,174,69,187,170,165,196,197,14,10,9,15,4,84,25,16,21,25,25,18,99,13,3,7,12,104,107,17,18,29,24,20,18,98,6,14,7,8,6,10,3,6,6,6,14,7,6,7,8,1,11,4,5,0,6,11,12,10,0,15,4,9,2,11,11
79,167,12,0,15,13,1,155,67,61,185,7,6,4,5,8,15,1,100,26,18,19,19,95,10,8,7,5,212,66,201,16,31,26,20,17,26,97,6,15,4,9,82,43,26,17,90,10,3,4,102,38,105,20,31,28,27,22,94,5,4,12,214,68,21,25,23,30,22,17,24,17,18,22,22,174,175,70,188,171,166,197,6,11,8,13,11,13,85,27,24,24,21,16,29,119,114,15,12,4,100,24,29,16,28,22,25,21,99,7,3,14,7,5,8,11,14,15,10,4,13,14,0,0,1,6,15,5,12,3,2,1,4,15,8,6,15,11,0,8
10,2,9,1,3,3,5,3,3,2,9,5,7,14,5,3,110,34,105,20,16,28,21,101,10,0,10,13,213,67,202,29,29,24,21,20,21,101,2,110,42,122,83,21,17,23,91,15,8,112,103,39,21,28,28,24,22,22,95,2,12,8,215,69,138,44,50,68,24,24,22,30,22,19,168,175,176,71,189,172,167,11,5,14,11,11,13,4,214,26,24,16,19,19,20,28,123,40,114,108,113,17,30,26,29,16,24,28,96,14,9,2,9,9,10,11,3,9,11,12,15,10,6,11,7,12,2,5,11,0,11,5,9,8,9,8,7,14,7,8
4,13,5,2,7,5,5,13,6,9,8,5,6,12,8,10,100,35,20,19,29,19,62,226,11,12,12,0,8,3,100,28,29,24,26,24,23,121,38,103,43,117,107,25,25,25,117,40,32,111,23,27,18,30,20,22,21,17,92,8,3,1,216,70,139,45,51,69,138,74,50,50,44,192,169,176,177,72,190,173,13,0,15,13,15,13,1,2,215,150,24,29,17,26,22,16,24,41,119,107,25,16,20,16,21,30,23,20,97,10,15,11,4,8,10,6,4,12,0,13,10,1,1,13,9,9,5,14,9,3,12,5,7,11,7,4,14,0,13,5
15,7,4,14,5,7,5,13,13,13,8,11,10,3,14,106,109,23,26,16,26,186,63,227,2,0,0,3,6,7,208,44,31,23,21,29,20,17,39,23,31,24,20,17,23,19,20,41,33,26,16,16,31,21,31,20,21,16,93,1,10,15,217,71,140,46,52,70,139,75,51,51,45,193,170,177,178,73,191,5,12,5,5,4,9,11,11,10,216,151,150,26,29,18,26,26,21,16,24,19,27,17,21,23,24,31,18,26,98,11,9,13,8,7,5,0,11,12,4,8,11,7,7,14,11,3,6,12,12,2,11,1,12,10,10,4,11,11,13,11
118,2,11,7,15,9,4,15,0,5,13,2,8,8,1,86,18,28,18,21,186,187,64,228,9,9,3,0,13,8,209,45,126,23,17,21,23,23,20,29,19,26,27,25,31,18,28,19,21,27,21,18,22,31,24,31,28,27,220,6,3,8,218,72,141,47,53,71,140,76,52,52,46,194,171,178,179,6,11,3,2,12,6,4,15,1,3,15,217,152,151,144,44,28,29,28,30,17,22,29,20,25,17,25,30,21,17,31,99,11,14,0,7,6,3,15,13,12,3,12,5,12,1,8,10,7,2,13,1,6,7,9,0,6,9,12,0,15,4,1
94,4,9,11,8,12,6,14,3,2,6,5,0,6,0,87,22,16,24,192,187,188,65,229,7,3,1,13,1,7,210,46,127,150,50,18,18,56,62,50,19,27,27,24,30,28,17,22,29,23,28,17,28,22,18,29,16,203,221,9,9,2,219,73,142,48,54,72,141,77,53,53,47,195,172,179,1,2,4,13,2,11,9,8,12,7,0,13,218,153,152,145,45,156,62,17,27,24,22,22,29,27,17,26,25,18,28,24,96,7,10,13,9,2,0,1,1,8,14,14,2,5,11,8,15,8,7,5,11,3,7,2,7,8,11,12,14,14,6,3
95,1,10,12,13,12,8,15,10,0,8,7,9,13,11,82,20,16,203,193,188,189,66,230,4,5,12,13,10,5,211,47,128,151,51,144,168,57,63,51,150,62,56,44,56,21,25,18,27,28,21,26,23,22,17,23,31,204,222,5,11,5,13,7,143,49,55,73,142,78,54,54,48,196,173,5,15,2,0,7,10,13,1,15,11,7,2,7,219,154,153,146,46,157,63,138,30,29,27,28,16,22,29,31,29,29,21,31,97,15,9,15,5,1,2,1,6,1,5,2,4,7,6,3,1,15,6,8,14,10,15,0,5,3,11,2,15,1,7,11
98,3,9,11,10,13,8,12,9,10,1,15,6,3,9,83,19,31,204,194,189,190,67,231,8,14,8,3,9,15,212,48,129,152,52,145,169,58,64,52,151,63,57,45,57,126,68,17,26,28,29,21,16,16,31,28,21,205,223,5,15,0,3,14,6,15,4,13,143,79,55,55,49,197,6,4,5,13,5,8,12,7,2,12,3,1,9,6,10,155,154,147,47,158,64,139,198,25,25,25,17,23,17,17,17,25,26,20,90,4,8,11,11,6,3,14,8,0,1,9,4,3,1,6,10,4,13,14,7,1,14,4,9,3,14,14,15,15,11,8
99,2,8,10,2,3,13,4,6,7,14,3,0,2,2,100,22,31,205,195,190,191,10,15,4,11,1,8,6,8,213,49,130,153,53,146,170,59,65,53,152,64,58,46,58,127,69,132,28,30,28,31,22,29,24,30,18,206,224,1,0,11,5,15,1,11,11,5,6,2,8,13,6,4,9,13,7,2,11,110,120,4,10,2,1,3,1,2,13,2,155,148,48,159,65,140,199,30,31,24,21,16,30,25,19,16,31,27,91,2,15,3,3,7,4,2,12,11,10,10,1,2,2,11,13,14,13,14,1,2,14,13,15,10,5,10,1,13,13,13
92,4,13,12,11,11,7,13,6,15,14,15,9,2,104,109,17,16,206,196,191,10,2,15,3,14,12,9,10,8,15,3,131,154,54,147,171,60,66,54,153,65,59,47,59,128,70,133,132,26,30,19,30,18,16,22,23,207,225,14,7,9,13,10,4,12,7,12,14,0,9,11,7,9,7,6,9,2,110,113,101,3,6,9,15,8,0,7,14,10,4,149,49,160,66,141,200,17,24,30,21,26,20,27,22,19,19,17,101,1,13,8,8,11,3,6,13,10,13,5,13,4,1,3,2,8,6,9,5,5,1,0,1,2,9,15,2,9,7,14
93,5,0,5,15,8,6,10,7,13,6,2,11,14,100,17,28,20,207,197,1,8,3,7,8,3,0,14,3,15,6,0,9,155,55,148,172,61,67,55,154,66,60,48,60,129,71,134,133,198,20,22,16,20,18,18,19,101,13,2,6,11,13,1,6,12,9,14,9,7,3,5,10,6,14,1,5,3,80,27,121,40,114,14,2,0,106,120,11,12,2,1,5,161,67,142,201,24,31,27,23,17,25,28,26,18,31,25,125,116,5,15,13,12,4,5,2,8,11,2,2,0,2,2,10,0,14,8,15,1,12,4,5,12,3,5,3,1,7,6
92,14,9,4,410,419,0,14,3,2,1,14,10,108,101,20,29,26,92,13,6,10,10,3,14,6,4,6,14,2,7,11,14,2,2,149,173,6,15,11,155,67,61,49,61,130,72,135,134,199,25,24,31,28,18,31,20,123,120,0,11,102,116,8,1,2,11,8,13,1,7,10,4,12,6,0,7,11,81,23,29,41,117,42,42,36,105,92,5,2,4,13,5,12,6,143,202,22,17,25,18,19,27,24,21,17,31,17,17,92,11,6,6,14,3,3,3,5,3,1,1,15,2,9,5,10,9,7,1,3,7,0,4,8,6,8,8,8,15,1
93,4,8,506,411,420,468,4,3,10,11,13,5,86,29,21,28,17,93,12,15,5,2,9,9,14,2,0,0,10,8,3,9,6,6,14,15,7,13,13,10,4,13,7,0,131,73,136,135,200,25,29,23,31,31,30,25,21,123,32,38,113,101,15,12,3,12,3,13,108,120,6,6,3,13,4,6,104,103,31,22,29,18,43,43,37,31,93,9,13,15,13,8,13,11,8,100,16,22,29,30,24,17,25,20,22,26,18,20,93,2,0,10,7,13,0,7,2,14,5,13,3,1,12,5,9,11,7,11,12,15,5,15,10,9,3,14,4,5,9
101,5,3,507,412,421,469,504,9,1,8,0,0,87,21,25,27,20,98,1,12,14,0,0,8,1,15,0,5,10,14,14,10,14,1,6,6,1,3,1,7,10,3,13,10,1,6,137,136,201,26,17,16,17,27,24,18,20,25,33,39,22,121,122,2,9,112,36,34,109,101,1,10,5,9,10,15,100,25,27,19,28,23,30,27,22,17,121,40,120,11,5,8,2,0,110,103,30,25,16,22,17,27,23,21,25,23,26,23,98,4,0,1,5,5,3,1,4,2,6,10,14,15,4,12,15,5,14,6,5,14,13,6,6,7,8,15,4,12,2
121,116,13,443,263,260,470,505,9,6,7,8,11,100,21,24,30,18,99,6,3,9,5,112,124,13,3,13,1,13,14,8,5,15,6,7,7,11,9,9,3,7,12,1,12,5,0,6,137,202,21,16,25,25,24,25,18,21,16,26,22,24,26,117,32,38,105,37,35,19,117,40,116,8,6,8,108,105,20,21,27,24,21,29,25,20,23,24,41,121,38,32,32,42,34,105,28,16,27,22,27,27,24,19,29,19,27,22,16,99,1,7,6,13,15,7,2,1,10,4,3,2,9,3,15,0,3,13,9,15,6,11,1,7,3,12,14,12,1,2
24,101,8,465,456,256,257,442,13,2,6,8,112,113,25,29,19,17,101,15,8,14,5,100,123,34,32,114,3,4,1,108,118,6,14,4,4,15,2,10,1,15,12,11,0,2,8,8,1,82,22,21,19,21,18,27,28,17,31,16,19,22,26,21,33,39,17,17,24,25,20,41,121,40,36,40,111,16,19,31,17,29,21,25,20,26,16,25,30,23,39,33,33,43,35,18,17,16,21,26,21,31,24,17,26,24,22,29,25,92,9,4,6,10,1,1,15,5,13,3,15,1,4,13,7,3,0,3,2,11,15,7,10,7,6,4,7,0,3,12
19,119,122,0,443,262,444,451,14,7,10,5,100,23,18,30,19,29,125,40,38,36,42,105,17,35,33,121,124,9,11,100,121,124,11,8,9,0,12,8,4,14,10,2,7,6,4,11,9,83,27,30,16,23,28,19,23,21,31,16,26,20,30,24,31,19,21,20,18,31,23,17,24,41,37,41,21,25,24,21,28,26,19,21,23,21,31,23,21,26,21,30,23,31,26,21,18,20,23,19,18,21,21,26,22,26,31,30,16,93,0,0,10,7,15,12,4,14,13,1,8,8,1,8,10,10,6,4,12,3,6,10,13,1,2,8,14,3,14,14
26,21,101,10,459,396,453,13,13,1,11,112,113,29,26,26,18,30,21,41,39,37,43,27,31,28,19,16,125,34,36,107,29,117,42,120,1,11,12,14,1,0,13,15,6,10,12,108,34,111,16,25,19,17,23,17,21,20,27,28,28,26,26,28,24,29,26,26,30,19,21,21,28,16,21,16,22,29,31,30,31,24,30,18,16,17,17,18,27,26,26,29,27,28,25,18,31,29,31,19,22,17,17,17,18,20,25,30,17,94,0,0,9,11,12,7,4,1,3,2,1,11,12,0,11,6,9,5,12,14,13,11,10,14,15,11,7,10,7,2
22,17,125,40,120,397,112,34,32,42,36,107,18,17,27,18,27,20,27,23,23,22,30,31,16,20,19,16,25,35,37,24,17,24,43,123,36,38,36,40,36,42,36,40,36,32,42,107,35,27,24,22,16,18,31,26,17,22,28,22,16,17,22,20,31,22,28,18,21,25,27,30,25,28,29,27,28,26,28,23,25,24,28,27,23,29,20,23,20,28,30,30,26,29,29,31,23,26,31,17,26,29,30,26,29,22,20,20,16,95,1,11,15,9,11,4,10,14,4,7,7,14,7,7,7,8,12,4,7,13,13,15,10,9,3,3,13,3,11,6
28,21,25,41,125,32,103,35,33,43,37,21,16,21,23,19,17,17,30,29,18,16,19,31,30,25,22,25,18,25,16,18,19,29,23,21,37,39,37,41,37,43,37,41,37,33,43,26,24,21,31,22,30,22,18,21,18,17,30,31,28,23,16,27,31,27,27,29,23,25,23,18,20,19,26,22,16,27,20,27,21,20,27,19,30,16,30,30,25,21,21,20,31,17,29,26,20,30,29,18,25,21,20,21,22,17,27,30,17,101,14,9,11,6,1,12,13,14,10,1,0,5,108,32,120,11,13,6,5,7,5,12,4,4,8,15,3,1,11,15
