101,124,92,22,20,19,19,24,23,21,18,27,22,23,21,94,543,88,25,17,27,27,133,105,102,101,104,102,101,102,105,100,127,3,139,150,6,3,11,88,22,16,98,540,89,27,16,16,17,24,31,20,17,21,27,28,30,25,18,18,24,16,18,18,23,25,30,22,27,30,30,29,24,27,22,20,21,24,18,29,30,25,26,24,16,31,21,19,28,24,19,31,18,21,22,19,16,31,31,18,31,19,19,26,18,29,19,18,22,17,28,30,17,23,25,31,27,24,30,22,19,16,30,30,21,27,17,23,26,30,23,25,31,26,99,537,90,18,19,133,129,0,10,15,89,22,20,27,18,94
17,132,119,16,26,29,27,29,27,27,22,25,29,157,106,152,544,91,21,27,21,31,21,23,16,24,16,21,22,22,29,20,130,129,12,659,596,15,6,93,17,30,96,541,90,27,29,19,18,27,20,21,21,19,21,31,16,17,21,29,30,26,20,16,17,24,27,17,23,22,19,22,23,31,17,27,20,17,25,31,31,31,19,26,28,17,21,25,20,18,19,27,16,27,17,29,23,25,21,24,28,18,23,22,26,25,27,31,24,22,25,30,26,22,24,20,27,22,18,22,16,25,19,29,28,27,28,23,18,31,25,31,30,25,99,538,91,20,28,28,134,101,104,104,118,24,17,17,31,94
30,31,31,22,30,16,23,16,29,24,16,27,156,150,11,14,545,89,23,17,26,20,154,142,24,21,23,155,111,106,110,109,107,153,631,660,597,582,12,138,109,106,148,542,93,26,26,21,22,29,17,18,21,26,23,17,17,18,25,20,27,28,23,25,19,24,16,28,24,22,18,24,31,27,26,25,21,29,24,29,29,25,28,22,30,31,22,17,31,28,24,28,29,25,17,25,28,22,19,27,18,16,22,21,21,29,16,24,17,17,20,22,23,25,31,16,18,28,26,16,28,23,17,27,31,19,27,18,27,30,27,18,29,24,94,539,93,26,23,31,21,23,21,21,23,25,23,18,27,95
16,30,22,23,19,29,158,107,107,142,16,22,133,105,124,2,549,89,19,20,29,17,131,121,17,157,146,132,127,1,5,500,507,645,632,661,598,583,610,500,486,486,493,699,140,144,22,16,27,17,23,18,29,24,27,27,26,24,30,24,29,26,18,16,19,18,17,22,21,19,19,29,27,27,26,28,21,28,19,29,18,24,28,20,30,26,20,27,19,16,29,30,26,16,30,18,16,17,24,31,18,16,24,31,18,30,29,30,20,19,18,18,16,27,16,22,31,18,27,20,18,18,28,30,24,22,23,27,29,20,20,31,18,22,98,554,138,147,18,155,107,145,29,21,28,18,18,27,27,99
23,17,29,24,29,23,130,128,14,93,17,16,19,21,99,0,550,90,25,26,22,24,30,29,29,94,93,29,98,8,645,501,508,646,633,662,599,584,611,501,487,487,494,700,15,89,22,18,22,26,31,22,29,19,22,21,28,16,23,17,18,20,24,21,20,24,28,24,17,26,16,17,21,27,27,21,25,30,24,27,26,29,28,17,24,23,29,16,24,22,19,31,30,31,30,19,25,29,22,29,31,24,29,22,17,23,27,24,16,17,27,26,22,25,25,30,31,20,22,19,18,18,24,23,23,26,16,17,31,31,22,30,20,22,96,685,2,93,28,131,104,122,25,27,27,25,31,26,27,131
25,31,18,29,21,30,16,132,105,118,17,21,30,16,96,8,551,93,27,17,16,18,26,25,157,153,141,107,149,645,646,502,509,647,634,663,600,585,612,502,488,488,495,701,6,91,24,30,21,17,17,19,31,31,27,24,24,25,17,29,27,16,20,31,23,19,23,22,31,27,28,24,29,30,17,29,24,31,21,27,19,23,19,26,24,22,31,25,19,30,22,31,27,28,18,31,30,17,28,16,27,30,29,20,24,21,16,17,22,19,28,19,31,27,23,27,16,31,30,30,20,26,21,30,25,27,20,27,19,26,29,16,26,25,99,686,589,139,146,25,25,23,28,20,23,30,16,23,29,28
28,21,17,20,26,31,23,23,21,156,142,16,19,156,150,2,555,91,22,28,18,20,25,155,148,5,12,14,659,646,647,503,510,648,635,664,601,586,613,503,489,489,496,702,12,92,20,21,24,28,31,25,29,31,27,29,31,28,29,24,31,16,22,22,17,22,27,23,22,26,18,21,23,29,25,25,21,24,28,18,26,18,20,25,27,27,25,26,30,31,17,21,17,22,18,25,21,17,22,18,20,26,28,31,16,16,21,25,18,23,19,22,23,29,29,22,28,19,17,30,17,17,23,27,16,24,25,25,31,20,18,19,21,28,94,687,590,610,140,142,30,16,29,17,16,21,19,16,31,19
26,27,18,16,27,158,106,107,146,131,122,29,159,152,11,10,556,88,17,28,30,155,107,153,2,4,0,631,660,647,648,504,511,649,636,665,602,587,614,504,490,490,497,703,7,92,26,27,28,28,16,31,26,25,23,24,21,24,16,18,22,23,23,29,19,19,22,17,19,26,18,16,24,28,16,16,22,18,16,22,24,16,31,25,23,19,31,30,29,22,30,16,21,23,22,21,17,21,29,21,26,17,16,20,18,25,30,31,24,27,17,17,18,17,23,16,26,20,16,23,17,29,27,16,17,20,20,20,29,29,27,18,17,19,99,688,591,611,610,138,145,20,31,25,16,26,24,30,27,26
31,17,23,23,156,165,103,101,120,27,17,25,95,2,4,3,692,93,22,27,16,94,7,13,10,0,638,632,661,648,649,505,512,650,637,117,129,588,615,505,491,491,498,704,7,90,18,19,17,25,22,30,18,17,27,29,26,28,30,17,19,23,17,17,16,29,27,23,25,31,16,27,23,26,27,23,21,25,25,18,25,29,25,27,21,30,23,30,22,16,29,25,29,29,30,26,31,16,27,30,19,24,26,19,24,20,23,24,24,22,29,19,20,22,24,21,23,26,16,20,17,30,19,23,17,30,21,17,19,24,21,25,16,26,94,689,592,612,611,666,91,29,154,110,143,18,22,20,21,29
17,29,29,158,149,91,29,16,25,155,108,110,150,2,13,659,693,136,143,27,157,152,9,11,9,624,639,633,662,649,650,506,513,651,8,88,132,125,616,506,492,492,499,705,13,89,17,19,18,30,29,30,30,29,20,25,28,16,21,27,23,19,16,23,22,28,28,29,25,21,21,28,17,22,26,16,22,19,31,21,19,31,19,27,31,21,31,26,23,20,29,31,26,22,19,23,22,31,25,26,16,31,17,19,18,19,21,17,29,30,29,28,24,30,20,30,24,30,25,30,21,17,25,22,20,22,23,19,26,23,30,17,20,19,98,690,593,613,612,667,140,143,131,128,89,25,28,20,25,26
21,26,156,151,4,139,110,147,28,134,124,10,10,15,624,660,694,117,122,21,96,672,617,521,638,625,640,634,663,650,651,113,103,102,102,161,111,164,100,125,15,8,7,0,11,93,24,17,18,20,26,23,18,16,30,16,19,31,19,16,30,28,26,18,24,25,18,26,18,20,31,17,17,29,27,24,28,22,18,31,17,19,20,19,25,30,30,30,28,29,30,18,22,26,31,30,21,16,25,20,23,19,21,31,25,24,29,17,16,23,22,20,26,28,21,23,27,25,25,22,28,24,25,29,20,18,23,19,16,24,31,27,16,25,99,691,594,614,613,668,14,92,25,132,118,155,109,143,24,28
18,155,148,6,638,582,0,92,26,26,95,1,13,624,625,661,695,91,24,155,149,673,618,522,639,626,641,635,664,651,3,88,20,31,20,96,13,91,157,151,11,4,2,1,0,136,143,27,31,20,27,28,31,16,21,28,29,23,23,16,22,18,21,21,30,22,23,23,21,25,24,24,29,29,18,26,20,28,24,26,30,26,27,20,16,23,24,26,16,16,16,31,21,21,26,19,25,24,21,27,22,21,28,16,21,18,18,24,23,21,25,19,20,28,22,18,17,17,18,23,19,29,20,20,29,25,20,31,20,17,25,29,21,25,132,128,595,615,614,669,14,139,144,27,18,130,100,119,21,156
107,153,0,645,639,583,610,141,109,107,149,8,659,625,626,662,696,89,28,97,7,674,619,523,640,627,642,636,665,1,115,118,17,25,28,97,10,90,95,7,6,3,2,1,564,572,91,23,25,26,17,23,29,28,31,23,29,29,27,24,26,16,30,29,28,19,19,25,24,26,16,16,31,23,20,23,18,25,26,26,25,19,31,27,18,21,29,18,25,16,19,20,19,22,22,17,30,28,27,19,16,16,30,21,23,25,17,19,24,23,28,30,26,22,23,26,17,28,24,18,18,31,30,27,22,31,29,19,26,19,18,17,25,22,24,130,129,616,615,670,14,1,137,144,17,20,25,25,154,152
610,521,652,646,640,584,611,617,514,521,507,631,660,626,627,663,697,91,19,99,5,675,620,524,641,628,643,637,14,115,120,25,20,20,17,95,116,161,151,564,478,478,474,482,565,540,89,17,17,17,16,20,25,25,27,28,24,26,18,26,23,26,19,17,29,16,29,30,23,30,29,24,24,26,18,27,16,29,23,18,21,16,19,23,24,18,25,29,16,29,21,17,23,29,19,16,30,24,25,29,26,27,21,26,23,18,21,20,25,22,24,31,30,28,31,29,16,23,19,25,27,25,16,22,31,20,28,23,28,24,22,26,21,18,21,30,131,129,616,671,8,12,13,88,22,27,22,25,135,101
611,522,653,647,641,585,612,618,515,522,508,632,661,627,628,664,698,141,108,152,14,676,621,525,642,629,644,14,10,93,22,20,26,28,21,95,91,96,566,561,479,479,475,483,5,541,91,18,28,22,19,31,26,30,27,16,24,23,30,19,20,18,20,22,26,21,25,29,28,27,17,27,16,17,18,23,20,21,17,17,24,31,31,21,30,31,18,23,21,18,16,27,26,25,17,23,20,28,22,30,16,31,25,19,22,29,16,25,19,27,16,31,17,25,23,17,21,19,23,29,19,27,21,20,29,30,27,27,23,20,25,16,31,30,22,19,23,131,128,685,12,3,15,88,29,20,25,21,27,20
612,523,654,648,642,586,613,619,516,523,509,633,662,628,629,665,5,13,1,4,2,677,622,526,643,630,11,5,10,90,25,21,20,26,29,135,119,96,531,15,116,102,103,104,124,542,89,17,26,31,28,19,17,26,19,30,19,16,30,19,30,19,30,20,19,17,25,26,16,27,22,28,23,21,23,25,28,31,26,28,29,27,28,22,26,29,19,22,20,17,30,30,31,30,30,29,31,19,16,16,24,18,19,25,17,28,25,31,23,20,21,17,19,20,31,25,25,16,31,29,25,31,22,21,18,16,22,28,20,19,20,23,31,23,25,22,23,30,94,686,589,2,8,92,18,18,23,24,30,19
613,524,655,649,643,587,614,620,517,524,510,634,663,629,630,113,100,101,127,3,15,543,623,527,644,10,14,116,105,121,27,22,24,31,24,28,18,95,532,115,122,26,23,16,94,549,92,29,19,22,26,29,22,16,24,31,17,27,27,21,21,22,18,24,30,16,29,29,19,26,23,26,30,23,31,27,24,26,16,25,16,27,24,27,29,31,17,26,23,23,17,17,16,23,18,18,17,18,20,30,28,21,22,19,27,21,19,27,25,30,29,27,28,28,16,29,22,30,27,31,17,26,17,23,21,20,21,20,27,18,25,31,19,26,30,24,30,31,95,687,590,596,7,92,25,21,17,21,25,29
614,525,656,650,644,588,615,621,518,525,511,635,664,630,116,120,21,29,96,8,15,544,5,7,2,5,12,93,27,20,29,18,16,21,25,20,155,148,533,91,29,16,16,157,148,550,91,26,17,18,29,26,18,27,29,31,22,28,27,25,23,30,23,31,25,22,17,26,25,17,27,30,31,17,19,16,22,21,20,17,19,26,16,29,31,21,20,25,21,26,23,31,18,29,28,21,22,30,17,18,17,16,27,23,27,16,27,25,26,27,17,16,29,22,17,19,30,30,18,29,29,17,19,18,18,25,22,31,23,27,30,27,25,30,17,23,31,25,96,688,591,597,610,141,108,110,111,109,144,17
615,526,657,651,117,126,616,622,519,526,512,636,665,117,123,16,17,22,98,5,5,545,117,124,11,10,115,123,19,18,29,24,22,20,31,158,150,560,567,88,28,20,20,96,11,551,90,31,26,29,20,21,20,30,22,30,25,21,18,24,23,21,31,16,26,23,18,25,16,28,21,24,18,17,20,25,31,26,16,23,24,19,26,23,21,27,18,30,17,23,19,31,17,26,26,18,21,20,24,23,31,19,26,18,19,18,23,27,27,21,17,19,23,25,26,17,17,16,20,22,26,17,17,26,16,29,16,28,25,29,27,20,20,21,17,20,21,21,99,689,592,598,611,596,4,8,13,13,139,107
616,527,658,112,122,135,127,623,520,527,513,637,112,118,25,24,22,158,150,0,10,557,89,135,126,8,89,19,17,19,29,29,159,146,23,98,564,563,112,118,24,21,23,98,3,546,90,20,18,20,25,31,23,22,21,24,18,27,28,28,27,23,20,19,28,155,111,106,145,18,31,31,20,31,18,18,27,16,21,24,24,17,26,24,31,25,25,28,25,23,24,19,30,31,29,31,19,31,17,29,23,18,19,19,26,30,20,22,26,20,21,22,28,22,27,26,27,31,19,28,18,17,23,30,19,20,29,19,16,25,24,24,31,26,20,26,20,16,98,690,593,599,612,597,666,10,564,474,474,478
105,102,102,119,22,25,130,103,100,124,11,0,89,26,23,28,27,97,1,9,7,699,88,22,130,101,118,22,28,30,16,28,96,140,109,150,528,116,123,23,26,17,20,94,0,547,90,21,25,27,26,30,27,23,24,24,29,23,26,28,20,21,20,21,157,151,354,354,140,144,17,17,16,26,28,29,25,26,25,16,22,31,21,18,26,19,30,17,26,27,22,31,23,16,28,25,30,18,26,31,17,27,25,20,20,17,21,18,19,29,25,26,28,23,19,28,24,21,21,23,16,22,24,22,21,21,28,17,29,16,23,22,24,21,23,17,18,16,97,691,594,600,613,598,667,14,531,475,475,479
24,17,19,16,23,26,31,16,155,152,8,7,93,29,20,17,29,98,6,3,624,700,89,22,17,19,28,157,147,23,19,17,130,101,102,128,529,91,157,111,111,145,31,96,1,548,92,30,21,29,18,24,22,30,28,24,22,30,28,21,19,24,30,155,153,436,355,355,452,88,26,26,21,27,21,21,22,26,18,23,25,21,19,21,17,16,23,30,29,25,29,25,26,22,19,23,27,23,28,18,28,23,22,26,18,21,22,30,20,25,28,29,21,20,20,26,23,27,23,16,20,31,25,17,22,29,29,19,25,26,26,26,25,27,18,19,29,30,130,127,595,601,614,599,668,15,532,112,105,105
17,25,23,29,16,23,21,157,153,500,2,9,138,143,25,20,27,94,12,652,625,701,90,19,17,28,18,135,120,27,21,18,18,17,20,98,530,137,153,346,366,139,111,151,5,543,93,31,29,30,28,21,23,29,28,31,25,24,28,26,17,25,156,152,440,437,356,356,453,91,27,24,18,31,21,30,16,21,21,19,29,30,29,26,31,24,25,17,29,22,28,30,25,16,30,22,30,26,25,23,30,28,20,29,19,24,24,19,17,29,28,17,24,28,29,26,21,28,22,22,29,21,24,17,30,26,28,21,31,22,30,17,20,19,27,30,20,27,20,132,127,602,615,600,669,9,533,91,27,17
23,154,109,147,16,155,110,149,638,501,589,12,7,93,23,157,107,150,638,653,626,702,91,23,24,22,31,22,23,158,143,26,20,31,18,95,537,12,455,347,367,452,11,4,14,544,90,22,28,25,29,19,16,19,24,25,20,31,21,17,18,17,97,455,441,438,357,357,454,89,31,16,16,16,25,19,19,27,31,16,21,20,17,29,24,23,21,16,29,21,29,23,21,19,16,24,29,23,29,16,17,26,30,27,20,28,30,22,19,20,16,23,31,27,27,23,22,22,27,28,16,25,19,29,31,17,27,23,26,25,30,16,20,22,20,23,20,18,27,23,135,129,616,601,670,11,552,88,20,19
26,98,5,140,107,149,4,624,639,502,590,589,9,137,111,153,1,624,639,654,627,703,89,31,21,20,18,31,31,99,93,31,26,24,157,152,538,9,456,348,368,453,14,11,10,545,90,26,20,26,17,27,24,18,20,27,17,27,20,19,25,24,96,456,442,439,67,70,386,89,28,17,27,19,31,16,16,16,29,27,24,24,24,23,21,23,30,29,26,22,17,30,30,20,24,22,16,18,23,23,30,31,25,28,22,22,22,24,26,23,25,26,28,27,25,27,24,21,19,28,19,31,18,17,21,19,17,23,29,30,27,17,25,30,24,21,22,31,21,28,22,135,129,602,671,13,553,91,30,27
29,95,1,2,507,500,638,625,640,503,591,590,582,493,507,486,659,625,640,655,628,704,89,17,17,17,20,16,21,135,161,111,109,109,149,5,539,11,457,349,369,454,6,15,4,699,90,18,30,22,28,27,22,16,26,26,27,30,25,30,24,17,97,457,443,70,58,392,389,91,17,17,29,16,25,22,23,30,25,28,25,23,22,24,29,17,22,30,28,29,26,20,31,29,25,28,29,24,23,19,26,19,25,24,17,21,24,18,31,18,24,16,21,24,28,19,27,30,16,18,27,20,25,18,19,19,28,23,18,24,29,18,17,21,20,25,31,22,21,19,19,21,98,566,567,558,563,89,24,19
16,99,12,672,508,501,639,626,641,504,592,591,583,494,508,487,660,626,641,656,629,705,92,28,25,19,30,30,29,30,135,124,9,5,3,15,531,8,382,62,57,374,1,6,631,700,92,28,21,29,26,16,19,29,24,31,26,19,23,24,28,17,98,382,68,68,63,386,113,122,18,26,17,25,16,28,26,18,30,19,16,24,19,29,31,28,31,18,20,16,31,21,28,16,21,24,21,28,17,20,16,23,31,27,21,25,17,20,16,16,21,22,20,24,20,22,26,25,19,16,18,22,31,31,29,30,27,28,18,18,31,25,24,31,22,29,22,26,23,30,23,30,95,534,5,554,5,88,27,23
20,131,124,673,509,502,640,627,642,505,593,592,584,495,509,488,661,627,642,657,630,117,121,23,22,17,29,26,29,28,19,133,127,14,8,1,532,9,383,59,69,375,9,638,632,701,92,16,19,27,18,19,28,28,17,24,18,24,20,28,31,31,96,383,68,392,332,389,90,23,17,30,18,28,16,20,16,30,20,24,25,25,24,27,16,30,24,18,29,31,21,16,24,19,27,20,31,21,21,18,22,20,21,20,31,17,28,19,26,31,17,19,16,27,28,16,27,155,107,106,108,144,20,16,29,31,31,17,18,21,18,23,30,25,22,17,30,19,24,16,19,25,98,535,558,563,113,118,29,17
31,25,96,674,510,503,641,628,643,506,594,593,585,496,510,489,662,628,643,658,112,120,27,18,19,18,17,19,17,29,26,18,132,129,12,8,533,2,409,332,332,391,645,639,633,702,93,16,19,20,31,29,29,19,20,18,18,29,26,19,16,22,95,387,65,386,333,115,123,23,17,19,31,24,25,30,28,28,18,28,17,24,27,17,22,22,30,21,22,17,18,25,16,26,30,31,18,27,20,20,24,17,25,24,21,16,30,19,27,30,17,27,25,20,16,20,157,148,346,350,366,141,143,24,29,18,25,21,22,24,16,24,28,31,17,30,18,29,16,27,31,27,96,536,528,7,88,23,19,156
23,21,95,675,511,504,642,629,644,13,595,594,586,497,511,490,663,629,644,115,120,16,25,20,24,27,16,17,24,22,155,111,108,148,7,15,552,14,7,333,333,631,646,640,634,703,92,17,16,23,16,29,16,23,21,18,23,16,26,16,24,30,96,407,334,391,114,123,31,22,21,16,25,16,25,17,19,18,31,18,31,18,26,18,18,28,31,30,21,23,20,25,23,31,24,23,23,19,24,27,30,18,19,28,29,19,27,17,20,28,23,18,27,31,24,154,151,440,347,351,367,452,88,19,18,29,17,26,18,28,30,25,23,17,27,31,20,20,30,29,27,31,99,552,529,114,123,23,30,99
27,29,97,676,512,505,643,630,117,102,128,595,587,498,512,491,664,630,113,121,20,25,31,30,17,30,17,23,23,154,148,568,478,474,476,576,553,9,13,7,672,632,647,641,635,704,89,20,29,24,26,19,18,20,24,24,16,16,25,24,17,21,135,129,335,114,122,22,19,20,18,22,26,30,19,24,20,31,26,29,18,23,30,27,22,16,25,25,21,16,29,17,23,26,28,25,28,24,27,27,19,25,30,27,16,18,28,22,16,29,18,18,20,158,106,153,444,441,348,352,368,453,90,25,19,20,26,25,26,26,22,26,17,27,24,27,24,26,29,156,108,107,148,553,530,92,21,25,24,133
18,29,95,677,513,506,644,115,121,29,130,127,588,499,513,492,665,117,119,24,28,16,19,23,27,28,19,30,16,94,558,567,479,475,477,575,563,116,101,127,673,633,648,642,636,705,91,29,17,29,27,23,23,29,20,17,19,31,26,23,26,24,29,130,100,118,25,25,20,25,30,21,20,17,18,20,19,27,28,17,19,31,24,26,22,18,22,27,29,22,16,27,17,19,18,17,27,17,18,21,18,28,16,24,22,22,16,23,28,27,29,30,157,152,346,444,445,442,349,353,369,454,91,23,29,17,19,27,18,18,26,18,18,30,19,22,25,17,159,152,568,482,476,569,554,93,30,19,23,19
21,158,151,555,12,7,4,90,21,30,24,132,103,104,103,102,100,118,23,29,20,26,30,29,16,19,27,26,25,99,537,117,100,103,129,15,114,123,19,94,674,634,649,643,637,114,122,21,25,19,23,17,17,23,26,21,18,27,24,31,24,16,28,23,17,24,19,29,31,21,23,24,26,20,19,21,27,22,16,21,20,23,31,16,19,24,23,26,17,24,16,28,30,25,24,26,23,28,18,23,29,31,19,21,24,28,25,29,154,110,142,154,149,444,347,445,446,443,58,65,68,376,88,19,24,24,24,27,18,18,21,30,20,29,24,20,19,16,97,564,561,483,477,560,567,88,18,28,21,21
18,94,3,556,564,474,580,91,22,30,21,23,22,17,24,20,25,28,17,24,18,23,25,25,22,31,30,18,17,95,538,90,31,29,131,104,118,31,25,99,675,635,650,644,113,121,24,18,21,23,30,17,21,16,16,26,20,17,21,17,22,22,19,17,28,30,25,26,31,20,19,29,24,30,20,24,16,27,24,17,30,27,28,22,20,21,31,25,30,24,25,23,30,23,30,31,23,20,28,16,29,23,18,31,18,25,26,154,148,354,139,148,432,445,348,446,447,60,64,60,61,377,88,16,28,24,18,19,31,29,18,29,21,27,28,24,28,23,99,528,568,484,476,567,116,123,28,157,142,21
31,98,13,573,569,475,549,89,29,25,22,18,30,17,24,30,19,29,18,24,26,31,17,31,23,23,29,25,24,96,539,139,143,31,25,31,18,25,155,152,676,636,651,113,120,23,16,24,28,26,22,30,21,27,29,31,31,28,21,29,25,21,19,23,26,25,18,29,27,31,24,17,31,26,24,28,19,23,22,19,23,29,27,25,19,29,26,25,23,23,22,25,30,23,25,21,19,19,17,28,26,22,17,24,27,19,18,94,455,355,428,432,433,446,349,447,63,65,59,56,70,374,92,19,16,27,19,18,22,24,28,25,20,19,24,29,30,30,99,529,534,485,477,11,90,23,18,94,89,29
25,94,116,105,128,1,550,88,25,29,23,21,23,27,19,19,18,26,17,31,31,31,31,25,31,23,29,29,21,99,554,15,88,20,25,27,24,19,97,0,677,637,114,118,24,17,19,18,30,29,29,16,28,27,17,16,19,27,31,23,26,29,17,19,23,27,29,19,22,26,19,24,29,26,22,17,26,16,28,19,23,24,28,29,16,23,29,27,24,26,21,22,20,26,22,20,16,21,21,20,22,20,26,26,21,28,23,99,456,356,429,433,434,447,66,71,57,58,62,63,66,375,137,110,108,108,106,111,110,144,22,24,21,24,28,31,29,21,94,530,535,117,103,101,123,23,156,167,122,24
27,134,119,22,94,12,551,92,26,20,18,18,21,18,25,26,30,27,28,20,25,28,27,27,25,26,24,31,29,97,678,1,90,22,23,20,27,28,97,11,555,114,120,19,17,23,18,20,29,18,23,21,23,20,29,16,31,27,26,30,31,26,28,19,30,21,28,28,27,23,17,18,27,17,27,29,17,24,17,24,16,16,20,18,27,20,25,31,30,17,23,30,20,27,19,30,31,18,30,18,27,18,28,19,18,19,29,95,457,357,430,434,435,67,57,70,58,57,57,61,66,386,564,482,474,478,474,474,570,141,142,20,16,28,16,18,28,20,99,537,536,92,22,30,16,16,98,89,16,18
22,16,22,27,94,10,557,136,145,20,18,25,31,30,17,31,24,18,31,21,27,22,31,23,25,28,20,30,17,97,679,596,139,109,145,29,154,109,149,7,556,141,145,31,28,19,29,21,31,21,25,27,22,21,26,23,16,29,17,31,24,27,31,22,18,16,25,25,26,26,20,20,16,24,24,29,29,23,16,18,21,22,17,18,30,29,20,18,22,27,23,28,28,20,30,22,22,28,19,22,17,28,22,21,18,16,22,96,380,57,431,435,58,68,56,59,59,71,67,62,390,395,534,483,475,479,475,475,577,570,141,110,147,23,25,159,106,107,150,538,531,89,26,16,27,22,135,119,23,30
22,21,25,24,95,13,577,574,88,29,19,25,21,21,20,27,21,30,23,23,23,21,23,20,28,27,29,24,18,95,680,597,666,2,88,18,132,100,124,14,577,574,93,23,26,19,26,29,20,31,31,22,23,18,17,25,20,22,20,18,25,154,111,146,23,19,21,26,19,30,30,18,30,24,19,18,31,23,17,21,23,31,19,26,18,16,21,31,16,17,29,17,26,16,20,18,20,19,20,25,16,22,20,31,20,29,29,96,381,62,66,64,71,67,66,59,64,69,57,60,374,5,535,117,103,104,103,124,14,581,474,580,136,106,110,150,560,480,570,539,532,88,16,19,23,19,23,31,17,17
25,17,30,159,167,100,125,549,90,16,18,21,21,21,19,16,26,28,17,25,27,22,31,23,25,26,24,19,24,94,681,598,667,116,122,19,29,18,134,124,13,546,93,22,21,22,18,21,27,21,27,24,31,30,30,29,25,29,21,21,159,148,354,140,147,27,29,19,19,24,31,29,30,29,29,24,20,19,30,30,18,25,23,27,19,16,27,27,21,30,26,29,28,24,16,18,21,21,21,19,31,22,26,31,29,26,18,99,403,332,330,404,62,71,67,56,60,61,60,61,375,13,536,91,29,30,31,130,126,11,475,581,482,474,474,570,554,481,571,565,533,89,25,23,16,31,31,24,22,24
30,26,29,135,122,21,99,550,88,18,25,31,18,16,18,27,27,19,29,25,17,31,28,27,19,25,23,25,16,95,682,599,668,92,27,29,159,143,19,135,129,547,93,20,21,25,25,27,18,29,31,27,18,31,16,17,22,17,18,27,98,455,355,420,139,142,21,25,23,18,26,17,31,21,22,23,21,18,25,27,24,27,24,17,29,16,20,17,29,22,17,17,20,27,21,29,28,29,21,22,16,25,23,20,26,27,22,130,124,333,331,380,67,63,61,62,71,56,65,390,391,562,569,91,30,20,17,20,130,102,128,12,483,475,475,571,567,14,566,480,561,92,19,16,19,22,26,158,146,27
143,23,30,23,16,154,148,551,91,19,27,18,31,16,19,25,19,29,18,20,18,27,29,21,21,28,17,19,16,99,683,600,669,141,107,111,149,137,147,28,99,548,92,16,23,30,31,26,18,23,29,17,20,20,31,30,24,23,21,17,95,456,356,421,428,140,146,20,20,22,23,29,154,110,107,111,109,109,109,107,108,109,110,145,22,30,26,27,24,20,20,19,16,18,31,22,18,18,28,30,30,22,22,22,24,25,31,30,131,128,14,381,57,69,61,66,58,67,388,399,11,554,114,121,21,156,108,110,107,106,148,12,15,14,10,5,568,478,565,481,7,90,23,28,31,18,24,96,91,21
90,22,31,28,28,98,15,557,89,22,23,28,20,23,27,30,16,27,17,31,26,17,24,20,16,22,31,25,26,94,684,601,670,9,6,13,8,4,93,19,97,543,92,16,19,31,16,25,30,22,22,30,31,25,29,27,28,29,24,21,95,457,357,422,429,452,92,24,28,26,21,24,96,564,484,476,480,570,564,476,478,476,578,89,30,19,28,21,21,29,17,31,25,29,22,25,26,17,19,19,23,16,26,28,25,24,31,29,159,153,346,466,59,69,63,57,61,66,370,558,480,561,88,27,154,153,1,562,476,476,484,482,476,482,482,480,561,479,5,117,102,122,20,28,16,29,16,132,120,24
136,108,108,109,109,148,12,692,89,18,16,30,20,25,22,22,18,21,154,111,108,145,24,23,30,30,23,25,18,131,126,602,671,3,0,6,8,1,91,16,97,544,89,29,16,22,18,25,19,25,25,21,22,24,18,17,22,29,24,30,95,387,68,423,430,453,93,25,30,28,26,21,99,552,485,477,481,579,565,477,479,477,557,138,144,16,22,21,27,31,31,31,16,16,23,24,17,17,30,30,22,18,18,29,18,21,20,157,150,440,347,467,64,62,60,57,57,61,371,534,481,4,136,109,153,560,484,561,477,477,485,483,477,483,483,481,7,112,100,120,19,28,26,30,22,154,106,147,21,30
582,486,500,486,500,514,624,693,89,18,19,19,18,23,23,30,19,156,148,362,350,139,146,21,17,23,26,29,21,19,134,124,534,13,117,100,124,5,93,23,98,545,89,18,20,24,31,25,28,16,19,22,31,28,21,23,20,26,17,30,96,405,408,71,431,454,88,27,27,23,154,108,148,553,115,105,100,104,100,104,102,126,581,580,140,147,27,24,27,23,24,25,20,20,23,26,31,19,23,21,17,22,27,18,28,19,154,150,448,441,348,468,67,66,64,71,60,56,370,535,113,100,129,560,474,569,485,7,113,101,100,102,101,100,126,10,115,118,23,25,157,142,19,16,26,95,10,138,111,108
583,487,501,487,501,515,625,694,91,16,22,28,16,23,23,29,159,150,440,363,351,452,90,26,20,30,24,17,22,18,31,95,535,117,118,20,98,7,93,20,98,555,91,25,23,21,21,29,20,19,18,18,24,22,29,25,18,19,23,28,134,125,387,59,67,370,91,19,24,26,97,564,480,559,93,21,16,24,24,29,21,134,126,579,574,138,106,147,26,25,27,28,22,22,17,27,25,25,31,25,27,18,24,21,22,155,151,436,449,442,349,469,66,71,56,59,65,61,371,536,93,19,96,552,475,1,2,116,122,24,31,23,23,29,135,101,121,24,21,20,99,136,109,109,147,132,105,104,105,126
584,488,502,488,502,516,626,695,92,24,20,29,18,25,20,20,98,455,441,364,352,453,89,28,29,28,16,27,22,21,156,150,536,91,23,19,134,102,120,30,99,556,136,145,28,26,29,19,31,19,20,28,23,21,25,17,21,22,21,19,30,99,401,404,61,371,89,24,24,28,98,531,481,10,93,17,159,144,19,30,31,29,95,12,581,482,578,91,16,29,26,19,21,19,31,18,19,29,25,20,30,17,20,30,25,95,455,437,450,443,69,62,64,67,63,394,338,338,397,554,138,110,148,553,117,105,103,120,20,159,111,108,111,146,29,23,18,30,157,109,152,624,596,3,92,29,20,20,21,134
585,489,503,489,503,517,627,696,90,27,27,30,25,25,23,21,97,456,442,365,353,454,89,20,20,28,25,30,25,28,99,560,563,92,23,21,27,31,21,24,95,577,578,88,26,24,22,31,22,29,30,26,17,18,27,18,23,31,22,23,22,132,129,382,64,376,89,20,19,19,99,532,115,102,120,26,135,121,25,16,30,23,133,128,15,483,557,136,144,19,25,20,22,26,26,24,27,30,30,17,16,26,16,31,18,96,456,438,451,60,59,68,65,58,61,386,339,339,566,569,10,560,474,569,90,18,19,21,18,130,126,2,11,139,110,106,111,106,149,15,652,625,597,610,139,111,111,144,30,26
586,490,504,490,504,518,628,697,92,17,24,16,20,20,23,23,95,457,443,59,66,386,89,20,27,26,20,25,27,157,152,554,4,92,25,23,27,16,19,21,132,126,557,141,146,16,18,17,21,17,26,20,28,20,30,23,28,21,25,18,22,23,97,383,57,377,90,22,22,22,96,533,92,24,31,29,17,21,31,24,26,27,24,131,102,125,571,580,90,27,18,25,23,26,31,22,28,18,18,26,22,16,22,19,27,96,457,439,67,67,56,66,70,61,398,391,8,558,559,4,13,554,475,6,88,18,16,23,28,21,95,0,500,521,500,486,652,589,493,652,653,626,598,611,589,493,11,137,108,107
587,491,505,491,505,519,629,698,93,31,26,24,22,24,29,22,95,387,70,388,328,393,92,20,28,24,31,23,26,99,566,569,113,123,23,26,22,20,27,19,19,97,571,570,138,108,146,20,23,23,23,18,29,18,24,28,18,25,21,21,28,19,99,382,59,374,92,24,31,22,96,552,138,111,142,20,30,23,29,27,17,26,20,28,22,95,5,555,92,20,23,22,17,18,19,17,20,26,20,30,23,28,31,25,154,153,470,58,60,69,59,62,392,334,393,13,564,559,558,484,484,561,116,101,121,24,25,27,25,154,152,645,501,522,501,487,653,590,494,653,654,627,599,612,590,494,610,514,514,486
588,492,506,492,506,520,630,113,118,23,21,20,17,20,18,31,99,409,336,391,329,116,119,17,24,22,24,16,29,97,552,0,92,28,26,18,30,18,21,28,31,99,2,540,8,362,136,145,31,21,20,26,20,18,31,16,27,28,25,18,19,23,98,383,64,375,93,27,29,19,94,553,1,0,89,31,157,108,147,21,20,27,26,18,27,131,124,556,139,143,28,25,29,24,27,22,25,16,30,31,16,20,21,158,148,440,471,65,65,61,56,61,386,335,116,124,552,7,537,485,485,112,121,18,29,27,25,154,109,149,631,646,502,523,502,488,654,591,495,654,655,628,600,613,591,495,611,515,515,487
104,105,101,101,104,102,101,120,25,31,28,16,19,21,30,31,130,128,337,113,103,122,20,26,17,30,19,18,156,151,553,116,122,19,24,25,157,143,21,24,21,135,127,541,455,363,452,91,31,21,20,27,31,30,24,18,23,22,29,18,22,21,94,378,67,370,90,25,23,21,94,678,0,4,93,21,133,104,121,24,31,25,23,26,16,19,95,571,574,90,17,29,18,17,18,30,16,20,20,24,24,22,20,97,455,441,472,69,390,330,328,334,389,5,141,148,553,10,538,113,104,119,27,31,18,31,156,152,0,638,632,647,503,524,503,489,655,592,496,655,656,629,601,614,592,496,612,516,516,488
28,25,31,26,26,28,28,31,18,23,20,29,20,16,20,26,22,132,101,118,30,23,23,29,30,27,157,106,148,558,559,93,28,20,158,108,148,141,145,29,17,22,99,542,456,364,453,89,28,26,20,29,16,29,31,26,16,18,17,23,23,17,95,379,58,371,91,19,21,25,98,679,617,15,92,22,17,27,21,156,145,27,31,20,25,29,130,125,557,137,143,16,28,23,24,21,23,23,29,20,21,28,26,96,456,442,473,67,370,331,329,335,114,126,562,474,559,8,539,91,19,18,25,18,21,26,94,9,659,639,633,648,504,525,504,490,656,593,497,656,657,630,602,615,593,497,613,517,517,489
30,23,26,22,18,21,30,21,30,16,24,20,25,28,17,16,31,30,30,30,18,26,20,18,26,156,153,564,484,569,4,93,26,155,151,2,14,0,91,21,25,156,153,540,457,365,454,90,27,17,31,21,28,31,17,21,29,23,27,18,28,20,98,382,60,386,90,27,18,25,98,680,618,617,139,109,110,111,106,149,137,106,145,18,17,25,27,98,581,572,90,18,18,18,20,29,17,27,28,17,22,21,22,95,457,443,69,69,371,116,103,100,163,148,554,475,0,9,552,92,25,17,16,24,20,154,150,659,660,640,634,649,505,526,505,491,657,594,498,657,658,4,11,616,594,498,614,518,518,490
23,19,17,23,22,26,24,25,24,21,27,17,27,20,28,16,22,17,20,26,16,19,21,26,30,94,562,561,485,10,117,122,22,98,1,10,5,12,90,31,17,95,6,541,384,60,370,89,21,29,24,21,23,20,18,23,17,25,17,22,28,25,97,383,58,458,140,147,17,28,95,681,619,618,582,514,486,521,521,514,486,14,89,30,26,21,16,133,128,555,88,25,31,17,22,21,29,23,25,30,30,23,26,94,382,56,68,398,395,141,110,107,149,566,567,2,7,15,553,140,111,145,18,16,159,149,645,660,661,641,635,650,506,527,506,492,658,595,499,658,116,128,0,3,595,499,615,519,519,491
30,29,31,29,20,18,21,25,30,22,30,28,27,26,28,27,24,17,24,31,24,30,31,20,25,96,528,9,113,102,118,22,27,98,4,659,617,0,137,146,29,98,15,542,385,63,371,93,24,18,23,28,28,27,16,19,16,31,22,22,30,19,99,387,57,459,412,139,142,29,97,682,620,619,583,515,487,522,522,515,487,610,136,111,142,27,21,27,97,556,138,143,21,31,24,158,106,110,143,18,20,16,30,98,383,71,62,370,566,482,476,570,11,552,114,125,566,478,563,114,101,160,106,110,150,631,646,661,662,642,636,651,3,5,4,9,6,114,103,103,118,131,101,129,7,5,616,520,520,492
24,18,18,25,18,28,21,27,21,24,28,17,31,19,29,25,25,17,18,18,18,16,24,26,22,98,529,115,121,17,19,23,156,153,638,660,618,610,14,138,109,151,1,692,382,61,374,91,26,31,21,21,18,23,24,16,23,29,28,30,31,156,152,466,65,460,413,452,90,24,94,683,621,620,584,516,488,523,523,516,488,611,596,14,91,31,25,26,96,581,578,92,27,26,155,151,346,362,139,146,30,25,17,97,387,56,57,371,528,483,477,581,580,553,92,98,552,479,3,91,30,96,7,15,638,632,647,662,663,643,637,12,9,645,589,0,14,89,29,19,22,29,26,133,100,127,0,15,5,11
16,20,18,20,29,25,30,23,30,23,30,27,25,30,26,31,17,31,30,30,31,24,20,19,30,96,530,93,31,157,106,110,151,645,639,661,619,611,589,521,493,486,659,693,383,64,375,91,25,25,30,29,16,26,18,17,28,25,19,16,16,95,455,467,63,461,414,453,89,22,95,684,622,621,585,517,489,524,524,517,489,612,597,666,92,29,31,28,98,2,549,93,30,18,97,455,347,363,424,139,144,18,155,148,466,69,63,374,529,113,126,1,575,561,140,151,553,116,104,160,108,150,11,631,639,633,648,663,664,644,2,7,645,646,590,596,7,136,110,111,143,23,19,25,30,130,127,15,4,9
25,25,29,23,18,23,22,22,19,16,19,18,23,16,25,24,26,24,20,26,27,18,24,29,29,94,552,89,21,99,13,11,645,646,640,662,620,612,590,522,494,487,660,694,407,338,391,90,16,30,24,28,18,21,26,18,19,23,22,31,16,95,456,468,60,71,415,454,89,29,131,129,623,622,586,518,490,525,525,518,490,613,598,667,92,17,156,144,130,124,550,90,18,22,99,456,348,364,425,412,139,111,151,440,467,56,62,375,530,90,131,129,568,480,482,484,567,90,17,99,4,14,624,632,640,634,649,664,665,0,14,645,646,647,591,597,617,500,521,2,141,109,142,17,31,16,133,105,105,127
21,27,29,20,17,29,23,24,23,29,26,27,21,19,25,17,16,21,30,27,21,19,27,19,18,96,553,139,107,150,8,624,646,647,641,663,621,613,591,523,495,488,661,695,1,339,114,119,17,25,21,30,18,29,25,19,23,16,21,27,27,94,457,469,66,58,68,376,90,21,27,131,125,623,587,519,491,526,526,519,491,614,599,668,88,29,94,90,21,95,551,92,21,29,94,457,349,365,426,413,412,350,440,441,468,68,57,386,552,93,25,95,552,481,483,485,7,141,109,149,12,638,625,633,641,635,650,665,7,6,624,646,647,648,592,598,618,501,522,589,493,0,137,110,109,146,22,27,20,131
30,31,18,21,30,19,18,26,20,17,18,28,29,25,19,23,20,28,27,20,24,27,29,17,18,97,685,507,514,493,624,625,647,648,642,664,622,614,592,524,496,489,662,696,116,100,118,18,22,24,17,16,20,17,19,20,18,23,30,28,28,98,387,64,64,65,71,377,92,16,24,23,134,125,588,520,492,527,527,520,492,615,600,669,90,28,94,141,109,149,546,88,21,18,98,387,70,58,427,414,413,351,441,442,469,64,390,389,553,88,155,151,553,114,102,102,102,127,3,507,645,639,626,634,642,636,651,1,15,624,625,647,648,649,593,599,619,502,523,590,494,603,486,521,493,141,144,30,16,18
30,19,23,20,25,17,20,18,16,23,16,24,24,18,19,21,24,25,23,18,25,25,21,21,19,97,686,508,515,494,625,626,648,649,643,665,623,615,593,525,497,490,663,697,90,24,20,23,19,27,20,16,28,28,28,17,19,27,16,27,156,151,470,70,58,69,60,376,89,25,27,31,22,135,100,100,105,105,105,105,127,616,601,670,88,30,96,112,104,125,547,93,16,16,98,405,410,56,71,415,414,352,442,443,66,68,374,562,561,90,97,562,561,90,18,18,17,96,672,508,646,640,627,635,643,637,500,486,659,625,626,648,649,650,594,600,620,503,524,591,495,604,487,522,494,610,139,111,146,25
18,20,22,26,16,18,24,27,19,27,30,29,24,26,21,25,23,18,28,25,22,28,22,19,30,96,687,509,516,495,626,627,649,650,644,115,127,616,594,526,498,491,664,698,92,24,28,31,17,28,16,21,24,31,31,19,20,25,27,154,152,444,471,64,57,66,64,377,93,26,19,19,19,19,17,21,21,24,19,16,131,127,602,671,141,147,132,118,27,97,548,91,22,30,133,129,378,59,67,65,415,353,443,63,56,61,375,531,114,122,95,531,5,93,19,19,29,94,673,509,647,641,628,636,644,624,501,487,660,626,627,649,650,651,595,601,621,504,525,592,496,605,488,523,495,611,617,15,89,25
31,25,28,27,20,19,16,21,28,17,27,19,31,29,16,156,107,106,107,146,28,27,30,24,21,98,688,510,517,496,627,628,650,651,117,118,131,127,595,527,499,492,665,115,123,27,29,27,28,23,29,29,20,23,31,17,21,17,157,150,440,445,472,67,69,62,65,372,93,18,18,30,21,23,19,16,17,21,17,22,26,134,127,528,13,90,16,24,17,94,543,92,25,20,28,99,379,71,67,66,70,58,65,59,64,66,386,532,141,146,94,532,115,123,20,28,30,96,674,510,648,642,629,637,624,625,502,488,661,627,628,650,651,117,127,602,622,505,526,593,497,606,489,524,496,612,618,666,137,108
25,23,27,27,22,25,22,22,23,31,17,24,27,22,31,96,10,13,12,89,19,27,21,157,109,152,689,511,518,497,628,629,651,116,118,26,27,131,102,102,103,100,103,118,19,27,20,19,21,16,22,29,29,19,31,27,25,155,153,448,441,446,473,58,68,69,69,373,93,28,18,30,26,28,19,19,20,22,16,16,31,21,95,529,10,89,29,22,27,98,544,88,16,28,21,94,380,61,62,71,67,63,63,62,65,392,395,533,3,90,99,533,90,25,30,17,16,98,675,511,649,643,630,631,625,626,503,489,662,628,629,651,116,118,135,128,623,506,527,594,498,607,490,525,497,613,619,667,1,0
25,28,29,26,24,28,22,19,20,23,24,21,26,30,19,94,7,9,10,93,16,30,156,153,362,5,690,512,519,498,629,630,116,120,29,19,30,31,26,16,27,16,26,27,21,19,16,20,27,16,16,17,29,27,19,25,154,148,448,449,442,447,60,60,70,68,392,391,89,25,26,29,17,23,30,19,29,20,20,31,19,31,97,530,116,123,29,30,20,96,545,88,29,18,30,97,381,57,64,65,65,69,66,64,70,370,13,534,2,138,150,554,88,20,27,17,31,96,676,512,650,644,631,632,626,627,504,490,663,629,630,112,119,16,31,133,105,102,129,595,499,608,491,526,498,614,620,668,15,14
16,20,30,27,30,20,23,20,28,23,17,29,21,16,25,94,15,2,14,93,21,18,98,455,363,428,691,513,520,499,630,112,123,26,28,30,23,25,20,27,31,16,28,26,24,25,20,24,21,18,18,22,16,20,20,157,152,448,449,450,443,68,67,69,58,59,376,114,118,20,19,29,31,23,30,20,18,17,30,30,24,17,96,552,90,29,16,18,18,99,557,91,31,28,24,99,387,56,58,66,71,67,64,65,67,371,13,535,15,11,568,559,89,17,29,25,155,149,677,513,651,624,632,633,627,628,505,491,664,630,115,123,27,20,20,31,24,23,135,102,129,609,492,527,499,615,621,669,2,5
23,23,31,21,23,17,30,27,17,29,29,21,29,18,30,135,102,105,105,121,16,27,95,456,364,429,452,113,101,105,104,121,23,27,16,27,21,21,17,16,26,24,27,17,16,24,30,19,20,18,19,22,27,29,155,153,432,449,450,451,67,70,59,71,67,59,377,93,27,27,17,16,31,30,30,31,21,21,17,20,28,20,98,553,93,27,154,107,108,153,692,91,24,17,30,94,407,332,400,63,57,63,68,64,71,386,2,536,13,564,567,113,118,19,155,111,150,5,692,3,672,625,633,634,628,629,506,492,665,114,123,24,27,19,31,31,16,31,16,27,130,104,103,101,126,616,622,670,10,0
20,19,17,16,18,18,26,21,27,16,20,23,21,27,25,25,24,31,31,18,18,27,98,457,365,430,453,93,16,18,17,30,22,17,18,17,31,26,18,30,24,26,24,24,31,16,17,22,23,18,28,26,31,155,151,444,433,450,451,67,59,71,58,69,71,60,386,91,16,22,29,24,25,22,21,30,17,22,20,30,31,24,95,685,140,108,152,8,3,672,693,93,23,23,19,134,128,333,405,334,406,63,67,62,63,458,8,537,0,537,12,93,16,31,99,10,2,652,693,8,673,626,634,635,629,630,14,112,102,123,18,19,18,24,16,17,30,24,28,25,19,17,20,17,133,125,623,671,2,6
28,27,23,19,19,20,24,19,22,18,18,29,31,25,21,18,19,24,19,26,24,19,95,380,62,431,454,88,26,26,30,26,21,24,28,17,31,31,27,22,22,25,17,21,25,24,31,26,18,23,19,17,30,98,455,445,434,451,59,71,56,64,70,71,64,392,399,90,25,20,16,26,31,16,23,16,21,16,28,19,22,16,96,686,666,112,100,125,0,673,694,90,19,21,26,24,132,104,126,335,403,400,65,68,67,459,452,538,1,538,112,121,25,154,151,14,638,653,694,4,674,627,635,636,630,115,129,140,146,29,27,22,18,17,19,29,31,28,20,22,25,25,17,19,18,94,564,567,1,8
28,28,30,16,22,18,16,31,29,16,26,28,31,26,30,20,21,20,29,18,16,24,94,381,64,59,386,88,28,28,16,19,16,28,23,30,27,28,16,30,22,29,28,17,19,31,29,29,26,16,31,22,24,98,456,446,435,67,58,58,61,61,65,56,66,376,112,121,21,20,26,25,22,27,26,23,25,31,28,20,31,26,96,687,667,88,22,99,2,674,695,91,20,25,29,21,19,21,130,105,125,384,64,66,56,460,453,539,13,539,89,30,24,96,5,645,639,654,695,15,675,628,636,637,112,118,98,112,120,17,17,30,20,17,22,29,19,27,31,25,16,19,21,26,16,99,537,113,105,125
25,16,18,28,29,30,16,27,22,27,19,19,20,18,24,18,23,31,27,23,30,18,95,409,408,62,462,136,147,23,25,29,25,30,24,23,22,26,18,20,24,21,26,31,30,26,22,28,30,25,28,23,20,96,457,447,63,67,61,61,61,62,66,66,62,377,91,19,23,27,27,29,20,25,18,24,31,26,22,19,24,26,95,688,668,139,110,149,9,675,696,93,28,18,20,28,25,18,27,18,95,385,63,61,60,461,454,531,12,554,89,30,158,153,624,646,640,655,696,8,676,629,637,115,119,17,130,122,24,26,30,22,26,18,28,24,24,21,18,16,17,23,20,24,25,97,538,89,17,131
16,23,28,21,22,23,21,31,28,26,22,20,16,19,22,24,16,31,16,19,27,30,132,125,378,56,463,420,140,146,21,16,16,25,31,18,20,23,19,17,18,29,18,16,20,29,18,21,20,20,27,16,16,99,384,71,69,396,404,64,58,64,57,63,71,376,93,20,30,18,31,19,29,25,26,29,18,18,31,27,28,18,98,689,669,3,115,103,124,676,697,89,22,30,22,25,23,29,16,22,95,387,66,62,66,71,376,532,566,567,89,17,99,672,625,647,641,656,697,3,677,630,114,122,31,19,27,17,24,20,26,21,23,31,23,29,25,27,17,19,24,28,26,18,30,96,539,92,27,30
16,20,22,22,19,28,31,19,24,29,20,28,29,30,31,29,30,22,23,16,29,25,17,96,379,59,464,421,428,137,147,27,31,17,16,18,16,20,19,20,30,26,22,21,21,16,31,26,21,17,23,27,23,98,385,66,71,386,382,65,56,57,66,59,57,377,92,21,22,26,18,21,24,27,19,26,19,28,21,16,28,25,97,690,670,15,93,18,97,677,698,90,25,26,19,30,21,29,23,22,95,405,402,65,58,58,377,533,531,112,123,31,99,673,626,648,642,657,698,4,557,112,123,16,18,24,18,21,16,31,25,22,22,23,22,28,20,19,27,30,30,25,22,22,29,95,685,141,145,20
30,17,27,22,19,29,30,19,25,17,23,26,25,20,17,17,24,22,18,17,29,19,30,99,384,57,465,422,429,412,139,147,26,18,16,20,22,25,22,16,25,16,17,18,22,20,18,28,31,21,16,21,156,151,387,61,388,393,383,59,57,68,63,70,58,386,90,22,24,22,19,29,19,27,25,17,20,23,21,24,28,22,96,691,671,7,93,26,99,543,114,123,22,24,30,16,22,25,18,22,134,126,405,328,328,332,399,552,532,91,25,27,97,674,627,649,643,658,10,2,692,92,17,27,16,21,25,30,30,16,29,19,16,17,31,24,27,30,22,16,24,23,24,22,22,96,686,666,91,31
17,21,16,25,17,29,21,23,26,19,17,18,16,22,31,25,26,22,31,16,20,25,16,96,385,60,70,423,430,413,424,139,144,28,20,29,18,31,16,30,30,28,19,30,31,28,27,30,23,22,17,154,151,15,466,56,372,8,407,328,338,340,340,336,334,393,88,24,31,16,17,22,26,20,17,31,26,23,24,28,20,23,130,124,552,13,92,24,99,544,92,23,31,21,29,31,19,21,17,19,31,134,129,329,329,333,9,553,533,91,25,16,97,675,628,650,644,114,125,672,693,90,16,27,25,29,31,18,25,18,18,28,22,22,20,28,22,28,29,18,28,27,31,20,28,97,687,667,93,20
22,29,17,22,24,29,25,29,22,27,30,20,23,24,17,17,22,29,31,19,29,21,24,94,403,406,59,67,431,414,425,412,141,143,22,18,27,26,30,22,16,20,22,25,19,24,31,25,17,28,27,95,2,455,467,58,373,113,127,329,339,341,341,337,335,114,121,18,25,21,23,20,20,27,23,23,20,26,19,20,27,155,109,152,553,10,89,17,95,545,89,29,22,18,28,31,27,31,28,26,27,28,135,104,129,562,474,569,552,91,28,156,150,676,629,651,114,161,148,673,694,91,30,20,18,29,28,19,27,30,22,20,16,31,25,17,23,31,19,23,25,22,21,17,20,97,688,668,91,31
18,24,21,20,23,30,22,28,21,24,17,16,27,18,21,22,26,20,26,29,17,21,26,131,126,407,406,65,71,415,426,413,452,92,26,25,27,31,30,28,22,20,27,31,20,19,29,21,20,24,26,96,1,456,468,68,386,92,131,101,102,102,100,102,100,123,22,17,23,30,31,16,16,29,21,24,20,157,106,108,109,148,566,484,559,3,88,28,94,543,92,29,19,27,29,23,22,24,19,28,28,28,23,27,95,534,475,0,553,92,23,97,15,677,630,115,160,151,11,674,695,91,27,27,16,22,23,26,22,19,18,16,18,19,26,21,25,23,27,21,27,19,18,31,25,98,689,669,91,29
31,16,21,26,18,24,29,24,21,17,18,17,19,26,21,25,28,25,19,17,20,23,31,31,133,126,411,408,65,59,427,414,453,90,18,29,26,31,28,23,31,30,25,24,25,20,20,19,31,19,28,96,8,457,469,390,395,93,20,27,23,20,20,17,27,17,26,19,18,20,23,21,23,27,16,26,23,95,558,474,482,480,563,485,8,116,123,156,151,544,91,31,31,28,26,18,30,25,31,16,24,17,20,29,94,535,568,478,561,141,110,151,14,549,114,119,97,5,10,675,696,93,21,29,28,17,18,17,31,24,17,24,16,28,23,20,31,25,16,28,27,19,19,30,18,95,690,670,91,17
16,27,27,29,27,16,22,30,25,21,17,21,18,28,27,28,16,21,27,28,18,23,21,18,29,134,127,401,408,57,69,415,454,88,30,19,24,21,28,24,25,27,16,28,17,29,19,158,143,28,30,131,127,380,69,370,112,122,26,25,21,28,30,19,22,23,27,22,28,20,29,31,22,20,25,22,154,148,554,475,483,481,10,112,100,118,22,99,3,545,89,21,19,26,27,18,21,25,30,19,23,21,23,25,98,536,534,479,10,112,102,125,3,550,90,16,99,13,2,676,697,91,25,29,19,27,17,28,20,18,27,29,23,17,19,28,20,17,27,24,27,16,28,24,23,94,691,671,91,20
31,16,23,25,28,21,19,31,20,31,20,27,21,17,31,20,30,24,19,29,23,17,18,27,30,26,131,125,411,404,68,60,458,139,110,107,106,144,21,23,16,18,25,22,21,23,21,130,121,29,25,31,97,381,63,371,91,19,20,18,28,22,31,23,17,20,16,27,23,27,29,30,25,29,22,155,151,566,563,116,100,102,102,118,31,25,20,98,12,555,90,30,28,18,25,23,16,28,21,18,27,19,18,25,96,531,535,113,103,122,29,95,13,551,138,146,96,12,9,677,698,92,28,19,20,26,27,18,21,16,16,24,18,16,18,22,19,30,18,18,24,24,29,28,20,135,128,528,88,31
18,25,29,30,30,19,24,23,25,29,24,24,21,17,27,28,27,20,31,22,26,26,31,30,19,24,19,130,125,405,402,62,459,424,362,358,354,141,108,111,109,108,147,23,25,19,20,16,25,20,21,18,99,384,71,462,136,142,24,28,30,27,29,27,26,23,27,30,30,20,17,18,28,21,20,95,558,567,0,91,27,24,24,31,158,109,110,148,0,556,92,29,23,19,16,23,21,20,23,24,20,18,20,30,95,532,536,92,26,29,29,99,7,581,574,88,132,129,1,540,116,119,19,19,21,21,22,21,17,19,30,21,30,26,20,29,30,30,25,22,17,19,23,20,25,31,99,529,93,16
22,26,19,18,22,23,18,156,110,147,29,30,27,23,21,25,24,23,23,22,22,27,16,18,18,26,26,21,133,127,378,67,460,425,363,359,355,412,354,8,9,8,93,21,18,20,24,21,31,22,16,21,97,385,63,463,424,138,147,19,31,22,28,26,30,18,17,26,25,27,26,27,20,18,18,99,552,0,112,123,19,17,29,28,95,2,12,6,10,692,92,25,31,30,28,18,29,26,18,18,29,24,25,26,99,533,537,89,29,19,19,135,103,124,540,92,16,132,128,541,89,25,19,17,25,25,28,20,22,23,17,23,16,17,20,22,22,17,21,21,17,27,28,17,28,17,99,530,92,18
16,16,17,25,30,17,23,94,8,93,25,26,20,16,158,108,146,20,20,20,17,17,29,22,20,23,18,17,20,94,379,56,461,426,364,360,356,413,355,420,0,4,136,144,27,21,17,16,29,23,28,23,97,401,410,464,425,452,91,29,23,31,25,19,28,29,31,16,29,17,25,27,31,28,155,152,553,112,118,16,20,31,25,156,153,12,12,6,638,693,89,28,16,22,23,22,18,25,26,19,22,20,27,158,149,554,538,88,26,29,18,19,18,99,541,139,145,17,97,542,93,30,31,16,22,24,19,24,20,26,17,31,157,145,20,16,19,22,24,28,31,20,27,16,24,28,95,537,92,28
24,24,19,16,21,21,26,134,105,123,26,28,16,16,96,8,92,28,31,30,25,31,31,29,31,23,25,22,22,98,387,70,57,427,365,361,357,414,356,421,420,2,0,136,143,26,21,17,31,26,20,16,95,8,387,465,426,453,89,23,27,31,27,25,22,20,20,26,28,20,24,17,17,27,96,568,565,89,21,26,24,26,21,99,1,8,8,645,639,694,92,22,20,25,30,31,17,21,17,17,21,22,27,98,562,559,539,91,30,19,20,30,16,97,542,7,92,16,95,543,91,17,26,30,26,19,20,21,20,20,20,26,97,91,27,23,21,29,17,17,29,23,20,26,18,26,99,538,92,16
29,31,28,31,20,27,16,27,24,25,28,20,159,111,148,11,92,30,23,19,30,21,21,28,23,22,22,22,27,94,411,404,60,57,57,56,70,415,357,422,421,416,9,2,137,143,20,27,22,23,31,19,132,128,405,410,427,454,93,16,22,16,29,17,22,23,18,27,29,17,27,30,31,16,94,531,116,120,21,25,28,26,30,97,1,3,659,646,640,695,88,28,21,29,29,30,26,23,23,28,24,20,17,98,537,562,569,92,31,21,17,21,159,148,540,15,89,31,99,544,93,19,22,27,27,18,28,19,19,24,18,156,153,89,19,19,26,19,28,25,30,26,23,19,19,28,97,539,90,20
19,31,26,26,27,31,17,21,16,29,22,17,95,6,11,6,92,28,18,17,28,30,27,22,24,29,17,17,31,131,126,387,68,57,62,62,67,59,60,423,422,417,424,4,14,93,31,20,24,27,19,24,22,133,127,403,402,386,139,145,27,16,18,26,18,20,29,27,29,25,20,31,26,18,94,532,93,18,25,24,21,157,110,149,4,638,660,647,641,696,136,109,146,30,26,27,18,16,19,24,23,21,29,96,538,537,114,119,19,30,25,21,96,14,541,114,122,20,99,545,93,18,24,21,30,27,21,20,22,31,30,130,127,92,31,25,29,23,23,30,16,20,17,27,22,18,98,528,88,16
29,20,28,25,27,29,27,17,16,159,108,111,150,5,5,4,89,19,24,25,23,25,29,27,28,25,29,30,24,25,99,403,340,406,57,65,70,71,63,57,423,418,425,416,1,141,145,18,31,19,23,31,18,28,97,11,411,399,3,141,145,16,30,19,31,22,16,19,23,26,27,18,27,23,94,533,91,29,31,25,16,97,7,507,652,639,661,648,642,697,9,342,139,142,27,22,23,24,22,23,22,19,31,97,539,538,91,21,27,27,19,18,98,15,542,88,25,21,98,555,91,21,27,16,29,28,21,30,30,24,26,24,98,136,145,16,21,28,28,18,24,16,19,28,26,19,99,529,91,22
24,23,19,21,17,23,21,18,157,150,10,2,2,115,101,103,121,27,21,17,24,25,27,29,30,22,30,26,26,20,134,125,341,403,400,67,60,57,62,69,67,419,426,417,416,13,136,142,29,19,24,27,23,20,135,103,102,126,4,5,92,29,29,30,29,22,16,20,16,31,20,16,20,31,97,531,90,30,159,144,28,98,672,508,653,640,662,649,643,698,448,343,452,89,30,21,26,23,16,17,23,29,158,149,554,539,88,26,16,24,29,25,94,2,543,90,22,23,95,556,138,142,30,28,30,20,27,28,27,22,26,21,132,128,138,143,17,27,16,31,28,30,27,22,18,154,151,530,93,29
21,17,26,16,24,28,21,29,96,13,5,12,1,92,22,22,30,27,25,19,19,17,23,18,23,31,23,28,27,28,20,132,102,128,403,402,59,68,59,70,69,70,427,418,417,412,14,140,143,31,28,26,24,31,24,26,16,133,104,103,120,21,19,29,29,17,23,29,31,16,18,29,20,16,98,532,90,19,134,121,17,98,673,509,654,641,663,650,644,440,449,344,453,88,16,17,31,19,18,29,27,29,99,564,565,554,139,109,144,23,24,30,134,125,544,137,146,19,98,581,578,88,20,29,20,28,29,25,25,29,22,30,23,131,105,118,16,27,23,21,23,20,25,27,20,98,568,567,88,19
18,31,20,21,26,22,156,111,148,5,13,3,3,89,157,109,147,27,17,24,19,24,23,22,23,16,31,18,30,25,19,31,16,132,127,411,402,61,63,65,69,64,70,419,418,413,412,12,139,145,26,22,156,107,145,19,26,24,20,17,28,31,26,25,24,30,28,16,16,28,25,27,24,27,94,533,93,30,29,31,25,96,674,510,655,642,664,651,436,441,450,345,454,90,20,28,26,21,17,30,27,21,95,534,564,559,114,105,122,22,29,16,30,99,545,0,93,22,95,1,549,89,23,18,21,17,18,22,16,28,23,22,29,26,24,21,23,19,23,21,16,27,24,23,23,99,552,9,93,25
23,28,26,29,18,157,152,2,0,5,15,15,117,118,96,11,88,18,29,27,28,27,22,16,16,30,21,29,23,29,22,26,20,24,135,127,401,404,64,69,71,63,68,68,419,414,413,428,2,141,109,111,152,358,140,109,143,30,27,20,31,19,16,25,26,18,29,21,22,21,31,30,16,22,94,552,90,22,19,20,30,96,675,511,656,643,665,444,437,442,451,61,458,141,142,20,24,26,17,16,22,18,97,535,528,113,122,18,28,30,23,24,25,98,579,574,90,30,133,129,550,88,27,19,29,31,16,19,26,25,23,20,29,20,29,19,31,26,22,20,25,17,27,19,157,150,553,116,121,19
27,24,16,156,110,149,14,6,15,2,11,3,89,29,135,100,121,28,27,22,21,29,17,19,21,28,30,22,23,30,24,16,30,17,25,132,124,401,400,68,69,63,61,66,66,415,414,429,428,354,342,362,432,359,420,4,141,111,144,18,30,27,31,24,27,21,20,18,29,30,26,28,23,158,150,553,88,29,27,25,16,96,676,512,657,644,444,445,438,443,66,66,459,420,139,146,16,27,20,17,19,17,99,536,529,91,17,18,21,156,106,110,146,135,128,540,137,142,29,97,551,89,16,29,22,28,16,31,30,23,25,21,22,30,23,19,22,28,25,18,26,27,31,28,95,566,567,89,28,17
16,23,16,98,2,8,12,11,11,8,117,101,120,19,29,17,31,19,26,24,17,21,18,16,31,22,30,22,27,23,22,20,25,28,21,23,134,127,387,56,71,71,57,58,56,58,415,430,429,355,343,363,433,360,421,424,366,362,141,109,111,110,143,24,19,24,24,22,17,24,16,31,158,153,564,563,88,22,28,16,20,96,677,513,658,448,445,446,439,59,71,71,460,421,416,138,144,21,30,21,24,23,99,537,530,88,17,20,29,94,6,10,89,20,97,541,117,123,26,94,557,138,143,26,31,16,21,17,17,29,17,23,30,29,18,17,16,26,22,17,16,29,28,30,98,552,9,93,25,17
16,25,31,96,10,3,0,12,11,5,88,19,26,28,30,31,18,19,19,17,29,31,18,31,21,16,21,20,23,19,24,20,21,29,22,26,23,95,411,410,65,63,62,69,59,71,61,431,430,356,344,364,434,361,422,425,367,363,412,358,358,1,91,28,23,21,23,31,16,24,24,159,151,564,561,115,120,17,17,27,28,96,555,6,440,449,446,447,56,70,69,60,461,422,417,452,90,26,23,23,28,18,96,538,554,136,110,146,18,133,103,103,121,28,96,542,89,20,23,94,571,570,140,109,108,145,17,28,27,30,28,27,18,27,20,24,30,19,21,19,31,17,20,158,153,553,115,122,21,157
19,157,108,148,4,15,10,14,8,115,118,18,25,16,16,23,20,24,16,26,21,18,31,29,27,17,20,27,25,22,31,23,25,24,25,18,20,135,128,384,63,56,58,62,68,60,70,62,431,357,345,365,435,69,423,426,368,364,413,359,359,416,137,143,18,26,16,20,30,17,157,148,558,559,113,120,17,24,16,26,154,149,556,455,441,450,447,68,59,61,71,68,62,423,418,453,93,24,24,31,26,31,96,539,678,7,0,90,31,18,30,18,24,19,96,557,92,28,19,131,126,573,478,480,572,138,111,144,19,21,24,30,21,16,29,17,24,22,17,157,109,110,108,149,564,565,90,30,19,97
27,98,7,10,7,1,5,3,6,88,20,29,23,25,25,27,31,29,27,16,22,25,16,18,28,25,24,28,31,19,27,27,19,25,31,22,26,25,95,385,69,64,67,69,63,59,70,70,61,57,68,71,62,57,60,427,369,365,414,360,360,417,452,88,30,16,23,24,16,22,96,558,563,2,90,26,28,16,17,26,95,10,699,456,442,451,70,69,59,65,67,70,56,57,419,454,92,21,24,28,28,24,97,528,679,617,4,137,108,108,108,106,111,108,153,692,92,27,28,24,131,125,479,481,575,482,572,140,145,26,30,17,22,24,27,20,25,30,158,148,566,480,484,474,561,2,89,25,155,150
106,153,13,11,3,2,8,10,7,141,143,24,16,19,19,19,26,25,20,19,25,21,17,28,25,20,19,20,25,29,23,27,16,16,23,28,29,29,97,403,400,58,60,58,60,70,67,60,70,69,59,56,58,58,58,58,61,64,415,361,361,418,453,89,20,18,24,30,27,29,99,528,12,113,122,18,25,18,159,107,148,624,700,457,443,69,66,57,60,58,66,57,66,56,66,376,91,19,25,21,31,22,95,529,680,618,603,486,486,493,500,521,500,500,631,693,88,16,19,30,27,134,103,124,12,483,575,574,93,19,23,27,16,19,21,20,22,21,99,562,559,481,485,475,0,114,121,29,134,104
5,11,3,10,4,3,9,6,7,2,92,29,24,25,27,17,24,16,30,23,20,21,27,19,30,31,23,23,26,24,18,26,25,28,22,21,28,28,130,125,387,56,64,62,67,56,62,57,65,59,65,56,59,58,69,71,71,57,61,67,71,419,454,91,18,17,24,23,26,19,96,529,116,123,24,26,19,17,99,3,645,625,701,384,69,65,68,56,68,68,64,60,67,65,65,377,91,28,31,22,19,19,97,530,681,619,604,487,487,494,501,522,501,501,632,694,88,17,158,110,147,20,21,132,104,102,126,555,92,25,22,26,23,31,29,28,26,30,96,552,117,102,103,103,101,121,23,19,21,23
9,8,7,12,14,8,4,14,5,6,93,20,21,28,29,29,17,17,19,23,26,17,26,18,19,30,23,20,26,17,30,31,28,29,25,22,30,16,27,97,409,408,58,59,58,63,64,58,70,59,66,60,63,58,60,71,64,63,65,57,67,59,386,88,25,19,22,23,29,18,98,530,89,22,24,22,17,18,99,12,557,626,702,385,65,57,64,65,70,71,63,65,65,56,66,386,92,29,18,19,20,16,98,554,682,620,605,488,488,495,502,523,502,502,633,695,90,30,97,0,137,107,145,17,27,31,99,556,92,27,27,23,27,30,20,21,23,22,97,553,88,25,16,25,22,29,25,156,146,19
