12,12,9,8,1,9,2,10,10,0,11,11,12,3,8,15,5,14,12,11,13,15,1,1,3,8,7,15,2,4,12,7,3,1,3,10,0,6,1,0,6,0,0,15,10,5,15,2,10,9,10,14,6,8,15,15,1,15,2,3,14,10,3,9,9,2,13,0,1,13,1,9,5,1,15,2,4,1,8,6,5,11,4,9,2,4,14,10,5,1,12,7,0,3,5,11,14,7,0,7,12,1,15,5,13,11,4,15,2,8,10,2,0,13,10,4,2,5,7,14,8,14,12,8,15,15,14,8,9,12,1,2,11,4,2,8,15,296,368,2,3,1,9,5,1,10,0,14,11,3
10,13,0,14,1,11,9,0,11,9,14,12,1,4,12,13,3,9,7,4,15,13,10,11,4,6,15,3,12,1,10,1,12,15,10,7,9,6,5,12,15,8,15,3,9,3,7,8,3,8,5,6,4,4,8,12,8,9,6,3,14,3,8,13,4,4,8,0,15,3,5,13,0,9,13,1,9,3,1,0,13,6,1,8,6,11,11,14,8,9,10,14,13,15,10,7,15,7,0,4,1,2,2,13,3,12,7,0,0,11,12,6,12,15,2,8,0,6,7,8,11,11,9,9,9,5,10,10,8,5,3,8,15,2,13,7,14,297,369,364,4,10,0,10,14,0,6,15,14,14
11,9,11,5,6,1,12,4,7,7,11,13,0,5,5,15,7,7,12,11,9,3,7,12,9,11,0,2,10,3,1,5,5,10,11,14,12,1,7,1,7,4,3,7,15,7,7,15,15,0,6,4,10,1,6,3,15,2,1,13,3,6,11,12,9,2,10,15,12,14,2,3,5,7,0,14,10,10,10,7,15,5,13,11,15,15,4,11,14,15,13,1,7,9,13,13,4,4,2,1,2,6,15,10,13,5,2,0,9,7,0,14,2,0,1,14,5,15,12,6,0,14,0,10,2,3,9,5,6,9,10,8,15,15,2,14,2,303,370,365,13,2,0,15,5,5,4,7,12,8
14,1,2,0,2,6,11,14,12,10,8,7,3,15,0,6,12,9,2,0,5,1,13,4,10,1,6,3,12,10,15,9,14,7,6,6,12,14,0,0,13,15,2,2,10,6,9,12,9,6,14,0,12,11,10,9,11,5,12,5,3,12,8,2,2,1,1,6,15,13,3,14,11,0,8,6,9,0,15,11,10,4,12,11,1,4,10,1,14,12,2,5,14,6,8,12,12,14,5,13,2,1,14,15,14,1,8,5,4,0,10,1,12,8,7,7,14,14,14,3,14,6,2,13,0,8,10,0,3,2,4,10,14,13,15,6,7,321,324,368,2,4,7,8,12,7,8,13,8,12
4,2,12,0,8,6,7,3,11,3,7,10,0,1,13,0,7,8,15,0,11,14,8,6,0,5,4,4,7,7,9,15,5,12,6,0,6,11,7,7,7,2,4,6,11,14,11,11,3,0,8,2,0,3,3,12,4,3,4,9,10,12,0,11,10,12,5,9,9,5,14,4,0,15,10,3,14,7,2,7,13,5,10,8,2,12,4,9,14,9,13,13,11,5,6,3,1,15,13,5,9,10,14,12,1,1,3,0,0,4,2,14,12,6,15,6,12,15,2,6,0,13,4,1,9,14,4,9,15,12,10,5,12,0,0,14,9,5,303,369,364,3,14,11,12,11,12,11,11,4
1,12,9,2,6,14,3,10,9,7,9,15,15,8,12,4,1,4,5,13,11,7,11,11,9,15,10,8,10,3,10,5,13,3,2,2,5,5,1,13,13,4,9,1,14,2,2,9,4,1,2,2,6,3,2,2,9,14,12,14,1,13,2,3,0,5,15,9,13,0,14,10,1,4,10,14,15,0,7,13,10,7,10,6,0,0,6,2,11,4,79,3,13,5,1,13,10,14,6,6,15,9,10,10,4,7,0,1,13,11,1,9,11,9,6,15,12,11,9,14,11,14,4,5,11,12,5,10,6,7,6,13,3,10,7,7,13,3,325,370,365,4,1,14,10,9,15,14,7,7
11,6,5,8,1,13,15,12,6,6,3,13,0,9,0,7,8,0,8,0,5,2,5,10,11,6,9,6,9,2,2,2,14,3,14,6,1,4,7,0,11,1,8,3,15,3,0,7,14,7,5,0,1,14,1,1,8,6,2,9,1,15,3,9,9,6,0,11,8,0,1,10,4,2,1,9,10,9,6,6,6,14,3,2,9,13,8,4,58,202,80,167,12,2,15,4,9,0,15,14,14,0,10,14,9,7,13,2,11,6,11,5,2,6,11,4,0,5,4,2,7,7,15,7,7,0,58,0,7,6,5,8,11,7,15,1,1,11,1,298,371,8,13,4,10,12,3,0,4,5
4,4,15,11,6,14,10,8,14,5,8,8,6,181,139,0,5,15,8,6,11,9,3,7,11,0,7,13,10,11,3,12,13,1,11,15,5,7,15,2,10,11,12,12,5,2,15,13,5,4,2,1,13,6,9,10,12,10,11,14,8,11,9,7,14,12,10,10,14,14,0,8,6,1,11,15,5,7,2,6,1,11,12,10,5,79,65,209,59,203,81,168,132,72,7,7,6,0,3,3,6,7,6,4,9,9,1,4,0,13,1,2,7,10,11,2,15,2,11,1,79,15,4,6,4,181,59,153,2,1,2,12,11,9,12,1,5,1,2,299,372,337,277,277,274,283,277,271,268,274
1,2,0,9,1,14,13,7,1,4,4,51,195,182,140,216,15,1,6,5,0,5,4,3,0,12,72,4,5,5,2,15,14,3,7,3,7,0,9,4,14,1,3,2,11,10,10,2,14,4,8,0,8,3,12,0,10,15,14,4,14,12,14,8,12,14,14,15,12,9,1,11,10,13,7,9,13,7,14,0,7,10,12,9,181,80,66,210,60,204,82,169,133,73,153,0,8,2,4,11,12,11,15,11,13,15,3,9,3,9,11,6,7,0,7,12,13,9,7,181,80,139,10,15,209,182,60,154,167,1,4,7,3,4,13,5,2,13,3,303,373,338,278,278,275,284,278,272,269,275
15,0,1,5,5,0,12,14,14,13,174,52,196,183,141,217,5,1,1,8,8,4,6,11,14,188,73,132,13,2,79,58,12,4,7,5,11,9,13,14,2,0,3,12,8,14,5,9,0,7,2,7,9,10,7,12,9,3,11,1,3,13,12,14,5,0,3,9,0,6,14,5,2,13,15,0,11,11,13,2,5,4,10,181,182,81,67,211,61,205,83,170,134,74,154,153,12,11,1,13,8,5,10,0,2,11,12,1,0,13,13,3,51,0,3,11,10,10,195,182,81,140,153,65,249,183,61,155,168,160,6,0,0,12,7,2,3,10,4,319,256,339,279,279,276,285,279,273,270,276
2,2,7,15,1,7,13,13,11,195,175,53,197,184,142,218,5,7,15,14,14,2,8,9,174,189,74,133,132,188,80,59,146,13,5,4,7,14,0,9,14,10,12,11,6,10,1,12,8,8,3,11,9,3,6,1,13,3,11,15,12,1,11,7,7,15,1,6,4,4,12,12,9,1,9,8,15,2,4,2,6,13,222,182,183,82,68,212,62,206,84,171,135,75,155,154,160,72,65,1,8,4,0,8,0,2,2,8,8,1,11,174,52,146,6,0,3,195,196,183,82,141,154,66,250,184,62,156,169,161,146,72,72,6,14,10,4,7,12,10,257,325,322,304,264,262,256,264,256,266
15,8,9,3,6,3,6,44,188,196,176,54,198,185,143,219,9,15,5,4,15,0,0,181,175,190,75,134,133,189,81,60,147,160,72,72,12,5,6,10,2,8,2,14,6,14,3,10,8,4,3,15,0,9,8,2,2,8,11,2,14,12,202,139,58,202,216,14,3,0,0,1,0,4,4,9,7,2,7,15,11,1,223,183,184,83,69,213,63,207,85,172,136,76,156,155,161,73,66,160,3,0,14,9,0,12,2,15,6,3,174,175,53,147,146,51,209,196,197,184,83,142,155,67,251,185,63,157,170,162,147,73,73,160,12,10,2,5,15,5,5,6,298,292,265,263,257,265,257,267
7,3,12,6,10,11,195,45,189,197,177,55,199,186,144,220,11,3,9,8,1,2,222,182,176,191,76,135,134,190,82,61,148,161,73,73,216,13,2,11,6,12,12,6,13,3,0,8,11,174,167,79,44,10,0,7,12,8,2,4,5,209,203,140,59,203,217,7,7,10,4,10,4,10,3,0,7,2,9,14,8,11,224,184,185,84,70,214,64,208,271,173,137,77,157,156,162,74,67,161,216,4,2,3,2,0,9,12,0,222,175,176,54,148,147,52,210,197,198,185,84,143,156,68,252,186,64,158,171,163,148,74,74,161,216,12,4,6,8,14,3,10,299,293,7,14,9,7,8,2
0,13,9,10,7,195,196,46,190,198,178,56,200,187,145,221,3,15,7,8,12,12,223,183,177,192,77,136,135,191,83,62,149,162,74,74,217,10,6,4,3,8,13,0,6,2,12,15,222,175,168,80,45,153,8,1,13,0,5,3,209,210,204,141,60,204,218,7,2,4,6,4,1,0,3,0,15,15,12,3,6,15,225,185,186,85,71,215,280,361,272,328,138,78,158,157,163,75,68,162,217,4,15,4,8,7,15,3,9,223,176,177,55,149,148,53,211,198,199,186,85,144,157,69,253,187,3,159,172,164,149,75,75,162,217,5,5,12,5,12,9,5,294,371,11,6,2,5,15,13
1,2,5,11,222,196,197,47,191,199,179,57,201,2,108,111,4,3,6,8,6,10,224,184,178,193,78,137,136,192,84,63,150,163,75,75,218,10,6,11,7,9,12,0,13,8,10,12,223,176,169,81,46,154,153,10,13,12,4,174,210,211,205,142,61,205,219,7,12,9,3,2,15,6,0,13,7,5,13,0,4,6,226,186,187,283,283,361,281,362,273,329,334,271,159,158,164,76,69,163,218,2,1,12,13,2,8,13,4,224,177,178,56,150,149,54,212,199,200,187,9,145,158,70,254,14,4,2,173,165,150,76,76,163,218,9,6,1,2,1,6,11,295,372,337,3,11,14,10,11
14,13,10,9,223,197,198,48,192,200,180,3,14,10,228,1,14,1,1,13,11,7,225,185,179,194,14,138,137,193,85,64,151,164,76,76,219,13,2,7,3,11,12,10,0,11,14,8,224,177,170,82,47,155,154,146,51,65,174,175,211,212,206,143,62,206,220,10,5,3,8,15,12,14,3,15,12,3,5,5,9,10,227,187,366,284,284,362,282,363,29,330,335,272,343,159,165,77,70,164,219,10,11,8,12,5,10,0,7,225,178,179,57,151,150,55,213,200,201,3,12,8,159,71,255,10,0,1,11,166,151,77,77,164,219,4,7,4,13,0,8,9,303,373,338,334,271,271,268,271
10,12,6,14,224,198,199,49,193,201,8,8,0,7,229,139,11,7,8,9,6,15,226,186,180,4,9,8,138,194,14,14,152,165,77,77,220,12,9,4,3,4,8,12,14,8,0,7,225,178,171,83,48,156,155,147,52,66,175,176,212,213,207,144,63,207,221,5,5,14,11,2,1,1,11,13,8,11,8,12,10,2,226,11,367,285,285,363,20,31,25,23,336,273,344,364,166,78,71,165,220,7,3,13,12,8,10,6,13,226,179,180,1,152,151,56,214,201,9,8,1,11,14,15,9,4,9,12,6,13,152,78,78,165,220,3,5,5,15,12,10,13,325,266,339,335,272,272,269,272
15,2,9,15,225,199,200,50,194,2,11,1,13,13,230,140,132,3,13,15,0,11,227,187,7,11,3,9,4,0,3,11,1,166,78,78,221,7,7,11,7,10,6,13,6,13,15,15,226,179,172,84,49,157,156,148,53,67,176,177,213,214,208,145,64,208,106,5,1,1,13,3,5,0,14,4,3,5,6,3,8,0,227,9,294,31,19,25,21,20,28,27,21,21,345,365,0,13,9,166,221,11,0,15,1,9,13,2,5,227,180,3,4,11,152,57,215,3,14,1,6,10,4,4,10,8,13,0,5,0,4,6,0,166,221,0,11,8,4,9,6,10,12,267,321,336,273,273,270,273
9,2,6,13,226,200,201,11,13,0,1,11,1,1,231,141,133,167,58,7,5,14,107,10,5,2,8,13,5,13,13,12,1,14,7,110,113,8,3,14,11,7,10,1,4,9,0,8,227,180,173,85,50,158,157,149,54,68,177,178,214,215,8,13,5,114,113,10,5,1,11,1,5,12,14,6,5,8,5,11,5,5,123,128,295,19,23,21,304,264,316,28,27,20,31,292,15,0,9,118,115,1,7,0,7,4,1,14,8,107,14,15,0,11,10,8,7,0,5,2,2,14,5,13,1,14,8,12,13,14,12,3,6,110,119,1,3,9,4,10,7,13,13,8,1,325,262,262,258,264
15,8,10,4,227,201,9,3,2,12,10,11,6,8,232,142,134,168,59,216,9,15,131,32,124,2,5,1,2,1,5,5,12,10,108,119,2,7,8,12,8,8,13,13,5,8,3,8,131,130,10,10,10,159,158,150,55,69,178,179,215,12,6,3,1,92,10,8,13,2,12,6,5,5,9,5,15,15,51,11,0,10,11,96,296,29,21,16,288,265,319,262,318,16,21,293,5,5,1,106,9,3,3,11,4,0,3,13,6,123,126,1,15,5,14,6,9,15,14,7,11,1,11,2,4,1,13,15,3,8,7,5,12,106,3,15,15,12,8,14,13,3,14,10,13,4,263,263,259,265
5,7,1,12,127,42,120,12,7,14,1,15,0,2,233,143,135,169,60,217,7,7,9,33,104,6,13,4,7,13,5,3,0,118,111,9,15,4,6,1,11,8,8,1,2,5,2,3,0,107,12,12,5,15,159,151,56,70,179,180,8,6,14,8,11,93,12,10,13,2,58,8,15,4,3,72,44,209,52,153,4,8,6,97,297,28,22,19,289,4,7,263,303,23,306,307,4,11,108,119,6,8,14,3,13,5,3,2,2,8,131,32,120,4,5,8,9,2,6,2,7,10,1,12,8,4,11,4,2,12,2,1,8,235,44,8,2,14,11,4,15,1,13,10,8,0,14,13,7,0
15,9,1,12,9,43,102,11,14,1,1,9,4,5,234,144,136,170,61,218,9,7,6,11,105,12,5,8,5,1,4,2,2,228,11,13,9,6,8,5,72,58,44,5,6,13,12,13,44,249,8,8,3,9,6,152,57,71,180,11,6,1,12,9,4,92,13,2,8,188,59,167,51,79,174,73,45,210,53,154,139,10,14,249,325,266,258,262,307,7,2,7,325,260,309,8,9,9,106,6,10,7,11,10,3,14,13,15,11,0,13,33,98,11,1,4,5,9,7,14,8,0,0,112,126,4,5,7,3,6,12,11,8,236,45,139,10,3,12,10,13,3,10,14,10,13,1,9,4,13
0,1,1,14,13,13,103,13,5,10,14,13,13,13,6,145,137,171,62,219,5,6,7,13,107,8,5,2,7,12,2,3,10,229,132,15,5,4,14,188,73,59,45,146,7,9,7,188,45,250,9,6,7,2,15,9,12,4,6,11,0,12,10,14,3,93,13,2,181,189,60,168,52,80,175,74,46,211,54,155,140,160,209,250,10,267,259,263,14,1,2,6,1,261,3,11,10,9,235,11,11,1,14,13,13,2,7,0,4,4,12,2,99,8,6,13,1,13,12,8,13,8,114,115,249,8,8,1,8,1,11,13,8,237,46,140,160,58,202,216,9,1,4,14,4,7,4,11,12,8
15,10,15,3,15,15,127,120,11,6,3,4,6,4,2,13,138,172,63,220,13,13,15,3,131,120,10,7,15,5,4,13,5,230,133,132,79,79,195,189,74,60,46,147,146,65,209,189,46,251,11,12,7,4,15,8,13,11,14,0,4,12,5,7,108,111,79,188,182,190,61,169,53,81,176,75,47,212,55,156,141,161,210,251,14,3,8,2,4,8,13,9,5,13,0,1,12,7,236,216,8,15,5,14,6,5,15,0,5,6,3,12,107,11,2,7,9,0,7,8,1,11,228,181,250,10,14,4,11,12,10,1,1,238,47,141,161,59,203,217,0,4,10,1,9,2,6,14,4,11
2,4,4,3,10,10,3,121,124,9,8,6,10,6,8,12,12,173,64,221,6,1,2,15,10,100,13,13,4,11,2,7,14,231,134,133,80,80,196,190,75,61,47,148,147,66,210,190,47,252,0,11,15,12,12,4,5,7,13,9,13,4,8,2,235,195,80,189,183,191,62,170,54,82,177,76,48,213,56,157,142,162,211,252,0,12,11,2,0,6,2,3,12,11,14,7,12,14,237,217,9,15,9,1,15,8,0,1,2,12,3,10,242,14,12,11,13,10,7,14,0,8,229,182,251,5,12,0,10,0,1,4,15,239,48,142,162,60,204,218,4,11,5,15,3,11,4,8,8,15
9,9,9,5,13,7,9,0,107,4,8,2,6,6,0,15,1,12,114,113,0,3,5,13,10,101,3,4,4,8,1,8,0,232,135,134,81,81,197,191,76,62,48,149,148,67,211,191,48,253,4,11,2,12,15,4,15,14,15,14,7,110,32,120,236,196,81,190,184,192,63,171,55,83,178,77,49,214,57,158,143,163,212,253,12,10,10,6,13,3,4,10,12,3,0,6,12,5,238,218,9,1,15,11,2,11,13,7,11,4,12,209,243,15,9,4,12,0,0,5,13,6,230,183,252,11,10,10,4,6,11,13,10,240,49,143,163,61,205,219,4,1,5,6,9,3,14,0,10,2
3,13,14,8,9,10,10,72,242,3,5,13,12,7,2,13,5,2,88,4,9,8,4,12,10,123,40,130,10,1,8,10,6,233,136,135,82,82,198,192,77,63,49,150,149,68,212,192,49,254,2,1,4,9,14,0,9,1,6,3,1,106,33,102,237,197,82,191,185,193,64,172,56,84,179,78,50,215,283,159,144,164,213,254,14,10,9,1,6,7,9,11,1,11,8,10,10,5,239,219,8,10,8,4,4,9,8,14,9,58,181,210,244,2,15,5,5,15,2,15,114,130,231,184,253,14,4,9,13,7,6,5,9,241,50,144,164,62,206,220,3,1,10,8,0,4,1,1,13,6
3,7,3,15,12,6,181,73,243,13,3,9,2,7,8,8,14,11,89,3,5,6,2,10,4,8,41,107,9,11,8,1,13,234,137,136,83,83,199,193,78,64,50,151,150,69,213,193,50,255,9,2,11,12,6,3,12,3,12,11,110,117,2,103,238,198,83,192,186,194,2,173,57,85,180,10,280,349,284,343,145,165,214,255,12,5,1,15,9,5,14,5,13,11,11,15,11,3,240,220,7,8,9,8,3,2,8,7,202,59,182,211,245,3,5,2,2,11,7,2,235,249,232,185,254,12,5,13,13,7,10,12,13,10,13,145,165,63,207,221,5,9,6,5,2,6,6,4,1,0
6,7,7,0,7,202,182,74,244,5,1,11,13,7,8,12,5,10,88,15,9,13,1,10,15,6,6,123,34,32,126,12,10,9,138,137,84,84,200,194,277,280,277,152,151,70,214,194,2,7,15,11,14,4,1,13,12,8,12,13,86,222,132,242,239,199,84,193,187,8,15,11,6,14,13,366,281,350,285,344,364,166,215,13,8,2,12,9,4,2,10,8,11,2,11,15,4,8,241,235,72,14,11,65,4,9,13,174,203,60,183,212,246,1,10,10,12,0,8,10,236,250,233,186,255,7,11,14,15,1,11,9,0,9,1,3,166,64,208,106,12,10,6,14,6,6,3,10,13,14
3,0,9,9,222,203,183,75,245,15,0,10,12,6,5,15,12,4,89,15,3,15,14,14,0,14,6,12,35,33,96,13,10,7,12,138,85,85,201,355,278,281,278,364,152,71,215,8,15,4,6,2,6,0,4,14,2,1,13,12,87,223,133,243,240,200,85,194,4,1,5,7,3,3,10,367,282,351,29,345,365,0,10,2,15,13,8,5,14,5,9,5,5,12,0,9,1,10,1,236,73,139,174,66,146,72,202,175,204,61,184,213,247,11,13,14,3,12,1,8,237,251,234,187,13,1,7,2,10,0,3,11,15,13,3,1,15,14,108,109,1,6,15,1,2,3,5,12,11,4
13,8,7,0,223,204,184,76,246,5,0,6,7,9,13,14,12,118,117,8,14,15,44,14,1,15,0,0,6,7,97,1,13,3,14,3,14,7,366,356,279,282,279,365,8,13,14,9,6,5,6,3,12,0,10,15,3,1,15,6,106,224,134,244,241,201,15,15,2,9,8,9,12,11,6,303,23,27,26,25,292,4,14,12,3,12,2,4,2,6,12,6,7,9,15,6,10,7,12,237,74,140,175,67,147,73,203,176,205,62,185,214,248,4,3,7,1,14,1,7,238,252,9,11,1,2,5,4,14,15,1,1,11,12,13,6,6,118,109,1,8,1,4,7,6,1,4,11,13,13
8,14,8,0,224,205,185,77,247,1,12,10,0,13,15,13,112,109,0,3,5,202,45,132,15,1,0,9,12,6,107,13,9,4,14,1,2,13,367,357,23,29,26,290,10,5,13,13,1,11,7,8,7,3,5,11,8,14,5,118,109,225,135,245,8,14,2,0,10,4,0,6,15,12,3,321,256,258,320,27,293,4,11,1,14,7,0,7,14,5,4,14,10,2,6,11,6,0,1,238,75,141,176,68,148,74,204,177,206,63,186,215,12,1,0,2,7,4,15,0,239,253,3,6,10,4,8,1,4,0,11,7,8,4,4,15,0,88,15,1,0,4,11,6,1,8,4,4,11,1
6,13,1,5,225,206,186,78,248,1,5,2,14,3,9,5,228,79,58,72,181,203,46,133,167,15,10,5,10,6,249,9,10,14,7,9,12,9,303,27,29,21,17,291,8,8,11,13,5,4,5,10,1,7,10,1,3,13,116,119,8,226,136,246,6,14,11,13,9,10,9,11,0,3,8,14,257,259,325,256,311,5,12,5,15,15,4,12,14,7,3,110,36,122,8,13,14,10,10,239,76,142,177,69,149,75,205,178,207,64,187,1,6,2,8,1,12,4,5,10,240,254,4,15,15,0,15,6,4,8,5,5,3,1,0,12,0,89,7,7,1,14,8,14,12,10,6,9,4,7
9,9,15,0,226,207,187,6,1,4,4,3,4,6,1,7,229,80,59,73,182,204,47,134,168,139,5,0,15,222,250,3,8,10,9,11,5,4,323,316,23,306,266,305,0,2,11,4,12,8,8,12,8,13,2,2,10,118,115,8,4,227,137,247,11,5,2,13,1,4,11,9,9,2,11,3,6,9,4,257,2,11,6,15,10,8,0,12,5,12,8,106,37,107,6,12,13,9,10,240,77,143,178,70,150,76,206,179,208,15,6,13,3,11,10,7,6,1,14,9,241,255,8,0,11,11,1,0,7,6,13,8,13,13,15,7,1,235,0,14,8,14,10,3,3,11,12,10,1,10
4,11,9,6,227,208,11,13,11,10,2,11,14,15,4,12,230,81,60,74,183,205,48,135,169,140,216,8,6,223,251,9,7,6,8,1,2,12,15,303,27,302,267,4,5,6,8,14,9,1,0,15,12,6,11,4,3,94,5,3,2,104,138,248,11,4,3,14,14,108,34,126,1,7,3,7,14,7,0,2,8,7,0,7,11,5,8,5,8,110,34,113,14,125,124,15,13,12,13,241,78,144,179,71,151,77,207,180,15,2,9,10,108,36,120,6,5,10,0,4,3,11,11,7,6,1,10,10,108,120,8,12,7,3,6,12,1,236,139,5,10,2,10,0,3,14,9,11,11,5
10,11,8,10,127,120,0,11,14,15,1,10,5,15,4,7,231,82,61,75,184,206,49,136,170,141,217,11,3,224,252,15,8,15,7,8,6,7,2,321,266,309,6,3,8,13,1,13,11,15,15,12,13,15,10,4,7,95,11,3,15,105,5,9,14,3,9,1,108,113,35,107,6,0,271,14,6,13,7,9,1,11,8,5,4,2,7,5,112,117,35,4,14,1,107,12,13,1,8,1,7,145,180,9,152,78,208,15,5,1,7,116,115,37,98,12,10,2,1,1,2,6,15,3,12,10,12,13,228,249,3,11,6,0,15,12,11,237,140,132,15,2,6,15,8,8,1,13,1,9
9,14,2,3,2,125,126,12,14,5,2,3,5,1,6,7,232,83,62,76,185,207,50,137,171,142,218,0,13,225,253,1,11,2,2,4,12,2,3,5,267,12,5,9,14,7,15,4,9,9,4,14,11,7,12,6,1,106,5,2,6,102,5,15,14,2,12,112,111,1,9,121,124,366,272,364,3,14,5,15,7,11,10,15,7,6,4,14,94,7,13,5,4,14,123,34,120,6,6,12,0,11,13,0,14,7,7,13,5,12,112,115,2,4,99,10,7,2,10,0,3,3,2,13,10,5,7,9,229,250,3,7,13,10,2,14,13,238,141,133,132,1,10,0,10,15,4,3,4,5
14,3,15,8,6,10,107,3,0,8,2,2,15,0,15,2,233,84,63,77,186,208,11,138,172,143,219,12,12,226,254,12,2,12,14,7,12,15,0,7,8,11,1,12,12,5,15,13,12,2,0,8,5,12,11,110,42,115,6,14,5,103,118,38,126,0,3,94,10,3,12,6,104,367,273,365,2,8,5,1,6,13,3,10,2,2,12,3,95,13,13,10,1,10,7,35,131,126,7,13,13,6,14,10,1,4,2,12,116,42,111,4,0,6,104,13,15,1,5,7,12,6,3,15,10,0,13,11,230,251,13,15,5,7,3,6,15,239,142,134,133,160,10,10,13,10,3,0,7,8
7,6,2,13,5,5,242,11,12,6,4,9,2,15,13,13,234,85,64,78,187,8,9,13,173,144,220,11,10,227,255,3,1,4,8,9,12,15,1,12,3,5,9,0,7,5,12,1,5,15,11,11,0,0,4,106,43,9,8,12,1,107,106,39,129,32,130,95,12,13,5,15,105,303,30,302,13,6,14,12,1,8,0,6,10,118,38,34,119,15,15,12,3,11,12,11,8,127,120,12,15,6,12,14,11,5,7,13,106,43,15,0,6,6,105,6,3,8,13,11,10,6,1,5,3,7,6,14,231,252,0,2,4,12,9,5,3,240,143,135,134,161,216,8,2,13,5,4,7,6
2,9,8,9,9,222,243,6,7,10,8,4,8,4,12,7,3,2,3,13,15,10,5,11,6,145,221,13,7,129,32,120,0,6,0,3,4,7,11,9,2,10,9,6,7,14,2,15,7,4,13,0,5,9,1,228,58,65,9,10,11,131,119,14,7,33,123,109,15,65,14,14,107,321,264,313,6,0,13,6,9,8,8,4,13,94,39,35,13,2,4,8,14,7,2,15,3,11,107,2,0,15,2,10,9,11,14,5,235,0,14,13,13,3,107,13,9,13,0,12,13,7,13,1,2,1,7,15,232,253,7,2,15,15,6,11,9,241,144,136,135,162,217,1,5,4,14,4,5,8
3,8,11,6,4,223,244,0,11,10,5,118,42,128,2,9,14,2,2,13,11,5,11,11,1,112,109,0,1,15,33,107,15,4,4,15,12,10,13,3,3,10,3,10,1,4,5,2,11,0,7,14,4,12,13,229,59,66,167,11,8,9,7,12,1,0,44,58,209,66,160,8,123,122,265,8,0,15,15,10,9,8,3,11,10,95,14,11,202,167,4,15,5,5,10,8,79,44,242,0,0,12,2,12,12,5,14,9,236,160,6,0,14,2,129,36,126,12,12,13,7,11,1,4,3,13,13,12,233,254,12,12,14,2,12,13,6,9,145,137,136,163,218,7,5,9,7,8,9,5
14,9,1,2,9,224,245,0,6,6,110,109,43,98,3,13,15,15,9,10,13,14,8,3,3,94,7,2,1,15,13,123,130,13,6,2,12,4,7,11,12,14,2,1,2,283,277,0,15,6,10,11,11,2,8,230,60,67,168,139,5,14,15,2,11,209,45,59,210,67,161,216,4,100,12,8,2,6,12,6,6,9,10,0,7,228,58,188,203,168,160,1,3,6,7,174,80,45,243,1,12,7,10,4,4,3,6,0,237,161,216,9,4,4,11,37,96,6,4,13,7,7,10,9,8,13,9,11,234,255,8,11,14,15,3,3,10,9,10,138,137,164,219,5,9,1,0,11,2,4
8,3,3,3,8,225,246,2,0,11,106,11,2,99,3,8,6,15,8,14,13,11,13,11,14,95,8,7,1,3,1,0,107,10,2,2,3,14,6,5,2,11,12,5,366,284,278,364,1,15,4,13,14,9,5,231,61,68,169,140,153,58,72,44,195,210,46,60,211,68,162,217,1,101,5,2,9,3,8,3,1,6,8,13,12,229,59,189,204,169,161,167,15,7,222,175,81,46,244,3,5,2,13,2,3,5,2,2,238,162,217,15,3,0,8,6,97,3,1,5,9,3,2,9,4,13,3,12,3,1,13,6,12,9,6,8,7,11,7,10,138,165,220,7,1,7,5,6,14,6
6,14,0,8,10,226,247,118,34,32,119,0,13,102,1,2,3,0,13,12,8,9,0,9,114,117,15,9,4,2,13,9,127,130,9,0,14,5,10,4,8,5,277,10,367,285,279,365,6,4,9,366,334,7,13,232,62,69,170,141,154,59,73,45,196,211,47,61,212,69,163,218,0,123,128,0,11,13,12,15,3,2,3,5,0,230,60,190,205,170,162,168,216,0,223,176,82,47,245,15,3,9,9,0,10,11,7,5,239,163,218,15,14,3,6,14,102,10,9,6,4,12,7,0,6,8,2,0,8,12,11,10,6,6,8,15,6,11,1,9,7,166,221,14,14,13,10,4,7,15
1,7,8,12,7,227,248,90,35,33,9,0,12,103,5,6,3,0,15,0,0,9,0,4,92,5,8,10,8,8,4,5,15,107,0,14,3,4,3,1,1,361,278,364,296,28,17,288,12,268,9,367,335,340,7,233,63,70,171,142,155,60,74,46,197,212,48,62,213,70,164,219,4,1,242,5,8,1,9,9,3,4,8,7,1,231,61,191,206,171,163,169,217,8,224,177,83,48,246,3,1,4,8,3,12,2,3,1,240,164,219,11,6,13,3,15,103,6,10,3,5,2,7,14,2,1,13,1,15,11,2,10,11,11,5,4,15,7,13,12,116,42,117,9,14,6,4,3,5,1
13,8,3,14,6,107,9,91,6,1,1,15,2,121,40,120,14,0,3,8,0,3,4,8,93,12,0,12,0,7,9,0,1,242,5,11,1,11,13,11,366,362,279,365,297,17,19,289,366,269,337,377,336,341,343,234,64,71,172,143,156,61,75,47,198,213,49,63,214,71,165,220,4,222,243,12,5,0,4,13,8,7,11,9,7,232,62,192,207,172,164,170,218,7,225,178,84,49,247,13,9,5,12,5,11,1,12,7,241,165,220,9,11,0,1,14,125,32,126,6,10,3,9,12,15,10,7,5,15,14,15,15,7,11,8,6,10,4,9,108,109,43,3,13,0,8,3,7,7,3
6,3,1,4,10,131,40,109,11,4,2,8,11,7,41,107,0,3,1,8,11,7,1,15,92,10,12,8,13,181,153,79,209,243,6,4,6,15,11,1,367,363,27,371,374,308,258,311,367,270,338,378,18,342,344,364,7,9,173,144,157,62,76,48,199,214,50,64,215,0,166,221,9,223,244,11,12,13,10,3,11,10,6,10,3,233,63,193,208,173,165,171,219,2,226,179,85,50,248,1,6,8,4,7,9,14,15,11,5,166,221,7,14,10,8,10,8,33,129,38,122,8,3,11,5,1,8,6,12,5,12,14,13,14,12,0,11,15,12,106,7,1,1,15,13,8,13,8,10,2
14,10,5,5,9,12,41,0,6,8,10,2,5,13,9,125,124,4,0,9,0,7,11,14,93,7,8,13,209,182,154,80,210,244,6,2,13,9,8,6,294,26,25,372,375,288,259,4,303,30,339,379,20,31,345,365,8,0,7,145,158,63,77,49,200,215,2,7,2,13,116,117,11,224,245,9,6,8,1,7,0,6,6,3,15,234,64,194,14,1,166,172,220,8,227,180,7,6,13,11,3,3,6,4,7,1,10,11,5,6,106,7,1,4,1,14,8,0,13,39,100,12,11,15,0,11,2,2,15,7,8,7,4,0,6,2,9,13,114,109,3,10,0,1,2,8,5,6,4,14
3,2,12,8,1,0,8,13,5,9,0,1,9,13,2,58,242,12,14,4,12,118,126,7,106,1,7,188,210,183,155,81,211,245,13,11,8,7,3,8,295,19,29,373,376,289,7,7,377,19,310,256,324,18,27,302,2,8,13,11,159,64,78,50,201,13,15,9,10,3,86,8,8,225,246,1,0,8,10,7,7,5,15,0,3,15,8,0,7,1,9,173,221,14,129,126,6,0,7,268,1,3,4,5,6,7,8,2,13,114,113,0,1,5,8,2,4,13,2,7,101,14,4,6,1,9,7,15,13,15,11,9,12,0,4,0,10,4,235,1,1,6,3,1,5,12,15,4,8,1
0,7,4,0,7,8,0,1,3,5,11,13,51,44,209,59,243,6,5,2,7,90,131,42,119,14,195,189,211,184,156,82,212,246,5,9,14,15,14,12,323,320,22,24,27,368,274,358,378,22,290,257,294,304,264,315,12,3,12,14,15,4,2,9,4,1,10,12,5,3,87,13,10,226,247,4,9,14,5,12,4,6,13,2,5,12,4,2,9,11,112,36,109,12,4,107,12,15,366,269,337,1,6,15,10,6,11,13,1,86,4,13,0,13,6,7,11,0,7,8,107,5,15,13,7,14,5,116,128,2,11,0,10,0,5,7,12,6,236,216,0,9,14,14,5,7,15,13,7,4
8,6,0,9,3,9,2,10,2,6,1,222,52,45,210,60,244,15,13,14,13,91,5,43,14,209,196,190,212,185,157,83,213,247,0,8,6,9,7,14,6,303,18,19,26,369,275,359,379,18,291,5,295,302,265,6,3,5,2,0,10,14,8,4,8,8,15,2,3,3,86,2,7,227,248,6,3,7,0,7,12,14,7,15,11,14,0,9,7,13,106,37,14,0,14,123,42,128,367,270,338,364,15,4,13,5,15,4,4,87,5,13,12,0,2,15,4,14,7,11,129,122,5,5,6,9,9,106,100,0,14,7,15,14,11,4,2,15,237,217,2,12,8,14,2,11,10,5,12,7
2,15,6,8,8,13,2,0,15,8,14,223,53,46,211,61,245,1,3,13,8,90,6,5,181,210,197,191,213,186,158,84,214,248,4,0,12,3,11,12,14,325,256,316,22,370,276,360,314,262,315,277,374,371,9,2,13,7,8,14,2,1,1,0,4,15,3,10,11,11,87,10,13,107,4,10,116,126,9,9,6,3,0,12,10,15,9,13,0,116,117,13,15,8,2,14,43,104,300,29,339,365,108,36,120,4,110,32,32,117,12,4,3,2,7,3,11,7,4,13,1,125,130,15,114,40,32,115,101,11,10,110,32,120,3,13,14,13,238,218,6,12,6,4,8,3,13,2,7,0
1,0,2,3,3,15,5,12,0,2,1,224,54,47,212,62,246,5,6,13,0,91,14,222,182,211,198,192,214,187,159,85,215,15,1,15,8,14,10,11,11,3,257,303,18,25,25,16,302,263,366,278,375,372,364,8,6,6,9,13,12,12,4,2,10,14,13,9,5,108,109,0,11,129,124,1,106,96,7,0,11,9,2,11,1,9,5,6,14,228,72,51,8,3,10,9,2,105,301,18,19,302,86,37,98,3,94,33,33,8,5,9,6,9,13,0,12,2,8,1,12,5,107,13,106,41,33,14,121,120,13,106,33,107,14,13,4,2,239,219,11,1,13,2,12,0,6,11,6,15
7,13,11,3,2,15,3,13,4,0,6,225,55,48,213,63,247,13,10,7,6,106,10,223,183,212,199,193,215,14,1,13,5,5,2,4,8,0,12,13,11,12,7,377,30,24,28,314,309,0,367,279,376,373,365,6,1,9,9,1,3,10,15,3,1,5,2,1,1,90,11,7,9,8,121,34,119,97,10,13,12,8,12,11,11,0,2,10,15,229,73,52,146,79,72,8,12,107,317,260,266,315,87,6,99,15,95,2,2,10,3,6,12,1,10,9,9,10,1,15,7,0,131,40,119,1,0,14,2,123,38,115,9,129,120,5,5,10,240,220,1,10,10,13,2,8,7,3,6,0
13,6,2,4,8,5,8,5,11,3,7,226,56,49,214,64,248,5,15,3,11,228,15,224,184,213,200,194,10,7,14,9,3,4,1,12,11,11,1,2,1,14,366,378,29,23,28,290,7,6,303,21,22,20,302,2,1,0,12,9,3,9,13,14,15,14,2,4,13,91,0,13,11,13,4,35,8,107,7,10,4,0,0,1,12,3,6,4,1,230,74,53,147,80,73,139,5,123,130,261,267,112,119,8,107,10,88,9,6,7,0,10,7,12,1,0,12,3,5,7,4,11,8,41,14,13,6,14,6,3,39,12,4,14,100,2,15,11,241,221,1,15,13,13,3,9,7,6,14,7
1,1,10,14,1,15,5,15,2,8,11,227,57,50,215,13,7,0,8,2,14,229,216,225,185,214,201,12,1,8,10,15,2,2,11,5,10,3,14,7,11,4,367,379,23,20,19,291,7,7,319,320,25,312,313,14,4,2,9,4,0,4,14,0,13,110,36,122,2,92,7,9,7,12,13,13,8,129,130,2,6,13,8,5,5,13,9,10,1,231,75,54,148,81,74,140,146,7,129,32,42,113,6,5,242,6,89,1,6,14,5,14,5,1,7,4,13,79,9,6,9,4,6,14,10,6,8,9,13,8,9,1,14,10,101,6,13,13,116,113,5,11,15,10,11,0,14,4,8,4
13,11,12,2,14,8,0,3,5,0,3,123,120,1,9,2,15,7,7,4,0,230,217,226,186,215,2,6,2,4,15,8,12,8,12,11,5,8,3,0,5,14,303,28,25,25,16,302,9,11,15,303,23,302,6,1,13,4,13,3,15,2,6,12,6,92,37,100,12,93,12,2,5,0,0,8,5,4,121,126,9,1,13,1,10,0,9,0,9,232,76,55,149,82,75,141,147,167,7,33,43,8,11,174,243,116,111,3,51,181,132,51,9,2,2,15,202,80,160,15,12,9,9,10,13,9,0,13,0,9,6,10,6,7,107,108,36,122,106,12,5,9,5,3,3,8,11,10,8,9
3,10,0,10,12,10,12,2,2,8,3,13,129,32,128,2,7,5,0,4,15,231,218,227,187,0,11,6,4,7,7,5,1,12,8,116,42,122,6,1,5,3,323,266,318,21,304,315,11,1,14,321,262,309,13,8,10,7,2,10,12,6,5,2,8,93,5,101,118,117,9,14,6,4,2,12,202,153,79,249,3,2,4,10,5,15,3,12,1,233,77,56,150,83,76,142,148,168,132,65,51,51,209,175,244,228,51,174,52,182,133,52,146,58,58,188,203,81,161,146,10,1,10,12,5,2,13,15,2,3,12,11,1,6,121,115,37,129,111,7,13,9,6,7,6,5,8,7,7,9
14,7,4,12,15,12,11,4,2,8,6,6,7,33,104,12,11,1,0,15,6,232,219,125,120,4,1,13,116,34,126,10,7,4,118,119,43,107,6,4,5,5,5,267,303,22,302,11,10,10,7,0,263,0,7,0,7,8,8,4,7,2,6,0,15,106,3,107,106,15,9,2,8,6,15,181,203,154,80,250,12,5,8,11,10,5,13,14,4,234,78,57,151,84,77,143,149,169,133,66,52,52,210,176,245,229,52,175,53,183,134,53,147,59,59,189,204,82,162,147,216,13,12,5,12,7,7,13,10,7,5,8,15,10,12,6,9,4,4,13,9,13,5,13,9,13,10,4,4,1
8,14,6,7,4,6,12,0,10,9,9,15,14,12,105,6,1,11,10,8,9,233,220,10,104,10,4,1,106,35,104,2,1,3,92,11,10,249,8,12,5,3,1,9,321,262,307,4,4,2,4,4,9,10,6,7,6,15,8,6,15,9,11,12,110,117,6,129,119,2,7,222,167,58,174,182,204,155,81,251,0,12,4,3,4,6,14,12,1,5,4,12,152,85,78,144,150,170,134,67,53,53,211,177,246,230,53,176,54,184,135,54,148,60,60,190,205,83,163,148,217,15,14,6,3,0,2,13,11,13,7,6,10,0,9,13,12,8,13,10,2,3,4,12,5,7,3,3,4,6
10,0,0,13,12,12,8,1,13,3,15,1,15,2,121,120,15,6,0,13,5,234,221,5,105,10,1,112,117,1,105,8,9,9,93,3,222,250,9,0,0,8,6,8,0,263,5,8,6,7,7,15,15,3,11,12,14,3,3,9,8,8,14,13,106,14,1,14,4,9,6,223,168,59,175,183,205,156,82,252,13,1,3,13,6,5,8,13,4,0,7,11,2,3,10,145,151,171,135,68,54,54,212,178,247,231,54,177,55,185,136,55,149,61,61,191,206,84,164,149,218,5,0,14,12,7,13,13,12,14,8,1,11,1,8,7,7,9,3,8,7,13,8,13,8,12,6,8,6,13
7,12,5,4,14,5,10,15,12,12,11,5,3,58,79,249,0,0,10,15,2,3,106,9,98,10,7,90,3,7,121,120,12,15,92,12,223,251,8,14,5,7,1,6,9,11,11,9,12,4,6,6,1,10,7,8,10,3,6,5,1,2,0,2,228,58,44,11,10,1,9,224,169,60,176,184,206,157,83,253,7,15,9,8,7,9,8,8,11,11,5,5,13,15,8,14,152,172,136,69,55,55,213,179,248,232,55,178,56,186,137,56,150,62,62,192,207,85,165,150,219,7,5,3,7,1,6,6,7,1,3,11,2,3,4,14,12,2,1,10,3,0,5,3,10,6,14,3,0,2
10,14,13,14,3,3,8,13,13,3,9,3,195,59,80,250,12,6,9,5,118,42,113,9,99,118,126,91,6,13,12,127,124,14,93,15,224,252,4,0,15,13,4,12,9,4,14,13,5,14,5,11,4,11,15,12,10,14,11,13,11,5,10,6,229,59,45,146,65,14,3,225,170,61,177,185,207,158,84,254,7,2,10,10,7,8,6,11,11,0,6,2,0,2,14,1,5,173,137,70,56,56,214,180,12,233,56,179,57,187,138,57,151,63,63,193,208,15,166,151,220,6,6,11,12,12,11,13,6,9,15,14,6,12,6,5,1,11,2,11,4,8,13,3,14,10,13,1,11,11
1,11,12,10,5,4,6,1,9,15,14,222,196,60,81,251,2,7,3,15,86,43,6,2,123,109,107,106,9,15,13,15,107,15,88,4,225,253,6,3,10,2,1,1,6,14,1,1,10,6,277,3,15,7,8,5,1,6,12,10,10,13,13,10,230,60,46,147,66,216,14,226,171,62,178,186,208,159,85,255,15,12,1,1,14,1,12,9,11,15,1,1,9,8,5,3,4,7,138,71,57,57,215,4,0,234,57,180,15,11,6,12,152,64,64,194,0,2,14,152,221,11,5,3,7,8,10,1,15,2,12,11,14,7,9,15,14,11,3,0,11,6,2,2,12,14,14,14,0,14
8,15,2,13,14,9,4,1,15,7,4,223,197,61,82,252,4,2,8,15,87,14,7,7,10,3,121,119,2,6,1,15,127,122,89,3,226,254,13,10,3,15,0,14,8,13,5,8,15,361,278,337,11,4,8,0,10,8,12,9,5,8,10,0,231,61,47,148,67,217,6,227,172,63,179,187,6,8,2,1,1,3,7,14,5,10,1,112,130,15,13,4,2,5,6,4,11,3,7,0,2,14,4,1,11,1,15,8,1,0,14,11,14,2,15,3,12,7,12,13,106,4,15,3,6,4,15,13,10,11,13,0,3,15,11,1,14,14,7,14,2,11,2,14,12,10,6,14,12,7
0,14,13,6,13,5,14,13,10,8,2,224,198,62,83,253,9,15,1,1,106,6,13,6,11,3,15,2,9,14,174,146,0,121,117,12,227,255,12,6,8,12,15,0,14,3,6,10,366,362,279,338,337,12,6,10,10,7,8,12,8,13,15,2,232,62,48,149,68,218,15,100,173,64,180,12,15,1,10,13,12,13,1,1,2,6,10,90,98,15,7,4,11,4,9,11,3,3,9,6,15,3,14,9,8,7,15,10,6,11,12,12,6,9,10,14,9,114,34,32,115,12,10,4,4,4,15,0,6,14,2,15,11,1,7,0,4,1,12,8,5,9,11,8,13,5,1,11,2,5
13,9,1,7,3,10,9,8,3,8,12,225,199,63,84,254,15,9,9,114,115,11,12,7,202,132,58,51,79,188,175,147,216,11,15,15,102,10,3,118,34,124,2,2,0,8,15,1,367,363,31,339,338,364,6,15,0,2,1,15,3,13,2,3,233,63,49,150,69,219,8,101,10,1,10,3,12,0,12,14,6,2,6,1,10,8,15,91,99,1,4,9,11,0,1,14,6,4,11,7,14,4,14,15,0,13,8,0,2,9,11,1,6,14,4,2,114,117,35,33,7,0,10,3,14,12,12,3,4,15,0,3,8,4,11,14,10,15,15,2,0,15,14,5,2,2,1,7,3,13
8,11,13,10,3,3,3,1,3,13,14,226,200,64,85,255,6,7,11,235,1,5,15,174,203,133,59,52,80,189,176,148,217,3,4,11,103,9,118,113,35,96,2,4,0,3,283,280,377,19,20,26,339,365,2,0,283,12,3,13,0,3,0,13,234,64,50,151,70,220,14,129,128,4,14,14,5,10,14,7,15,13,0,15,5,0,116,115,121,128,15,6,6,11,4,1,1,15,8,14,11,4,12,14,13,14,14,2,12,14,11,13,4,7,12,10,106,9,12,2,2,3,10,12,7,11,10,1,9,11,4,13,3,13,15,6,6,6,1,9,0,5,6,2,11,0,11,3,7,4
2,13,8,0,6,6,6,9,11,10,12,227,201,15,11,10,14,7,7,236,160,58,202,175,204,134,60,53,81,190,177,149,218,4,12,5,129,38,117,6,7,97,10,8,7,366,284,281,378,28,16,18,26,368,268,355,284,364,13,4,5,2,15,1,6,6,13,152,71,221,4,6,107,5,13,11,8,4,9,13,10,4,5,9,12,5,106,8,1,107,10,2,15,15,14,5,118,36,126,1,2,10,7,3,6,3,13,15,12,12,4,5,10,12,2,118,113,10,6,2,8,15,13,5,6,7,11,4,11,12,7,15,0,14,0,7,0,11,8,5,5,7,0,0,6,8,2,2,9,1
6,6,6,11,2,9,4,1,11,5,7,107,114,32,120,7,13,3,9,237,161,59,203,176,205,135,61,54,82,191,178,150,219,4,10,13,8,39,79,79,3,131,122,7,13,367,285,282,379,28,27,31,27,369,269,356,285,365,14,11,9,13,7,11,6,4,4,12,2,90,10,10,123,122,14,15,5,3,4,7,10,12,6,6,8,108,119,13,11,125,122,9,14,8,108,122,106,37,98,12,11,2,4,0,4,2,8,8,2,3,1,3,1,1,110,115,10,6,2,0,10,8,10,3,11,5,1,14,5,6,12,4,5,9,2,13,11,0,7,7,9,5,9,10,7,13,3,12,0,7
8,0,2,13,14,15,2,13,11,1,14,127,109,33,102,5,14,10,15,238,162,60,204,177,206,136,62,55,83,192,179,151,220,15,10,7,4,202,80,80,146,5,96,14,10,303,26,26,25,17,24,29,30,370,270,357,19,368,10,14,10,11,10,10,13,13,4,7,5,91,13,0,13,129,36,122,13,3,14,7,14,5,3,1,5,106,1,8,10,14,125,32,126,8,88,121,113,6,99,11,15,5,9,1,1,8,13,0,13,4,5,4,114,40,111,3,5,7,4,10,5,12,11,7,15,15,3,202,132,72,9,12,1,10,11,11,4,10,9,5,13,1,13,15,3,0,9,10,10,5
4,4,7,9,0,7,2,2,1,13,9,6,2,13,103,4,10,15,7,239,163,61,205,178,207,137,63,56,84,193,180,152,221,6,13,65,202,203,81,81,147,216,97,110,120,321,320,18,29,16,16,310,322,31,29,29,21,369,364,11,6,0,2,14,4,0,13,3,2,86,11,4,3,12,37,107,1,2,9,7,14,3,8,118,32,117,3,3,7,2,3,33,107,2,89,7,5,12,242,4,6,5,5,5,10,13,13,9,1,4,9,7,106,41,11,13,12,0,3,13,15,4,9,12,6,1,181,203,133,73,146,2,5,8,8,4,1,7,9,7,13,4,9,12,11,13,11,0,4,3
15,10,9,1,14,2,8,12,3,5,14,0,11,7,102,7,3,6,11,240,164,62,206,179,208,138,64,57,85,194,10,118,117,2,195,66,203,204,82,82,148,217,96,94,102,13,294,25,27,26,17,292,296,19,19,22,24,370,365,14,13,8,2,6,1,13,0,6,5,87,0,4,4,11,9,127,126,9,1,14,12,4,12,106,33,2,3,65,79,72,79,72,249,108,119,6,12,188,243,10,6,2,15,10,2,7,8,8,14,12,2,9,228,9,0,1,6,3,14,51,12,1,8,11,4,188,182,204,134,74,147,216,2,12,0,5,7,14,1,3,0,1,6,10,15,1,12,4,2,14
6,2,6,0,12,6,10,15,4,3,11,3,14,11,103,2,12,2,0,241,165,63,207,180,0,6,1,15,15,1,5,235,44,195,196,67,204,205,83,83,149,218,97,95,103,1,295,16,30,29,24,293,297,17,27,19,304,258,313,3,3,7,1,1,13,4,10,14,11,106,0,14,7,58,65,58,249,15,13,0,4,12,10,228,58,65,174,66,80,73,80,73,250,235,58,65,174,189,244,5,3,15,15,2,2,9,13,3,11,9,1,2,229,160,79,12,10,3,222,52,146,8,1,9,181,189,183,205,135,75,148,217,2,9,3,13,11,0,10,4,6,0,5,1,6,13,10,2,0,1
15,2,15,15,2,1,14,7,11,5,44,58,5,0,107,0,13,11,9,2,166,64,208,10,1,12,4,5,6,4,4,236,45,196,197,68,205,206,84,84,150,219,125,113,107,1,303,308,260,320,30,290,323,316,20,16,302,259,11,15,15,4,6,4,14,0,8,14,114,111,7,9,209,59,66,59,250,6,283,7,2,14,9,229,59,66,175,67,81,74,81,74,251,236,59,66,175,190,245,11,118,128,7,4,15,1,10,0,13,6,14,1,230,161,80,216,12,0,223,53,147,132,72,188,182,190,184,206,136,76,149,218,4,3,13,12,3,7,13,6,1,5,10,12,12,4,13,7,1,6
14,15,1,11,3,12,0,15,7,181,45,59,139,65,242,11,15,6,9,4,1,2,3,14,2,1,4,9,10,14,7,237,46,197,198,69,206,207,85,85,151,220,14,6,131,124,321,305,261,298,19,291,10,298,20,312,313,0,1,6,13,14,4,3,1,11,1,11,106,12,13,188,210,60,67,60,251,366,284,364,7,9,6,230,60,67,176,68,82,75,82,75,252,237,60,67,176,191,246,9,106,104,2,11,14,15,5,6,5,0,6,13,231,162,81,217,15,2,224,54,148,133,73,189,183,191,185,207,137,77,150,219,3,4,8,0,5,7,5,13,8,14,5,0,12,9,7,1,6,5
9,12,11,0,2,6,15,4,222,182,46,60,140,66,243,6,0,5,7,4,2,9,3,1,112,36,120,1,2,6,12,238,47,198,199,70,207,208,1,4,152,221,6,6,8,98,10,6,13,299,25,292,0,299,24,288,11,10,7,3,5,0,1,0,2,5,7,2,235,44,202,189,211,61,68,61,252,367,285,365,6,13,13,231,61,68,177,69,83,76,83,76,253,238,61,68,177,192,247,108,113,105,5,8,11,11,8,9,11,14,11,10,232,163,82,218,11,9,225,55,149,134,74,190,184,192,186,208,138,78,151,220,3,15,13,6,14,7,15,0,1,14,2,8,0,0,13,4,4,1
8,8,7,4,2,5,15,9,223,183,47,61,141,67,244,7,6,6,15,6,11,0,4,6,88,37,107,5,10,1,14,239,48,199,200,71,208,15,12,1,0,106,2,14,9,99,4,10,12,303,26,293,9,377,25,289,7,2,5,349,328,12,2,4,7,9,280,13,236,45,203,190,212,62,69,62,253,296,30,371,8,7,14,232,62,69,178,70,84,77,84,77,254,239,62,69,178,193,248,106,15,100,14,7,14,12,6,9,9,0,1,10,233,164,83,219,1,1,226,56,150,135,75,191,185,193,187,14,3,3,152,221,5,4,6,4,13,2,14,14,12,12,0,13,12,1,9,12,4,6
5,10,0,1,8,9,12,15,224,184,48,62,142,68,245,15,1,4,11,4,10,6,8,8,89,7,121,120,12,2,2,240,49,200,201,6,8,4,4,2,112,119,13,5,7,242,15,9,14,321,264,315,366,378,17,286,3,8,366,350,329,364,9,0,3,349,281,364,237,46,204,191,213,63,70,63,254,297,17,372,340,349,364,233,63,70,179,71,85,78,85,78,255,240,63,70,179,194,112,109,0,101,10,15,5,5,12,2,11,0,3,3,234,165,84,220,0,10,227,57,151,136,76,192,186,194,10,4,7,7,110,115,11,5,0,5,1,8,14,1,8,5,7,9,8,2,2,13,14,0
0,11,5,3,2,13,11,0,225,185,49,63,143,69,246,9,2,9,7,3,8,2,8,6,228,65,79,242,15,15,15,241,50,201,3,9,12,7,1,6,228,79,79,58,188,243,3,0,114,124,265,6,367,379,25,287,15,9,367,351,330,365,0,9,358,350,282,365,238,47,205,192,214,64,71,64,255,377,25,373,341,350,365,234,64,71,180,8,13,0,13,8,14,241,64,71,180,12,106,4,12,127,124,15,12,4,7,10,12,10,2,0,11,166,85,221,14,11,107,2,152,137,77,193,187,4,0,4,108,38,109,13,11,9,6,7,0,1,4,5,5,5,15,2,5,12,14,3,13,15
6,11,3,6,13,5,11,11,226,186,50,64,144,70,247,13,2,6,10,11,14,5,0,1,229,66,80,243,5,2,4,13,11,0,5,10,9,9,0,7,229,80,80,59,189,244,1,118,117,127,124,9,296,29,27,292,13,1,296,21,19,302,2,366,359,351,29,286,239,48,206,193,215,5,5,7,349,378,27,20,342,351,371,12,1,9,14,14,7,7,14,10,5,6,8,11,9,110,113,0,12,5,242,5,5,12,4,7,8,6,7,2,5,14,11,235,7,2,127,126,10,138,78,194,6,10,15,4,106,39,15,3,13,11,5,6,12,10,8,1,14,14,0,4,7,1,2,15,1,13
12,14,4,10,13,12,8,9,227,187,0,14,145,71,248,9,5,9,2,9,14,13,3,0,230,67,81,244,5,5,10,2,5,11,12,15,3,12,4,12,230,81,81,60,190,245,9,235,10,4,125,128,297,28,16,293,14,3,297,19,310,305,7,367,360,31,27,287,240,49,207,194,274,355,337,358,350,379,26,23,18,23,372,364,2,15,10,2,0,10,11,9,8,12,3,10,10,235,4,14,1,202,243,4,6,11,13,9,12,0,11,1,12,1,10,236,139,7,14,98,11,4,4,8,5,7,0,14,235,9,7,12,12,13,4,188,153,10,11,7,8,4,5,3,2,4,15,1,9,14
2,3,1,10,3,8,5,2,107,10,1,1,5,7,7,5,5,7,110,128,3,14,5,11,231,68,82,245,14,13,9,11,1,12,9,7,8,8,2,0,231,82,82,61,191,246,12,236,216,0,11,242,294,16,306,315,4,2,294,314,307,6,14,298,21,25,30,302,241,50,208,366,275,356,338,359,351,27,28,306,316,28,373,365,9,7,10,7,1,1,8,15,2,6,2,2,7,236,160,51,195,203,244,13,4,1,8,12,6,6,7,3,7,4,4,237,140,216,2,99,5,5,15,4,10,11,0,12,236,160,8,1,7,79,181,189,154,139,79,5,6,11,1,1,9,8,12,5,5,11
7,12,3,14,5,10,13,5,131,122,4,8,12,6,12,10,3,12,235,249,10,1,4,10,232,69,83,246,4,1,7,2,9,13,10,5,4,7,13,6,232,83,83,62,192,247,4,237,217,11,222,243,295,19,302,4,14,12,295,302,2,4,2,299,28,17,18,371,3,11,14,367,276,357,339,360,31,28,18,302,303,27,28,302,5,8,13,4,8,2,3,2,15,13,1,14,7,237,161,52,196,204,245,3,14,0,8,6,12,9,14,12,15,5,0,238,141,217,12,107,5,15,3,8,14,9,4,11,237,161,146,79,181,80,182,190,155,140,80,216,14,9,2,6,14,6,14,3,14,14
13,13,6,9,14,13,9,9,6,104,6,12,0,13,14,13,10,10,236,250,11,4,3,8,233,70,84,247,13,0,15,4,11,2,15,14,11,7,5,10,233,84,84,63,193,248,2,238,218,12,223,244,319,256,313,14,14,8,327,315,271,361,364,303,29,30,24,372,334,277,283,374,17,29,17,25,25,16,312,305,317,326,304,311,4,4,11,1,2,3,4,7,12,2,11,1,7,238,162,53,197,205,246,7,12,10,11,9,13,11,2,8,6,5,2,239,142,218,14,125,122,15,12,14,5,14,10,7,238,162,147,80,182,81,183,191,156,141,81,217,13,7,12,11,3,9,14,6,11,12
5,13,1,11,4,10,5,4,15,105,5,3,0,0,7,13,1,10,237,251,3,2,3,2,234,71,85,248,2,13,6,13,8,1,4,2,5,4,1,9,234,85,85,64,194,14,9,239,219,2,224,245,4,257,10,13,6,14,277,361,272,362,365,325,324,18,24,373,335,278,284,375,18,25,22,16,31,24,302,11,8,327,315,5,7,7,12,14,3,6,9,15,10,0,11,5,12,239,163,54,198,206,247,7,0,12,0,9,3,6,10,12,10,2,3,240,143,219,0,10,107,9,9,7,11,13,1,3,239,163,148,81,183,82,184,192,157,142,82,218,3,9,12,9,1,11,15,12,5,13
4,15,3,14,15,14,4,4,5,121,130,3,5,5,6,15,6,13,238,252,1,8,4,7,5,3,10,15,9,8,12,11,12,13,14,13,5,0,8,3,0,2,0,3,5,9,9,240,220,15,225,246,11,6,10,8,15,366,278,362,273,363,288,13,298,23,18,31,336,279,285,376,31,22,20,31,28,22,368,274,1,7,7,3,8,2,2,12,15,13,1,14,7,10,11,13,1,240,164,55,199,207,248,7,1,9,5,7,1,2,14,13,1,6,13,241,144,220,14,1,125,32,126,12,15,15,6,5,240,164,149,82,184,83,185,193,158,143,83,219,14,5,7,11,5,12,7,15,13,15
11,12,3,13,5,9,0,3,7,9,98,7,12,12,10,12,14,10,239,253,14,8,11,13,2,3,7,9,4,12,15,4,11,2,12,7,0,9,12,11,6,14,11,7,4,8,0,241,221,7,226,247,14,12,5,14,11,367,279,363,23,30,289,14,299,23,31,26,17,16,22,26,28,20,16,28,28,27,369,275,364,13,15,11,9,14,6,5,1,6,8,14,11,8,7,5,3,241,165,56,200,208,13,15,2,12,0,1,2,14,2,2,14,116,32,124,145,221,10,10,4,33,98,4,8,9,10,14,241,165,150,83,185,84,186,194,159,144,84,220,12,15,3,15,4,7,14,1,0,12
11,3,7,2,14,3,11,3,2,6,99,12,10,12,13,2,4,2,240,254,4,13,6,3,15,4,12,2,3,2,10,2,14,5,15,112,40,124,14,13,5,7,5,5,10,1,6,10,220,0,227,248,6,10,0,14,15,296,21,26,17,304,309,6,323,324,29,24,28,17,22,20,31,30,19,20,20,25,370,276,365,9,12,1,9,8,9,10,6,8,2,0,6,4,10,4,6,3,166,57,201,1,2,11,15,11,14,11,5,8,10,8,112,109,33,127,32,119,0,13,6,6,99,13,11,12,5,3,12,166,151,84,186,85,187,9,8,145,85,221,9,15,3,9,5,4,14,12,1,8
12,10,12,0,6,7,6,2,12,13,123,130,5,0,9,10,14,15,241,255,14,6,14,6,4,11,0,5,6,3,0,1,5,2,11,106,41,131,32,128,11,7,0,13,12,0,14,14,221,3,100,5,7,7,12,2,6,297,30,24,304,311,5,13,6,377,30,25,31,16,24,23,21,26,20,18,21,24,23,25,286,6,9,0,10,9,5,12,6,6,11,13,5,8,12,5,0,110,32,128,0,9,4,1,1,10,1,1,5,15,14,9,235,65,10,13,33,12,13,11,8,4,125,122,3,4,6,11,2,0,152,85,187,11,10,15,1,7,110,109,13,8,13,12,8,9,7,5,8,7
15,13,5,0,8,1,3,3,7,6,11,123,126,8,11,9,15,2,2,3,7,7,9,6,9,0,2,2,8,7,6,8,3,15,7,228,14,15,33,107,0,3,15,15,6,1,12,1,106,12,101,4,13,1,10,13,1,303,17,27,302,8,11,9,366,378,22,21,22,19,30,25,21,27,26,25,20,16,28,30,287,10,10,1,8,15,5,0,5,6,6,9,12,0,13,1,7,86,33,107,6,4,0,8,4,4,14,1,2,1,2,3,236,66,216,4,3,2,13,13,11,13,7,100,6,15,13,5,7,9,0,8,4,5,7,7,8,15,92,1,3,15,3,13,13,10,13,0,6,4
4,13,3,5,2,2,15,14,13,13,0,2,129,34,42,124,8,2,0,9,13,6,7,114,36,124,10,15,13,13,13,1,3,8,9,229,160,7,8,131,126,15,2,8,3,12,14,116,117,9,107,118,42,126,3,14,10,325,266,266,313,0,4,15,367,379,30,19,24,26,312,266,258,266,318,26,28,19,17,306,307,10,9,14,11,13,8,2,9,2,10,6,112,36,120,3,10,87,9,129,124,0,3,14,9,2,10,8,12,8,6,3,237,67,217,6,0,7,0,11,6,10,13,101,15,7,11,0,2,13,7,11,6,0,6,0,15,0,93,3,0,4,13,7,14,15,5,0,9,7
4,3,15,2,15,10,3,2,1,44,65,10,3,35,43,242,11,8,15,6,0,15,9,92,37,104,7,4,118,42,122,15,6,12,10,230,161,216,1,11,249,9,13,13,15,15,14,94,5,11,129,113,43,107,5,4,8,0,267,267,8,8,4,2,303,17,18,24,29,304,315,267,259,267,303,21,22,18,29,302,5,11,10,12,3,0,15,4,12,8,5,13,86,37,96,2,12,92,13,2,100,4,0,4,15,8,3,12,3,10,3,14,238,68,218,4,4,12,7,12,14,13,14,107,15,6,0,0,5,3,3,6,6,12,12,11,14,14,106,14,11,9,9,0,8,6,4,11,14,15
7,4,15,13,0,15,9,12,188,45,66,153,72,58,174,243,5,5,14,10,4,13,0,93,13,105,3,13,86,43,100,12,9,14,4,231,162,217,1,222,250,3,2,7,2,15,2,95,13,14,0,10,12,123,128,12,8,6,10,10,12,6,1,9,323,258,322,31,21,292,11,6,8,4,321,324,30,308,264,307,14,12,1,7,14,3,5,10,12,2,2,14,87,13,97,0,11,93,10,4,101,4,11,2,5,3,8,15,11,2,12,14,239,69,219,14,10,4,15,51,58,79,58,249,2,7,11,1,8,11,0,10,0,14,116,42,126,110,113,1,10,10,0,8,9,8,5,10,7,8
10,2,13,15,6,58,79,181,189,46,67,154,73,59,175,244,5,8,2,5,6,11,108,119,6,127,120,8,87,13,101,0,5,1,13,232,163,218,12,223,251,13,10,11,15,114,34,119,3,5,14,0,10,9,107,14,5,0,10,9,4,12,12,6,6,259,319,316,29,293,2,4,0,0,3,303,22,302,265,0,0,3,8,11,11,277,14,7,7,0,6,116,117,10,129,120,5,88,14,11,127,126,3,9,9,12,3,13,3,2,0,0,240,70,220,9,10,72,195,52,59,80,59,250,12,3,10,12,4,4,13,3,4,10,90,43,131,117,9,8,12,3,4,1,0,14,2,0,8,11
13,8,1,8,222,59,80,182,190,47,68,155,74,60,176,245,14,5,9,13,3,5,88,12,3,5,123,32,115,4,102,5,11,5,15,233,164,219,4,224,252,1,3,14,112,111,35,9,14,4,7,6,65,79,242,1,11,2,7,14,6,3,11,9,15,13,8,317,262,315,4,12,1,10,5,325,258,305,2,15,10,13,7,15,366,278,328,12,13,14,9,90,2,7,15,107,2,89,11,5,11,125,128,7,8,3,9,7,15,15,10,14,241,71,221,2,222,73,196,53,60,81,60,251,4,1,15,6,14,14,10,1,5,11,91,1,7,4,1,13,7,7,0,4,10,3,13,1,0,12
2,1,0,14,223,60,81,183,191,48,69,156,75,61,177,246,2,13,11,9,12,10,89,2,12,0,4,33,8,4,103,15,4,8,14,234,165,220,9,225,253,14,14,4,94,12,3,3,0,72,72,174,66,80,243,14,11,10,14,15,2,4,15,13,8,7,2,12,263,3,13,10,8,0,0,9,259,1,6,10,3,9,9,0,367,279,329,334,2,12,8,91,9,12,8,123,128,94,12,8,58,58,249,10,2,13,2,1,9,6,4,10,3,1,88,8,223,74,197,54,61,82,61,252,9,6,12,6,8,15,4,11,5,110,115,7,14,8,11,7,13,3,3,9,14,6,8,4,14,0
8,15,0,5,224,61,82,184,192,49,70,157,76,62,178,247,11,4,15,112,32,36,113,7,58,65,1,5,10,6,107,7,2,11,2,5,166,221,3,226,254,8,10,7,95,14,12,9,195,73,73,175,67,81,244,4,7,8,2,2,12,12,2,15,10,2,5,0,3,4,1,12,3,10,1,15,4,12,6,14,15,13,4,9,317,318,330,335,331,12,110,119,2,9,13,10,107,95,13,188,59,59,250,5,12,8,13,3,1,5,12,13,8,8,89,1,224,75,198,55,62,83,62,253,6,6,1,10,15,4,11,1,8,235,65,51,12,11,4,12,5,3,2,10,7,0,10,15,10,7
5,10,9,10,225,62,83,185,193,50,71,158,77,63,179,248,4,13,118,109,33,37,4,222,59,66,153,58,13,15,127,128,10,6,6,2,7,92,4,227,255,4,118,40,119,3,11,202,196,74,74,176,68,82,245,7,0,0,4,2,9,14,3,4,6,3,2,4,15,8,14,9,2,5,6,6,9,12,0,12,12,2,274,6,12,303,19,336,332,364,235,65,72,209,146,2,123,113,222,189,60,60,251,6,0,0,6,0,2,12,9,5,110,42,113,9,225,76,199,56,63,84,63,254,9,9,7,8,6,11,15,12,12,236,66,52,167,6,3,13,11,13,8,2,0,10,8,15,8,13
15,14,0,11,226,63,84,186,194,12,11,159,78,64,180,15,9,9,228,79,9,12,3,223,60,67,154,59,139,1,8,107,6,0,13,5,11,93,0,123,122,114,109,41,6,14,188,203,197,75,75,177,69,83,246,11,2,10,12,3,3,6,5,14,3,5,1,4,5,8,8,0,4,4,14,2,1,0,12,15,14,366,275,340,274,377,26,31,333,365,236,66,73,210,147,153,51,14,223,190,61,61,252,10,10,3,15,3,0,11,0,15,94,43,12,4,226,77,200,57,64,85,64,255,13,8,14,12,15,0,12,13,7,237,67,53,168,139,58,79,5,2,5,11,4,10,6,11,5,15
0,8,12,10,227,64,85,187,15,3,8,7,3,15,1,14,3,2,229,80,216,1,12,224,61,68,155,60,140,139,79,249,5,4,7,4,114,117,15,12,129,111,3,11,14,222,189,204,198,76,76,178,70,84,247,11,12,1,4,12,12,0,12,2,0,6,0,2,12,12,6,7,4,15,5,0,7,9,2,12,13,367,276,341,275,378,28,17,21,302,237,67,74,211,148,154,52,216,224,191,62,62,253,8,4,12,10,2,0,15,3,7,95,12,1,13,227,78,201,5,9,10,2,0,8,12,12,4,7,11,5,2,8,238,68,54,169,140,59,80,216,3,3,15,14,13,0,3,4,5
10,9,14,15,96,9,0,11,8,3,11,8,15,1,0,14,15,4,230,81,217,10,7,225,62,69,156,61,141,140,80,250,8,12,15,5,88,3,2,5,5,13,15,9,5,223,190,205,199,77,77,179,71,85,248,10,12,0,12,4,5,4,15,7,9,5,8,13,2,3,0,9,12,13,14,11,6,2,6,4,11,296,19,342,276,379,19,30,310,311,238,68,75,212,149,155,53,217,225,192,63,63,254,6,9,15,0,2,11,1,110,40,119,14,7,13,125,124,13,3,8,13,1,13,0,4,12,8,10,5,5,15,12,239,69,55,170,141,60,81,217,13,5,6,11,13,14,7,7,1
7,11,8,10,97,12,3,7,11,14,0,5,9,11,5,13,13,0,231,82,218,5,3,226,63,70,157,62,142,141,81,251,7,8,15,2,89,6,72,65,6,7,44,5,14,224,191,206,200,78,78,180,0,1,15,2,0,7,11,7,0,14,6,1,8,14,9,5,13,0,7,2,15,7,8,8,2,13,15,15,6,297,23,23,308,266,324,22,290,1,239,69,76,213,150,156,54,218,226,193,64,64,255,12,14,4,0,3,3,10,90,41,4,10,5,8,4,100,10,11,1,13,13,0,1,1,2,0,7,10,11,0,2,240,70,56,171,142,61,82,218,15,6,2,6,1,15,11,8,1
4,0,5,8,129,128,5,4,10,3,10,15,7,14,10,3,6,15,232,83,219,3,13,227,64,71,158,63,143,142,82,252,13,5,6,4,228,188,73,66,160,195,45,216,0,225,192,207,201,9,0,10,4,9,5,7,3,7,8,12,10,0,1,3,12,5,15,0,13,10,5,13,14,2,110,32,128,4,4,10,13,317,266,256,307,267,298,21,291,4,240,70,77,214,151,157,55,219,227,194,1,13,3,15,10,9,5,2,13,15,91,11,13,0,14,2,13,101,2,13,13,8,1,10,4,2,8,6,8,0,9,11,15,241,71,57,172,143,62,83,219,14,11,6,4,11,10,5,4,11
7,10,2,1,12,102,4,11,3,0,15,4,7,11,1,5,12,5,233,84,220,7,15,102,14,14,159,64,144,143,83,253,5,5,10,11,229,189,74,67,161,196,46,217,9,226,193,208,3,2,7,5,15,5,9,11,4,10,7,7,1,15,4,12,14,10,14,14,10,8,10,9,9,9,86,33,96,0,0,10,6,3,267,257,7,10,299,16,302,2,241,71,78,215,152,158,56,220,107,11,8,7,7,12,3,8,11,10,5,10,90,9,5,13,10,2,6,121,122,0,10,0,8,3,11,10,7,4,4,2,13,12,8,15,3,15,173,144,63,84,220,14,15,3,11,13,15,10,1,3
13,7,11,2,10,103,8,14,3,7,8,14,12,11,15,8,15,13,234,85,221,4,13,103,6,2,6,0,145,144,84,254,12,7,15,0,230,190,75,68,162,197,47,218,14,227,194,15,10,4,6,6,0,1,3,15,5,13,7,6,1,7,0,5,3,2,4,9,116,36,122,9,1,12,87,10,97,15,9,6,6,9,10,15,7,10,327,266,305,8,2,14,15,6,10,159,57,221,121,122,3,0,8,9,3,2,3,5,8,13,91,4,3,15,72,4,1,3,107,9,11,14,2,15,11,10,4,2,4,10,4,1,11,14,4,9,14,145,64,85,221,11,14,9,1,12,9,4,9,7
0,7,3,0,11,121,126,13,6,1,5,4,0,13,0,13,8,8,4,116,109,1,13,121,34,122,14,7,4,145,85,255,15,7,7,4,231,191,76,69,163,198,48,219,12,102,0,14,5,7,14,0,114,130,6,12,4,5,3,12,7,0,7,9,1,114,40,34,117,37,104,0,14,12,92,9,107,10,3,0,7,10,12,1,15,3,12,267,7,7,15,15,6,0,2,4,14,86,14,131,42,128,9,11,12,14,12,6,4,114,109,12,8,181,73,153,72,65,249,7,2,5,8,14,15,1,11,1,3,13,14,15,0,3,3,4,2,6,7,0,106,15,14,7,7,8,15,9,7,11
10,5,14,1,6,9,121,122,10,5,2,0,9,1,11,2,15,11,114,117,9,3,13,4,35,98,5,11,1,4,1,9,14,4,3,0,232,192,77,70,164,199,49,220,5,103,2,5,15,4,11,11,106,104,15,0,7,12,13,11,2,9,1,0,9,106,41,35,10,13,105,4,7,5,93,6,125,128,2,0,4,5,8,11,5,2,2,14,7,9,4,9,12,4,8,4,15,87,1,2,43,98,3,15,11,2,9,15,11,106,14,12,174,182,74,154,73,66,250,2,0,4,3,0,8,9,0,13,14,14,3,8,11,14,0,13,11,9,110,36,113,9,12,0,15,6,2,4,6,3
11,0,12,8,7,3,2,98,10,5,14,11,8,10,7,4,8,9,228,51,58,65,5,6,5,99,10,10,2,12,1,1,9,13,4,4,233,193,78,71,165,200,50,221,7,107,5,14,8,0,110,32,117,105,9,10,12,0,5,11,5,8,1,9,6,235,9,8,11,15,121,130,1,108,115,4,5,125,126,12,12,14,8,4,3,2,5,15,4,12,12,13,7,4,3,8,116,117,4,5,10,99,12,6,1,12,11,10,5,235,79,181,175,183,75,155,74,67,251,14,15,5,12,15,2,7,9,3,5,15,3,12,4,5,6,8,2,4,92,37,6,6,7,9,10,2,1,0,0,7
15,1,4,5,4,5,4,99,0,13,15,3,2,9,15,11,12,3,229,52,59,66,132,0,14,129,122,4,6,11,2,8,2,13,11,12,234,194,8,7,166,201,114,113,12,129,126,0,2,13,86,33,3,107,7,8,4,114,42,130,3,14,2,5,10,236,132,51,65,2,13,127,122,106,1,3,12,65,249,14,7,13,6,12,5,15,3,13,1,1,9,4,9,12,114,34,111,7,10,1,14,107,1,12,6,15,12,9,7,236,80,182,176,184,76,156,75,68,252,5,7,8,11,12,12,4,6,3,14,7,3,8,9,10,9,10,12,9,93,10,15,4,1,10,11,14,12,12,7,8
3,7,12,4,5,12,1,104,2,6,1,9,2,8,15,4,3,11,230,53,60,67,133,139,15,5,127,34,126,15,11,1,14,1,2,14,12,13,8,0,9,6,106,9,8,72,242,11,14,14,87,2,13,131,32,122,116,115,43,129,36,122,4,13,1,237,133,52,66,139,51,14,129,115,0,15,222,66,250,5,9,6,0,3,9,5,6,7,8,14,14,3,5,5,106,35,5,7,72,65,10,127,120,15,5,9,8,10,12,237,81,183,177,185,77,157,76,69,253,5,5,10,12,4,9,0,7,10,10,3,13,15,6,10,5,11,9,1,228,72,58,10,8,9,13,12,14,1,3,12
4,12,15,10,8,13,6,105,4,10,6,13,9,0,4,14,14,1,231,54,61,68,134,140,167,9,14,35,107,6,12,7,0,1,6,2,11,5,1,15,4,8,235,44,195,73,243,8,4,9,235,79,7,0,33,107,106,13,9,7,37,107,4,1,9,238,134,53,67,140,52,216,0,9,1,10,223,67,251,4,4,15,9,15,15,6,10,8,13,2,4,12,12,10,228,65,72,181,73,66,139,65,242,1,1,14,9,8,1,238,82,184,178,186,78,158,77,70,254,1,4,13,2,8,9,10,10,14,11,12,13,8,1,15,9,15,15,7,229,73,59,167,10,8,0,12,12,12,3,5
3,8,5,3,10,4,12,123,38,42,122,14,15,1,2,7,1,1,232,55,62,69,135,141,168,216,13,13,121,40,38,124,8,4,7,6,4,9,10,7,2,1,236,45,196,74,244,11,12,12,236,80,216,3,4,127,115,11,9,10,11,249,11,11,15,239,135,54,68,141,53,217,4,5,8,4,224,68,252,10,3,6,9,10,13,15,14,2,2,9,14,4,0,14,229,66,73,182,74,67,140,66,243,11,3,3,3,5,10,239,83,185,179,187,15,159,78,71,255,14,12,7,13,9,2,14,1,5,4,4,6,10,4,7,7,9,14,4,230,74,60,168,216,3,3,0,5,15,1,7
8,12,14,7,8,14,15,15,39,43,107,8,4,4,9,13,1,6,233,56,63,70,136,142,169,217,0,13,7,41,39,242,14,4,15,8,1,14,0,14,5,8,237,46,197,75,245,1,10,6,237,81,217,4,5,10,11,10,58,44,195,250,0,6,13,240,136,55,69,142,54,218,14,8,12,3,225,69,253,0,11,9,2,10,9,11,11,10,13,4,15,0,1,14,230,67,74,183,75,68,141,67,244,13,1,7,7,15,8,240,84,186,180,13,12,15,0,11,3,0,3,5,15,12,8,0,2,10,10,15,1,8,15,5,5,12,3,15,231,75,61,169,217,10,13,15,10,15,13,9
9,3,12,2,14,14,4,6,5,2,121,38,128,6,10,6,5,14,234,57,64,71,137,143,170,218,3,3,6,72,195,243,11,10,5,15,1,1,14,15,3,5,238,47,198,76,246,12,13,12,238,82,218,1,11,14,65,202,59,45,196,251,12,1,1,241,137,56,70,143,55,219,1,7,9,11,226,70,254,15,8,0,13,3,14,6,116,42,122,13,2,15,2,3,231,68,75,184,76,69,142,68,245,4,10,3,9,4,13,241,85,187,3,7,7,14,3,10,4,6,2,5,4,0,5,12,1,15,0,15,15,12,13,1,12,5,12,5,232,76,62,170,218,12,14,4,5,1,14,0
3,11,4,8,11,12,7,7,1,7,0,39,102,12,14,13,14,12,13,3,5,5,138,144,171,219,1,3,222,73,196,244,7,2,10,8,0,12,14,11,11,13,239,48,199,77,247,2,9,6,239,83,219,14,4,222,66,203,60,46,197,252,15,8,14,7,138,57,71,144,56,220,1,11,9,1,227,71,255,4,4,0,8,13,6,13,106,43,100,3,15,1,8,11,232,69,76,185,77,70,143,69,246,14,7,15,10,2,4,3,6,4,6,8,14,14,6,8,3,3,13,0,7,13,7,9,2,9,11,4,0,1,13,14,10,11,11,1,233,77,63,171,219,15,8,9,2,3,2,8
14,7,0,13,11,13,5,0,13,3,9,4,103,13,15,15,11,0,7,0,3,12,5,145,172,220,6,9,223,74,197,245,10,1,7,1,2,7,14,5,12,6,240,49,200,78,248,9,1,7,240,84,220,5,6,223,67,204,61,47,198,253,15,7,8,10,8,10,9,145,57,221,12,1,4,5,104,6,9,5,0,0,10,8,9,116,111,3,101,2,9,3,6,0,233,70,77,186,78,71,144,70,247,7,6,0,1,3,15,8,1,4,3,1,1,4,4,12,13,13,3,0,15,1,11,14,2,14,1,6,7,2,10,11,8,0,14,5,234,78,64,172,220,0,8,13,13,8,11,9
7,5,1,7,14,4,7,8,12,4,8,0,224,5,7,9,6,2,2,5,5,7,13,13,173,221,9,1,224,75,198,246,0,14,13,10,4,3,1,4,5,14,241,50,201,13,5,6,1,0,241,85,221,3,2,224,68,205,62,48,199,254,10,11,8,6,11,4,12,7,116,115,0,6,13,14,105,13,8,6,1,9,4,15,12,88,5,12,96,9,1,9,5,0,234,71,78,187,5,9,145,71,248,10,7,1,0,12,0,9,14,1,2,5,8,9,10,9,2,7,8,10,5,11,7,4,12,10,0,15,15,11,0,15,9,11,6,13,15,15,13,173,221,4,8,13,6,10,9,14
15,5,0,14,3,14,5,3,10,12,0,11,225,9,9,10,10,11,8,15,5,5,10,11,116,109,9,7,225,76,199,247,1,3,1,15,14,8,8,5,7,1,5,7,8,10,9,5,4,8,9,112,113,7,9,225,69,206,63,49,200,255,14,11,10,10,1,4,112,42,119,8,14,14,5,11,131,32,124,0,108,38,130,2,9,89,11,8,97,11,7,3,7,1,0,14,1,10,10,8,7,10,5,14,0,0,6,14,10,10,14,9,5,9,7,13,14,7,110,38,130,3,1,3,14,6,6,8,14,7,15,1,12,4,15,7,10,10,6,14,114,32,117,12,8,5,7,11,7,13
3,0,5,15,7,7,1,10,4,0,5,1,226,15,10,8,1,1,6,8,4,5,2,0,92,0,7,4,226,77,200,248,6,6,13,4,10,7,0,9,2,4,7,4,12,11,13,11,2,7,5,92,12,7,14,226,70,207,64,50,201,9,11,10,9,3,6,12,106,43,1,15,15,15,11,9,14,33,107,110,119,39,123,34,42,117,10,5,121,120,1,8,5,5,0,11,2,9,1,0,11,5,3,8,10,14,6,2,8,6,7,6,6,14,1,3,12,14,106,39,107,15,1,14,6,10,2,2,5,9,9,15,1,14,3,114,38,126,7,114,111,33,1,6,13,15,1,15,15,11
7,7,7,13,1,8,14,5,1,3,1,9,227,6,7,0,15,5,13,7,10,15,4,6,93,7,8,10,227,78,201,15,3,3,1,2,0,5,3,3,10,3,9,5,9,7,12,11,4,8,14,93,0,0,1,227,71,208,11,4,13,14,10,8,1,11,15,3,235,58,72,58,51,65,3,3,11,3,131,117,7,3,1,35,43,8,174,153,72,249,14,14,12,4,2,7,11,9,0,6,1,14,0,13,7,6,6,15,6,8,0,3,11,0,8,6,6,118,111,10,127,130,9,11,5,10,14,280,274,14,6,3,7,11,3,106,39,129,32,119,10,11,14,6,4,11,3,6,0,2
13,9,6,5,4,1,1,7,6,14,6,3,129,126,5,5,2,10,13,13,6,0,5,12,106,9,3,15,107,1,5,7,9,1,4,5,4,8,9,10,7,2,11,13,4,13,7,3,2,114,40,117,12,5,13,121,36,126,12,0,9,6,4,10,3,12,11,8,236,59,73,59,52,66,146,9,13,8,7,15,1,15,4,14,9,188,175,154,73,250,3,0,2,13,14,2,15,15,8,3,14,10,15,3,0,7,11,8,7,5,12,1,3,0,15,11,10,88,11,8,13,107,14,110,40,128,366,281,275,334,271,0,8,1,112,117,9,9,33,1,1,11,9,4,3,0,9,13,5,0
9,9,2,3,10,12,5,13,9,4,15,15,0,107,15,10,13,13,1,6,11,0,5,110,111,7,12,8,123,126,7,7,4,15,10,0,1,5,4,7,11,8,3,12,5,2,6,5,110,113,41,7,10,12,7,15,37,104,10,15,6,11,10,8,1,13,5,9,237,60,74,60,53,67,147,216,9,15,11,12,1,8,15,4,188,189,176,155,74,251,4,8,3,3,14,12,3,11,14,5,13,9,10,5,14,7,10,7,15,11,9,10,8,14,12,15,1,89,0,3,7,121,36,119,41,104,367,282,276,335,272,364,13,7,235,11,14,0,2,9,13,2,14,5,12,10,15,11,10,7
6,10,10,4,13,7,11,10,2,4,1,2,4,121,36,38,126,3,7,7,1,5,3,228,79,44,6,9,13,129,120,12,0,8,1,3,13,13,6,15,3,0,1,4,5,7,6,114,109,10,0,5,209,132,13,15,11,105,11,11,15,0,4,0,4,3,7,9,238,61,75,61,54,68,148,217,11,7,8,4,10,12,0,222,189,190,177,156,75,252,6,3,9,11,11,9,4,3,6,13,4,8,3,0,11,8,8,3,1,6,11,15,13,14,11,7,1,88,15,14,14,13,37,14,10,105,296,20,17,336,273,365,14,0,236,216,14,9,10,5,7,1,3,2,15,3,0,11,6,3
6,4,0,3,11,8,12,15,4,11,4,1,5,5,37,39,104,7,2,4,15,6,2,229,80,45,167,12,7,12,249,8,15,6,15,13,4,8,1,10,11,110,34,120,10,10,2,106,7,5,3,222,210,133,153,79,79,249,9,11,0,7,0,11,7,9,3,5,239,62,76,62,55,69,149,218,11,12,1,2,7,2,5,223,190,191,178,157,76,253,9,12,12,7,1,14,4,14,0,11,6,11,14,6,8,14,7,11,5,5,10,2,9,12,15,4,5,89,7,12,10,12,11,4,5,104,297,18,17,19,27,302,3,13,237,217,13,9,6,1,5,12,0,2,13,13,6,5,2,6
12,0,6,4,5,14,5,8,2,14,4,10,0,3,1,3,105,6,1,12,4,5,2,230,81,46,168,216,7,222,250,12,12,11,15,8,13,3,0,8,7,92,35,104,12,11,11,228,44,14,9,223,211,134,154,80,80,250,3,12,10,15,5,15,1,10,4,13,240,63,77,63,56,70,150,219,10,4,11,13,8,14,8,224,191,192,179,158,77,254,15,11,9,15,6,8,7,6,4,3,2,5,8,9,8,6,13,1,12,8,7,15,12,116,42,124,5,88,15,15,4,15,9,1,2,105,325,262,322,28,30,368,13,4,238,218,12,5,12,0,2,14,3,2,10,0,2,5,2,9
7,8,1,4,9,5,13,2,7,12,9,12,13,12,11,0,107,14,9,4,2,12,2,231,82,47,169,217,13,223,251,6,13,2,2,6,7,12,4,1,6,93,12,105,2,6,3,229,45,216,5,224,212,135,155,81,81,251,13,14,5,13,15,8,3,1,9,5,241,64,78,64,57,71,151,220,1,2,6,2,1,12,12,225,192,193,180,159,78,255,13,5,8,4,118,36,128,8,4,0,5,10,15,3,2,3,5,0,8,7,10,10,118,109,43,104,14,89,3,13,6,14,3,15,0,123,128,263,298,18,16,369,331,14,239,219,15,14,12,13,8,12,0,3,9,13,2,5,13,9
14,2,2,12,0,12,12,0,11,13,0,8,14,6,7,3,249,4,6,15,5,2,2,232,83,48,170,218,10,224,252,14,0,15,9,9,15,7,2,13,1,106,7,129,128,15,7,230,46,217,15,225,213,136,156,82,82,252,1,0,8,9,8,6,1,15,9,8,5,9,6,14,13,11,152,221,12,6,3,9,1,11,7,226,193,194,15,2,2,14,9,9,15,5,90,37,100,15,8,6,14,12,3,13,15,11,0,5,12,1,1,6,94,3,9,105,7,86,12,13,11,0,8,11,10,5,127,126,299,30,22,370,332,364,240,220,15,14,1,12,7,12,14,6,1,7,3,5,6,4
2,6,9,0,5,13,4,7,3,8,12,6,10,8,10,195,250,12,11,9,4,1,5,233,84,49,171,219,13,225,253,1,3,3,0,4,9,11,4,5,110,113,4,5,104,0,10,231,47,218,13,226,214,137,157,83,83,253,12,9,2,6,0,3,4,6,15,3,10,14,10,11,11,14,14,106,13,10,14,7,11,5,6,227,194,3,14,8,7,3,3,9,1,4,91,6,101,7,8,0,3,7,0,3,0,6,14,9,1,2,7,14,95,8,3,127,124,87,7,7,5,15,6,9,11,13,12,102,303,26,19,17,333,365,241,221,7,2,6,10,13,5,15,9,10,5,1,11,11,6
6,15,12,8,11,4,0,4,5,7,12,0,5,3,195,196,251,2,6,15,9,9,3,234,85,50,172,220,6,226,254,0,3,7,12,8,6,2,7,5,106,14,15,4,105,8,13,232,48,219,5,227,215,138,158,84,84,254,6,3,1,7,0,8,6,7,3,2,15,8,14,15,114,42,36,113,13,9,7,7,10,2,15,107,12,8,8,13,15,5,2,1,0,11,94,3,123,128,4,7,2,0,0,4,14,13,14,7,13,12,8,12,90,8,1,1,131,111,8,9,3,14,4,14,6,6,10,103,317,258,324,22,19,292,108,109,0,14,13,11,7,1,4,3,8,8,6,3,10,13
8,5,15,13,10,11,3,6,3,10,10,5,7,209,196,197,252,10,15,10,4,10,5,15,12,2,173,221,5,227,255,1,10,13,10,15,15,3,12,116,111,14,5,7,100,8,12,233,49,220,9,129,124,5,159,85,85,255,10,6,14,2,14,14,5,10,4,8,2,2,8,10,106,43,37,7,0,12,0,0,10,6,1,127,128,7,15,9,11,7,8,8,11,3,95,10,2,131,128,15,11,4,12,118,32,120,10,0,2,1,14,7,91,5,2,6,7,6,13,15,13,8,11,3,14,4,2,121,124,259,325,322,27,293,88,14,8,12,6,14,13,0,2,2,5,2,0,6,4,3
2,11,1,11,7,6,7,1,13,14,7,0,222,210,197,198,253,12,4,0,4,1,9,4,13,4,13,90,10,125,120,4,11,13,14,15,14,4,1,86,11,13,7,7,101,6,0,234,50,221,14,8,104,15,7,11,6,6,6,0,3,2,1,13,14,14,4,15,8,9,4,116,119,5,11,9,13,4,2,12,11,8,7,11,100,13,10,11,13,3,14,5,0,110,111,1,1,11,107,5,5,13,5,106,33,107,13,12,0,14,13,9,106,13,14,5,3,11,8,1,13,15,3,6,7,5,2,14,125,34,124,303,18,302,89,15,8,7,4,15,8,13,8,15,4,12,6,14,0,9
12,12,4,0,15,12,0,15,15,3,1,12,223,211,198,199,254,15,1,8,13,5,5,9,2,14,13,91,4,12,98,2,1,10,2,11,14,3,6,87,5,11,0,4,123,130,12,7,9,106,6,10,105,2,1,13,14,7,13,0,5,8,15,5,7,6,6,10,5,4,9,106,8,9,0,10,9,8,13,9,12,3,15,4,101,12,2,2,9,10,10,6,2,92,2,13,6,1,121,38,126,7,116,115,10,129,128,1,118,32,128,116,111,11,14,11,13,6,1,3,2,5,13,15,3,7,1,0,14,35,107,319,260,305,106,6,11,2,1,8,6,7,12,2,1,7,10,4,13,5
14,2,10,0,14,4,4,11,15,2,5,3,224,212,199,200,255,13,4,3,11,4,10,8,0,3,112,113,14,11,99,4,3,9,3,4,11,11,15,106,3,15,2,0,10,131,128,116,40,117,12,5,107,11,14,10,13,12,110,36,120,6,13,12,10,14,11,6,15,7,15,228,9,11,7,6,11,5,0,1,14,7,8,0,125,32,128,10,12,2,3,14,15,93,0,2,15,13,13,39,107,13,106,2,8,0,104,3,92,33,107,106,11,5,9,11,6,4,4,10,5,5,10,0,14,6,11,11,8,3,125,126,261,118,111,0,4,7,15,3,0,2,11,5,8,7,12,9,5,5
6,1,14,10,15,9,6,6,13,2,7,8,225,213,200,201,14,13,9,9,118,36,130,1,6,11,92,0,13,3,107,11,3,110,34,130,7,15,118,109,11,13,15,15,11,15,129,119,41,13,10,4,129,42,40,128,2,12,106,37,129,32,122,0,15,13,2,3,0,8,6,229,153,11,13,2,13,4,5,11,15,8,7,5,0,33,102,13,2,0,108,40,122,106,14,5,8,0,11,11,121,38,111,6,3,1,105,7,93,10,131,109,14,14,14,13,13,4,15,10,2,14,8,5,5,14,13,13,12,6,8,121,130,88,0,12,6,9,12,0,9,11,7,6,8,3,11,7,4,11
11,8,13,0,6,6,15,4,15,1,2,6,226,214,201,10,10,11,116,40,117,37,123,126,15,7,93,13,12,8,131,34,42,109,35,100,9,12,90,13,9,9,3,8,6,5,5,15,14,8,9,5,14,43,41,104,4,116,111,6,2,33,102,7,13,13,5,3,10,13,8,230,154,216,11,7,1,4,14,11,8,7,8,12,15,0,103,4,2,114,115,41,123,109,11,14,2,12,14,8,14,39,3,4,7,1,121,40,115,3,14,9,7,15,8,3,4,9,0,2,1,15,10,6,9,10,8,8,4,8,12,13,107,89,3,4,1,12,15,14,3,10,4,5,7,3,14,12,10,9
9,3,14,6,5,14,14,13,6,1,3,3,227,215,14,4,15,112,113,41,2,7,7,100,13,15,94,8,2,12,13,35,43,3,3,101,9,6,91,9,14,3,3,12,9,10,12,9,14,1,8,10,13,11,12,105,108,111,15,6,14,14,103,2,1,2,13,4,7,8,8,231,155,217,7,8,9,13,8,3,14,1,12,1,9,14,107,13,3,94,11,0,6,13,15,13,2,10,7,5,9,5,7,8,10,3,6,41,11,7,7,0,10,1,5,12,14,4,10,13,0,6,11,5,15,0,3,8,1,15,7,3,127,111,13,11,2,13,11,3,14,9,4,2,14,0,6,11,10,2
7,13,9,3,0,15,13,13,9,12,15,2,123,120,10,5,3,106,7,1,2,7,9,101,0,1,95,2,3,1,3,11,2,14,2,121,32,38,109,0,9,12,3,8,7,14,0,9,13,7,4,1,11,10,0,121,113,3,2,1,8,14,102,7,7,11,3,15,2,3,0,232,156,218,6,13,5,0,0,3,0,6,9,3,1,9,125,130,11,95,0,11,14,12,8,9,4,9,1,13,13,15,14,11,12,7,0,9,3,9,3,3,13,13,10,8,0,13,15,15,3,2,11,3,3,8,10,8,12,0,7,11,15,14,10,8,5,15,14,2,3,9,10,3,5,13,11,6,10,4
15,5,15,3,14,15,1,1,6,1,9,15,6,96,0,2,114,115,13,3,3,1,4,98,108,38,115,11,6,12,11,0,6,12,12,0,33,39,2,14,2,14,5,11,2,10,15,1,14,0,6,13,15,1,8,15,7,3,15,2,13,8,103,0,15,12,15,6,9,2,4,233,157,219,0,10,5,0,10,9,1,15,0,9,7,3,11,121,36,117,9,0,4,4,8,7,9,8,10,1,9,6,15,13,3,12,0,12,3,13,5,5,9,12,9,11,11,4,9,4,14,0,0,15,8,0,12,10,11,15,7,15,8,7,3,14,15,4,8,5,9,4,4,3,4,4,10,10,6,15
7,8,9,3,4,10,11,13,11,10,7,15,7,97,9,3,94,13,6,9,15,3,14,99,106,39,3,1,8,2,8,4,3,7,11,15,3,4,4,14,9,4,7,6,5,0,10,11,15,4,8,10,3,12,10,15,1,6,4,7,8,5,107,9,108,36,128,15,7,1,3,234,158,220,7,2,15,7,13,14,9,3,2,9,15,1,4,12,37,10,9,0,13,15,0,8,8,10,15,3,15,6,10,13,14,7,5,1,9,15,4,11,4,14,9,1,13,6,3,10,3,0,1,4,4,8,5,4,11,15,11,7,5,14,1,10,2,8,0,11,1,14,8,12,12,3,10,12,0,12
3,4,15,13,1,7,5,8,15,2,9,3,10,129,124,9,95,6,9,1,6,1,4,127,111,9,1,1,13,11,2,10,9,7,12,1,7,15,4,4,15,9,15,8,0,3,1,15,1,2,10,2,14,7,5,6,0,3,4,2,14,1,131,42,115,37,107,7,108,34,130,6,159,221,7,9,10,4,6,11,14,2,11,9,4,14,10,3,8,12,2,12,14,14,12,0,3,3,11,10,11,10,7,2,2,11,7,9,3,8,13,5,2,9,13,14,8,4,14,0,13,5,10,15,10,8,15,4,11,8,0,4,5,11,5,14,10,6,15,14,8,0,3,12,0,1,8,8,8,12
12,14,1,6,7,0,15,1,3,12,15,0,0,3,107,9,106,14,12,15,15,6,11,4,8,2,13,9,7,11,11,13,0,3,1,7,15,3,9,1,15,14,0,0,6,6,14,8,4,12,5,14,13,5,10,12,0,11,14,12,6,6,11,43,9,2,121,36,117,35,96,5,12,106,14,4,1,4,7,5,7,15,15,10,14,5,5,3,3,14,12,5,15,6,2,5,15,15,9,14,8,11,9,7,4,1,9,1,1,9,2,11,9,15,6,3,0,7,13,10,11,8,4,6,8,1,11,6,0,5,5,6,6,6,5,1,3,12,1,11,10,11,7,10,9,7,5,13,2,9
7,0,15,2,1,15,9,2,8,3,9,13,9,7,121,32,119,10,11,0,8,4,15,2,10,15,13,5,11,4,6,3,1,3,14,4,13,3,5,13,10,12,12,7,14,7,7,15,8,0,13,3,1,12,12,10,15,9,15,3,12,1,10,2,1,2,9,37,5,3,97,10,118,117,6,8,13,6,0,1,1,13,10,14,14,10,10,12,3,14,11,8,9,5,1,11,9,2,14,15,4,7,1,5,1,5,1,4,12,4,3,4,8,0,11,7,14,5,8,2,10,7,5,12,1,11,8,14,5,14,7,8,14,11,9,10,13,12,1,6,4,4,14,5,12,0,2,2,13,4
4,2,7,9,0,4,12,14,3,13,7,3,3,2,4,33,0,4,6,11,10,5,3,3,11,14,5,2,12,9,4,13,5,4,2,7,10,5,1,1,10,3,9,0,14,10,2,2,13,4,0,5,15,13,0,5,9,13,2,0,9,3,7,14,9,7,13,0,7,11,127,32,119,3,1,6,14,2,0,1,9,3,8,10,0,3,10,15,10,14,11,3,12,15,8,8,12,6,14,13,8,4,7,11,0,12,5,1,11,14,1,13,10,9,2,4,6,10,1,9,7,0,10,11,2,3,6,7,0,11,2,1,12,6,13,2,8,7,3,5,15,4,7,3,7,8,11,5,1,14
4,2,8,8,2,9,7,10,7,10,9,3,14,14,7,10,1,1,14,3,6,6,4,5,14,8,15,13,8,0,10,1,1,7,8,6,10,11,11,4,5,10,13,0,13,7,3,15,3,0,13,4,3,10,12,0,8,6,2,7,14,3,9,0,0,7,11,9,0,9,13,33,11,9,0,15,12,5,13,5,9,8,15,6,7,11,2,9,11,10,7,6,1,4,12,0,10,12,13,0,12,10,5,6,6,14,6,15,1,0,0,14,7,5,12,5,10,6,5,12,5,10,10,0,1,3,10,12,3,14,11,12,5,13,3,9,2,2,7,10,12,0,1,14,6,5,11,9,5,2
5,13,12,6,7,10,6,0,0,4,11,4,15,5,4,2,12,11,2,1,12,7,10,15,10,7,15,1,11,0,15,9,7,14,12,12,2,10,15,14,2,1,6,15,13,7,9,1,0,12,2,12,10,4,13,15,15,7,12,3,11,3,1,6,15,15,10,10,9,6,1,12,9,15,7,7,6,1,14,7,14,1,5,11,15,12,12,3,6,6,11,3,3,14,15,5,15,11,2,4,14,10,7,1,3,6,14,6,5,6,0,0,6,8,13,11,3,10,5,4,3,13,11,8,3,11,14,3,1,7,1,6,12,7,11,11,1,7,1,8,0,2,3,7,5,11,0,1,10,14
4,9,4,10,14,5,9,14,8,5,6,7,9,9,6,7,1,7,1,4,10,15,3,12,11,12,11,0,15,4,8,13,4,12,9,12,7,7,11,6,8,3,6,8,10,0,11,4,4,6,11,1,15,1,1,2,0,10,2,3,13,5,4,11,9,15,2,3,3,11,0,13,4,9,6,5,3,11,2,7,11,0,7,12,15,7,8,14,13,4,3,14,7,9,9,11,15,1,4,12,1,7,15,6,4,4,11,9,8,2,7,0,15,7,12,0,1,0,5,10,10,7,13,1,10,0,15,5,7,8,15,10,1,10,11,1,6,1,15,13,3,5,6,7,6,13,2,7,2,15
15,14,3,14,0,9,9,9,7,7,0,13,10,6,4,7,0,14,5,13,11,7,4,6,0,2,7,0,12,12,15,6,11,14,14,11,10,1,6,8,15,10,8,12,0,5,2,1,0,12,4,5,10,13,5,5,2,5,10,12,7,14,3,1,2,3,5,8,15,12,15,2,2,3,1,9,9,14,8,4,4,15,13,9,11,6,1,9,1,8,7,11,3,11,9,2,2,13,10,0,13,9,15,11,10,10,12,14,15,15,15,15,6,5,0,8,7,13,0,8,5,10,12,10,13,4,13,12,8,12,8,3,3,1,3,8,12,10,1,6,13,9,15,7,3,9,2,11,8,1
3,6,7,2,14,2,12,10,3,6,2,10,11,13,9,14,13,8,11,0,12,13,9,0,15,10,5,6,13,4,15,9,7,6,15,8,0,9,9,7,14,13,5,0,9,0,9,9,15,12,11,2,9,3,10,4,11,0,5,4,1,1,4,7,5,4,10,9,1,6,0,1,13,14,15,11,3,10,0,13,10,7,5,1,11,11,15,4,4,13,3,8,2,2,11,2,7,8,11,6,3,6,2,11,7,2,2,5,9,0,11,10,15,3,10,6,1,3,14,14,2,9,4,4,15,6,9,4,12,6,5,5,2,12,9,13,10,9,15,13,14,7,4,5,7,6,5,1,11,15
14,10,195,146,5,1,6,6,9,4,2,6,10,2,10,6,5,5,5,14,7,13,9,4,4,10,5,6,0,6,8,3,9,9,8,2,11,3,12,9,11,6,2,8,13,9,10,12,14,6,9,12,11,13,6,15,7,14,1,3,9,3,7,8,12,4,15,3,13,1,0,12,0,11,9,1,11,11,8,0,10,10,4,1,9,8,3,9,14,5,3,8,12,11,5,12,1,1,14,12,9,9,4,14,9,4,7,1,5,9,6,4,9,1,6,13,4,14,14,3,8,15,13,4,11,14,2,0,10,2,3,12,1,13,6,9,14,4,6,2,0,7,9,0,2,6,15,2,3,188
