13,6,9,11,3,8,106,15,11,15,7,5,11,123,109,3,8,11,44,249,294,28,22,17,19,25,16,28,25,26,26,22,288,4,298,27,23,22,22,21,30,26,27,19,24,27,29,23,25,29,19,19,28,25,25,23,24,30,27,18,19,19,16,24,29,25,31,24,27,22,29,29,20,22,16,18,31,19,17,16,29,29,26,21,20,26,22,31,21,22,20,25,21,19,17,23,21,20,21,18,17,20,28,18,20,24,20,21,31,28,31,25,24,25,17,22,26,18,17,20
13,8,3,11,15,10,228,51,8,14,5,8,1,11,8,4,51,202,45,250,295,22,29,29,27,19,25,31,18,21,29,24,289,0,299,18,26,31,17,16,24,18,18,16,29,31,17,26,31,17,18,21,26,31,28,29,20,27,31,28,28,17,18,25,24,31,30,17,17,21,25,31,25,25,30,30,27,26,19,19,19,16,28,17,18,23,27,27,24,27,23,16,17,17,19,26,30,23,19,24,18,28,28,17,31,28,26,22,20,30,24,22,21,26,28,31,17,31,26,19
8,11,9,14,14,12,229,52,146,58,65,6,7,6,15,181,52,203,46,251,323,326,25,23,30,19,21,31,21,30,27,17,371,274,374,18,26,24,25,16,19,31,30,26,26,20,29,28,19,22,27,26,25,16,21,21,25,19,30,26,21,308,316,26,26,18,28,29,24,19,18,25,18,22,31,19,24,28,27,27,28,19,16,22,17,16,30,22,21,24,31,17,22,23,16,30,31,21,27,30,312,262,324,31,30,30,21,21,17,23,25,28,19,22,23,19,24,18,22,22
6,10,4,14,3,13,230,53,147,59,66,216,6,4,222,182,53,204,47,252,6,317,262,318,23,19,29,20,21,18,28,20,372,275,375,16,22,29,22,23,20,24,18,27,28,31,26,28,28,20,20,22,16,19,29,26,26,16,22,23,310,315,323,258,264,264,318,24,22,24,27,16,23,20,28,18,22,24,29,27,24,24,18,26,23,20,27,24,24,31,29,16,25,17,25,17,22,27,18,22,292,263,321,326,19,308,266,324,31,18,23,22,22,31,18,25,29,26,31,26
364,6,5,4,4,15,231,54,148,60,67,217,15,0,223,183,54,205,48,253,4,3,263,303,23,22,18,21,27,23,30,31,373,276,376,26,17,22,17,19,19,16,23,17,18,31,30,27,23,19,25,17,17,26,31,25,26,30,26,304,307,11,10,259,265,265,303,26,30,20,30,16,17,30,16,22,23,21,19,22,28,16,23,314,266,318,31,22,27,17,23,21,23,27,24,25,29,18,26,23,293,114,124,323,264,307,267,303,30,21,23,22,30,27,18,27,16,30,18,31
365,4,7,6,7,6,232,55,149,61,68,218,15,12,224,184,55,206,49,254,3,0,0,323,322,19,30,30,28,24,23,22,28,17,30,18,16,31,18,29,22,23,23,31,16,31,28,26,19,30,29,16,16,28,17,26,27,304,262,309,1,13,11,2,0,4,317,324,27,30,30,20,31,16,21,310,260,324,26,20,16,26,22,286,267,321,258,324,28,31,18,22,22,18,16,30,312,266,262,260,311,106,121,122,265,114,122,317,322,20,16,31,23,30,29,26,22,27,22,26
315,12,6,14,7,1,233,56,150,62,69,219,7,0,225,185,56,207,50,255,3,6,2,14,296,27,26,25,22,23,22,31,18,25,16,27,19,24,28,22,31,22,24,18,21,19,28,19,18,30,24,18,17,28,16,20,21,302,263,2,14,14,1,1,9,4,12,317,266,318,23,23,29,306,266,311,261,298,19,27,22,23,30,287,5,10,259,325,316,29,22,28,20,16,25,17,290,267,263,261,114,119,6,102,9,106,121,122,317,264,262,322,26,21,31,18,22,31,19,25
2,268,10,5,14,9,234,57,151,63,70,220,8,7,226,186,57,208,10,3,14,0,13,1,297,17,31,19,26,25,30,30,20,21,25,21,21,22,27,30,21,24,26,21,19,312,266,262,318,24,26,28,22,20,21,304,258,309,13,15,7,3,6,12,11,12,10,12,267,303,16,29,22,302,267,4,12,299,24,27,306,256,258,315,8,8,14,1,319,262,326,25,23,19,29,25,291,116,32,34,111,5,1,103,5,228,79,123,128,265,263,317,258,316,24,23,26,24,27,18
358,269,331,13,2,10,9,9,152,64,71,221,5,2,227,187,3,6,15,8,14,116,34,130,294,20,29,19,16,25,17,16,28,29,24,19,18,16,17,29,24,18,19,308,262,311,267,263,325,320,23,26,29,23,28,302,259,2,11,10,7,7,14,2,12,12,8,8,2,323,260,258,258,307,10,9,8,323,260,256,309,257,259,13,3,3,12,12,5,263,294,22,31,27,304,260,311,106,33,35,11,2,79,242,11,229,80,132,242,2,116,126,259,303,16,16,20,20,20,20
359,270,332,334,12,9,1,12,3,11,13,86,0,13,98,9,6,15,5,0,7,88,35,98,295,23,26,19,27,21,30,25,28,30,24,21,20,25,31,25,310,256,260,309,263,116,32,42,128,327,260,258,256,258,260,305,15,1,1,12,1,15,0,15,13,12,7,2,1,0,261,259,259,9,12,12,5,4,261,257,1,10,5,6,6,6,0,15,12,5,295,30,20,19,302,261,112,117,5,65,65,188,80,243,7,230,81,133,243,3,235,249,5,327,316,30,22,24,21,22
360,21,333,335,364,7,11,12,8,5,14,87,8,12,99,11,2,8,7,7,11,89,8,99,319,258,262,256,266,322,27,31,27,17,31,18,19,16,30,310,305,257,261,118,38,119,33,43,121,120,261,259,257,259,261,118,32,122,8,5,15,2,7,1,7,10,2,5,9,14,5,1,3,9,11,15,12,0,9,2,7,13,9,15,13,1,2,6,1,13,303,18,22,314,307,118,115,1,181,66,66,189,81,244,15,231,82,134,244,6,236,250,14,12,319,324,26,29,27,29
29,25,27,336,365,1,5,5,14,8,1,90,11,4,100,10,13,12,11,13,13,86,3,123,120,259,263,257,267,321,264,262,324,16,27,20,314,266,260,307,116,38,40,111,39,11,6,9,8,107,108,40,124,110,36,119,33,107,11,15,12,9,2,8,2,6,6,0,15,12,10,1,8,0,0,3,2,0,0,2,11,8,8,1,8,2,4,9,5,10,377,23,25,286,112,115,0,188,182,67,67,190,82,245,1,232,83,135,245,2,237,251,5,118,124,325,264,262,324,27
24,26,23,18,292,7,12,0,13,14,5,91,1,8,101,8,7,8,9,6,14,87,3,8,131,32,42,42,38,124,265,263,294,19,17,314,315,267,261,114,111,39,41,4,4,14,0,7,12,125,111,41,131,113,37,1,12,242,13,10,10,4,6,11,13,4,5,15,14,13,7,4,0,5,9,1,0,3,6,6,10,4,8,5,12,12,14,12,1,358,378,30,29,287,106,1,209,189,183,68,68,191,83,246,4,233,84,136,246,13,238,252,15,88,121,122,265,263,300,21
19,18,22,29,293,5,6,2,13,10,1,106,2,11,107,8,5,14,0,9,1,106,9,14,5,33,43,43,39,121,38,126,295,23,19,302,110,42,38,113,8,8,6,8,2,58,79,13,7,1,5,3,2,2,9,72,209,243,13,10,11,7,9,4,11,15,5,1,7,5,6,5,2,15,7,4,1,15,5,5,15,2,6,6,2,7,11,12,366,359,379,24,26,292,228,181,210,190,184,69,69,192,84,247,13,234,85,137,247,1,239,253,10,89,11,129,38,122,301,22
19,20,16,29,371,6,7,15,5,1,6,235,5,11,131,128,13,2,1,2,5,228,44,72,65,72,58,51,58,10,39,107,323,264,264,305,106,43,39,8,12,9,195,153,181,59,80,146,65,51,58,79,51,58,202,73,210,244,5,8,10,7,7,0,3,3,14,10,15,5,15,13,1,7,15,12,6,3,15,3,8,7,2,14,5,13,11,4,367,360,24,27,19,293,229,182,211,191,185,70,70,193,85,248,4,4,1,138,248,12,240,254,5,235,5,2,39,100,303,25
29,20,16,29,372,364,9,9,1,13,7,236,167,9,7,107,12,10,1,2,13,229,45,73,66,73,59,52,59,160,15,129,130,265,265,116,109,12,8,15,7,181,196,154,182,60,81,147,66,52,59,80,52,59,203,74,211,245,10,14,1,15,15,3,13,0,14,2,14,6,12,11,4,10,11,14,4,1,13,12,8,12,2,13,6,13,2,7,298,27,25,18,22,288,230,183,212,192,186,71,71,194,11,14,8,12,2,6,5,8,241,255,15,236,153,2,8,101,323,318
19,21,30,16,373,365,9,6,0,15,15,237,168,216,1,123,124,13,4,12,5,230,46,74,67,74,60,53,60,161,160,2,121,40,32,109,8,12,8,10,181,182,197,155,183,61,82,148,67,53,60,81,53,60,204,75,212,246,1,13,3,15,5,0,10,12,6,5,15,0,14,1,3,8,7,1,2,2,10,12,6,14,0,8,10,10,5,3,299,30,26,29,21,289,231,184,213,193,187,14,0,1,15,4,5,15,6,12,9,2,10,2,13,237,154,160,7,121,126,298
24,30,26,28,24,292,13,0,0,14,13,238,169,217,5,12,129,124,15,8,4,231,47,75,68,75,61,54,61,162,161,160,7,41,33,15,7,14,5,209,182,183,198,156,184,62,83,149,68,54,61,82,54,61,205,76,213,247,11,9,2,10,0,3,11,15,13,3,4,5,14,3,8,15,13,1,14,15,5,5,10,14,9,5,8,11,1,9,294,30,19,22,24,292,232,185,214,194,8,8,7,1,13,9,6,15,8,4,2,8,12,14,12,238,155,161,132,2,102,299
23,31,28,21,28,293,5,3,0,2,6,239,170,218,13,0,0,104,4,4,4,232,48,76,69,76,62,55,62,163,162,161,132,2,7,65,13,15,195,210,183,184,199,157,185,63,84,150,69,55,62,83,55,62,206,77,214,248,12,10,7,5,10,9,6,7,10,13,12,8,11,118,40,120,9,13,7,7,2,14,5,0,14,2,13,10,6,12,295,23,24,22,22,293,233,186,215,7,11,5,9,3,5,9,7,7,11,9,12,8,2,12,10,239,156,162,133,216,103,298
19,30,25,28,16,371,4,15,12,9,15,240,171,219,14,4,13,105,13,6,2,233,49,77,70,77,63,56,63,164,163,162,133,160,174,66,216,222,196,211,184,185,200,158,186,64,85,151,70,56,63,84,56,63,207,78,215,11,6,11,15,13,5,3,6,15,10,6,116,34,42,115,41,107,11,7,9,14,7,0,7,14,5,13,10,6,6,12,303,21,20,21,27,302,234,187,15,12,4,11,4,5,6,7,5,1,5,12,11,0,6,0,15,240,157,163,134,217,104,299
29,18,19,27,21,372,337,4,15,14,7,241,172,220,1,2,3,100,0,8,2,234,50,78,71,78,64,57,64,165,164,163,134,161,175,67,217,223,197,212,185,186,201,159,187,3,8,152,71,57,64,85,57,64,208,7,9,15,9,12,9,0,2,9,0,0,112,38,109,35,43,5,9,127,32,120,9,11,14,2,2,3,7,11,3,3,9,6,317,322,20,20,28,371,4,1,7,4,8,9,7,15,1,4,11,11,8,1,2,9,5,10,8,241,158,164,135,218,105,294
16,21,23,25,19,373,338,343,2,7,3,14,173,221,8,5,1,101,10,14,10,4,0,15,3,13,6,1,3,166,165,164,135,162,176,68,218,224,198,213,186,187,3,9,12,8,4,15,12,1,2,2,14,3,14,4,9,2,14,2,12,3,4,4,1,114,115,39,0,0,5,13,7,1,33,100,5,15,112,32,126,7,7,4,0,8,10,9,15,294,28,20,20,372,364,6,12,7,15,3,0,14,13,14,9,3,7,2,14,10,4,0,4,13,159,165,136,219,96,295
28,17,17,27,28,21,339,344,364,11,2,4,8,92,4,6,5,107,3,10,12,0,5,1,15,15,9,12,15,0,166,165,136,163,177,69,219,225,199,214,187,15,14,3,0,5,3,10,1,2,7,12,8,13,2,3,0,11,11,3,7,5,108,38,42,111,13,1,7,14,1,10,8,15,3,101,13,108,115,33,129,122,4,3,14,14,8,7,9,295,27,23,18,373,365,11,14,12,13,1,3,15,1,5,1,6,15,2,3,9,0,2,13,1,4,166,137,220,97,296
30,21,30,22,27,26,26,345,365,12,13,11,5,93,4,12,15,123,130,12,7,4,12,7,11,8,12,3,11,9,4,166,137,164,178,70,220,226,200,215,0,11,12,2,8,5,13,14,11,0,8,5,14,13,10,10,1,7,1,13,3,112,115,39,43,9,2,9,9,72,5,15,9,13,9,125,42,113,9,10,3,107,4,5,12,5,8,6,10,300,27,25,16,23,292,15,4,12,1,0,15,5,2,15,9,13,2,7,9,10,6,9,14,14,5,10,138,221,100,297
22,19,25,28,16,19,31,17,302,14,1,13,13,106,9,14,12,7,131,130,6,4,6,14,15,7,0,10,3,12,13,3,138,165,179,71,221,227,201,3,5,15,13,14,8,10,1,11,10,6,6,13,12,11,8,3,0,0,6,11,12,106,5,14,15,1,12,10,195,73,146,65,9,1,12,2,43,1,3,6,12,129,126,15,0,1,1,15,6,301,20,24,24,26,293,0,2,14,11,6,6,13,9,14,6,4,11,2,0,1,14,3,9,1,14,7,13,88,101,296
27,25,19,19,29,18,17,310,311,13,8,12,10,228,12,14,9,4,5,102,7,12,11,10,11,6,5,5,13,11,10,0,5,166,180,116,111,131,122,0,7,5,14,5,4,6,1,15,5,6,14,11,9,0,7,3,1,2,4,14,118,113,1,5,9,72,72,202,196,74,147,66,139,65,44,79,7,11,15,12,6,13,104,5,2,6,13,2,13,303,24,31,17,304,307,10,3,1,7,6,6,8,0,8,3,9,9,14,10,4,10,1,14,14,5,15,5,89,96,297
23,30,20,21,19,26,19,286,5,14,2,6,0,229,139,13,6,2,11,103,116,38,122,3,5,2,13,9,1,7,15,6,1,15,110,115,79,44,249,4,7,8,4,5,5,3,12,10,14,7,9,6,1,6,7,5,110,34,122,108,117,12,6,3,188,73,73,203,197,75,148,67,140,66,45,80,139,9,12,2,12,12,105,11,11,3,3,2,3,325,316,22,22,292,2,8,14,9,0,13,1,1,5,11,10,6,9,10,11,6,2,7,15,4,12,9,15,92,97,294
23,30,30,17,28,30,27,287,7,13,5,10,0,230,140,160,14,3,4,131,111,39,102,10,7,7,10,6,6,5,4,14,8,114,115,195,80,45,250,7,15,9,0,9,14,11,7,3,8,13,6,15,6,12,13,2,106,35,129,115,8,13,1,188,189,74,74,204,198,76,149,68,141,67,46,81,140,167,58,6,5,14,121,38,40,32,120,8,15,5,303,25,16,293,14,8,10,12,12,10,9,6,12,15,12,15,11,9,12,13,13,13,13,2,1,3,1,93,104,295
26,26,28,25,20,25,26,288,15,8,4,10,14,231,141,161,132,1,5,7,14,11,103,6,3,15,12,7,11,14,15,10,13,228,188,196,81,46,251,9,15,1,6,14,10,9,7,14,1,4,12,9,6,1,3,110,115,13,7,4,4,65,195,189,190,75,75,205,199,77,150,69,142,68,47,82,141,168,59,139,65,58,14,39,41,33,107,9,2,14,323,266,264,315,11,7,6,14,0,5,6,0,1,14,15,11,2,12,0,10,12,13,2,4,8,2,1,90,105,296
29,16,31,26,26,20,17,289,8,6,12,14,12,232,142,162,133,132,8,10,6,2,129,124,8,15,6,1,1,7,14,13,8,229,189,197,82,47,252,11,7,7,1,13,1,5,0,2,2,11,2,12,15,110,38,117,13,11,14,6,209,66,196,190,191,76,76,206,200,78,151,70,143,69,48,83,142,169,60,140,66,59,139,10,3,12,123,126,4,14,13,267,265,12,9,1,3,7,116,36,120,9,13,8,9,6,7,7,4,10,9,9,0,12,7,4,4,91,102,297
27,28,27,28,31,24,23,371,271,7,15,6,15,233,143,163,134,133,153,8,6,6,7,98,3,7,12,0,15,9,14,2,11,230,190,198,83,48,253,15,0,12,11,10,8,15,4,13,10,10,14,5,13,106,39,6,0,5,12,195,210,67,197,191,192,77,77,207,201,12,152,71,144,70,49,84,143,170,61,141,67,60,140,167,12,8,10,107,3,2,3,6,1,10,1,10,13,12,106,37,123,32,128,13,3,0,9,7,12,11,7,15,5,14,9,2,1,86,103,300
28,27,26,24,27,22,22,372,272,364,10,2,14,234,144,164,135,134,154,139,4,10,1,99,8,14,12,3,8,10,6,10,2,231,191,199,84,49,254,0,13,15,118,34,42,34,128,9,0,10,6,11,110,119,7,12,58,79,209,196,211,68,198,192,193,78,78,208,13,6,1,5,145,71,50,85,144,171,62,142,68,61,141,168,146,1,7,123,42,128,3,12,10,0,10,12,3,0,228,2,0,33,123,40,122,11,11,5,2,12,9,13,7,13,2,0,12,87,102,301
23,29,28,23,26,25,29,373,273,365,6,3,14,13,145,165,136,135,155,140,216,12,3,98,15,12,3,1,15,12,2,10,2,232,192,200,85,50,255,12,13,114,115,35,43,35,121,38,130,0,13,13,92,10,1,222,59,80,210,197,212,69,199,193,194,1,7,11,1,13,9,2,1,0,4,0,145,172,63,143,69,62,142,169,147,132,10,0,43,100,7,3,4,11,2,11,11,6,229,132,44,1,11,41,125,36,36,34,120,12,8,1,14,1,15,10,118,115,103,296
30,24,30,16,22,30,18,22,20,302,7,5,2,12,14,166,137,136,156,141,217,7,0,99,12,13,3,2,15,6,13,9,3,233,193,201,12,0,11,14,3,106,14,5,5,12,7,39,249,14,9,11,93,10,11,223,60,81,211,198,213,70,200,194,6,5,2,6,8,5,15,10,2,9,3,14,1,173,64,144,70,63,143,170,148,133,132,10,6,101,2,6,10,0,13,14,6,10,230,133,45,132,44,10,7,37,37,35,102,0,13,11,2,4,5,13,94,13,98,297
20,29,22,31,25,26,23,27,19,368,0,6,5,7,8,14,138,137,157,142,218,5,13,100,10,3,8,5,12,6,14,15,3,234,194,0,9,1,8,13,114,119,51,209,146,79,44,195,250,1,12,14,90,4,10,224,61,82,212,199,214,71,201,2,9,0,5,3,7,283,277,268,11,9,5,2,14,12,13,145,71,64,144,171,149,134,133,132,11,98,0,15,4,1,1,4,10,4,231,134,46,133,45,153,79,79,1,14,103,1,4,13,13,3,9,12,95,0,99,294
30,18,23,29,23,24,26,28,30,369,334,0,3,4,0,10,2,138,158,143,219,11,14,101,6,0,5,13,6,12,5,10,5,14,6,12,4,6,2,118,113,222,52,210,147,80,45,196,251,4,0,6,91,10,3,225,62,83,213,200,215,9,15,12,8,9,6,9,352,284,278,269,328,283,2,7,7,1,2,0,15,1,145,172,150,135,134,133,216,99,5,11,15,5,13,3,11,15,232,135,47,134,46,154,80,80,132,8,127,36,128,11,11,12,6,118,111,13,98,295
26,21,24,19,26,22,17,20,26,370,335,364,6,3,13,12,0,15,159,144,220,14,8,129,122,1,15,1,2,15,13,0,10,4,1,5,1,4,9,90,2,223,53,211,148,81,46,197,252,8,10,3,88,10,14,226,63,84,214,201,0,4,10,6,0,2,12,361,353,285,279,270,329,284,334,13,13,13,9,11,4,6,7,173,151,136,135,134,217,125,128,6,11,4,0,274,3,8,233,136,48,135,47,155,81,81,133,132,5,37,129,34,122,9,0,86,3,15,99,294
26,22,17,29,22,30,20,24,28,22,336,365,5,14,3,7,8,2,12,145,221,10,6,2,100,14,15,5,1,15,6,5,4,9,12,8,0,6,14,91,3,224,54,212,149,82,47,198,253,12,14,12,89,8,11,227,64,85,215,11,13,1,8,11,271,268,361,362,354,28,20,17,330,285,335,340,280,268,2,13,10,2,0,6,152,137,136,135,218,13,100,1,3,4,366,275,328,274,234,137,49,136,48,156,82,82,134,133,153,12,3,35,125,124,13,87,14,5,100,295
25,28,28,21,28,30,19,23,26,23,31,286,6,2,13,0,0,12,10,14,228,10,2,11,101,1,2,6,14,3,9,1,3,15,2,10,14,3,1,92,1,225,55,213,150,83,48,199,254,12,2,108,115,0,1,96,1,14,1,10,3,9,14,355,272,269,362,363,24,28,22,26,22,21,336,341,281,269,364,6,2,9,9,7,6,138,137,136,219,5,101,0,15,12,367,276,329,275,337,138,50,137,49,157,83,83,135,134,154,160,2,7,1,123,36,117,8,5,101,294
266,318,28,22,23,26,25,17,30,21,20,287,1,6,3,8,1,13,12,12,229,216,13,5,98,12,11,14,13,14,9,15,7,3,9,0,14,12,9,93,2,226,56,214,151,84,49,200,255,2,10,106,0,7,7,97,14,10,8,6,10,280,349,356,273,270,363,30,31,17,19,27,26,20,22,342,282,270,365,13,13,9,2,0,13,3,138,137,220,5,107,3,2,14,296,23,330,276,338,284,343,138,50,158,84,84,136,135,155,161,146,2,10,5,37,1,5,4,242,295
267,327,318,25,24,23,26,25,28,29,29,286,13,5,3,13,13,7,15,4,230,217,4,6,99,2,2,2,0,12,3,4,12,8,7,2,8,7,6,94,0,227,57,215,152,85,50,201,9,14,114,117,1,8,15,249,0,11,10,0,355,281,350,357,27,16,22,29,19,27,19,29,26,26,22,19,28,27,302,1,11,13,0,3,8,7,5,138,221,10,125,128,9,6,297,24,16,26,339,285,344,284,328,159,85,85,137,136,156,162,147,167,44,0,13,14,14,209,243,298
38,128,323,262,264,322,24,20,21,25,22,287,0,9,268,7,15,12,4,5,231,218,15,15,131,120,5,4,2,11,11,6,10,1,10,2,0,5,15,95,4,107,1,4,2,5,8,2,1,116,111,7,2,14,188,250,0,1,14,366,356,282,351,24,16,23,19,17,21,23,31,29,31,16,312,318,17,308,311,2,0,4,0,11,12,2,7,0,92,9,14,100,10,8,300,17,20,30,17,22,345,285,329,328,349,334,138,137,157,163,148,168,45,139,65,44,188,210,244,299
39,100,8,263,265,303,24,24,22,18,21,290,14,366,269,328,2,5,12,8,232,219,7,1,0,96,2,8,1,1,4,10,8,5,4,11,10,9,4,94,12,121,124,13,12,3,12,1,0,106,12,12,3,174,189,251,8,9,14,367,357,16,312,258,326,18,23,27,30,17,308,264,256,264,313,303,27,302,7,11,2,4,6,2,12,9,15,12,93,5,6,101,4,15,301,23,27,17,24,18,19,17,330,329,350,335,337,138,158,164,149,169,46,140,66,45,189,211,245,298
1,101,0,11,8,319,326,29,16,27,27,291,3,367,270,329,334,4,13,4,233,220,9,9,14,97,4,8,13,7,3,7,2,13,5,110,42,128,13,95,5,3,224,1,5,6,14,12,114,115,6,4,181,175,190,252,11,8,6,323,266,322,302,259,298,31,21,24,30,16,288,265,257,265,2,319,260,309,1,8,12,5,15,14,11,15,8,15,106,8,15,100,8,10,325,324,19,20,27,24,17,29,28,330,351,336,338,331,159,165,150,170,47,141,67,46,190,212,246,299
0,104,1,4,3,4,300,31,20,28,22,292,11,300,17,330,335,364,4,5,234,235,51,1,1,98,11,5,4,8,2,2,15,5,10,235,43,107,0,106,12,12,225,0,4,10,5,116,109,0,2,174,182,176,191,253,4,11,3,14,267,323,315,1,299,17,17,18,19,16,289,9,0,4,14,15,261,13,8,2,4,8,15,2,268,277,12,10,235,65,2,101,5,1,9,327,262,266,264,264,264,320,24,16,27,19,339,332,337,166,151,171,48,142,68,47,191,213,247,303
8,105,8,15,0,9,301,23,27,28,24,293,5,301,21,23,336,365,1,11,5,236,52,216,15,99,7,3,13,11,3,13,0,13,7,236,139,121,40,109,7,11,226,3,9,10,108,117,7,1,181,175,183,177,192,254,9,14,2,13,11,7,11,9,325,258,322,24,30,306,307,0,0,11,11,14,8,10,13,14,15,4,11,366,269,278,364,3,236,66,153,242,2,1,14,10,263,267,265,265,265,323,326,28,17,21,26,333,338,343,152,172,49,143,69,48,192,214,248,377
1,98,7,12,11,9,303,22,24,30,19,368,8,303,23,17,30,286,3,10,14,237,53,217,7,107,4,8,9,6,14,5,0,10,6,237,140,160,41,8,1,4,227,11,10,6,228,79,44,188,182,176,184,178,193,255,346,340,12,10,14,15,2,6,7,259,323,260,258,309,0,4,0,9,2,1,2,9,6,5,4,8,8,367,270,279,365,15,237,67,154,243,6,15,1,4,11,14,9,7,6,15,319,258,322,28,20,20,339,344,328,268,50,144,70,49,193,215,349,378
5,99,7,4,12,2,319,260,322,16,17,369,364,321,326,20,17,287,0,2,2,238,54,218,0,123,122,4,11,2,11,13,1,11,11,238,141,161,160,5,8,11,104,9,1,13,229,80,45,189,183,177,185,179,194,355,347,341,331,283,1,11,10,12,10,13,3,261,259,5,8,9,5,3,0,7,11,0,1,3,1,12,274,374,22,28,288,2,238,68,155,244,1,15,6,8,5,0,1,2,1,5,12,259,317,262,324,20,28,345,329,269,328,268,71,50,194,349,350,379
4,107,14,5,14,10,12,261,317,260,260,370,365,3,377,20,28,292,2,7,4,239,55,219,0,12,98,14,8,10,15,9,1,3,15,239,142,162,161,132,15,2,105,9,3,9,230,81,46,190,184,178,186,180,355,356,348,342,332,284,343,10,1,3,9,12,7,12,5,0,11,15,11,13,1,15,5,10,2,0,5,352,275,375,26,26,289,6,239,69,156,245,11,3,9,4,10,4,11,11,10,1,6,13,6,263,303,19,18,25,330,270,329,269,337,271,361,350,351,31
5,121,124,10,2,0,10,12,12,261,261,317,307,366,378,29,23,293,6,1,15,240,56,220,15,5,99,7,4,9,8,8,12,5,0,240,143,163,162,133,132,6,107,8,6,3,231,82,47,191,185,179,187,355,356,357,16,28,333,285,344,340,2,9,10,4,13,4,6,1,12,15,13,11,15,14,8,5,8,271,358,353,276,376,26,27,302,3,240,70,157,246,5,4,5,7,2,112,122,15,5,5,1,8,8,8,321,322,19,28,19,28,330,270,338,272,362,351,28,16
11,3,127,36,120,1,7,5,4,9,10,4,3,367,379,26,22,302,5,6,9,241,57,221,7,7,129,40,124,3,15,5,10,1,14,241,144,164,163,134,133,216,123,124,10,0,232,83,48,192,186,180,358,356,357,20,28,19,19,17,345,341,343,6,15,13,14,7,6,9,1,11,3,13,5,1,12,1,346,272,359,354,24,28,18,23,368,280,241,71,158,247,0,2,15,6,13,94,121,122,3,1,7,15,14,7,15,317,326,24,16,24,31,16,339,273,363,16,27,20
10,3,7,37,107,3,12,6,3,0,10,3,7,303,18,306,262,305,2,6,3,8,7,90,3,15,0,41,131,38,42,124,8,4,9,10,145,165,164,135,134,217,13,107,9,9,233,84,49,193,187,355,359,357,20,31,28,17,23,25,27,342,344,364,5,7,10,10,1,1,8,2,1,11,14,10,12,366,347,273,360,21,22,22,26,24,369,281,337,280,159,248,10,14,11,10,11,95,7,131,32,38,128,6,9,7,4,12,325,258,260,318,27,23,27,19,23,19,20,26
4,3,3,4,125,126,10,2,10,9,7,9,1,323,262,305,263,9,7,11,4,6,10,91,11,5,8,0,5,39,43,107,7,1,12,15,12,166,165,136,135,218,1,131,126,14,234,85,50,194,366,356,360,30,23,20,22,25,21,28,23,29,345,365,5,0,7,11,1,15,7,13,8,4,14,12,9,367,348,17,23,27,24,24,17,27,370,282,338,281,364,0,4,11,7,11,114,111,7,10,33,39,107,4,4,8,4,9,12,259,261,303,17,23,18,30,20,31,22,29
15,6,8,6,5,123,128,15,13,1,11,10,10,2,263,3,15,2,3,12,12,12,3,86,10,7,10,79,51,10,9,123,126,10,0,1,9,8,166,137,136,219,11,2,104,1,14,0,13,14,367,357,27,20,26,18,26,23,30,28,30,26,304,315,6,14,7,10,0,13,9,6,3,6,6,13,3,296,19,18,22,30,21,16,31,22,21,23,339,282,365,13,0,5,9,116,113,8,8,7,14,5,131,36,126,5,7,6,14,2,0,327,320,27,19,19,23,22,19,17
8,3,8,5,2,6,107,0,14,8,11,10,10,5,2,11,3,9,3,3,15,3,4,87,12,11,222,80,52,139,2,9,131,120,3,3,1,3,12,138,137,220,5,8,105,0,4,11,14,6,323,318,27,18,27,20,25,30,19,19,22,17,288,0,15,15,4,1,9,3,2,0,15,0,9,11,2,297,28,30,23,24,24,17,21,23,17,23,30,26,286,8,5,3,15,86,10,12,51,65,44,3,5,37,121,40,130,10,8,9,4,9,317,324,22,29,16,21,31,27
4,6,15,4,8,15,129,40,120,7,1,13,15,2,11,14,13,3,1,0,10,7,116,111,10,12,223,81,53,140,146,13,7,121,122,0,1,5,7,5,138,221,3,2,107,6,6,12,6,15,1,319,264,258,326,31,19,17,19,23,28,31,289,15,7,11,3,1,8,15,0,1,13,5,15,4,3,323,260,260,266,326,19,28,19,24,23,19,25,16,287,14,15,0,15,87,13,188,52,66,45,167,72,3,15,41,131,42,124,5,6,9,8,319,258,260,320,21,16,24
3,9,10,5,8,6,13,41,100,9,10,11,15,10,4,15,11,11,0,8,11,11,92,7,11,15,224,82,54,141,147,146,13,7,125,122,11,13,0,6,6,106,8,8,127,128,3,6,1,15,10,9,265,259,303,25,30,23,27,16,27,308,313,14,2,13,6,3,13,11,3,15,5,6,3,2,8,11,261,261,267,319,318,21,30,19,24,310,258,266,305,110,122,7,7,228,202,189,53,67,46,168,73,167,58,1,9,43,123,122,15,3,12,1,259,261,300,16,29,23
12,14,15,13,79,65,7,1,101,1,7,0,13,3,10,271,349,364,3,13,15,15,93,6,15,8,225,83,55,142,148,147,167,4,13,127,36,42,126,114,34,109,14,7,4,107,11,15,7,13,6,1,6,2,319,326,25,27,29,24,306,305,2,0,11,8,4,0,3,2,0,6,11,13,13,1,7,8,14,14,12,13,303,31,31,22,27,302,259,267,112,111,96,0,12,229,203,190,54,68,47,169,74,168,59,153,65,14,7,123,126,14,8,12,5,7,301,16,22,23
11,12,13,195,80,66,167,11,107,14,13,12,4,9,352,272,350,365,14,10,11,108,115,15,2,12,226,84,56,143,149,148,168,160,11,2,37,43,107,106,35,0,9,3,11,129,126,12,5,8,11,0,2,9,0,296,20,29,25,16,302,14,8,8,8,6,0,6,5,15,12,8,13,5,0,15,4,14,10,8,2,3,325,316,19,19,306,311,116,42,109,5,97,2,0,230,204,191,55,69,48,170,75,169,60,154,66,160,1,7,129,130,8,14,11,5,303,21,28,30
13,9,188,196,81,67,168,132,249,10,7,3,8,346,353,273,351,371,277,12,13,92,4,1,3,5,227,85,57,144,150,149,169,161,139,10,14,1,121,119,9,10,8,15,5,10,107,5,0,14,15,14,6,8,6,297,25,19,31,314,309,15,1,3,2,13,4,5,4,13,3,13,5,1,6,0,0,15,11,1,2,10,9,303,21,27,290,112,115,43,7,14,100,9,4,231,205,192,56,70,49,171,76,170,61,155,67,161,160,3,14,107,0,11,13,3,325,326,17,16
9,222,189,197,82,68,169,133,250,7,2,13,352,347,354,17,21,372,278,331,6,93,12,1,1,3,107,4,11,145,151,150,170,162,140,132,9,3,15,9,3,15,7,6,9,2,125,42,128,13,4,14,5,6,9,303,24,314,260,309,1,3,2,6,0,0,2,3,349,343,274,3,2,8,10,14,7,5,13,10,15,2,7,321,326,29,291,106,8,13,9,7,101,7,9,232,206,193,57,71,50,172,77,171,62,156,68,162,161,139,0,125,42,124,11,12,6,303,22,26
3,223,190,198,83,69,170,134,251,3,14,366,353,348,22,22,27,373,279,332,364,94,12,4,2,12,121,130,3,3,152,151,171,163,141,133,167,13,0,4,4,11,65,8,10,4,4,43,96,10,4,4,8,6,8,319,260,305,261,9,3,6,5,13,2,9,280,349,350,344,275,328,10,8,13,4,355,337,15,11,7,13,6,0,300,28,288,228,3,7,3,2,102,11,10,233,207,194,1,1,14,173,78,172,63,157,69,163,162,140,216,1,43,107,14,0,10,319,322,26
14,224,191,199,84,70,171,135,252,12,1,367,354,29,25,24,23,23,25,333,365,95,11,5,6,1,13,102,1,5,4,152,172,164,142,134,168,146,13,15,14,174,66,160,4,9,9,10,97,4,4,13,2,14,5,13,261,10,3,5,7,1,1,8,5,361,281,350,351,345,276,329,364,1,10,366,356,338,328,7,13,12,5,0,301,23,289,229,216,12,1,3,103,10,11,234,208,7,15,8,2,7,9,173,64,158,70,164,163,141,217,12,11,131,120,0,10,9,300,17
6,225,192,200,85,71,172,136,253,1,5,294,25,31,24,16,19,26,28,21,286,106,11,12,174,216,11,103,15,13,15,13,173,165,143,135,169,147,153,58,174,175,67,161,139,5,1,11,123,42,42,32,32,124,0,7,8,11,13,0,9,13,7,1,349,362,282,351,28,21,26,330,365,15,9,367,357,339,329,340,11,10,8,14,327,324,302,230,217,1,9,14,107,12,5,13,12,14,3,1,12,0,5,11,3,159,71,165,164,142,218,8,8,11,96,11,13,7,301,26
15,226,193,201,1,12,173,137,254,14,7,295,21,25,16,17,19,28,26,23,287,228,72,174,175,217,5,107,12,7,11,2,3,166,144,136,170,148,154,59,175,176,68,162,140,146,3,0,11,43,43,33,33,107,2,9,4,0,2,14,6,4,5,361,350,363,22,18,21,19,25,20,290,2,1,296,17,26,330,341,328,14,11,2,5,317,313,231,218,4,3,4,249,9,5,10,15,9,14,7,15,2,2,3,13,2,15,166,165,143,219,10,3,12,97,9,5,9,296,24
12,227,194,0,0,2,8,138,255,14,9,325,322,31,28,27,24,23,20,31,292,229,73,175,176,218,12,129,128,5,2,8,12,5,145,137,171,149,155,60,176,177,69,163,141,147,139,5,14,3,7,4,5,125,126,8,10,5,12,2,12,6,361,362,351,26,16,20,20,28,23,19,291,2,2,297,16,17,28,342,329,364,0,5,10,0,8,232,219,12,11,222,250,14,7,9,2,11,7,15,9,6,12,14,14,10,0,15,166,144,220,5,12,5,107,0,12,6,297,22
0,96,10,2,13,10,8,10,9,5,15,5,300,30,26,17,26,17,18,29,293,230,74,176,177,219,2,5,107,14,4,10,14,15,1,138,172,150,156,61,177,178,70,164,142,148,140,139,11,15,14,3,5,13,107,2,4,7,8,12,5,366,362,363,31,29,26,24,24,24,16,22,292,3,15,298,22,23,30,26,330,365,12,11,5,13,13,233,220,0,15,223,251,2,0,15,14,1,15,8,1,10,5,1,2,12,11,8,13,145,221,7,7,13,242,2,8,12,294,28
13,97,14,11,10,9,14,9,8,7,3,5,301,25,31,20,17,26,19,23,302,231,75,177,178,220,5,9,125,128,8,3,7,9,1,12,173,151,157,62,178,179,71,165,143,149,141,140,160,72,58,72,65,6,123,120,5,4,1,15,10,367,363,17,25,17,28,24,26,16,25,17,293,1,8,299,20,23,17,27,17,302,8,7,3,0,14,234,221,1,3,224,252,6,9,7,3,10,4,13,1,2,2,0,5,6,2,10,13,13,86,10,12,195,243,9,11,11,295,28
7,98,3,5,5,11,11,4,1,10,2,13,303,31,16,17,16,24,21,310,307,232,76,178,179,221,10,6,11,104,14,8,4,10,13,4,0,152,158,63,179,180,7,166,144,150,142,141,161,73,59,73,66,146,6,123,38,124,1,8,3,323,318,17,31,31,29,23,31,16,17,314,313,2,11,303,25,17,18,30,26,371,11,12,7,12,10,116,119,6,8,225,253,15,2,2,1,9,8,15,3,13,3,8,3,12,14,10,15,4,87,1,222,196,244,11,15,15,300,19
216,99,10,14,5,5,6,13,12,10,15,4,319,260,322,24,23,20,308,313,12,233,77,179,180,92,13,7,15,105,9,4,0,5,14,12,11,15,159,64,180,3,15,15,145,151,143,142,162,74,60,74,67,147,139,10,39,107,4,2,0,5,303,22,20,20,30,28,304,264,266,305,2,0,4,377,16,28,23,31,16,372,331,5,4,10,116,113,15,6,1,226,254,0,10,15,2,12,13,13,9,14,2,10,1,0,9,6,2,112,117,11,223,197,245,6,11,9,301,29
217,104,6,2,5,8,1,6,12,0,14,9,14,261,323,324,31,16,292,0,13,234,78,180,6,93,10,10,6,107,12,0,14,5,1,7,9,10,1,5,6,1,0,1,14,152,144,143,163,75,61,75,68,148,140,216,6,131,32,126,1,6,327,322,26,29,26,29,292,265,267,2,4,8,366,378,28,24,21,20,23,373,332,364,1,0,92,5,14,12,5,227,255,15,12,1,3,13,6,6,5,0,12,4,4,2,3,4,2,94,12,8,224,198,246,3,3,3,296,27
218,105,11,1,14,4,0,7,7,8,8,14,8,3,1,296,25,18,293,13,9,1,0,13,15,106,6,7,10,123,124,7,1,3,14,8,13,9,12,12,0,9,2,9,12,4,145,144,164,76,62,76,69,149,141,217,1,10,33,127,34,42,122,300,27,22,22,27,293,5,6,13,0,4,367,379,30,18,26,27,28,26,333,365,8,9,93,3,5,3,13,131,124,12,14,114,32,36,32,34,42,126,1,3,3,4,7,1,13,95,8,7,225,199,247,11,1,13,297,20
219,102,4,10,11,8,14,8,7,4,11,13,7,12,9,297,312,264,313,14,5,14,0,6,7,228,44,44,2,6,123,124,3,4,6,13,8,12,7,2,8,9,12,5,10,4,2,145,165,77,63,77,70,150,142,218,4,1,2,14,35,43,100,301,23,19,20,26,290,1,4,8,1,1,296,25,22,26,22,25,28,28,28,292,0,116,109,11,15,6,2,11,107,11,6,106,33,37,33,35,43,129,124,12,6,7,13,13,0,88,0,9,226,200,248,4,4,9,300,24
220,103,9,9,5,6,10,3,11,9,9,0,7,10,11,323,311,265,12,13,1,9,15,11,9,229,45,45,160,9,5,107,6,11,14,6,12,6,1,12,13,5,13,11,7,2,10,0,166,78,64,78,71,151,143,219,11,2,0,4,12,3,101,325,264,316,23,17,291,7,7,2,2,12,297,27,28,28,22,17,21,26,19,293,11,106,14,6,15,8,7,14,127,42,40,109,13,10,14,8,14,10,107,9,3,4,14,14,2,89,9,2,227,201,4,14,4,7,301,19
221,107,8,6,2,3,6,13,6,7,2,5,1,1,14,8,10,8,11,6,13,10,14,7,12,230,46,46,161,132,11,125,122,6,5,5,9,6,4,8,6,9,0,2,5,5,0,6,5,0,6,12,12,152,144,220,6,1,14,9,2,13,127,130,265,317,324,314,315,13,6,9,3,3,321,324,28,23,26,28,20,16,310,307,118,115,13,10,13,12,2,4,2,43,41,4,11,209,146,4,14,4,123,122,5,11,9,10,110,111,3,15,249,5,11,1,1,283,374,23
88,129,122,3,0,8,13,14,4,15,6,15,7,3,14,14,2,2,0,2,15,2,1,8,12,231,47,47,162,133,216,9,123,120,13,4,4,3,0,6,5,4,7,4,4,0,0,10,11,10,15,10,10,7,145,221,0,10,0,12,8,1,7,131,38,120,321,313,10,5,15,9,1,9,5,303,31,21,26,25,27,17,292,114,119,11,13,6,10,4,12,2,65,65,72,79,181,210,147,146,65,4,13,123,40,130,0,108,111,3,6,202,250,0,15,15,366,284,375,23
89,6,96,1,0,6,110,32,130,3,3,11,2,7,8,12,4,9,6,13,0,6,3,12,8,232,48,48,163,134,217,0,8,107,10,14,5,1,4,3,9,15,10,15,12,3,13,9,6,1,15,5,4,12,13,106,12,10,10,9,2,181,146,0,39,107,13,6,14,4,13,11,15,15,1,321,262,266,262,318,18,28,293,94,1,15,15,14,15,15,6,209,66,66,73,80,182,211,148,147,66,153,2,7,41,129,42,115,6,8,174,203,251,4,2,8,367,285,376,24
88,11,97,3,112,32,109,33,125,128,6,10,15,2,1,5,11,1,1,15,5,4,4,7,5,233,49,49,164,135,218,10,6,242,13,2,6,14,8,11,4,4,11,1,13,2,9,12,15,4,14,4,12,3,116,113,7,1,2,1,181,182,147,139,6,131,32,34,36,126,3,15,12,6,11,12,263,267,263,325,262,266,309,95,0,4,9,10,13,1,181,210,67,67,74,81,183,212,149,148,67,154,160,11,9,14,43,8,8,195,175,204,252,11,13,5,303,17,26,18
89,11,107,8,106,33,3,10,6,123,128,3,15,3,13,5,14,7,11,11,8,6,2,4,4,234,50,50,165,136,219,7,222,243,14,5,0,9,4,1,7,7,10,12,6,9,12,8,13,112,130,9,4,116,115,1,15,5,6,195,182,183,148,140,160,4,33,35,37,129,40,126,4,9,8,14,8,15,112,124,263,267,108,109,5,15,5,10,11,181,182,211,68,68,75,82,184,213,150,149,68,155,161,153,15,3,10,10,181,196,176,205,253,13,2,3,325,316,23,16
109,2,127,42,111,12,2,12,15,0,107,10,0,8,9,4,11,3,4,14,14,1,4,9,2,12,3,6,166,137,220,0,223,244,1,15,9,7,7,9,1,5,10,13,3,2,2,10,15,106,123,40,38,111,9,14,11,2,181,196,183,184,149,141,161,139,58,8,7,11,41,131,130,13,4,12,114,34,115,129,36,32,119,15,14,6,7,1,181,182,183,212,69,69,76,83,185,214,151,150,69,156,162,154,160,11,14,222,182,197,177,206,254,5,14,0,11,294,27,24
6,1,8,43,6,5,9,11,58,7,121,128,1,14,7,1,15,1,8,1,0,2,11,12,0,13,0,0,6,138,221,13,224,245,6,11,0,4,3,1,13,15,8,5,5,10,13,9,116,109,3,41,39,2,5,12,10,209,182,197,184,185,150,142,162,140,59,146,10,0,13,6,127,40,42,40,113,35,9,1,37,33,11,1,0,8,14,181,182,183,184,213,70,70,77,84,186,215,152,151,70,157,163,155,161,216,8,223,183,198,178,207,255,7,3,1,11,295,25,22
11,0,7,13,4,1,5,174,59,167,44,242,14,7,12,2,4,277,9,14,8,6,12,1,7,4,5,6,8,0,86,3,225,246,3,10,3,13,13,12,2,10,12,4,11,9,8,3,106,15,14,6,3,5,2,0,195,210,183,198,185,186,151,143,163,141,60,147,139,58,9,6,1,41,43,41,3,6,3,9,79,58,51,195,160,72,188,182,183,184,185,214,71,71,78,85,187,4,9,152,71,158,164,156,162,217,6,224,184,199,179,208,2,14,12,14,15,303,16,17
9,0,9,6,1,13,188,175,60,168,45,243,5,13,1,8,349,278,328,1,13,6,4,1,7,4,11,114,36,128,87,1,226,247,6,14,8,6,11,13,9,6,13,7,1,11,14,108,117,0,2,12,209,160,72,188,196,211,184,199,186,187,152,144,164,142,61,148,140,59,146,79,51,65,58,79,44,79,51,195,80,59,52,196,161,73,189,183,184,185,186,215,15,7,13,4,8,0,12,13,15,159,165,157,163,218,9,225,185,200,180,0,8,14,1,13,268,377,19,28
7,9,9,12,1,188,189,176,61,169,46,244,4,0,12,358,350,279,329,364,15,6,12,6,5,8,14,92,37,129,119,11,227,248,12,1,6,7,8,10,14,15,2,7,116,128,3,106,13,7,9,209,210,161,73,189,197,212,185,200,187,358,337,145,165,143,62,149,141,60,147,80,52,66,59,80,45,80,52,196,81,60,53,197,162,74,190,184,185,186,187,7,4,11,11,0,6,13,10,13,11,2,166,158,164,219,13,226,186,201,7,2,2,3,13,358,269,378,16,28
5,9,8,10,202,189,190,177,62,170,47,245,15,7,366,359,351,25,330,365,5,15,5,15,1,7,7,93,3,9,9,6,104,8,3,14,11,8,5,14,3,2,6,7,86,127,38,117,13,44,174,210,211,162,74,190,198,213,186,201,349,359,338,340,166,144,63,150,142,61,148,81,53,67,60,81,46,81,53,197,82,61,54,198,163,75,191,185,186,187,4,3,5,7,13,9,15,1,14,13,14,7,9,159,165,220,1,227,187,0,12,7,5,4,346,359,270,379,27,29
0,9,8,209,203,190,191,178,63,171,48,246,6,13,367,360,20,16,26,302,0,15,13,11,13,6,11,92,2,8,5,8,105,9,8,5,6,10,4,15,7,10,11,11,87,12,39,4,174,45,175,211,212,163,75,191,199,214,187,346,350,360,339,341,343,145,64,151,143,62,149,82,54,68,61,82,47,82,54,198,83,62,55,199,164,76,192,186,187,8,11,5,0,14,3,8,11,11,14,7,3,15,7,0,166,221,13,96,0,11,13,13,12,352,347,360,31,30,29,28
3,2,188,210,204,191,192,179,64,172,49,247,0,2,296,21,18,30,21,371,277,7,15,8,5,7,6,93,15,8,9,4,96,0,8,9,12,0,14,5,12,0,13,110,111,6,65,202,175,46,176,212,213,164,76,192,200,215,366,347,351,27,28,342,344,343,277,152,144,63,150,83,55,69,62,83,48,83,55,199,84,63,56,200,165,77,193,187,3,7,4,1,1,5,10,10,3,8,10,14,13,2,5,7,5,86,15,97,12,3,0,11,366,353,348,17,30,27,25,19
4,222,189,211,205,192,193,180,9,173,50,248,10,7,297,26,25,27,30,372,278,364,11,5,3,7,118,115,5,6,3,7,97,4,11,5,5,0,12,0,5,5,112,111,5,195,66,203,176,47,177,213,214,165,77,193,201,9,367,348,26,26,29,27,345,344,278,364,145,64,151,84,56,70,63,84,49,84,56,200,85,64,57,201,166,78,194,6,11,13,9,14,5,9,1,1,15,0,14,14,0,5,14,8,12,87,9,129,130,11,6,10,367,354,18,22,21,16,25,17
1,223,190,212,206,193,194,13,3,14,6,4,15,4,294,16,20,28,31,373,279,365,1,4,13,112,109,11,5,1,4,2,104,9,5,13,2,2,1,4,0,114,119,5,202,196,67,204,177,48,178,214,215,166,78,194,280,280,374,27,28,28,28,17,29,345,279,365,15,12,152,85,57,71,64,85,50,85,57,201,9,15,8,9,11,4,6,4,15,6,15,11,12,8,10,2,13,3,15,13,12,3,12,3,14,106,11,11,104,14,2,11,296,28,17,21,25,18,31,16
12,224,191,213,207,194,3,1,8,10,4,5,6,8,295,31,29,17,30,29,27,302,2,15,7,88,12,4,15,7,8,0,105,0,14,108,128,11,8,118,42,117,0,188,203,197,68,205,178,49,179,215,277,277,274,352,281,281,375,27,22,22,23,27,31,18,22,290,11,0,13,15,2,11,15,9,0,12,7,15,9,1,6,8,14,11,8,7,5,12,0,13,10,5,14,9,6,12,6,6,2,12,10,15,2,228,1,14,105,2,4,3,297,24,24,23,28,28,31,31
7,225,192,214,208,4,1,6,8,14,8,10,7,2,377,31,30,28,314,264,258,313,14,8,15,89,12,15,15,51,5,5,107,2,14,90,123,126,116,111,43,8,195,189,204,198,69,206,179,50,180,352,278,278,275,353,282,282,376,29,21,16,25,18,25,20,25,291,4,4,3,9,12,4,13,2,12,5,14,6,1,6,2,1,14,9,14,1,8,1,9,11,8,6,8,13,2,9,14,0,2,13,5,15,2,229,216,12,102,14,14,12,294,27,26,31,26,19,24,28
1,226,193,215,2,8,9,15,11,14,11,5,8,346,378,26,30,23,290,265,259,5,12,0,116,113,1,4,195,52,139,72,242,5,2,91,11,131,109,13,2,195,196,190,205,199,70,207,180,268,349,353,279,279,276,354,28,31,27,27,29,30,26,19,29,27,26,371,8,13,10,10,1,12,4,0,0,7,5,5,11,0,10,8,1,5,2,3,6,9,11,0,2,7,7,4,0,3,14,2,10,12,7,1,11,230,217,6,103,2,3,4,295,31,23,28,20,25,24,24
8,227,194,11,8,0,0,4,11,12,10,15,366,347,379,22,16,24,291,6,3,3,9,112,109,0,0,195,196,53,140,73,243,0,3,228,14,11,12,0,181,196,197,191,206,200,71,208,361,269,350,354,21,29,20,27,31,30,21,25,20,18,21,25,29,28,25,372,334,277,14,0,7,3,8,7,5,5,11,5,15,4,3,2,11,15,12,8,1,14,12,14,9,7,14,2,14,9,2,0,15,10,11,0,15,231,218,9,98,7,0,15,300,26,17,27,23,25,28,25
15,104,1,11,15,3,1,13,7,11,7,4,367,348,31,29,26,18,290,1,13,10,6,106,8,14,188,196,197,54,141,74,244,8,6,229,146,79,65,188,182,197,198,192,207,201,283,346,362,270,351,30,29,18,16,29,29,27,27,21,17,17,25,29,18,29,29,373,335,278,364,3,4,4,14,12,6,6,4,12,8,8,0,0,3,0,7,13,15,13,5,7,1,7,5,14,2,13,5,6,15,6,3,13,9,232,219,11,99,10,12,6,301,30,25,23,18,21,22,22
11,105,10,15,14,10,9,2,0,6,8,3,298,18,19,29,16,18,291,10,1,6,12,235,65,202,189,197,198,55,142,75,245,4,12,230,147,80,66,189,183,198,199,193,208,366,284,347,363,30,17,21,31,25,23,31,28,28,314,322,27,28,314,326,30,21,30,27,336,279,365,9,12,9,10,4,6,2,1,12,7,9,5,0,8,2,3,3,11,5,4,3,1,0,8,5,6,9,4,4,11,11,2,14,8,233,220,13,129,128,1,6,325,266,326,25,22,20,20,24
0,98,15,11,3,11,3,10,13,8,5,0,299,22,16,22,31,312,311,0,5,9,13,236,66,203,190,198,199,56,143,76,246,12,10,231,148,81,67,190,184,199,200,194,5,367,285,348,21,24,20,29,26,19,16,24,310,260,305,323,258,256,307,296,16,26,18,31,31,25,286,4,15,7,12,0,7,6,8,12,1,6,15,9,5,4,2,2,4,13,9,0,8,13,5,10,2,8,6,13,9,15,13,15,3,234,221,10,8,125,120,15,2,267,298,24,25,18,25,29
2,99,3,4,8,5,7,1,8,3,12,3,317,316,25,19,29,286,2,11,11,12,3,237,67,204,191,199,200,57,144,77,247,2,15,232,149,82,68,191,185,200,201,5,6,303,22,30,24,306,322,19,312,264,258,266,309,261,9,3,259,257,0,297,16,31,26,19,27,26,287,8,14,14,14,15,3,8,3,12,1,8,14,12,11,9,14,3,11,12,11,11,4,11,1,11,9,9,8,4,3,108,120,6,14,108,119,12,5,10,96,2,10,10,299,26,29,25,30,19
6,98,5,9,12,14,5,3,0,12,15,8,1,303,22,29,25,287,1,13,7,11,4,238,68,205,192,200,201,271,145,78,248,3,11,233,150,83,69,192,186,201,13,12,0,327,266,258,256,305,321,256,311,265,259,267,2,4,10,2,4,5,9,317,266,266,256,264,256,264,311,2,9,15,12,14,4,13,10,0,12,14,10,15,2,8,0,3,11,5,1,6,3,14,1,4,14,9,1,0,114,117,125,32,34,119,15,0,7,11,97,7,1,8,303,22,22,20,30,17
1,99,12,10,10,1,7,11,8,10,2,15,9,377,28,20,304,305,4,11,1,4,11,239,69,206,193,201,346,272,343,14,1,4,7,234,151,84,70,193,187,9,5,15,12,3,267,259,257,0,13,257,12,8,15,5,4,15,4,14,12,1,9,11,267,267,257,265,257,265,6,3,13,1,7,4,12,14,3,15,9,15,3,3,7,10,8,5,2,110,38,120,10,10,3,9,3,13,6,108,109,0,1,33,35,12,15,6,72,65,242,6,11,15,325,326,17,22,23,17
11,98,0,9,1,6,3,14,5,5,6,5,358,378,27,312,307,5,14,10,9,13,10,240,70,207,194,358,347,273,344,364,3,8,10,8,152,85,71,194,7,2,14,0,3,6,13,11,9,1,0,0,5,6,3,11,9,9,6,8,14,1,1,10,6,9,1,12,12,5,4,9,13,1,14,7,6,4,9,0,4,0,1,2,1,9,4,8,6,106,39,129,122,2,2,14,112,126,14,88,8,0,0,13,13,6,7,202,73,66,243,3,3,4,8,303,24,28,27,22
15,99,6,7,5,7,1,15,2,15,280,355,359,379,26,290,7,5,7,2,7,3,1,241,71,208,349,359,348,19,345,365,10,4,11,13,5,7,8,13,4,11,1,3,1,7,8,11,13,9,11,15,8,1,14,14,8,3,10,3,1,7,3,12,8,14,12,11,7,11,5,12,4,1,2,2,15,6,12,4,2,3,8,8,8,4,108,32,34,119,14,1,102,5,7,118,115,107,9,89,3,8,8,1,13,14,174,203,74,67,244,10,12,14,9,374,30,20,16,25
2,100,11,11,7,13,0,2,13,366,281,356,360,19,22,291,4,10,1,0,6,8,277,268,277,352,350,360,18,23,314,315,9,1,7,1,13,4,14,6,2,5,0,11,4,11,12,10,1,10,0,8,5,4,2,8,6,8,12,14,3,8,13,15,7,5,8,8,14,12,8,2,7,10,13,13,15,0,1,4,5,3,10,2,0,114,113,33,35,14,15,1,103,10,8,88,12,129,38,115,1,188,146,72,51,195,175,204,75,68,245,14,13,10,366,375,30,29,16,23
9,101,10,0,11,1,1,1,9,367,282,357,17,17,17,302,5,4,15,3,11,366,278,269,278,353,351,23,25,310,313,11,14,10,12,5,4,12,8,13,3,1,5,12,14,0,2,5,4,3,3,12,3,11,15,11,15,12,4,6,11,3,12,11,1,2,6,2,3,2,13,5,8,14,1,8,15,2,13,13,15,5,12,4,110,119,2,7,0,79,72,7,107,2,4,89,6,14,39,1,174,189,147,73,52,196,176,205,76,69,246,9,11,2,367,376,20,18,24,21
2,107,0,14,7,13,3,5,12,300,31,24,20,25,20,371,2,3,0,14,6,367,279,270,279,354,308,262,318,302,1,13,5,10,8,1,3,6,6,9,12,0,12,12,3,9,3,7,8,12,8,12,1,4,9,12,1,0,1,4,10,14,15,1,15,5,4,0,0,6,0,2,12,9,1,11,10,7,4,8,0,14,3,110,119,14,7,3,202,80,73,153,242,4,11,235,9,11,15,181,175,190,148,74,53,197,177,206,77,70,247,3,6,3,298,31,17,25,19,27
6,121,130,12,13,12,12,0,1,301,29,25,26,23,22,372,364,2,1,13,12,303,28,312,262,260,307,263,325,315,8,2,15,15,7,6,1,4,15,9,12,11,3,1,12,12,8,12,4,2,10,12,3,3,6,5,14,0,7,6,13,15,8,8,0,4,4,14,2,1,0,12,15,14,12,4,8,11,6,0,3,1,116,119,1,65,79,202,203,81,74,154,243,11,15,236,139,58,181,182,176,191,149,75,54,198,178,207,78,71,248,12,15,1,299,31,30,27,29,21
2,1,96,13,0,11,0,4,5,300,22,28,18,31,19,373,365,3,5,13,9,317,264,313,263,261,10,12,5,4,10,7,8,13,5,5,5,4,6,3,4,8,10,7,3,4,2,8,2,6,5,4,4,14,3,5,13,0,1,2,4,10,3,9,6,7,10,11,8,3,0,9,15,0,2,0,0,12,10,2,112,40,109,0,195,66,80,203,204,82,75,155,244,1,11,237,140,59,182,183,177,192,150,76,55,199,179,208,5,3,10,9,5,10,300,27,16,19,27,20
8,7,97,0,6,3,6,4,12,301,22,29,19,30,24,20,292,11,15,5,3,1,265,5,13,1,11,12,10,8,1,11,14,15,5,10,13,8,2,1,3,14,8,15,11,0,5,9,8,6,11,3,5,10,5,2,14,14,4,5,12,13,8,2,7,12,0,13,6,14,9,1,14,8,8,8,108,40,130,15,106,41,6,174,196,67,81,204,205,83,76,156,245,6,4,238,141,60,183,184,178,193,151,77,56,200,180,8,7,15,2,7,1,13,301,17,23,29,28,23
12,10,98,13,11,1,13,14,11,303,23,27,26,25,25,26,293,2,6,2,12,4,1,9,0,14,10,14,1,9,4,12,7,5,6,6,6,9,15,0,2,11,5,12,7,0,11,5,283,13,2,9,271,277,274,280,11,11,283,4,8,10,5,5,15,2,4,10,6,10,5,4,2,4,9,11,94,41,127,36,119,2,222,175,197,68,82,205,206,84,77,157,246,9,2,239,142,61,184,185,179,194,152,78,57,201,6,9,5,9,14,6,2,0,294,31,17,27,30,30
12,6,99,11,0,8,11,5,4,374,16,21,16,28,16,17,288,5,7,12,5,7,14,5,7,8,0,14,13,10,0,3,4,3,8,10,14,0,12,12,3,7,15,6,7,12,274,349,284,328,283,346,272,278,275,281,343,358,284,331,8,14,14,8,11,0,7,14,4,3,7,0,12,4,1,0,95,2,15,37,0,4,223,176,198,69,83,206,207,85,78,158,247,8,9,240,143,62,185,186,180,11,15,6,8,1,5,10,6,1,14,15,1,9,295,19,29,24,29,31
4,13,123,124,10,13,15,15,346,375,28,28,30,28,20,30,289,5,13,9,5,15,4,1,8,13,1,11,4,1,12,2,13,12,14,12,6,12,13,4,283,268,4,2,13,355,275,350,285,329,284,347,273,279,276,282,344,359,285,332,337,13,10,5,13,1,12,8,13,12,283,283,15,13,3,7,235,6,7,9,1,8,224,177,199,70,84,207,208,1,2,159,248,14,11,241,144,63,186,187,3,9,8,9,0,8,7,11,2,7,2,1,10,271,374,26,29,22,25,23
5,13,10,96,12,10,1,366,347,376,29,26,20,25,24,314,315,12,2,1,14,15,2,12,8,9,15,1,10,9,6,8,2,7,13,4,1,1,8,366,284,269,343,274,361,356,276,351,16,330,285,348,30,24,22,30,345,360,31,333,338,328,3,0,1,6,283,274,271,355,284,284,343,8,2,7,236,146,44,3,8,8,225,178,200,71,85,208,7,9,13,5,1,10,7,7,145,64,187,13,0,15,5,6,3,9,2,13,7,12,10,1,366,272,375,18,21,26,23,21
4,14,2,97,6,4,0,367,348,31,29,16,16,20,308,305,9,0,14,10,14,5,5,15,12,8,10,5,12,6,5,2,3,6,12,14,9,5,10,367,285,270,344,275,362,357,30,16,16,20,21,24,25,23,28,22,27,29,16,31,339,329,343,271,277,355,284,275,272,356,285,285,344,364,9,14,237,147,45,216,15,13,226,179,201,12,2,15,1,9,5,12,12,1,1,11,6,3,8,13,15,5,14,4,0,10,12,5,10,7,10,14,367,273,376,29,31,19,22,25
6,0,15,123,42,124,7,300,16,25,21,25,25,29,302,11,6,8,7,8,2,13,2,5,0,15,5,7,3,12,10,5,8,6,13,7,9,3,2,377,28,22,345,276,363,20,30,20,19,18,23,16,23,23,27,19,21,29,29,20,25,330,344,272,278,356,285,276,273,357,18,31,345,365,12,1,238,148,46,217,11,6,227,180,14,3,1,2,12,10,10,8,9,14,13,5,7,4,0,0,7,2,110,122,8,13,1,1,5,12,3,3,303,29,26,30,31,27,25,23
13,13,9,3,43,102,15,301,26,21,30,28,20,304,309,3,8,13,8,2,3,9,7,10,13,271,0,15,11,14,11,13,8,2,5,4,10,8,361,378,22,17,22,25,18,17,27,18,21,16,23,29,20,29,22,24,27,24,25,28,21,28,345,273,279,357,30,16,25,22,17,19,29,302,14,2,239,149,47,218,6,2,129,122,3,15,8,6,11,1,3,2,7,2,6,5,14,0,7,3,110,32,111,125,128,7,9,14,15,11,8,4,374,20,31,16,18,17,27,19
3,7,13,12,0,103,12,294,17,28,29,22,19,286,8,11,10,9,14,11,1,6,283,271,355,272,337,4,11,277,277,277,274,1,1,10,277,361,362,379,16,20,20,19,18,27,17,21,29,24,21,22,20,30,26,18,21,29,22,18,17,24,17,27,25,20,29,19,28,16,28,30,21,371,274,13,240,150,48,219,6,10,0,121,120,7,15,1,10,6,12,9,0,1,7,6,4,3,5,110,117,33,7,0,98,0,114,36,120,14,8,366,375,31,26,19,27,16,16,24
8,6,9,12,5,242,8,295,17,27,25,22,31,287,14,8,3,14,6,280,280,361,284,272,356,273,338,328,361,278,278,278,275,328,268,346,278,362,363,30,24,20,31,16,26,30,22,29,16,18,21,18,28,29,25,27,22,20,16,19,24,28,29,22,31,31,19,29,23,20,19,23,22,372,275,334,241,151,49,220,7,14,6,3,127,32,122,10,1,110,36,128,6,14,6,5,110,38,34,113,5,3,0,13,99,116,109,37,127,36,122,367,376,29,20,16,27,23,27,17
160,0,4,14,188,243,11,294,28,20,28,24,16,371,283,274,277,277,361,281,281,362,285,273,357,30,339,329,362,279,279,279,276,329,269,347,279,363,16,20,19,21,20,23,27,18,19,29,22,26,27,27,22,16,18,20,26,16,23,24,27,30,23,23,19,29,24,29,21,24,21,17,26,373,276,335,334,152,50,221,2,10,8,5,1,33,121,38,36,117,37,123,38,32,36,40,117,39,35,0,5,1,14,4,107,106,6,9,4,37,100,296,28,22,20,22,21,25,20,25
90,8,11,174,189,244,7,295,22,23,29,28,29,372,284,275,278,278,362,282,282,363,29,27,19,16,25,330,363,31,26,22,19,330,270,348,20,27,16,31,18,26,29,23,27,17,22,31,16,21,18,27,20,17,19,27,28,18,27,19,28,16,18,22,24,31,21,28,30,19,19,27,26,16,18,336,335,364,116,111,2,10,13,6,1,13,1,39,37,1,7,1,39,33,37,41,7,15,7,2,6,10,3,15,131,119,3,12,14,12,101,297,22,18,17,18,24,25,28,28
91,1,8,104,190,245,9,300,30,26,26,23,16,373,285,276,279,279,363,23,26,20,26,27,23,22,26,20,16,30,29,19,31,25,23,26,26,30,31,17,21,31,27,23,19,25,24,28,25,22,27,29,23,17,24,25,24,26,27,29,18,17,29,28,18,25,26,18,18,26,16,29,30,31,23,19,336,365,90,6,14,15,8,9,1,1,6,0,2,15,7,10,3,13,4,10,3,13,15,1,14,12,4,2,13,9,3,12,11,14,100,296,27,24,30,26,19,25,29,29
106,6,15,105,191,246,13,301,19,21,18,310,260,260,326,23,18,20,27,18,28,21,25,31,23,29,21,23,19,22,19,16,25,30,306,258,320,21,17,27,25,30,308,258,322,28,30,23,312,326,29,25,31,25,20,21,24,31,24,16,308,264,260,262,258,266,266,264,256,260,260,256,318,29,22,17,27,302,91,7,4,2,10,6,2,12,6,1,3,2,6,14,11,3,12,0,10,3,10,2,3,3,2,11,4,14,6,2,3,0,101,297,30,29,27,28,16,22,16,22
