8,15,15,1,4,7,11,8,13,6,10,4,1,7,6,6,13,14,11,14,104,10,0,14,6,15,5,94,1,4,4,0,8,2,1,9,14,6,14,13,0,8,9,10,1,10,4,0,209,243,6,11,0,11,13,236,80,80,167,13,0,107,10,7,1,106,2,4,13,209,243,5,13,3,5,4,13,7,13,11,2,11,5,15,14,0,106,13,100,9,9,12,0,88,13,107,13,13,0,94,104,6,14,9,13,0,14,7,11,6,9,1,13,3,2,14,13,4,15,13,15,2,11,10,9,7,5,0,7,11,115,13,0,10,5,9,13,14,9,14,13,6,5,3,8,14,5,14,9,5
8,1,11,0,1,13,4,6,7,12,0,8,7,8,79,72,0,15,2,9,105,2,10,2,7,0,4,95,1,4,10,14,4,9,4,8,2,0,9,12,13,9,6,3,5,14,12,202,210,244,5,13,12,15,8,237,81,81,168,160,6,125,122,8,6,235,2,15,174,210,244,6,7,12,5,14,5,7,2,5,13,9,10,1,11,116,117,8,101,0,15,11,5,89,13,125,122,2,1,95,105,4,110,128,6,5,6,8,12,8,13,4,8,13,10,12,4,5,9,4,0,2,15,4,9,13,15,10,0,13,2,13,9,1,0,14,11,8,10,2,15,12,4,6,13,3,10,14,9,9
13,3,4,3,8,15,0,3,5,44,2,13,11,202,80,73,146,6,1,4,96,10,0,9,8,7,11,92,10,8,15,15,12,3,12,15,8,5,8,5,8,2,5,1,11,5,195,203,211,245,9,11,14,14,1,238,82,82,169,161,146,14,127,128,2,236,160,209,175,211,245,5,9,2,8,3,11,3,6,13,6,10,2,2,15,106,15,14,123,122,15,116,38,117,6,6,131,130,5,106,102,15,92,107,4,2,0,2,10,12,4,2,14,3,3,14,5,6,6,5,8,9,4,1,5,10,13,2,2,3,5,0,12,1,14,2,14,9,13,44,65,9,13,4,8,2,0,8,3,58
44,65,12,11,6,0,4,72,202,45,153,58,209,203,81,74,147,216,2,1,97,8,2,3,6,5,9,93,6,1,15,3,14,8,12,6,3,13,4,15,1,4,13,15,13,209,196,204,212,246,13,2,6,0,5,239,83,83,170,162,147,216,7,102,4,237,161,210,176,212,246,12,13,7,11,9,14,2,14,6,11,6,1,1,118,111,10,2,6,104,10,106,39,10,4,65,11,121,40,109,103,10,93,125,130,3,15,5,9,13,4,0,5,5,7,6,6,13,12,10,11,0,8,8,2,10,1,8,0,11,15,12,8,4,12,13,10,58,174,45,66,139,65,9,7,11,15,14,174,59
45,66,167,12,11,10,195,73,203,46,154,59,210,204,82,75,148,217,13,15,102,5,10,118,38,38,42,115,15,2,5,2,5,13,11,11,13,12,0,4,8,5,11,9,195,210,197,205,213,247,6,44,6,11,10,240,84,84,171,163,148,217,11,103,1,238,162,211,177,213,247,15,10,14,2,0,3,10,14,11,7,2,2,112,115,12,11,13,5,105,5,228,65,79,174,66,160,1,41,7,242,4,106,10,107,1,8,1,14,4,4,11,2,7,11,6,13,5,2,11,14,10,15,6,10,1,3,15,15,4,0,6,5,15,15,11,222,59,175,46,67,140,66,167,79,44,58,181,175,60
46,67,168,167,79,195,196,74,204,47,155,60,211,205,83,76,149,218,1,12,103,14,12,106,39,39,43,10,6,0,13,12,1,8,14,3,0,1,13,0,13,44,51,174,196,211,198,206,214,248,181,45,160,51,65,241,85,85,172,164,149,218,9,96,11,239,163,212,178,214,248,1,6,14,10,15,3,6,4,6,6,13,112,111,5,14,11,8,2,107,10,229,66,80,175,67,161,153,65,209,243,10,235,9,123,128,4,10,15,6,3,13,14,11,15,0,6,10,12,12,4,7,9,0,0,15,5,3,10,7,13,5,6,4,8,13,223,60,176,47,68,141,67,168,80,45,59,182,176,61
47,68,169,168,80,196,197,75,205,48,156,61,212,206,84,77,150,219,13,5,100,114,38,113,10,14,15,0,5,4,1,0,15,0,9,3,15,58,65,44,209,45,52,175,197,212,199,207,215,195,182,46,161,52,66,153,79,72,173,165,150,219,10,97,0,240,164,213,179,215,4,2,9,13,3,11,13,4,13,4,3,2,235,79,44,13,1,9,3,121,130,230,67,81,176,68,162,154,66,210,244,11,236,132,44,242,13,10,4,2,10,13,8,10,11,4,8,8,8,5,4,5,1,3,14,13,9,7,15,1,7,14,11,0,13,3,224,61,177,48,69,142,68,169,81,46,60,183,177,62
48,69,170,169,81,197,198,76,206,49,157,62,213,207,85,78,151,220,15,13,101,88,39,9,14,2,6,11,0,6,9,12,1,9,6,7,222,59,66,45,210,46,53,176,198,213,200,208,188,196,183,47,162,53,67,154,80,73,132,166,151,220,5,100,15,241,165,214,180,10,13,1,8,7,7,8,1,4,6,2,9,4,236,80,45,167,79,181,167,58,249,231,68,82,177,69,163,155,67,211,245,12,237,133,45,243,5,5,7,3,0,6,15,11,12,0,12,6,13,8,15,15,7,0,6,11,2,11,8,6,9,0,9,3,5,14,225,62,178,49,70,143,69,170,82,47,61,184,178,63
49,70,171,170,82,198,199,77,207,50,158,63,214,208,5,5,152,221,6,3,107,89,9,2,7,4,10,15,15,0,13,4,14,14,9,4,223,60,67,46,211,47,54,177,199,214,201,181,189,197,184,48,163,54,68,155,81,74,133,160,152,221,2,101,7,11,166,215,3,5,2,15,1,14,4,9,0,12,11,8,10,11,237,81,46,168,80,182,168,59,250,232,69,83,178,70,164,156,68,212,246,14,238,134,46,244,14,0,9,1,7,9,0,3,9,1,10,2,13,10,10,0,14,0,15,4,0,0,6,4,3,2,15,1,11,10,226,63,179,50,71,144,70,171,83,48,62,185,179,64
50,71,172,171,83,199,200,78,208,5,159,64,215,1,10,2,1,86,8,1,121,113,11,15,0,1,9,15,9,12,8,4,7,4,3,14,224,61,68,47,212,48,55,178,200,215,188,182,190,198,185,49,164,55,69,156,82,75,134,161,216,92,0,129,120,8,13,4,15,8,11,1,5,6,13,12,15,11,10,13,2,1,238,82,47,169,81,183,169,60,251,233,70,84,179,71,165,157,69,213,247,7,239,135,47,245,15,12,11,5,15,8,2,10,4,9,13,10,4,7,4,8,7,9,12,14,6,1,4,12,2,6,0,9,14,2,222,64,180,11,0,145,71,172,84,49,63,186,180,5
9,0,173,172,84,200,201,3,5,15,8,6,6,10,0,2,7,87,10,8,12,10,11,8,11,6,3,3,1,14,13,6,2,9,12,13,225,62,69,48,213,49,56,179,201,195,189,183,191,199,186,50,165,56,70,157,83,76,135,162,217,93,10,11,107,6,5,11,10,2,13,5,15,10,2,8,14,15,10,15,8,13,239,83,48,170,82,184,170,61,252,234,71,85,180,0,166,158,70,214,248,9,240,136,48,246,4,3,11,14,7,10,2,11,12,15,11,9,0,11,2,2,6,14,13,7,5,5,11,0,1,9,0,4,1,14,223,3,7,14,8,5,8,173,85,50,64,187,12,1
5,3,9,173,85,201,8,4,14,11,11,10,8,0,4,1,108,117,3,4,1,15,10,6,15,12,1,7,3,2,15,8,0,3,8,10,226,63,70,49,214,50,57,180,195,196,190,184,192,200,187,283,166,57,71,158,84,77,136,163,218,88,15,11,123,34,122,14,12,9,12,13,14,8,11,116,38,130,13,9,1,3,240,84,49,171,83,185,171,62,253,4,14,13,13,5,5,159,71,215,10,5,241,137,49,247,15,2,15,13,110,32,122,5,9,1,9,7,11,0,14,4,5,6,14,5,6,3,0,13,11,2,0,9,8,6,224,6,6,11,5,6,5,2,11,12,5,4,2,14
9,4,3,11,8,0,14,1,12,11,15,5,15,14,13,15,106,0,14,2,58,65,9,10,4,13,14,4,10,10,5,8,13,2,10,0,227,64,71,50,215,12,15,222,196,197,191,185,193,201,349,284,331,271,274,159,85,78,137,164,219,89,10,11,4,35,131,130,7,2,2,0,11,12,2,106,39,131,128,110,34,130,241,85,50,172,84,186,172,63,254,7,2,9,11,5,0,7,15,2,3,5,12,138,50,248,12,7,14,9,92,33,107,5,13,5,15,2,12,6,1,6,5,6,10,8,4,6,11,9,11,6,13,3,14,5,225,13,1,13,0,10,3,11,0,13,4,2,7,7
7,0,11,2,7,4,1,14,4,5,3,8,6,6,3,10,228,51,72,195,59,66,146,51,7,13,4,7,5,7,14,10,8,4,9,0,104,2,15,1,10,108,130,223,197,198,192,186,194,349,350,285,332,272,275,331,268,283,138,165,220,90,5,0,4,0,8,107,0,14,1,6,14,9,108,113,12,10,127,111,35,107,6,2,12,173,85,187,173,64,255,2,0,7,13,3,15,14,7,3,8,114,36,126,13,0,7,3,8,1,93,15,127,120,15,0,10,7,10,12,2,5,13,5,7,6,0,8,3,6,13,12,3,3,11,181,107,14,15,3,0,9,14,8,3,13,13,7,8,11
11,13,5,9,1,12,14,3,7,2,3,0,13,8,15,7,229,52,73,196,60,67,147,52,146,0,1,4,10,12,3,10,0,13,7,8,105,6,118,36,36,109,107,224,198,199,193,187,355,350,351,30,333,273,276,332,269,284,331,166,221,91,2,7,7,7,12,129,122,7,4,1,2,6,92,9,14,12,8,7,9,249,12,10,10,13,0,2,10,5,3,4,8,11,4,7,6,15,14,3,5,228,37,107,7,10,0,3,1,112,119,11,13,131,38,120,7,13,8,11,2,3,3,1,1,9,13,2,1,12,0,15,12,12,188,182,227,15,13,5,11,6,3,0,6,5,1,9,6,5
13,10,3,0,5,4,0,9,11,3,13,3,8,15,10,0,230,53,74,197,61,68,148,53,147,167,65,65,44,65,79,9,5,9,11,2,127,122,94,37,37,0,225,225,199,200,194,366,356,351,17,304,320,27,26,333,270,285,332,364,92,90,12,14,13,10,10,15,104,15,2,14,10,15,93,15,11,7,10,15,202,250,11,12,2,8,14,9,9,11,5,14,9,2,9,2,8,15,4,14,15,229,153,249,4,11,7,1,8,106,8,7,7,0,39,107,8,6,13,14,12,14,15,8,6,8,5,4,0,14,4,11,8,209,189,183,5,13,5,4,58,65,188,153,65,51,3,0,4,8
14,5,9,13,2,10,3,8,6,3,0,7,6,6,10,8,231,54,75,198,62,69,149,54,148,168,66,66,45,66,80,153,5,5,9,7,7,107,95,7,5,1,226,226,200,201,14,367,357,29,20,302,294,27,20,21,17,31,333,365,93,91,13,10,13,14,10,2,105,13,15,3,1,13,235,65,2,10,1,209,203,251,2,15,3,3,14,14,5,10,8,3,12,1,5,0,12,9,14,2,1,230,154,250,3,8,2,8,1,235,79,65,65,5,14,131,124,12,4,1,15,2,3,2,10,12,3,1,2,1,12,5,188,210,190,184,5,7,0,209,59,66,189,154,66,52,160,0,12,5
4,8,13,0,1,1,4,14,6,7,9,14,5,9,1,12,232,55,76,199,63,70,150,55,149,169,67,67,46,67,81,154,167,6,7,6,9,123,109,4,11,5,227,227,201,13,13,300,17,31,314,307,295,24,19,17,26,26,18,290,94,106,5,6,11,9,10,2,98,0,14,12,7,4,236,66,132,58,195,210,204,252,5,4,13,8,14,2,8,10,15,4,3,9,10,8,8,5,6,7,1,231,155,251,7,3,8,5,15,236,80,66,66,132,0,8,107,13,2,11,10,2,8,11,4,7,6,2,7,14,44,195,189,211,191,185,4,11,209,210,60,67,190,155,67,53,161,153,10,15
1,4,1,10,7,6,8,0,4,0,8,3,1,0,7,6,233,56,77,200,64,71,151,56,150,170,68,68,47,68,82,155,168,146,5,5,1,5,3,10,4,1,102,98,5,10,14,301,31,31,302,2,319,258,262,262,322,24,16,291,95,228,10,11,2,6,10,3,99,12,0,9,8,10,237,67,133,59,196,211,205,253,9,3,8,14,7,1,12,10,12,12,0,58,3,0,2,5,7,1,4,232,156,252,6,2,7,11,10,237,81,67,67,133,139,58,249,0,2,1,13,5,2,0,13,9,5,15,9,5,45,196,190,212,192,186,1,174,210,211,61,68,191,156,68,54,162,154,160,14
11,15,15,2,2,0,5,9,2,12,10,12,10,13,3,10,234,57,78,201,51,15,152,57,151,171,69,69,48,69,83,156,169,147,167,2,5,4,4,11,3,5,103,99,13,2,0,319,266,262,307,5,13,259,263,263,327,318,24,302,94,229,160,51,14,15,1,0,96,13,12,12,7,6,238,68,134,60,197,212,206,254,2,6,6,8,12,3,2,72,65,51,195,59,167,65,58,79,3,3,0,233,157,253,4,10,14,8,2,238,82,68,68,134,140,59,250,4,14,0,5,11,4,5,9,12,14,9,15,6,46,197,191,213,193,187,181,175,211,212,62,69,192,157,69,55,163,155,161,132
12,7,14,5,2,13,3,10,1,5,9,1,9,14,15,14,79,51,79,174,52,132,11,15,152,172,70,70,49,70,84,157,170,148,168,167,12,6,7,44,58,79,242,107,2,14,8,11,267,263,4,9,6,5,7,4,10,325,256,309,95,230,161,52,167,14,9,10,97,1,3,7,0,11,239,69,135,61,198,213,207,255,10,2,1,58,79,79,181,73,66,52,196,60,168,66,59,80,160,6,14,234,158,254,10,11,12,10,2,239,83,69,69,135,141,60,251,11,14,7,15,12,13,4,5,7,15,7,7,6,47,198,192,214,194,202,182,176,212,213,63,70,193,158,70,56,164,156,162,133
139,10,13,13,7,14,9,1,15,15,2,3,13,14,15,174,80,52,80,175,53,133,160,195,167,173,71,71,50,71,85,158,171,149,169,168,139,51,181,45,59,80,243,121,130,3,4,116,38,122,4,13,14,8,2,15,12,14,257,112,117,231,162,53,168,160,12,8,107,2,4,14,5,0,240,70,136,62,199,214,208,12,0,14,181,59,80,80,182,74,67,53,197,61,169,67,60,81,161,160,72,72,159,255,13,58,8,4,5,240,84,70,70,136,142,61,252,9,1,3,11,9,12,4,14,3,9,2,4,8,48,199,193,215,58,242,183,177,213,214,64,71,194,159,71,57,165,157,163,134
140,132,4,3,13,5,14,2,2,14,11,5,7,7,195,175,81,53,81,176,54,134,161,196,168,146,58,51,79,44,11,159,172,150,170,169,140,52,182,46,60,81,244,4,107,0,110,117,39,100,3,13,6,7,4,8,11,5,13,92,10,232,163,54,169,161,160,79,242,10,1,4,12,8,241,71,137,63,200,215,10,11,44,195,182,60,81,81,183,75,68,54,198,62,170,68,61,82,162,161,73,73,139,79,202,59,153,72,1,241,85,71,71,137,143,62,253,0,5,12,4,14,4,0,4,3,9,2,2,6,49,200,194,222,59,243,184,178,214,215,8,12,10,9,5,0,166,158,164,135
141,133,160,13,15,7,1,8,12,1,9,5,2,195,196,176,82,54,82,177,55,135,162,197,169,147,59,52,80,45,160,1,173,151,171,170,141,53,183,47,61,82,245,1,125,32,113,1,13,101,10,13,12,1,8,8,8,9,3,93,8,233,164,55,170,162,161,80,243,10,13,10,13,6,15,7,138,64,201,3,7,195,45,196,183,61,82,82,184,76,69,55,199,63,171,69,62,83,163,162,74,74,140,80,203,60,154,73,160,3,12,9,1,138,144,63,254,14,4,5,4,8,4,1,1,0,9,7,6,10,50,201,10,223,60,244,185,179,215,8,9,8,10,14,7,12,12,159,165,136
142,134,161,146,51,11,2,12,7,5,7,12,181,196,197,177,83,55,83,178,56,136,163,198,170,148,60,53,81,46,161,167,14,152,172,171,142,54,184,48,62,83,246,9,0,33,10,2,9,96,2,6,12,5,12,0,5,0,8,92,12,234,165,56,171,163,162,81,244,2,2,4,2,4,15,0,15,9,4,2,209,196,46,197,184,62,83,83,185,77,70,56,200,64,172,70,63,84,164,163,75,75,141,81,204,61,155,74,161,160,65,188,139,13,145,64,255,7,3,1,4,5,2,10,3,0,6,7,0,14,14,8,14,224,61,245,186,180,14,15,10,9,12,2,11,5,13,3,166,137
143,135,162,147,52,153,174,167,65,58,65,195,182,197,198,178,84,56,84,179,57,137,164,199,171,149,61,54,82,47,162,168,139,11,173,172,143,55,185,49,63,84,247,3,14,5,13,14,11,97,12,10,6,6,13,4,6,10,3,93,13,2,166,57,172,164,163,82,245,3,9,8,10,7,1,13,0,2,72,209,210,197,47,198,185,63,84,84,186,78,71,57,201,8,173,71,64,85,165,164,76,76,142,82,205,62,156,75,162,161,66,189,140,153,13,1,8,8,11,3,15,5,6,8,15,5,14,12,8,15,7,7,0,225,62,246,187,13,10,7,15,0,0,1,1,11,0,8,1,138
144,136,163,148,53,154,175,168,66,59,66,196,183,198,199,179,85,57,85,180,13,138,165,200,172,150,62,55,83,48,163,169,140,146,7,173,144,56,186,50,64,85,248,4,5,4,0,5,9,127,124,11,12,6,8,4,3,114,36,109,116,128,11,3,173,165,164,83,246,1,4,10,4,0,7,44,72,195,73,210,211,198,48,199,186,64,85,85,187,44,6,2,72,181,167,79,79,72,166,165,77,77,143,83,206,63,157,76,163,162,67,190,141,154,139,7,8,5,0,12,4,14,112,40,128,6,8,6,9,5,7,1,1,226,63,247,13,9,9,4,5,6,112,38,126,2,7,5,14,15
145,137,164,149,54,155,176,169,67,60,67,197,184,199,200,180,9,9,14,15,0,9,166,201,173,151,63,56,84,49,164,170,141,147,153,0,145,57,187,13,0,9,7,15,4,0,3,15,10,0,249,14,5,3,13,9,4,88,37,114,111,107,1,7,0,166,165,84,247,12,8,5,6,10,181,45,73,196,74,211,212,199,49,200,187,79,51,58,209,45,132,209,73,182,168,80,80,73,132,166,78,78,144,84,207,64,158,77,164,163,68,191,142,155,140,132,13,14,10,13,1,2,86,41,96,1,15,0,7,11,8,6,7,227,64,248,9,14,2,1,0,118,113,39,131,130,0,6,10,4
2,138,165,150,55,156,177,170,68,61,68,198,185,200,201,13,1,8,6,9,6,7,9,9,3,152,64,57,85,50,165,171,142,148,154,160,65,44,7,14,12,13,14,8,12,5,14,15,3,181,250,8,10,9,8,3,9,89,118,113,4,242,5,2,6,13,166,85,248,1,13,2,7,181,182,46,74,197,75,212,213,200,50,201,195,80,52,59,210,46,133,210,74,183,169,81,81,74,133,160,44,58,145,85,208,1,159,78,165,164,69,192,143,156,141,133,167,79,0,10,9,5,87,13,97,12,3,12,15,6,3,9,7,107,9,8,13,14,8,1,13,106,116,38,128,107,15,7,5,0
8,14,166,151,56,157,178,171,69,62,69,199,186,201,0,8,11,6,13,13,8,5,13,0,0,7,11,13,15,4,166,172,143,149,155,161,66,45,139,72,202,153,72,65,44,10,15,8,209,182,251,7,2,12,5,5,10,90,106,13,195,243,4,6,6,5,10,12,14,1,9,10,209,182,183,47,75,198,76,213,214,201,7,181,196,81,53,60,211,47,134,211,75,184,170,82,82,75,134,161,45,59,160,7,11,2,9,0,166,165,70,193,144,157,142,134,168,80,146,11,7,0,106,1,96,5,11,8,4,5,7,9,12,131,130,7,10,3,6,2,118,113,228,39,107,123,34,122,2,3
0,11,9,152,57,158,179,172,70,63,70,200,187,13,15,9,6,11,3,14,8,6,14,14,5,14,0,9,1,6,13,173,144,150,156,162,67,46,140,73,203,154,73,66,45,153,65,195,210,183,252,1,12,8,14,9,1,91,235,195,196,244,13,8,7,2,2,12,7,6,9,202,210,183,184,48,76,199,77,214,215,15,209,182,197,82,54,61,212,48,135,212,76,185,171,83,83,76,135,162,46,60,161,132,72,72,79,4,14,166,71,194,145,158,143,135,169,81,147,167,10,10,228,0,97,12,6,9,15,4,7,0,7,14,249,4,7,0,15,11,94,8,229,167,242,6,35,104,11,4
6,7,13,10,9,159,180,173,71,64,71,201,6,0,11,13,10,15,0,15,3,10,8,10,13,12,15,1,7,13,10,11,145,151,157,163,68,47,141,74,204,155,74,67,46,154,66,196,211,184,253,4,2,8,15,8,0,94,236,196,197,245,8,1,8,6,9,6,3,9,202,203,211,184,185,49,77,200,78,215,14,188,210,183,198,83,55,62,213,49,136,213,77,186,172,84,84,77,136,163,47,61,162,133,73,73,80,139,13,9,11,4,15,159,144,136,170,82,148,168,216,15,229,132,127,120,11,15,10,13,15,2,3,222,250,14,13,3,1,4,95,15,230,168,243,1,3,105,0,9
2,14,14,10,6,9,6,6,3,15,9,11,14,0,6,10,15,3,6,8,9,6,9,1,1,10,11,14,10,9,4,7,10,152,158,164,69,48,142,75,205,156,75,68,47,155,67,197,212,185,254,12,10,11,5,12,10,95,237,197,198,246,0,9,3,3,11,1,4,209,203,204,212,185,186,50,78,201,14,51,181,189,211,184,199,84,56,63,214,50,137,214,78,187,173,85,85,78,137,164,48,62,163,134,74,74,81,140,146,11,5,3,15,9,145,137,171,83,149,169,217,4,230,133,146,242,6,15,6,13,15,14,6,223,251,13,6,11,15,14,86,2,231,169,244,0,6,107,8,0
4,10,14,12,13,9,5,9,5,3,11,7,9,12,9,7,6,13,10,13,14,7,9,3,6,2,12,0,5,5,10,0,13,14,159,165,70,49,143,76,206,157,76,69,48,156,68,198,213,186,255,1,7,9,11,8,5,106,238,198,199,247,12,15,11,8,8,0,209,210,204,205,213,186,187,4,1,14,195,52,182,190,212,185,200,85,57,64,215,7,138,215,13,11,2,8,14,1,138,165,49,63,164,135,75,75,82,141,147,139,14,7,10,7,4,138,172,84,150,170,218,4,231,134,147,243,6,2,12,15,2,112,122,224,252,4,10,7,7,13,87,8,232,170,245,11,3,123,124,6
5,9,0,4,9,9,3,5,13,6,10,8,14,15,11,8,11,12,10,8,0,3,12,7,11,10,14,3,10,4,14,11,10,1,4,166,71,50,144,77,207,158,77,70,49,157,69,199,214,187,11,3,12,14,12,9,114,113,239,199,200,248,0,0,8,6,1,222,210,211,205,206,214,187,1,9,79,202,196,53,183,191,213,186,201,9,13,11,4,10,6,6,0,0,2,5,0,6,6,166,50,64,165,136,76,76,83,142,148,140,216,3,0,8,0,12,173,85,151,171,219,12,232,135,148,244,2,13,15,1,1,228,249,225,253,4,3,8,11,7,228,4,233,171,246,5,14,15,102,7
9,9,3,8,10,0,14,3,6,10,0,13,1,9,7,12,4,11,11,11,2,0,15,2,14,2,8,4,9,2,10,7,10,4,3,1,12,8,145,78,208,159,78,71,50,158,70,200,215,14,11,7,6,1,108,40,109,12,240,200,201,6,9,10,9,15,12,223,211,212,206,207,215,7,9,202,80,203,197,54,184,192,214,187,12,4,6,5,1,13,15,14,11,8,1,7,4,13,9,1,9,1,166,137,77,77,84,143,149,141,217,10,5,8,15,4,5,5,152,172,220,7,233,136,149,245,14,10,1,7,15,229,250,226,254,7,9,8,7,15,229,139,234,172,247,3,12,4,103,14
5,5,6,10,2,3,5,12,13,4,3,9,6,7,0,14,14,4,1,2,1,15,7,9,14,8,4,0,6,11,7,8,0,6,8,11,15,13,8,12,3,11,12,4,2,159,71,201,9,13,1,6,12,114,117,41,14,3,241,201,4,10,1,7,4,11,3,224,212,213,207,208,0,15,181,203,81,204,198,55,185,193,215,9,11,12,14,4,15,6,8,1,6,4,2,0,0,4,1,4,0,7,8,138,78,78,85,144,150,142,218,9,11,12,1,8,6,8,11,173,221,9,234,137,150,246,12,11,11,12,7,230,251,227,255,2,13,6,6,4,230,140,146,173,248,6,0,9,98,4
3,13,15,11,2,1,10,0,9,10,9,7,8,8,7,12,13,12,13,2,3,3,13,10,10,15,0,12,1,8,8,0,13,5,3,9,2,2,10,8,4,7,2,14,2,14,10,1,9,8,15,6,5,90,2,14,8,116,120,7,5,4,11,12,6,12,6,225,213,214,208,9,5,222,182,204,82,205,199,56,186,194,13,12,11,5,10,13,9,7,15,11,10,7,3,10,3,2,14,14,12,5,7,13,0,2,13,145,151,143,219,4,9,13,8,11,0,6,0,3,106,3,15,138,151,247,0,2,11,6,14,231,252,107,10,3,7,10,4,9,231,141,147,146,8,13,1,14,99,14
4,8,9,7,7,7,1,7,0,10,6,14,14,0,2,1,9,0,3,4,8,5,6,9,12,13,3,8,8,14,11,12,15,10,14,6,4,9,1,9,6,6,10,7,12,5,15,7,1,2,7,6,10,91,8,6,112,117,100,9,2,15,3,1,12,12,5,226,214,215,15,8,10,223,183,205,83,206,200,57,187,13,10,5,13,13,1,3,12,11,9,10,1,6,14,11,0,6,5,5,3,8,14,13,1,13,15,13,152,144,220,11,6,15,1,6,0,6,114,40,111,1,5,6,152,248,13,5,7,8,1,232,253,127,128,15,1,3,8,9,232,142,148,147,160,13,6,12,107,6
2,12,3,0,15,10,5,5,8,6,15,9,0,7,13,4,7,2,14,15,2,5,8,11,12,9,0,9,2,14,1,7,7,5,1,15,14,7,15,4,8,5,12,6,6,11,4,8,5,4,7,10,112,119,13,112,119,2,101,4,5,6,12,15,9,12,14,227,215,14,13,14,14,224,184,206,84,207,201,14,11,12,7,8,4,0,5,1,3,2,5,10,14,9,5,3,11,11,0,10,4,6,3,5,13,3,12,8,0,145,221,6,4,11,10,7,0,5,92,41,14,5,9,1,15,10,8,4,2,1,9,233,254,5,98,3,5,12,14,13,233,143,149,148,161,216,2,4,125,38
124,10,12,7,7,5,8,0,5,8,0,4,12,0,7,8,15,5,1,3,5,7,9,9,1,13,14,112,38,120,4,3,3,15,13,4,7,14,10,3,11,4,13,14,15,1,11,15,6,8,10,1,92,6,3,228,58,58,242,10,4,0,3,9,15,0,10,104,3,15,10,4,2,225,185,207,85,208,0,13,14,3,11,9,1,6,11,15,15,2,10,3,2,10,14,1,8,14,3,15,13,1,5,3,10,7,6,13,7,14,235,13,15,2,3,6,12,6,93,9,11,7,4,15,7,10,0,9,1,12,15,234,255,8,99,8,7,9,14,4,234,144,150,149,162,217,15,13,6,39
104,5,9,1,1,15,14,7,13,2,2,112,130,9,10,2,15,116,40,126,14,7,0,15,8,1,15,106,39,123,124,10,13,8,10,4,9,8,13,7,2,5,10,2,15,7,3,1,4,2,3,11,93,0,0,229,59,59,243,3,2,10,10,0,9,3,6,105,10,0,0,6,2,226,186,208,15,8,3,11,13,9,3,8,13,13,9,13,12,12,6,13,3,9,5,5,12,3,13,12,6,3,9,12,6,12,10,10,15,7,236,216,10,3,0,15,11,108,119,8,1,7,118,128,1,9,11,8,5,15,7,8,10,4,104,1,8,3,10,7,6,145,151,150,163,218,0,15,14,15
105,9,12,12,8,6,12,11,118,42,38,119,129,126,5,14,112,119,41,123,120,108,34,128,6,10,116,111,6,9,104,0,10,1,10,10,12,9,0,10,11,14,9,6,4,5,15,7,14,12,4,112,115,10,11,230,60,60,244,1,15,5,6,13,13,8,5,102,11,0,13,11,11,227,187,6,12,8,10,9,12,3,5,1,9,6,2,9,3,0,10,6,5,7,4,10,2,0,15,7,6,3,5,6,5,12,11,0,4,12,237,217,0,0,12,10,5,86,12,7,1,114,109,107,7,11,13,2,10,4,3,8,12,1,105,1,3,13,15,5,4,0,152,151,164,219,13,2,15,3
107,9,4,0,7,10,11,11,106,43,39,13,12,131,40,42,117,114,34,122,129,117,35,107,6,2,88,12,2,13,105,9,10,5,5,12,7,15,14,4,14,6,13,13,6,5,3,11,11,1,2,92,1,2,7,231,61,61,245,4,3,14,4,1,13,13,14,103,13,15,11,10,4,123,36,124,15,13,3,12,9,1,14,2,4,8,14,11,4,14,14,14,6,4,7,1,4,5,10,14,14,0,3,8,8,12,8,6,4,11,238,218,4,3,6,1,1,87,14,8,0,216,10,127,122,6,8,11,6,0,0,14,9,5,121,128,1,1,3,7,10,7,6,152,165,220,8,15,8,4
127,120,2,116,36,122,2,108,119,2,12,0,11,2,41,43,10,106,35,107,15,0,3,127,130,9,89,15,1,6,96,13,3,14,12,10,9,1,14,2,14,13,3,15,0,1,11,1,2,2,10,93,1,8,11,232,62,62,246,8,15,7,1,0,9,7,4,107,6,2,6,10,15,8,37,96,13,1,11,11,0,13,4,13,15,14,4,1,15,0,2,7,13,9,3,6,9,14,1,9,7,9,14,11,14,14,11,5,10,1,239,219,2,9,6,114,34,113,13,3,11,217,6,6,121,36,120,14,0,13,3,8,15,15,6,125,120,13,3,0,15,0,6,13,166,221,2,9,12,0
11,107,3,106,37,125,38,109,10,14,5,110,32,128,114,36,34,115,13,125,120,6,4,12,107,6,106,13,9,3,97,3,13,13,3,3,5,7,6,11,1,11,4,13,12,9,15,11,15,12,112,109,13,4,10,233,63,63,247,7,14,8,13,5,0,5,15,125,124,3,5,12,13,8,3,97,8,0,12,13,5,15,13,7,5,14,12,4,8,15,6,15,9,11,10,3,4,3,14,12,8,15,13,1,9,11,9,4,1,2,240,220,15,108,32,115,35,13,14,6,12,218,11,0,1,37,98,1,0,4,11,8,8,13,5,9,104,10,13,7,8,7,0,12,108,111,12,12,1,13
5,129,34,115,5,9,39,8,1,2,0,94,33,131,113,37,35,6,5,0,123,124,1,10,121,36,117,14,12,10,129,130,1,11,10,5,10,6,1,9,2,5,5,10,13,5,2,1,6,5,86,15,11,11,6,234,64,64,248,3,11,13,2,1,14,222,146,58,242,6,2,9,9,10,9,102,8,15,9,9,6,1,13,3,1,5,13,13,2,7,1,14,5,8,14,12,1,11,10,9,9,11,10,1,0,10,12,14,11,5,241,221,112,115,33,3,13,4,2,5,13,219,13,1,3,8,99,12,3,8,11,2,0,12,14,1,105,6,12,7,3,5,0,14,86,1,6,15,9,12
5,8,35,7,9,10,11,1,7,15,4,95,4,8,15,7,13,10,5,8,10,100,110,38,124,37,2,110,124,1,15,107,0,8,12,3,7,9,8,1,10,4,10,9,3,7,15,10,3,10,87,12,15,4,14,5,7,2,12,1,0,14,14,10,12,223,147,59,243,14,0,4,15,2,14,103,10,11,8,13,10,12,8,11,2,12,10,6,6,7,12,4,10,1,13,5,3,8,14,8,10,9,7,15,6,7,15,0,5,2,2,86,90,11,5,14,12,14,2,1,3,220,13,12,15,6,107,1,2,2,13,14,3,12,0,9,107,13,9,10,10,6,14,3,87,14,11,15,9,6
0,2,11,6,0,10,6,4,1,0,2,90,11,6,15,8,10,12,1,0,0,101,106,39,104,10,8,228,123,126,5,121,130,4,114,32,122,7,7,12,3,11,6,5,6,0,3,5,4,13,92,10,10,11,9,7,5,1,9,15,5,4,10,6,2,224,148,60,244,2,14,4,4,6,9,107,15,6,2,10,1,2,14,7,10,8,4,8,8,9,6,12,15,8,0,9,1,3,10,10,5,0,3,3,0,2,14,1,2,13,11,87,91,0,8,6,8,2,8,9,9,221,13,12,6,9,121,128,15,15,9,5,11,15,2,8,123,126,7,12,8,13,112,34,109,1,14,4,13,13
5,5,11,2,4,12,13,2,5,8,9,91,2,7,1,10,7,12,14,10,0,127,111,7,105,7,15,229,160,249,15,13,129,38,119,33,129,130,11,10,9,5,2,8,1,4,5,1,13,10,93,11,11,10,2,8,9,0,8,10,9,11,13,2,1,225,149,61,245,9,5,2,12,10,10,123,128,13,2,9,10,6,14,15,8,3,11,10,1,10,5,3,2,7,7,10,11,7,13,1,8,0,15,8,2,2,7,15,15,0,0,106,86,13,5,108,42,120,1,2,110,119,6,8,6,9,7,121,128,7,13,13,5,9,0,8,14,104,3,0,9,118,111,35,0,15,7,3,0,11
4,2,2,14,13,11,1,10,2,3,11,92,6,3,5,6,12,13,9,10,0,3,14,7,100,12,6,230,161,250,9,8,3,39,15,2,10,100,11,9,11,5,9,8,4,10,114,32,122,2,106,11,13,15,7,15,11,10,2,2,11,8,1,2,5,226,150,62,246,15,9,2,3,10,2,14,102,3,9,4,8,13,11,4,2,0,7,1,4,15,11,13,3,5,13,13,1,6,0,11,9,15,1,7,5,1,5,4,2,0,110,111,87,15,6,106,43,123,122,15,92,11,8,12,12,10,10,5,107,11,8,15,6,11,8,14,8,105,9,13,3,228,0,1,0,2,4,2,12,12
8,8,10,7,7,14,12,8,13,13,10,93,0,11,12,12,5,13,5,5,0,0,11,10,101,10,5,231,162,251,6,0,14,7,2,0,8,101,9,3,5,2,1,10,12,13,90,33,127,40,109,9,4,5,11,14,1,4,2,7,6,4,4,11,9,227,151,63,247,8,9,1,6,5,5,1,103,8,6,0,9,13,2,108,126,2,6,4,2,11,6,1,8,8,4,1,9,12,5,9,4,15,2,10,11,1,2,7,7,13,94,108,117,5,4,235,3,11,107,1,93,10,6,11,7,6,9,11,123,130,6,1,11,8,11,10,13,100,0,10,12,229,160,14,11,5,14,5,6,12
6,14,10,15,4,1,4,8,3,10,3,235,2,7,8,5,5,2,10,3,13,15,0,3,226,8,1,232,163,252,0,1,14,15,4,13,5,131,34,42,130,13,4,1,15,6,91,1,1,41,2,5,0,13,6,7,0,2,14,5,1,0,5,1,15,107,152,64,248,7,12,13,15,15,0,0,104,1,15,110,124,4,9,228,242,11,1,4,14,9,14,3,5,3,6,13,0,15,8,3,0,14,5,11,5,6,6,4,9,4,95,88,4,15,3,236,216,6,121,38,113,14,5,3,2,14,9,1,2,123,5,4,11,12,12,13,8,101,10,0,10,230,161,160,10,4,13,0,15,3
1,0,7,13,14,11,10,0,3,10,6,236,167,10,11,4,1,5,44,0,12,12,0,1,227,3,10,233,164,253,4,5,3,8,5,7,15,11,35,43,131,40,130,3,114,42,115,11,13,15,12,112,124,6,13,1,114,42,130,4,5,14,4,1,1,129,32,128,4,10,2,8,6,5,13,5,105,3,3,106,104,0,10,229,243,0,13,6,8,6,10,8,4,9,13,11,11,1,8,5,12,13,1,12,8,14,12,12,118,34,109,89,10,11,9,237,217,12,13,39,3,15,12,7,12,7,8,2,2,0,15,9,14,5,5,13,4,100,5,2,12,231,162,161,167,3,12,12,8,2
4,8,14,3,3,6,4,15,5,15,5,237,168,153,6,0,13,195,45,153,44,58,44,58,249,14,14,234,165,254,12,12,4,15,2,11,15,2,11,13,11,41,129,38,109,43,2,13,3,0,2,92,104,4,13,10,106,43,107,9,7,13,0,0,12,0,33,125,38,130,10,11,6,5,9,11,123,124,112,119,105,10,1,230,244,12,10,3,10,2,5,14,8,4,10,13,13,2,4,2,5,6,4,1,112,130,5,0,86,35,7,90,10,15,0,238,218,4,2,12,3,8,3,4,15,6,12,15,4,4,2,10,10,10,15,9,4,101,0,11,3,232,163,162,168,139,0,9,7,14
11,3,15,3,0,15,15,12,11,6,3,238,169,154,146,51,202,196,46,154,45,59,45,59,250,11,5,4,166,255,8,0,13,7,8,4,8,5,15,6,3,10,8,39,7,7,13,4,8,8,5,93,105,14,112,32,115,51,249,5,9,8,12,9,5,7,1,7,39,96,0,2,9,1,0,5,11,131,113,6,100,12,4,231,245,8,11,10,12,5,14,10,11,8,5,4,6,0,0,4,14,15,2,10,106,107,3,8,87,7,14,91,9,9,2,239,219,15,10,15,14,6,15,8,7,2,14,1,0,8,3,5,3,3,7,13,15,104,12,7,8,233,164,163,169,140,167,1,8,8
1,12,9,9,1,15,15,12,0,11,11,239,170,155,147,52,203,197,47,155,46,60,46,60,251,14,4,12,4,8,15,6,12,1,6,1,0,5,12,9,11,3,4,11,3,5,4,10,8,7,11,88,125,42,117,33,222,52,250,5,4,1,3,8,7,7,8,6,3,97,15,0,6,13,15,5,7,5,12,6,101,8,13,232,246,11,14,8,7,7,4,9,3,6,7,6,3,4,6,1,13,12,13,3,235,242,5,114,115,6,9,88,12,11,9,240,220,2,3,6,2,13,3,2,5,8,11,12,4,7,5,11,4,9,7,11,14,105,15,9,11,234,165,164,170,141,168,132,58,58
79,79,14,5,9,9,0,12,7,15,13,240,171,156,148,53,204,198,48,156,47,61,47,61,252,13,10,14,5,7,114,42,42,32,124,15,11,11,13,11,5,13,11,3,13,114,32,124,9,7,3,89,14,43,15,13,223,53,251,9,14,2,7,7,8,12,8,3,11,121,32,124,7,5,2,1,14,15,13,10,131,40,120,233,247,12,7,0,9,8,14,14,5,6,0,8,4,5,5,10,110,34,126,13,236,243,4,90,10,1,15,89,13,12,15,241,221,14,10,6,4,15,1,13,5,10,15,14,0,0,1,12,6,11,11,1,5,102,14,4,11,1,166,165,171,142,169,133,59,59
80,80,160,11,5,11,6,7,13,9,15,241,172,157,149,54,205,199,49,157,48,62,48,62,253,12,2,13,4,0,92,43,43,33,107,10,6,13,4,6,8,4,7,6,4,94,33,100,10,7,10,94,5,9,3,13,224,54,252,6,5,9,10,11,10,13,9,2,5,1,33,100,9,2,1,9,114,42,130,13,2,41,107,234,248,12,14,6,10,4,2,3,3,11,4,13,14,15,0,2,92,35,96,7,237,244,14,91,12,3,110,115,2,11,4,13,106,7,5,8,8,11,8,13,7,10,7,2,7,9,15,13,7,6,8,4,9,103,8,4,15,6,8,166,172,143,170,134,60,60
81,81,161,139,5,3,14,3,9,4,9,7,173,158,150,55,206,200,50,158,49,63,49,63,254,11,4,13,2,4,93,1,5,8,121,124,13,3,15,10,12,5,14,4,1,95,6,101,13,118,122,95,13,8,1,4,225,55,253,15,9,2,12,6,2,9,5,8,4,3,4,101,4,13,6,4,92,43,107,9,12,9,123,122,5,7,11,14,11,5,3,13,4,0,12,12,13,12,10,0,93,3,97,3,238,245,108,117,5,0,92,6,9,3,8,1,235,51,51,4,2,13,9,15,6,4,12,9,7,6,11,0,12,12,6,5,7,107,10,7,14,8,2,9,173,144,171,135,61,61
82,82,162,140,146,51,72,65,209,160,12,12,7,159,151,56,207,201,14,159,50,64,50,64,255,3,12,15,14,13,106,0,9,3,2,123,122,4,5,7,14,5,15,7,114,119,10,125,36,111,102,90,3,7,11,11,226,56,254,13,4,9,2,10,3,3,11,7,13,9,2,96,5,5,15,12,93,12,242,7,8,14,2,104,0,9,114,32,120,12,10,8,4,7,4,2,2,11,2,14,106,0,123,122,239,246,90,12,11,9,93,13,15,10,14,9,236,52,52,153,15,13,0,5,8,13,15,14,14,11,11,7,4,2,13,10,5,249,15,4,2,13,1,2,8,145,172,136,62,62
83,83,163,141,147,52,73,66,210,161,146,5,1,10,152,57,208,2,11,51,9,8,12,7,5,12,4,14,15,1,235,79,65,2,6,44,249,12,108,128,112,32,120,114,113,9,1,10,37,4,103,91,15,5,15,7,227,57,255,15,14,3,14,9,11,0,6,10,1,3,11,97,4,7,8,13,235,188,243,11,15,6,1,105,3,14,86,33,107,12,5,2,0,2,5,15,14,112,130,118,113,5,10,98,240,247,91,1,4,118,119,1,12,3,12,7,237,53,53,154,160,11,1,13,15,4,8,5,4,0,12,12,1,9,4,15,188,250,10,15,12,1,7,9,7,5,173,137,63,63
84,84,164,142,148,53,74,67,211,162,147,132,9,12,5,0,5,8,174,52,132,58,58,72,79,0,15,14,13,10,236,80,66,167,202,45,250,9,106,107,106,33,131,113,6,8,9,5,5,6,131,113,14,13,8,2,107,1,14,12,6,14,0,0,15,9,0,6,0,5,1,127,122,14,7,9,236,189,244,10,13,15,13,107,12,11,87,5,125,42,128,10,5,1,0,12,118,111,121,111,0,5,6,99,241,248,106,0,116,117,10,10,0,10,4,11,238,54,54,155,161,216,6,14,6,13,14,5,8,9,3,11,4,12,10,195,189,251,13,15,3,3,13,8,12,9,6,138,64,64
85,85,165,143,149,54,75,68,212,163,148,133,153,72,51,58,72,202,175,53,133,59,59,73,80,132,0,7,2,6,237,81,67,168,203,46,251,1,228,127,111,10,7,13,1,2,2,9,15,11,0,5,5,12,9,4,123,34,38,126,1,11,4,2,0,9,11,11,10,13,11,7,123,126,15,8,237,190,245,2,5,3,15,129,32,122,88,5,12,43,107,12,13,4,9,1,235,44,13,4,11,0,0,123,36,42,109,110,115,3,0,8,3,1,10,15,239,55,55,156,162,217,15,9,15,10,7,7,10,14,1,6,6,51,195,196,190,252,0,10,1,5,11,6,10,11,7,0,3,0
4,12,166,144,150,55,76,69,213,164,149,134,154,73,52,59,73,203,176,54,134,60,60,74,81,133,160,13,3,7,238,82,68,169,204,47,252,3,229,153,72,14,11,15,12,8,11,14,72,65,9,7,15,9,0,5,1,35,39,242,2,5,1,3,6,14,14,15,1,0,10,0,9,129,126,3,238,191,246,0,6,2,12,3,33,242,89,3,15,1,242,0,9,11,2,11,236,45,167,202,167,2,10,14,37,43,108,113,4,8,12,14,15,12,7,2,240,56,56,157,163,218,14,4,2,5,1,10,9,9,7,15,222,52,196,197,191,253,0,8,12,15,6,15,11,9,9,6,0,0
4,7,15,145,151,56,77,70,214,165,150,135,155,74,53,60,74,204,177,55,135,61,61,75,82,134,161,167,12,12,239,83,69,170,205,48,253,2,230,154,73,146,44,72,65,79,44,209,73,66,146,44,72,72,8,9,4,15,195,243,12,14,8,6,0,4,13,5,0,7,6,15,6,2,104,6,239,192,247,1,3,2,7,12,174,243,235,44,79,174,243,5,7,6,4,8,237,46,168,203,168,167,7,8,15,1,88,8,14,9,11,3,4,9,0,4,241,57,57,158,164,219,10,15,9,10,0,15,10,3,3,11,223,53,197,198,192,254,2,1,5,15,14,13,10,3,9,2,2,1
3,4,6,12,152,57,78,71,215,166,151,136,156,75,54,61,75,205,178,56,136,62,62,76,83,135,162,168,153,15,240,84,70,171,206,49,254,2,231,155,74,147,45,73,66,80,45,210,74,67,147,45,73,73,146,72,51,188,196,244,6,4,15,0,12,15,11,1,12,5,5,0,6,12,105,8,240,193,248,10,14,2,7,222,175,244,236,45,80,175,244,11,0,8,12,3,238,47,169,204,169,168,216,9,12,8,89,15,1,11,58,14,6,7,12,2,5,0,8,159,165,220,10,10,4,12,8,5,4,4,6,5,224,54,198,199,193,255,9,1,13,7,12,1,44,72,58,15,5,14
1,1,0,8,2,1,0,7,10,12,152,137,157,76,55,62,76,206,179,57,137,63,63,77,84,136,163,169,154,160,241,85,71,172,207,50,255,1,232,156,75,148,46,74,67,81,46,211,75,68,148,46,74,74,147,73,52,189,197,245,15,4,3,7,12,0,7,15,2,10,13,7,14,13,107,11,241,194,4,2,11,5,6,223,176,245,237,46,81,176,245,1,8,5,1,3,239,48,170,205,170,169,217,0,9,1,92,2,11,209,59,216,13,12,5,1,12,14,1,9,166,221,2,8,7,13,14,12,12,5,5,4,225,55,199,200,194,9,2,5,4,2,10,202,45,73,59,139,7,13
8,2,2,7,11,14,0,6,10,5,2,138,158,77,56,63,77,207,180,14,138,64,64,78,85,137,164,170,155,161,132,65,51,173,208,51,10,6,233,157,76,149,47,75,68,82,47,212,76,69,149,47,75,75,148,74,53,190,198,246,0,4,116,38,130,0,14,14,12,14,5,7,12,12,121,32,126,12,7,1,10,0,5,224,177,246,238,47,82,177,246,1,5,14,10,1,240,49,171,206,171,170,218,8,7,2,93,0,222,210,60,217,2,3,1,11,3,6,1,6,9,90,6,2,3,13,5,14,4,15,3,13,226,56,200,201,58,9,2,10,7,0,195,203,46,74,60,140,139,65
79,5,5,2,13,8,3,6,8,13,9,2,159,78,57,64,78,208,9,11,4,12,8,13,4,138,165,171,156,162,133,66,52,139,202,52,167,8,234,158,77,150,48,76,69,83,48,213,77,70,150,48,76,76,149,75,54,191,199,247,112,34,113,39,121,128,3,14,11,5,15,9,9,9,9,33,107,14,9,10,9,3,2,225,178,247,239,48,83,178,247,12,5,1,13,12,241,50,172,207,172,171,219,8,14,4,92,1,223,211,61,218,9,9,6,2,10,6,9,12,11,91,3,6,3,4,10,15,4,14,11,6,227,57,201,222,59,167,44,7,12,195,196,204,47,75,61,141,140,66
80,146,6,1,15,6,2,10,13,14,3,14,13,10,3,12,10,5,6,7,2,10,11,6,5,6,166,172,157,163,134,67,53,140,203,53,168,139,58,159,78,151,49,77,70,84,49,214,78,71,151,49,77,77,150,76,55,192,200,248,94,35,13,14,11,100,7,10,13,9,9,7,13,9,11,12,127,120,15,2,5,12,10,226,179,248,240,49,84,179,248,3,10,0,3,7,5,3,173,208,173,172,220,1,1,14,93,4,224,212,62,219,11,14,1,0,7,1,9,2,15,88,8,4,15,4,1,0,11,15,5,12,104,15,10,223,60,168,45,167,174,196,197,205,48,76,62,142,141,67
81,147,160,14,14,6,8,13,2,12,14,2,7,0,12,12,2,15,9,9,5,10,0,5,4,0,58,173,158,164,135,68,54,141,204,54,169,140,59,167,65,152,50,78,71,85,50,215,8,3,152,50,78,78,151,77,56,193,201,5,95,9,12,9,15,101,6,9,15,3,3,14,8,4,7,1,5,98,9,13,6,10,9,227,180,3,241,50,85,180,0,5,11,12,9,15,9,15,10,7,13,173,221,5,1,1,88,11,225,213,63,220,5,11,8,1,11,12,5,8,11,89,11,7,14,8,12,13,8,5,0,12,105,6,10,224,61,169,46,168,175,197,198,206,49,77,63,143,142,68
82,148,161,167,65,3,13,12,9,44,51,7,3,1,10,11,6,0,8,1,6,9,14,44,51,174,59,139,159,165,136,69,55,142,205,55,170,141,60,168,66,132,65,51,72,65,12,13,3,4,8,2,11,7,152,78,57,194,6,15,106,13,11,10,2,98,8,2,5,8,7,9,0,14,7,0,1,99,9,12,5,0,13,107,6,0,2,5,14,6,6,7,12,0,15,1,8,6,0,2,7,4,106,3,15,7,89,9,226,214,64,221,4,14,6,10,4,2,11,0,2,86,6,10,13,5,6,0,8,13,13,11,107,6,13,225,62,170,47,169,176,198,199,207,50,78,64,144,143,69
83,149,162,168,66,132,65,51,209,45,52,216,4,3,2,9,58,65,188,167,7,13,209,45,52,175,60,140,146,166,137,70,56,143,206,56,171,142,61,169,67,133,66,52,73,66,167,5,0,4,1,9,14,3,0,15,14,4,13,108,115,9,15,6,0,99,2,13,14,1,12,9,5,10,14,2,5,249,10,2,8,10,15,129,34,120,13,11,10,0,2,13,7,12,3,4,5,6,13,4,4,118,117,3,13,9,106,13,227,215,9,106,10,7,3,1,4,11,8,9,13,87,11,1,15,2,13,15,12,14,14,11,127,126,15,226,63,171,48,170,177,199,200,208,7,14,5,145,144,70
84,150,163,169,67,133,66,52,210,46,53,217,11,12,12,195,59,66,189,168,153,195,210,46,53,176,61,141,147,160,138,71,57,144,207,57,172,143,62,170,68,134,67,53,74,67,168,167,9,4,14,15,9,9,3,9,8,13,13,106,4,7,12,10,0,104,14,0,8,12,8,6,7,9,5,8,222,250,5,13,9,9,3,10,35,96,10,10,3,12,2,14,7,8,2,15,7,1,118,120,110,117,11,3,6,108,117,9,129,38,32,113,11,5,14,4,2,13,5,8,12,106,6,14,3,5,4,13,6,3,8,11,1,104,12,227,64,172,49,171,178,200,201,8,9,8,13,5,145,71
85,151,164,170,68,134,67,53,211,47,54,218,5,12,222,196,60,67,190,169,154,196,211,47,54,177,62,142,148,161,167,72,65,145,208,44,173,144,63,171,69,135,68,54,75,68,169,168,146,7,10,1,7,4,8,0,11,3,3,235,11,10,14,7,7,105,14,8,3,14,9,11,1,4,3,11,223,251,10,7,1,12,4,11,0,97,7,6,2,13,4,13,12,11,13,5,12,11,92,127,111,2,12,10,10,106,12,15,11,39,33,10,3,0,2,3,6,12,8,9,108,113,10,10,5,1,0,9,12,5,7,1,0,105,4,98,7,173,50,172,179,201,7,0,5,5,8,2,11,1
0,152,165,171,69,135,68,54,212,48,55,219,8,7,223,197,61,68,191,170,155,197,212,48,55,178,63,143,149,162,168,73,66,146,195,45,153,145,64,172,70,136,69,55,76,69,170,169,147,132,65,51,0,12,13,10,3,12,1,236,139,79,44,15,6,100,10,5,13,6,13,3,12,7,4,15,224,252,2,5,13,10,6,3,9,131,128,110,38,126,1,1,12,13,1,12,15,7,93,0,1,1,11,1,108,111,8,10,15,8,15,13,2,13,4,14,3,8,7,5,106,10,12,14,11,10,9,11,0,13,7,14,1,129,120,99,2,7,8,173,180,11,0,12,2,3,4,10,2,6
14,12,166,172,70,136,69,55,213,49,56,220,8,14,224,198,62,69,192,171,156,198,213,49,56,179,64,144,150,163,169,74,67,147,196,46,154,160,44,173,71,137,70,56,77,70,171,170,148,133,66,52,167,51,58,11,1,5,0,237,140,80,45,167,10,101,15,13,2,15,13,4,2,0,9,15,225,253,6,7,12,1,15,11,11,7,121,119,39,96,12,7,1,3,0,5,118,42,111,8,5,10,2,9,86,1,6,10,1,15,4,15,6,11,10,6,3,7,9,9,235,51,51,51,10,15,2,14,11,7,2,0,2,13,104,98,7,8,3,2,7,13,4,5,13,8,10,4,11,15
10,7,3,173,71,137,70,56,214,50,57,221,15,10,225,199,63,70,193,172,157,199,214,50,57,180,0,145,151,164,170,75,68,148,197,47,155,161,45,139,72,138,71,57,78,71,172,171,149,134,67,53,168,52,59,153,6,6,8,238,141,81,46,168,139,242,12,7,0,14,11,13,6,10,5,6,226,254,8,3,4,8,12,2,0,10,3,4,8,97,10,8,4,12,4,2,86,43,15,5,15,4,11,0,87,13,6,0,13,10,12,12,4,13,5,2,8,12,6,10,236,52,52,52,132,4,5,6,5,9,1,14,12,10,105,99,4,12,15,12,11,1,1,3,7,15,6,8,15,5
7,10,6,8,1,138,71,57,215,12,13,86,10,10,226,200,64,71,194,173,158,200,215,8,13,2,9,3,152,165,171,76,69,149,198,48,156,162,46,140,73,132,44,65,51,65,173,172,150,135,68,54,169,53,60,154,139,12,8,239,142,82,47,169,140,243,1,0,9,14,15,5,3,11,4,14,227,255,10,1,12,6,3,9,8,1,3,14,9,131,130,11,1,1,14,14,87,15,8,5,14,14,4,10,90,8,13,13,1,1,0,12,15,1,9,13,12,15,0,13,237,53,53,53,133,139,79,15,1,12,9,0,1,6,107,121,40,122,2,0,14,13,14,9,7,13,11,3,7,3
3,14,11,8,10,2,2,0,11,2,13,87,11,9,227,201,13,8,7,1,159,201,9,0,5,13,11,11,13,166,172,77,70,150,199,49,157,163,47,141,74,133,45,66,52,66,153,173,151,136,69,55,170,54,61,155,140,160,10,240,143,83,48,170,141,244,15,6,14,6,10,3,14,13,1,4,121,128,1,13,4,10,11,6,8,9,3,7,11,14,125,34,36,40,36,42,115,2,10,2,11,2,5,0,91,15,9,13,13,8,13,13,8,0,12,10,2,4,1,10,238,54,54,54,134,140,80,146,15,5,4,11,1,12,121,120,41,102,12,7,2,1,2,8,4,15,13,10,11,2
6,10,6,14,15,0,13,12,11,8,116,113,5,11,104,0,13,110,122,5,5,4,13,7,5,3,13,5,1,2,173,78,71,151,200,50,158,164,48,142,75,134,46,67,53,67,154,160,152,137,70,56,171,55,62,156,141,161,167,241,144,84,49,171,142,245,0,10,9,15,9,3,12,5,1,14,9,121,42,122,10,0,4,15,110,38,122,4,14,12,0,35,37,41,37,43,2,5,2,3,3,11,13,7,106,14,1,9,15,15,9,5,6,7,12,11,10,11,2,14,239,55,55,55,135,141,81,147,160,9,7,14,15,2,10,127,128,103,108,34,122,9,9,7,10,11,8,5,13,11
4,6,2,9,9,5,15,5,8,110,109,11,9,9,105,110,42,109,125,122,4,9,3,0,9,6,11,4,10,4,3,0,1,152,201,3,159,165,49,143,76,135,47,68,54,68,155,161,160,138,71,57,172,56,63,157,142,162,168,132,145,85,50,172,143,246,0,9,10,1,11,4,3,5,8,8,4,3,43,100,11,12,114,38,115,39,107,13,6,7,5,8,11,8,2,15,3,10,7,116,40,122,110,40,119,5,8,4,13,5,13,1,14,10,15,7,11,14,15,12,240,56,56,56,136,142,82,148,161,216,13,13,3,10,1,2,100,121,111,35,98,13,6,4,13,2,7,2,3,1
4,13,6,12,1,6,7,1,5,86,2,15,14,0,121,111,43,11,15,123,40,38,122,12,5,12,6,3,6,11,5,5,12,6,4,14,7,166,50,144,77,136,48,69,55,69,156,162,161,132,65,65,173,57,64,158,143,163,169,133,132,51,72,173,144,247,7,1,12,8,5,1,4,5,2,1,4,12,4,101,6,8,86,39,15,10,127,130,13,13,7,5,2,1,2,7,5,5,7,106,41,107,106,41,15,1,8,4,3,1,8,2,3,14,11,3,12,9,8,15,241,57,57,57,137,143,83,149,162,217,7,6,2,5,14,14,101,11,5,10,99,8,9,12,2,8,14,5,1,6
4,0,14,14,14,4,2,1,4,87,11,8,14,0,4,5,11,8,9,14,41,39,127,130,12,11,15,15,4,5,12,14,12,4,8,14,8,10,8,145,78,137,49,70,56,70,157,163,162,133,66,66,160,72,44,159,144,164,170,134,133,52,73,160,145,248,12,72,44,44,44,44,0,12,10,13,15,7,0,123,124,15,87,13,7,7,12,107,9,108,34,124,12,9,5,14,10,5,118,115,5,121,113,8,5,14,7,13,5,14,0,3,14,5,8,3,10,14,1,3,2,3,8,13,138,144,84,150,163,218,6,3,1,1,7,0,127,124,6,12,107,1,3,0,0,5,7,12,6,1
3,7,10,15,0,7,3,1,5,106,5,2,14,6,6,2,7,3,14,8,10,5,12,123,130,13,12,6,5,4,2,1,0,10,10,11,0,6,14,2,7,138,50,71,57,71,158,164,163,134,67,67,161,73,45,167,145,165,171,135,134,53,74,161,132,65,174,73,45,45,45,45,132,3,13,11,13,1,9,9,125,42,119,5,14,15,4,123,42,115,35,107,3,4,14,3,6,2,106,15,11,7,2,6,8,4,2,7,8,1,8,6,12,5,5,11,1,15,2,9,110,122,12,0,6,145,85,151,164,219,3,7,1,5,14,6,12,104,4,1,129,124,11,7,8,6,15,3,3,13
6,13,6,13,10,5,5,116,40,111,0,10,14,6,5,4,7,15,10,14,7,8,0,13,100,9,9,14,10,2,3,11,4,11,14,13,11,5,0,4,10,3,12,13,9,4,159,165,164,135,68,68,162,74,46,168,160,166,172,136,135,54,75,162,133,66,175,74,46,46,46,46,133,132,15,4,14,13,65,0,2,43,6,3,12,8,3,2,43,9,0,129,34,126,9,8,15,108,111,4,14,4,0,15,9,0,13,2,10,10,10,8,0,15,4,9,9,1,9,0,92,131,128,9,6,10,8,152,165,220,6,13,6,1,13,12,10,105,0,13,15,125,32,120,2,3,12,6,11,1
1,6,3,12,6,112,34,111,41,3,3,2,3,4,9,13,12,7,15,2,3,44,79,10,101,1,7,6,8,7,7,12,0,9,5,3,2,14,5,8,5,1,13,2,8,1,2,166,165,136,69,69,163,75,47,169,161,160,173,137,136,55,76,163,134,67,176,75,47,47,47,47,134,133,167,65,44,202,66,132,79,8,15,1,7,3,2,8,10,4,11,1,35,107,10,110,40,119,2,4,8,2,1,3,12,1,12,1,12,5,12,14,7,2,8,8,10,6,15,7,93,12,125,128,1,2,7,7,166,221,5,4,13,9,14,2,5,98,0,10,14,6,33,107,0,10,0,5,6,3
5,5,7,3,1,86,35,11,8,3,3,15,1,4,9,6,12,8,11,12,209,45,80,160,127,122,5,8,8,6,8,5,5,2,3,5,14,2,2,9,13,13,2,0,7,15,11,8,166,137,70,70,164,76,48,170,162,161,139,138,137,56,77,164,135,68,177,76,48,48,48,48,135,134,168,66,45,203,67,133,80,132,3,4,11,3,3,13,10,10,14,5,6,129,126,106,41,2,15,1,6,9,9,15,14,14,6,2,8,14,6,7,6,10,7,2,13,10,0,4,106,12,14,107,0,2,8,3,6,107,11,7,0,2,5,9,12,99,10,1,13,10,4,131,120,15,6,14,3,7
7,9,8,6,13,87,12,5,13,8,10,11,9,12,6,5,14,12,4,188,210,46,81,161,139,249,4,2,3,4,6,7,2,4,14,7,8,9,10,8,7,7,8,9,4,7,1,5,13,138,71,71,165,77,49,171,163,162,140,167,138,57,78,165,136,69,178,77,49,49,49,49,136,135,169,67,46,204,68,134,81,133,160,79,65,14,14,11,12,10,14,12,15,7,123,113,1,0,14,1,5,4,14,13,14,12,2,3,0,11,15,1,14,5,13,0,6,6,11,3,235,6,3,131,130,7,7,5,4,86,2,15,4,8,11,15,51,242,12,6,1,1,8,15,104,3,8,4,7,11
7,14,14,7,0,88,6,10,11,7,5,10,5,6,10,58,51,58,188,189,211,47,82,162,140,250,0,15,5,0,3,2,11,3,6,8,0,10,13,15,3,13,3,4,8,2,7,2,7,8,13,3,166,78,50,172,164,163,141,168,139,58,51,166,137,70,179,78,50,50,50,50,137,136,170,68,47,205,69,135,82,134,161,80,66,132,79,58,11,3,2,11,4,10,3,11,15,4,6,10,1,1,13,12,8,4,2,12,10,0,4,5,10,14,5,15,10,11,4,9,236,132,7,14,100,7,12,9,3,87,14,1,9,6,3,222,52,243,14,0,0,7,8,6,105,6,0,10,6,3
15,14,12,13,15,89,2,13,4,3,7,13,12,51,181,59,52,59,189,190,212,48,83,163,141,251,11,2,1,14,0,10,8,14,12,9,8,8,0,5,3,15,0,5,1,4,6,13,9,11,0,13,15,0,1,173,165,164,142,169,140,59,52,167,138,71,180,0,3,13,8,8,138,137,171,69,48,206,70,136,83,135,162,81,67,133,80,59,139,44,72,12,14,14,1,15,11,10,1,3,4,1,9,0,1,4,9,11,10,13,15,12,3,5,14,2,15,13,12,0,237,133,160,0,101,2,8,7,14,88,8,5,6,15,4,223,53,244,4,1,2,1,6,3,131,126,4,9,0,1
2,3,6,118,36,109,7,9,15,12,7,8,209,52,182,60,53,60,190,191,213,49,84,164,142,252,13,13,5,1,13,13,7,10,2,8,9,13,2,13,0,6,12,10,5,1,3,5,5,8,0,5,8,13,3,12,166,165,143,170,141,60,53,168,216,0,5,7,1,15,6,6,7,138,172,70,49,207,71,137,84,136,163,82,68,134,81,60,140,45,73,132,72,51,72,1,7,12,9,9,15,8,14,6,10,9,15,4,0,11,12,12,11,1,5,11,14,2,1,14,238,134,161,160,242,13,9,13,1,89,13,8,0,6,7,224,54,245,1,7,4,15,7,0,6,107,11,7,4,4
7,5,12,106,37,12,3,6,3,14,1,222,210,53,183,61,54,61,191,192,214,50,85,165,143,253,15,13,0,2,15,12,1,0,7,12,13,7,14,1,3,3,7,9,3,15,6,3,12,3,13,0,3,13,14,12,15,166,144,171,142,61,54,169,217,6,11,14,3,11,7,1,6,8,173,71,50,208,65,138,85,137,164,83,69,135,82,61,141,46,74,133,73,52,73,153,13,0,15,12,12,0,2,9,0,0,7,14,2,11,2,2,13,13,5,9,2,7,8,15,239,135,162,161,243,6,8,4,15,88,7,0,0,4,4,225,55,246,1,5,72,72,10,3,11,242,14,12,5,15
12,4,8,228,15,0,1,5,5,11,7,223,211,54,184,62,55,62,192,193,215,11,4,166,144,254,11,1,14,13,13,5,7,3,4,14,0,10,6,13,10,14,2,14,9,4,15,10,10,4,9,2,8,5,11,9,7,10,145,172,143,62,55,170,218,11,8,8,7,9,14,12,7,12,13,79,65,209,66,153,65,138,165,84,70,136,83,62,142,47,75,134,74,53,74,154,153,8,1,4,5,4,11,7,1,4,11,0,7,0,9,8,0,10,15,14,10,6,4,12,240,136,163,162,244,8,14,9,4,89,11,10,2,1,1,226,56,247,4,222,73,73,160,51,181,243,15,3,14,4
2,5,4,229,216,11,12,9,13,14,5,224,212,55,185,63,56,63,193,194,10,15,1,11,145,255,3,8,5,6,6,3,13,10,11,5,1,2,7,9,4,15,3,1,4,15,1,14,8,0,15,6,6,1,14,13,4,5,6,173,144,63,56,171,219,14,13,11,11,1,9,0,13,11,202,80,66,210,67,154,66,153,166,85,71,137,84,63,143,48,76,135,75,54,75,155,154,160,13,12,8,7,7,4,15,14,3,2,3,9,2,12,5,1,12,3,5,13,5,14,241,137,164,163,245,7,9,15,10,86,11,13,15,7,7,227,57,248,3,223,74,74,161,52,182,244,8,10,8,9
15,3,4,230,217,7,11,14,1,2,15,225,213,56,186,64,57,64,194,2,0,8,8,0,15,9,11,5,4,15,9,12,7,14,3,10,14,5,10,0,11,9,11,0,3,6,12,12,13,4,1,2,11,0,6,4,6,12,3,10,145,64,57,172,220,3,8,11,12,0,12,5,13,195,203,81,67,211,68,155,67,154,132,58,65,138,85,64,144,49,77,136,76,55,76,156,155,161,167,65,58,2,1,2,7,15,0,10,10,1,44,9,3,9,7,10,14,9,15,7,1,138,165,164,246,12,14,13,1,87,7,7,5,15,9,107,1,3,8,224,75,75,162,53,183,245,11,1,2,3
10,8,7,231,218,11,14,11,5,10,12,226,214,57,187,10,2,7,1,14,0,2,2,8,10,14,15,5,14,8,8,5,9,7,2,4,13,5,15,13,12,10,1,15,0,8,2,10,15,1,7,14,2,10,9,13,6,8,12,7,6,6,15,173,221,6,5,1,10,11,72,72,188,196,204,82,68,212,69,156,68,155,133,59,66,132,58,51,145,50,78,137,77,56,77,157,156,162,168,66,59,132,65,65,10,5,4,10,44,174,45,167,8,0,9,2,15,1,6,0,10,15,166,165,247,5,6,6,0,106,2,8,8,8,7,127,122,6,0,225,76,76,163,54,184,246,5,3,7,13
4,1,10,232,219,15,6,5,15,4,11,227,215,13,4,15,6,5,10,6,11,0,10,3,9,12,2,8,11,7,2,11,2,6,8,4,10,2,0,15,3,6,5,8,7,7,14,13,7,11,12,3,14,6,10,7,3,3,10,4,10,12,1,112,111,8,5,1,4,181,73,73,189,197,205,83,69,213,70,157,69,156,134,60,67,133,59,52,160,72,44,138,78,57,78,158,157,163,169,67,60,133,66,66,160,65,44,209,45,175,46,168,153,174,153,9,12,7,6,14,13,13,8,166,248,8,15,9,5,228,8,12,12,12,5,11,125,128,1,226,77,77,164,55,185,247,0,3,1,11
2,15,0,233,220,1,2,12,6,13,10,129,126,112,38,126,14,0,14,10,4,2,8,8,8,0,9,2,9,11,11,6,12,110,38,34,126,13,7,10,7,8,108,40,32,32,36,128,0,3,8,0,2,11,9,4,6,9,4,8,2,9,9,90,13,2,8,7,222,182,74,74,190,198,206,84,70,214,71,158,70,157,135,61,68,134,60,53,161,73,45,139,79,65,65,159,158,164,170,68,61,134,67,67,161,66,45,210,46,176,47,169,154,175,154,146,10,4,3,8,12,5,10,11,12,10,15,11,14,229,9,6,11,10,14,0,7,98,1,227,78,78,165,56,186,248,15,9,4,12
6,9,13,234,221,0,12,6,13,11,3,12,125,117,39,131,124,14,15,14,4,3,4,15,3,11,0,1,13,10,5,112,42,109,39,35,107,14,3,3,12,118,111,41,33,33,37,102,10,2,0,9,5,11,14,7,13,10,12,13,3,3,10,91,8,15,2,11,223,183,75,75,191,199,207,85,71,215,4,159,71,158,136,62,69,135,61,54,162,74,46,140,80,66,66,146,159,165,171,69,62,135,68,68,162,67,46,211,47,177,48,170,155,176,155,147,153,6,13,7,15,7,14,2,9,14,3,2,2,230,1,0,9,3,15,14,11,99,8,107,13,0,166,57,187,11,3,11,11,112
130,0,12,0,88,7,6,11,13,8,4,9,10,6,15,1,107,15,0,5,15,3,7,7,5,3,12,3,114,36,36,119,43,3,2,14,121,130,2,118,32,109,6,5,3,4,8,103,3,7,2,7,9,13,0,8,14,1,10,5,0,5,118,117,10,2,1,15,224,184,76,76,192,200,208,12,13,10,4,12,12,159,137,63,70,136,62,55,163,75,47,141,81,67,67,147,160,166,172,70,63,136,69,69,163,68,47,212,48,178,49,171,156,177,156,148,154,167,9,11,1,4,2,0,10,0,5,7,11,231,8,14,11,2,65,11,2,102,7,123,130,9,13,5,4,10,15,12,116,115
107,2,0,9,89,4,12,13,0,5,14,5,9,4,13,8,129,122,9,12,0,6,0,6,5,6,2,110,111,37,37,5,15,13,0,8,8,129,38,111,33,10,4,9,0,1,11,121,122,2,9,12,7,5,4,4,5,10,1,118,38,122,106,14,2,3,15,0,225,185,77,77,193,201,12,9,12,2,7,9,4,4,138,64,71,137,63,56,164,76,48,142,82,68,68,148,161,132,173,71,64,137,70,70,164,69,48,213,49,179,50,172,157,178,157,149,155,168,216,5,15,13,2,4,2,3,3,5,3,232,1,5,5,188,66,167,14,103,13,0,96,15,12,13,2,12,14,116,117,0
121,128,15,116,109,13,9,2,12,3,3,6,0,2,7,12,1,107,12,14,9,2,12,6,112,42,34,117,14,10,1,3,12,7,13,2,11,8,39,3,13,1,7,1,8,5,9,3,125,130,14,4,6,6,14,3,14,11,108,111,39,121,111,14,5,11,10,13,226,186,78,78,194,5,14,15,11,11,13,1,10,4,8,14,4,138,64,57,165,77,49,143,83,69,69,149,162,133,160,79,72,138,71,71,165,70,49,214,50,180,8,173,158,179,158,150,156,169,217,4,11,15,6,9,15,11,12,15,2,233,2,3,195,189,67,168,167,249,12,3,97,11,0,11,4,13,8,106,1,14
13,121,34,109,5,3,6,1,11,12,1,15,0,9,10,13,6,121,122,13,5,7,15,112,111,43,35,6,13,3,11,14,1,1,58,65,5,12,8,13,12,6,0,13,2,3,8,4,8,242,3,14,4,13,12,0,4,15,92,0,8,10,12,6,0,13,0,11,227,187,0,5,4,4,8,14,6,5,9,12,2,1,11,6,7,10,9,0,166,78,50,144,84,70,70,150,163,134,161,80,73,146,65,79,166,71,50,215,2,0,58,58,159,180,159,151,157,170,218,1,4,8,1,2,0,1,2,9,3,234,1,222,196,190,68,169,168,250,7,13,96,15,15,0,10,0,2,235,51,2
12,5,35,6,4,2,13,6,12,5,11,9,7,6,2,10,1,12,125,32,40,36,38,115,11,0,14,11,7,2,7,4,10,181,59,66,216,2,1,3,15,8,13,8,15,11,12,44,181,243,6,9,10,0,1,12,9,13,93,4,11,0,14,14,10,5,2,15,121,128,0,12,2,0,3,8,2,0,7,13,0,9,14,9,6,7,12,2,3,12,8,145,85,71,71,151,164,135,162,81,74,147,66,80,132,44,58,65,72,181,59,59,132,4,14,152,158,171,219,13,9,5,12,1,12,0,15,14,5,15,0,223,197,191,69,170,169,251,9,7,97,7,3,5,13,10,1,236,52,132
13,2,6,13,3,2,1,12,8,6,5,1,2,8,14,5,10,13,3,33,41,37,39,1,0,11,12,4,5,1,13,1,209,182,60,67,217,12,11,12,0,0,7,14,7,14,202,45,182,244,9,5,9,2,7,14,13,1,235,51,7,5,10,7,9,12,7,5,3,131,128,6,0,4,10,12,8,5,3,4,5,11,13,15,12,13,13,1,13,2,8,9,1,11,0,152,165,136,163,82,75,148,67,81,133,45,59,66,73,182,60,60,133,216,3,12,159,172,220,13,2,9,1,8,5,4,12,9,10,6,10,224,198,192,70,171,170,252,4,9,107,1,6,0,7,3,11,237,53,133
216,8,4,10,5,14,14,11,10,14,4,5,51,15,6,9,1,4,8,13,0,10,4,2,12,15,1,11,10,6,11,174,210,183,61,68,218,1,10,13,11,11,72,58,72,188,203,46,183,245,7,5,7,3,7,7,8,3,236,52,160,8,14,2,15,2,7,5,11,3,107,1,11,1,7,13,6,2,3,8,5,5,10,2,12,2,9,12,1,15,1,8,12,13,10,8,166,137,164,83,76,149,68,82,134,46,60,67,74,183,61,61,134,217,6,14,1,173,221,9,13,9,2,13,10,7,6,7,13,15,8,225,199,193,71,172,171,253,2,7,131,42,130,9,8,11,10,238,54,134
217,2,1,0,15,2,2,7,5,5,11,174,52,153,11,6,1,15,11,14,5,12,15,0,0,5,2,14,72,58,202,175,211,184,62,69,219,12,12,8,8,174,73,59,73,189,204,47,184,246,8,13,7,2,10,13,1,11,237,53,161,216,6,0,10,4,3,9,10,15,127,128,13,10,6,4,10,15,9,0,5,4,8,7,15,11,5,7,0,6,13,3,10,13,4,0,8,138,165,84,77,150,69,83,135,47,61,68,75,184,62,62,135,218,14,6,9,1,92,4,0,9,8,9,6,9,0,0,6,10,3,226,200,194,65,173,172,254,7,2,0,43,107,3,14,6,13,239,55,135
218,13,3,12,14,14,3,14,9,1,209,175,53,154,146,13,8,6,4,9,15,8,2,44,51,51,58,188,73,59,203,176,212,185,63,70,220,15,0,4,222,175,74,60,74,190,205,48,185,247,5,3,13,5,5,14,5,4,238,54,162,217,8,8,6,4,0,7,7,14,11,104,4,4,5,9,7,13,13,13,8,1,12,0,6,12,2,3,1,6,2,15,6,8,1,1,14,15,166,85,78,151,70,84,136,48,62,69,76,185,63,63,136,219,5,0,15,13,93,6,14,10,12,14,0,7,7,15,7,4,6,227,201,195,66,160,173,255,195,139,2,9,242,14,8,3,15,240,56,136
219,14,8,3,0,6,72,44,65,181,210,176,54,155,147,139,51,202,167,65,15,4,188,45,52,52,59,189,74,60,204,177,213,186,64,71,221,7,11,0,223,176,75,61,75,191,206,49,186,248,5,11,5,1,9,5,0,12,239,55,163,218,6,5,2,11,14,10,2,4,8,105,6,0,1,14,2,1,1,5,4,8,10,5,4,1,8,14,2,3,7,13,9,10,4,11,8,2,8,11,15,152,71,85,137,49,63,70,77,186,64,64,137,220,12,1,3,108,117,0,3,5,1,6,14,3,8,1,4,1,3,102,222,196,67,161,153,202,196,140,160,209,243,2,5,1,12,241,57,137
220,15,0,6,2,222,73,45,66,182,211,177,55,156,148,140,52,203,168,66,132,195,189,46,53,53,60,190,75,61,205,178,214,187,1,13,106,2,11,10,224,177,76,62,76,192,207,50,187,9,4,3,10,4,11,12,8,8,240,56,164,219,2,9,13,15,8,8,13,6,0,104,14,10,15,12,13,5,0,13,6,7,5,6,6,8,15,8,8,4,7,14,9,8,2,5,6,12,0,11,1,15,4,15,138,50,64,71,78,187,15,15,138,221,4,14,108,119,8,8,8,7,9,12,4,14,5,13,8,10,1,103,223,197,68,162,154,203,197,141,161,210,244,15,6,14,14,14,7,138
221,7,12,13,6,223,74,46,67,183,212,178,56,157,149,141,53,204,169,67,133,196,190,47,54,54,61,191,76,62,206,179,215,14,12,110,109,11,8,10,225,178,77,63,77,193,208,11,15,9,1,7,3,3,13,1,6,1,241,57,165,220,13,13,6,8,7,5,2,15,7,105,9,7,3,5,2,11,5,14,12,10,2,15,5,15,5,13,15,0,15,4,4,0,3,10,11,1,10,5,0,0,8,13,6,12,5,7,10,10,11,8,4,86,6,6,106,13,3,15,4,8,11,15,4,12,0,9,6,1,0,104,224,198,69,163,155,204,198,142,162,211,245,5,4,10,4,12,9,12
88,2,2,3,2,224,75,47,68,184,213,179,57,158,150,142,54,205,170,68,134,197,191,48,55,55,62,192,77,63,207,180,13,14,4,86,3,10,15,3,226,179,78,64,78,194,1,15,11,9,14,2,12,7,13,4,4,7,4,9,166,221,13,5,12,11,1,13,2,10,51,249,3,5,3,5,11,13,12,14,12,10,4,11,0,14,12,7,9,14,5,15,8,4,8,0,2,9,13,12,15,10,1,4,5,12,2,9,13,7,8,11,10,87,14,108,113,5,14,4,4,6,7,15,4,10,4,2,1,0,4,105,225,199,70,164,156,205,199,143,163,212,246,1,4,1,9,6,14,5
89,9,13,9,15,225,76,48,69,185,214,180,2,159,151,143,55,206,171,69,135,198,192,49,56,56,63,193,78,64,208,8,14,3,9,87,14,15,5,14,227,180,2,10,9,9,14,11,11,4,5,4,10,0,8,13,8,2,8,4,10,220,8,3,1,8,0,65,65,174,52,250,13,1,11,9,0,6,11,5,3,11,6,3,10,14,13,10,10,7,3,3,3,11,0,0,1,14,9,8,14,11,5,8,11,15,6,6,11,0,14,1,112,115,116,119,11,0,14,44,58,58,51,14,10,12,12,6,12,4,13,104,226,200,71,165,157,206,200,144,164,213,247,3,1,5,15,4,4,118
109,6,3,14,10,226,77,49,70,186,215,6,7,7,152,144,56,207,172,70,136,199,193,50,57,57,64,194,283,271,277,277,7,12,110,117,9,5,5,14,96,6,12,15,4,12,3,14,0,12,1,2,4,14,2,4,0,8,10,14,10,221,12,4,3,8,202,66,66,175,53,251,1,3,1,7,7,10,1,112,32,122,6,4,118,36,126,11,116,42,40,32,38,124,0,7,11,5,4,6,1,9,2,10,6,4,8,13,4,14,13,12,88,114,109,1,12,14,174,45,59,59,52,146,15,13,5,14,7,11,5,105,227,201,9,166,158,207,201,145,165,214,248,5,12,3,15,12,3,106
6,0,11,11,5,227,78,50,71,187,12,9,3,10,2,145,57,208,173,71,137,200,194,10,268,2,2,346,284,272,278,278,364,0,92,8,11,14,14,1,97,13,0,2,9,1,9,9,4,0,0,13,2,2,3,15,9,12,11,4,8,88,6,11,15,222,203,67,67,176,54,252,12,11,13,8,5,7,12,86,33,107,118,32,111,37,131,36,119,43,41,33,39,129,36,120,12,7,0,10,10,0,4,7,14,11,2,8,11,4,5,1,89,235,58,58,65,181,175,46,60,60,53,147,216,12,5,1,6,14,10,104,107,7,14,12,159,208,5,5,166,215,15,10,3,9,9,5,108,111
4,15,6,2,4,131,130,3,8,11,7,4,14,6,13,14,15,3,15,5,138,201,3,366,269,340,352,347,285,273,279,279,365,12,93,9,2,15,7,6,125,130,4,112,130,1,14,13,10,12,9,14,10,15,9,13,6,8,0,11,4,89,7,11,3,223,204,68,68,177,55,253,7,9,0,9,0,11,3,87,6,129,113,33,2,10,5,37,1,1,6,4,15,1,37,125,126,15,6,6,3,7,1,7,13,6,13,0,9,11,7,110,119,236,59,59,66,182,176,47,61,61,54,148,217,13,12,7,15,4,0,105,131,120,14,2,3,5,10,4,6,2,8,0,2,3,4,14,86,6
8,3,9,3,1,9,107,4,9,14,12,8,6,0,4,11,5,0,9,1,9,9,4,367,270,341,353,348,28,29,26,30,292,112,115,7,11,9,2,12,5,131,36,109,129,32,130,8,11,9,12,0,9,7,10,4,7,118,120,0,12,92,9,5,10,224,205,69,69,178,56,254,13,7,13,7,10,9,9,88,11,14,0,8,15,5,7,14,9,0,2,7,10,8,11,44,249,3,0,12,0,2,7,1,8,9,12,4,8,13,10,88,13,237,60,60,67,183,177,48,62,62,55,149,218,3,15,1,110,124,1,125,130,107,7,12,14,0,6,5,13,6,9,15,6,0,8,15,87,1
2,15,4,12,13,14,131,122,1,13,6,1,9,3,0,15,15,14,14,4,11,9,11,296,16,342,354,26,22,29,31,16,293,86,9,15,14,12,4,9,7,14,37,5,2,33,107,5,7,15,15,10,6,12,0,10,112,119,98,7,11,93,4,12,9,225,206,70,70,179,57,255,15,5,5,0,7,0,6,89,1,4,4,0,1,2,9,14,12,10,3,7,13,13,195,45,250,11,3,6,12,10,11,2,7,0,1,6,1,11,4,89,2,238,61,61,68,184,178,49,63,63,56,150,219,4,112,32,109,98,110,128,107,123,130,0,15,1,13,12,4,3,9,13,8,6,1,12,90,13
1,1,11,11,4,6,14,100,7,4,9,9,9,13,9,1,0,0,0,10,15,0,1,297,25,18,17,27,310,320,21,310,315,87,13,0,9,4,1,0,2,7,11,11,4,13,127,38,42,42,40,122,3,5,6,13,90,9,99,7,112,115,7,7,10,226,207,71,71,180,15,5,2,10,3,15,5,7,4,94,14,15,0,11,5,4,6,6,12,4,15,14,13,181,196,46,251,6,7,4,4,14,6,10,15,9,4,12,0,110,34,109,14,239,62,62,69,185,179,50,64,64,57,151,220,8,90,33,6,99,106,107,131,128,98,12,5,15,15,12,11,3,1,5,10,4,0,11,91,13
9,12,8,11,6,8,7,101,1,0,5,8,2,108,34,124,2,9,3,3,5,6,13,319,258,258,260,258,315,303,29,302,15,106,8,1,11,7,1,8,12,1,2,0,7,2,5,39,43,43,41,98,4,2,3,5,91,13,100,7,88,5,3,12,8,227,208,0,1,6,12,10,5,13,5,4,14,6,14,95,11,14,3,5,10,8,15,6,10,58,65,58,188,182,197,47,252,8,9,0,14,5,15,13,11,3,9,9,13,228,35,2,3,240,63,63,70,186,180,4,13,10,13,152,221,9,91,2,10,131,113,127,120,100,99,7,1,14,3,11,13,2,10,1,2,7,112,34,115,8
2,181,139,11,7,8,9,121,124,7,3,116,38,113,35,107,15,0,10,8,0,0,13,0,259,259,261,259,15,321,258,315,112,115,12,13,8,15,15,5,10,6,14,14,8,5,8,7,0,12,13,99,116,128,7,14,86,15,101,12,89,14,12,12,1,226,0,10,10,7,8,1,9,11,13,2,13,108,34,119,8,14,12,8,1,0,1,14,222,59,66,59,189,183,198,48,253,0,5,9,12,1,13,1,12,9,12,13,13,229,153,65,79,241,64,64,71,187,15,1,13,5,15,3,90,13,235,5,11,2,14,9,98,101,96,15,6,10,7,14,14,3,13,2,14,2,106,35,44,65
174,182,140,132,4,7,7,12,123,40,40,119,39,1,7,125,128,0,5,8,5,10,11,116,34,36,38,32,40,120,259,118,109,108,124,2,14,7,3,6,10,7,12,15,14,1,2,4,4,12,5,123,117,98,0,7,87,4,129,36,111,0,10,8,12,227,2,2,6,1,0,0,7,4,2,15,116,111,35,15,7,14,10,10,9,10,2,11,223,60,67,60,190,184,199,49,254,10,8,9,0,12,1,5,13,8,14,12,3,230,154,66,80,216,3,3,7,2,15,6,11,9,15,7,91,4,236,167,0,7,2,5,99,104,97,10,9,7,3,5,10,6,7,4,1,14,228,188,45,66
175,183,141,133,167,11,14,7,7,41,41,3,14,0,13,14,100,0,7,14,15,0,12,92,35,37,39,33,41,131,38,111,118,119,102,10,8,1,8,7,1,8,5,2,4,12,2,2,7,8,7,10,2,99,7,15,94,13,7,37,8,12,10,13,2,107,0,10,15,15,2,10,4,12,14,108,109,1,2,15,10,4,1,14,2,13,15,3,224,61,68,61,191,185,200,50,255,6,15,2,12,12,2,9,14,3,4,11,4,231,155,67,81,217,8,2,11,4,3,8,14,7,9,13,106,3,237,168,216,6,1,5,104,105,127,128,14,10,2,14,9,6,2,2,15,0,229,189,46,67
176,184,142,134,168,146,58,7,8,8,58,65,44,5,13,2,101,14,6,11,12,13,2,93,14,8,114,38,34,122,39,112,113,15,103,8,10,8,1,15,14,14,14,5,1,15,13,9,8,9,6,9,8,107,15,2,95,11,13,11,1,5,3,9,10,121,38,126,7,1,0,12,0,0,108,115,8,1,3,7,8,6,8,13,4,12,8,14,225,62,69,62,192,186,201,7,6,13,6,5,10,12,3,11,12,7,1,12,5,232,156,68,82,218,2,14,12,12,13,3,0,3,4,108,113,5,238,169,217,6,7,0,105,121,122,107,11,3,9,6,0,13,15,2,8,12,230,190,47,68
177,185,143,135,169,147,59,146,72,181,59,66,45,139,79,65,249,10,13,13,10,3,1,86,14,0,106,39,35,123,40,113,15,6,123,120,2,12,6,12,6,9,9,4,0,9,1,14,13,12,12,3,6,131,32,32,117,3,7,7,15,4,13,10,13,14,39,123,130,108,32,128,110,40,113,7,0,3,10,110,36,130,10,15,4,3,8,11,226,63,70,63,193,187,4,12,3,4,6,2,8,14,13,7,8,13,1,1,12,233,157,69,83,219,6,2,15,1,15,13,10,13,1,106,0,3,239,170,218,8,1,10,123,124,123,32,130,7,15,0,4,11,3,13,1,9,231,191,48,69
178,186,144,136,170,148,60,147,73,182,60,67,46,140,80,66,250,10,2,6,10,4,2,87,110,40,117,15,3,12,41,5,13,11,0,107,6,1,3,9,14,14,10,108,122,5,1,5,2,6,14,15,1,6,33,33,12,8,6,14,4,6,10,11,9,5,10,2,125,119,33,107,106,41,13,12,4,5,2,88,37,102,0,9,9,8,3,11,227,64,71,64,194,8,1,3,14,6,10,5,15,11,2,5,6,8,14,3,14,234,158,70,84,220,5,0,11,13,8,10,0,7,112,119,14,13,240,171,219,11,10,1,10,121,122,33,98,118,36,124,15,7,12,6,1,3,232,192,49,70
179,187,145,137,171,149,61,148,74,183,61,68,47,141,81,67,251,10,8,13,13,14,13,106,86,41,0,6,8,5,3,4,8,15,9,125,122,0,4,13,3,7,114,109,96,14,5,8,9,7,10,12,0,6,7,6,2,6,7,7,13,5,9,13,7,12,14,1,11,8,9,123,117,2,8,12,2,5,15,89,15,103,11,2,9,4,14,8,107,11,2,14,13,10,14,3,7,1,13,11,12,5,2,12,4,13,3,12,4,4,159,71,85,221,3,11,0,1,1,15,4,14,106,15,2,2,241,172,220,1,11,1,15,2,107,96,99,106,37,127,122,5,9,15,0,13,233,193,50,71
180,5,0,138,172,150,62,149,75,184,62,69,48,142,82,68,252,11,3,1,5,13,116,119,87,6,3,12,2,9,118,42,128,13,8,10,98,14,4,1,2,11,88,0,97,6,9,1,0,11,2,3,10,15,13,6,14,10,0,3,15,7,12,6,13,8,3,5,13,1,10,9,3,8,7,8,0,14,12,106,14,131,120,10,2,1,2,4,123,124,12,1,0,5,12,10,8,14,5,5,11,0,12,13,3,10,5,4,0,8,12,13,112,113,1,10,4,6,7,11,1,116,111,5,2,9,11,173,221,2,10,15,1,1,242,97,125,119,15,1,96,1,11,6,5,10,234,194,3,10
13,9,5,11,173,151,63,150,76,185,63,70,49,143,83,69,253,11,5,9,8,116,113,110,113,14,11,2,8,12,90,43,100,6,7,0,99,4,8,114,122,9,89,0,131,128,11,13,5,6,13,7,10,4,2,13,14,13,12,12,7,9,3,14,6,13,9,6,10,7,7,10,0,1,14,0,9,13,110,115,12,4,107,12,7,2,0,5,14,107,12,12,9,11,11,0,10,3,5,14,14,5,6,9,1,9,4,13,15,10,112,40,115,11,13,7,6,1,9,2,10,90,10,4,14,1,13,110,113,4,1,13,9,222,243,96,15,11,12,2,97,3,5,14,0,6,13,12,2,13
4,6,13,8,6,152,64,151,77,186,64,71,50,144,84,70,254,7,11,0,12,88,116,109,0,3,0,13,0,12,91,12,101,13,8,11,100,8,116,109,107,3,106,1,3,98,7,4,1,3,0,9,13,0,11,3,14,9,14,1,10,9,12,6,12,6,14,7,14,14,14,7,5,13,11,9,8,108,111,14,2,7,131,126,11,13,5,8,0,121,128,14,0,1,15,2,2,15,1,1,14,5,14,15,4,14,9,2,10,9,88,41,4,2,2,2,7,14,9,14,15,91,13,11,108,128,12,106,7,9,7,9,1,223,244,97,14,8,7,7,104,7,2,9,2,2,12,10,1,14
11,10,4,10,1,1,6,152,78,187,3,1,10,145,85,71,255,6,11,14,2,89,94,10,11,5,9,4,1,112,109,1,121,128,15,13,101,118,115,13,131,40,113,1,1,99,5,6,14,12,14,7,14,3,6,11,5,3,15,13,6,7,114,38,40,38,128,10,0,15,13,10,2,2,14,6,15,92,8,11,5,14,12,121,34,130,8,5,10,1,131,34,120,7,14,2,13,5,4,3,14,2,7,11,4,11,12,12,9,1,89,14,6,12,13,13,15,9,6,2,0,94,5,4,88,121,38,109,15,7,15,0,10,224,245,107,2,12,3,12,105,11,14,11,4,1,2,3,13,10
0,2,4,6,6,1,14,15,7,2,6,13,11,13,12,14,2,8,7,13,118,115,95,116,130,12,10,9,8,88,4,12,12,123,128,7,102,90,0,0,6,41,12,13,14,127,38,124,110,126,0,12,8,7,2,1,5,1,10,10,0,14,86,39,41,39,98,0,11,9,5,10,13,3,3,4,12,93,14,6,8,8,3,7,35,104,10,3,7,1,8,35,131,130,3,116,34,130,4,4,7,108,42,128,6,7,7,4,11,2,106,2,14,1,1,6,9,7,7,5,12,95,6,13,89,9,39,10,0,12,3,11,14,225,246,131,42,122,6,3,96,12,0,6,3,10,6,1,3,1
15,7,9,4,11,6,12,13,15,14,9,4,0,0,15,8,7,4,14,6,94,116,113,106,125,120,11,6,11,89,0,0,8,14,96,8,103,91,2,5,3,110,36,122,3,3,39,131,111,100,3,14,11,5,11,0,11,14,8,6,14,13,87,110,36,128,99,10,11,9,10,11,9,6,3,15,8,94,3,8,7,5,15,13,2,105,11,12,8,13,7,13,14,127,38,109,35,131,130,4,15,106,43,123,120,14,10,11,118,34,115,10,9,6,11,5,7,14,5,13,114,115,7,11,86,10,15,0,3,5,5,3,10,226,247,1,43,98,3,14,97,6,14,8,0,14,15,14,7,14
11,13,13,8,8,11,9,8,9,5,8,7,3,10,8,12,8,10,10,3,95,90,112,119,0,129,34,38,34,111,6,8,12,5,97,9,107,106,10,7,11,94,37,129,42,38,128,0,7,101,5,9,12,11,10,0,8,1,4,15,2,4,88,94,37,98,107,12,1,5,9,3,6,2,3,2,8,95,4,14,2,11,8,15,7,129,122,1,1,8,0,0,12,6,39,3,15,3,125,32,38,115,3,7,107,6,108,40,109,35,10,5,11,14,10,6,12,10,9,11,90,7,8,12,87,14,15,0,9,14,11,9,4,227,248,0,14,99,3,4,107,118,38,124,6,3,5,6,10,2
1,9,9,15,3,2,3,6,9,4,6,7,13,1,15,9,14,13,7,110,117,91,90,0,2,3,35,39,35,12,1,4,10,13,107,13,127,115,10,1,14,95,5,8,43,39,121,36,128,98,10,2,9,5,9,8,2,13,2,11,14,7,89,95,14,99,121,126,3,0,114,128,10,2,12,0,7,106,12,15,13,3,0,4,4,15,107,0,12,3,13,0,13,10,4,6,3,15,10,33,39,2,5,11,123,42,111,41,1,2,3,0,15,7,11,14,1,12,15,13,91,0,8,8,86,13,12,0,9,1,2,1,13,107,11,6,4,107,2,15,125,117,39,104,8,1,7,112,120,8
13,2,2,5,9,6,12,9,3,15,15,11,5,2,112,130,3,7,110,113,110,111,91,0,0,13,1,6,14,0,0,12,15,8,121,120,11,3,9,6,7,106,1,8,12,1,0,37,102,99,14,118,36,42,130,8,5,2,1,0,15,4,86,90,11,107,2,107,14,114,117,123,38,32,128,6,108,119,15,12,15,11,14,4,10,15,121,126,10,1,10,12,3,5,3,4,2,11,12,8,2,10,14,13,10,43,4,9,14,5,3,5,13,10,3,6,3,12,0,12,106,1,0,14,87,3,11,9,11,11,11,0,8,131,126,7,7,131,124,15,13,15,5,105,0,13,11,106,107,8
1,11,10,7,9,12,10,10,4,9,0,6,116,36,117,127,122,13,90,108,115,110,111,6,4,5,0,2,2,9,0,9,7,9,7,129,128,118,128,15,118,109,4,11,65,72,51,8,103,98,0,88,37,43,125,36,126,14,13,15,14,10,87,91,5,129,120,121,32,113,14,7,39,33,123,42,117,0,3,1,13,7,9,8,11,3,1,107,13,0,12,7,5,5,9,5,5,13,8,3,9,14,14,8,6,7,7,0,11,8,1,3,2,6,116,122,13,11,118,40,109,7,11,3,94,15,9,8,3,0,12,3,4,4,96,15,0,7,127,130,9,7,13,121,128,116,42,109,131,42
34,42,126,1,4,15,15,1,4,8,11,10,106,37,112,120,121,122,91,92,110,115,6,1,15,0,9,3,14,14,1,4,2,14,11,14,131,119,100,14,90,14,11,181,66,73,52,216,104,99,7,89,116,128,12,37,123,130,5,1,13,2,90,88,3,12,96,0,33,10,9,9,118,42,124,43,6,1,10,12,11,3,15,4,10,10,9,121,124,37,110,122,14,10,2,13,1,13,5,0,0,5,13,5,8,15,1,13,12,6,2,8,5,12,88,96,118,36,119,41,13,13,10,15,95,0,13,11,8,13,2,0,12,9,97,15,12,6,8,107,7,9,15,37,129,115,43,118,130,43
35,43,125,124,2,10,9,15,9,1,10,108,117,112,119,123,126,121,111,93,94,1,6,6,7,9,8,3,2,10,8,3,12,15,9,14,15,1,101,12,91,10,222,182,67,74,53,217,105,129,38,117,106,102,114,40,122,127,126,12,15,12,91,89,9,12,97,11,4,11,15,112,115,43,125,130,9,9,6,3,15,3,13,3,4,8,112,128,125,38,111,129,130,10,116,124,11,0,6,6,9,11,13,9,6,12,4,8,4,12,3,11,0,10,89,97,106,37,5,11,7,14,0,108,119,8,58,13,2,5,0,2,5,13,107,11,3,7,5,123,42,32,42,36,120,108,40,117,121,40
32,40,124,129,128,2,10,4,4,1,118,111,118,117,110,124,107,9,118,109,95,10,1,10,12,5,14,1,11,0,10,14,6,14,15,8,11,10,125,120,86,3,223,183,68,75,54,218,123,130,39,110,109,103,106,41,125,124,123,38,38,36,117,106,8,3,98,12,0,2,110,111,13,14,9,100,10,8,15,110,32,122,0,0,114,32,109,121,124,39,118,120,107,15,106,107,5,5,13,114,120,0,0,4,13,11,6,6,15,118,32,38,32,38,115,121,117,15,4,11,6,9,6,235,79,195,59,167,72,58,12,3,10,0,131,122,2,15,2,35,43,33,43,37,123,113,41,116,130,41
33,41,131,124,131,38,34,40,40,34,115,110,113,110,115,107,129,36,117,116,109,5,12,14,4,10,3,15,15,8,3,9,3,8,13,1,14,11,15,107,87,15,224,184,69,76,55,219,9,121,34,111,13,127,109,3,6,129,122,39,39,37,116,109,4,5,99,6,116,42,109,9,15,6,4,101,10,2,108,115,33,127,42,42,109,33,10,8,127,36,113,107,131,38,117,123,124,13,4,94,98,1,3,0,9,8,3,14,7,106,33,39,33,39,3,5,12,0,2,2,4,4,4,236,80,196,60,168,73,59,13,0,10,10,2,123,122,13,116,32,40,34,42,36,120,112,40,111,127,124
15,108,130,125,124,39,35,41,41,35,110,113,116,111,7,125,128,37,110,113,9,5,0,7,4,4,2,15,13,5,9,7,3,10,11,4,2,9,12,127,109,13,225,185,70,77,56,220,12,9,35,15,5,0,4,12,8,5,129,34,42,42,113,5,9,6,102,10,106,43,10,15,15,6,15,102,10,8,86,6,12,15,43,43,11,3,11,15,5,37,13,125,126,39,13,5,125,130,8,95,99,4,13,5,116,126,6,5,118,109,112,36,38,128,118,32,128,9,0,4,6,118,124,237,81,197,61,169,74,60,7,6,9,4,2,13,123,38,117,33,41,35,43,37,131,117,41,14,14,129
38,113,131,122,129,32,38,34,36,32,115,116,111,1,4,1,121,34,119,8,7,7,13,14,8,6,9,9,9,5,10,6,2,3,8,4,0,14,0,8,7,9,226,186,71,78,57,221,3,6,5,2,6,15,12,11,3,8,8,35,43,43,14,9,2,8,103,118,111,15,2,13,13,13,11,103,12,15,87,12,15,11,4,4,4,14,6,6,1,7,12,14,125,126,10,112,124,123,34,115,129,42,120,6,106,107,7,110,119,110,115,37,39,127,113,33,123,126,3,3,9,90,98,238,82,198,62,170,75,61,3,10,5,12,6,1,5,39,8,9,0,14,1,14,11,0,5,13,5,12
39,8,3,121,120,33,39,35,37,33,110,119,7,0,4,12,8,35,11,6,0,13,10,11,15,15,14,10,3,10,14,12,5,14,4,9,9,2,0,12,4,12,227,187,114,34,38,115,11,10,0,10,15,13,10,11,15,3,8,5,12,8,12,0,6,14,107,106,11,4,3,4,14,7,9,107,1,112,117,6,0,8,10,9,1,1,5,7,4,7,1,10,14,107,1,106,123,126,35,114,126,43,131,32,109,127,36,111,114,113,14,12,5,9,13,15,2,107,1,3,8,91,99,239,83,199,63,171,76,62,3,9,12,11,15,0,3,2,14,9,7,9,2,7,13,5,8,13,6,9
9,15,10,9,129,40,32,32,32,32,109,0,15,2,5,15,1,4,8,3,7,3,5,10,3,5,0,11,12,11,8,12,7,10,12,7,12,6,6,3,12,12,121,38,111,35,39,0,1,3,7,5,8,2,14,2,9,7,12,2,10,10,14,7,15,8,129,117,1,11,5,14,5,6,13,129,32,117,1,1,3,14,5,12,5,3,2,11,15,14,1,8,10,125,40,117,11,125,42,111,123,32,120,33,112,124,37,112,119,9,13,15,9,13,10,11,3,129,128,3,112,115,100,240,84,200,64,172,77,63,5,5,0,4,9,0,12,7,9,8,1,3,8,5,7,6,11,6,5,6
1,10,11,2,5,41,33,33,33,33,1,7,12,11,14,8,9,5,8,3,5,12,15,0,3,12,14,7,14,10,4,7,7,5,0,3,14,12,9,13,10,11,0,39,2,2,5,8,10,3,6,1,9,11,3,6,15,5,11,4,1,5,12,10,1,1,10,8,8,1,11,12,0,3,10,6,33,12,15,13,4,1,12,12,4,8,0,6,15,4,15,2,0,11,41,2,4,3,43,5,4,33,125,42,109,125,40,111,12,8,11,5,0,10,2,11,14,12,121,34,109,13,101,241,85,201,3,173,78,64,14,5,10,15,14,12,13,4,11,1,5,14,8,5,9,7,9,7,14,7
11,6,2,11,5,2,11,0,5,2,10,5,6,14,4,2,4,12,10,5,8,9,0,1,3,1,2,15,15,11,15,13,9,6,5,15,11,12,14,11,0,7,11,4,7,9,13,11,5,2,15,1,0,1,8,5,13,4,10,15,11,10,1,11,13,15,3,2,8,5,6,2,12,3,1,12,11,2,13,1,5,4,3,5,9,7,4,4,10,5,2,9,8,7,9,5,0,15,3,10,11,5,4,43,13,5,41,6,7,7,9,2,15,6,15,5,10,10,15,35,15,6,107,7,13,12,14,6,2,8,160,3,15,8,10,3,13,3,13,3,2,5,11,188,153,12,1,12,0,9
13,14,4,10,3,1,12,15,10,2,12,5,15,6,11,7,5,12,12,14,1,13,14,14,8,11,1,3,15,3,5,11,9,10,7,8,8,4,11,14,7,13,4,10,7,6,2,11,5,3,7,15,10,5,14,3,11,4,8,0,2,1,4,14,12,14,4,4,10,6,3,12,2,3,15,0,8,1,7,14,7,11,2,7,11,12,8,4,0,9,9,3,2,6,0,9,1,6,2,0,3,4,13,2,3,12,15,5,1,0,13,3,8,0,12,7,14,0,4,9,9,1,125,130,4,6,9,3,0,5,2562,3,3,3,3,3,3,3,3,3,3,3,3,3,3,3,3,3,3,3
