1,14,13,15,0,9,7,0,1,12,9,3,0,11,10,5,10,0,7,1,4,0,14,15,7,10,1,14,1,3,6,1,6,9,3,10,2,7,1,15,5,14,5,1,4,2,11,10,11,1,7,9,2,1,11,12,10,10,2,6,1,8,11,3,10,14,8,8,3,13,12,8,12,4,4,11,5,6,7,14,8,11,14,6,13,1,7,3,6,4,14,4,7,7,2,14,6,7,5,14,9,1,10,13,10,11,0,13,4,6
6,7,3,2,3,8,13,8,13,9,10,0,6,15,13,11,12,15,2,12,11,11,4,12,7,9,10,3,0,7,1,2,5,4,2,0,14,10,11,1,4,8,6,5,7,11,2,15,8,7,3,0,0,14,8,8,5,8,12,1,13,0,14,0,3,11,12,11,10,5,12,9,15,0,5,15,8,13,4,13,13,14,14,9,2,13,10,2,1,14,2,10,11,13,3,15,9,9,0,4,2,10,13,1,10,11,7,5,2,10
7,6,10,0,14,15,13,9,5,3,4,2,9,8,8,12,10,9,3,15,5,0,12,3,14,15,14,8,15,7,5,14,12,10,0,6,4,0,1,5,8,6,7,2,9,12,8,2,5,14,0,0,11,14,9,11,2,5,2,9,11,14,6,2,4,6,2,4,3,9,6,15,4,13,15,9,2,15,11,5,8,5,1,12,1,10,3,0,6,10,2,4,10,10,2,7,2,2,9,0,10,12,11,9,5,1,9,15,10,3
15,13,8,1,11,12,14,8,8,3,7,13,4,9,9,10,15,14,6,13,2,11,6,2,5,4,12,10,3,14,10,14,14,3,14,0,7,12,3,5,8,5,2,11,12,5,11,5,13,12,4,8,2,7,8,2,4,13,8,12,7,12,4,6,11,11,1,13,12,13,0,1,2,4,14,4,3,1,13,7,0,5,10,10,1,15,12,1,5,9,1,4,11,7,10,10,1,12,15,1,13,9,15,5,13,2,6,15,0,6
4,12,12,8,14,5,9,3,14,13,4,6,12,5,14,0,15,5,12,2,4,3,7,12,14,0,0,14,14,15,3,1,8,5,11,2,3,4,6,10,9,7,9,14,1,6,2,2,9,6,10,4,9,1,5,11,6,0,5,13,1,8,14,1,13,4,9,14,8,0,5,8,12,15,8,1,4,13,15,13,7,8,6,5,4,7,2,14,3,15,3,12,13,13,4,4,5,6,4,5,5,14,15,0,2,8,12,10,9,5
2,12,2,5,1,13,2,7,11,7,10,0,15,8,4,13,7,9,8,5,6,6,9,5,13,15,10,5,3,9,10,7,11,6,7,7,15,5,7,15,14,13,10,3,6,12,11,0,0,4,3,12,8,13,2,15,2,8,1,3,6,10,15,14,7,6,13,11,0,2,11,0,10,7,13,9,13,2,10,0,6,13,7,5,13,8,5,5,5,11,1,0,14,15,0,4,8,11,10,5,9,7,7,4,0,14,10,12,2,7
9,10,8,15,6,13,12,15,2,15,11,12,12,15,2,7,5,5,1,6,15,2,1,8,12,12,14,8,3,13,3,4,14,13,8,12,9,7,1,8,5,7,14,4,13,10,8,13,0,0,13,9,10,10,15,7,2,14,13,14,14,8,12,12,11,0,12,12,7,3,11,15,4,12,3,12,5,4,8,15,1,3,3,8,1,7,1,0,6,12,5,11,1,6,13,4,9,15,72,79,72,44,0,5,14,3,3,11,7,2
6,4,3,4,7,13,3,12,12,13,1,4,12,8,0,10,14,15,7,2,4,14,11,1,11,14,8,8,8,6,15,14,3,6,12,10,0,3,13,3,8,5,3,5,13,13,5,4,6,6,6,10,11,9,9,12,14,9,13,11,12,12,10,9,7,14,9,5,11,15,15,8,14,11,6,5,9,2,1,13,12,2,4,3,7,8,8,11,14,14,2,14,1,4,5,13,12,202,73,80,73,45,216,12,3,12,8,14,15,8
5,8,10,15,14,2,15,11,4,7,1,12,15,15,6,10,9,8,12,6,3,4,4,15,3,12,6,3,11,6,5,11,9,15,3,15,12,6,10,3,12,3,9,11,5,0,3,4,6,9,12,11,6,14,1,0,10,8,5,8,11,6,5,7,2,8,6,13,10,8,1,9,0,9,2,13,8,3,15,13,7,5,13,3,44,51,51,9,8,3,6,13,181,146,72,51,195,203,74,81,74,46,217,5,2,11,3,12,6,10
11,9,15,9,15,10,5,6,11,10,10,15,14,0,4,8,10,2,8,3,12,14,4,2,11,12,5,0,7,10,5,7,2,7,15,6,3,2,7,1,6,10,15,6,2,8,13,10,12,9,0,13,6,13,11,8,14,0,1,12,3,15,11,2,4,14,14,3,5,6,1,3,15,7,8,12,14,3,2,1,2,1,8,202,45,52,52,139,4,6,13,209,182,147,73,52,196,204,75,82,75,47,218,1,14,8,0,5,4,15
15,2,6,6,2,13,8,5,15,9,3,5,4,4,3,6,10,6,7,5,0,7,15,3,14,0,5,11,1,14,11,12,1,2,11,6,13,3,14,8,5,8,14,65,44,65,202,139,79,65,5,12,13,6,12,4,0,4,14,14,0,15,6,2,1,2,3,2,12,11,51,10,3,14,10,15,0,5,10,11,15,4,222,203,46,53,53,140,167,72,209,210,183,148,74,53,197,205,76,83,76,48,219,9,14,12,7,2,5,9
10,1,5,11,1,15,3,12,6,13,13,1,2,13,13,5,9,11,6,15,9,1,14,4,2,11,14,13,1,4,13,5,4,6,0,9,11,15,5,14,65,65,174,66,45,66,203,140,80,66,153,8,2,5,4,15,3,10,9,12,8,14,6,9,11,11,8,5,3,195,52,139,7,7,12,2,11,2,6,7,10,12,223,204,47,54,54,141,168,73,210,211,184,149,75,54,198,206,77,84,77,49,220,13,13,0,7,11,12,1
8,10,10,12,13,4,15,8,13,3,5,6,14,4,12,3,10,12,10,4,11,4,6,10,7,12,0,5,11,2,8,12,8,9,6,5,4,3,79,195,66,66,175,67,46,67,204,141,81,67,154,167,12,1,6,11,14,2,11,3,2,3,3,8,2,1,15,13,209,196,53,140,167,44,44,79,8,6,15,4,6,3,224,205,48,55,55,142,169,74,211,212,185,150,76,55,199,207,78,85,78,50,221,5,14,0,1,3,2,11
5,5,10,5,12,3,12,3,10,0,9,13,7,14,0,0,15,3,0,9,7,12,2,2,14,1,9,9,7,12,1,15,4,1,9,2,8,222,80,196,67,67,176,68,47,68,205,142,82,68,155,168,153,0,12,7,1,0,6,10,8,15,0,9,11,15,5,222,210,197,54,141,168,45,45,80,153,79,72,2,4,2,225,206,49,56,56,143,170,75,212,213,186,151,77,56,200,208,1,0,2,14,106,14,12,13,0,1,0,10
1,1,13,7,9,7,6,4,9,4,13,0,13,5,9,0,14,4,15,0,8,7,13,8,8,5,12,1,11,8,8,14,13,9,3,2,11,223,81,197,68,68,177,69,48,69,206,143,83,69,156,169,154,132,1,15,14,9,12,12,14,9,12,11,14,7,14,223,211,198,55,142,169,46,46,81,154,80,73,216,12,14,226,207,50,57,57,144,171,76,213,214,187,152,78,57,201,7,4,1,7,14,228,72,13,7,4,10,3,6
2,4,0,12,1,9,0,15,12,7,8,3,12,9,15,5,4,13,14,2,14,3,13,13,9,15,15,13,5,11,9,2,5,7,4,9,1,224,82,198,69,69,178,70,49,70,207,144,84,70,157,170,155,133,160,9,5,12,15,13,14,10,2,9,11,15,9,224,212,199,56,143,170,47,47,82,155,81,74,217,0,6,227,208,5,4,7,145,172,77,214,215,2,13,0,6,14,14,10,13,11,10,229,73,216,5,15,4,9,0
11,0,5,0,8,9,6,58,0,13,3,4,12,9,11,8,12,11,15,1,9,4,5,12,7,5,2,5,12,11,8,4,0,7,5,6,9,225,83,199,70,70,179,71,50,71,208,145,85,71,158,171,156,134,161,216,0,5,0,9,10,2,0,13,3,1,2,225,213,200,57,144,171,48,48,83,156,82,75,218,6,13,123,122,10,8,5,8,173,78,215,14,0,7,6,0,10,1,5,11,10,15,230,74,217,4,3,13,6,5
9,9,7,9,4,1,181,59,167,10,15,14,10,15,5,11,8,5,10,11,15,13,4,15,2,15,3,9,3,7,8,0,8,7,4,10,5,226,84,200,71,71,180,2,2,9,11,7,13,5,159,172,157,135,162,217,15,8,10,1,5,5,6,5,14,4,13,226,214,201,0,145,172,49,49,84,157,83,76,219,15,14,13,96,1,3,13,1,7,11,5,6,2,2,5,8,14,1,4,9,12,2,231,75,218,4,7,15,8,11
2,12,11,12,14,195,182,60,168,139,9,5,10,2,202,139,65,79,14,9,11,6,15,11,11,5,6,0,7,15,4,15,7,11,1,13,0,227,85,201,3,6,6,2,15,1,0,15,7,7,1,173,158,136,163,218,9,2,2,5,1,6,1,12,2,3,8,227,215,10,2,10,173,50,50,85,158,84,77,220,13,1,9,97,0,15,14,7,3,2,4,0,6,3,1,12,1,3,7,10,9,4,232,76,219,3,13,5,11,6
15,11,10,7,195,196,183,61,169,140,146,65,58,209,203,140,66,80,160,2,5,5,0,4,6,13,8,5,6,2,3,15,15,10,3,3,14,107,11,12,1,11,8,6,14,3,15,9,14,8,14,4,159,137,164,219,7,12,6,6,3,14,11,2,11,8,7,100,8,11,11,6,1,6,13,9,159,85,78,221,11,11,14,129,130,14,9,3,0,15,0,7,13,7,10,6,14,15,5,9,5,14,233,77,220,11,7,13,9,7
5,3,10,222,196,197,184,62,170,141,147,66,59,210,204,141,67,81,161,167,11,3,5,15,12,5,12,14,10,5,15,13,5,5,12,2,1,125,126,5,7,15,1,13,7,7,15,6,12,1,15,13,9,138,165,220,5,4,10,10,3,2,8,15,1,13,8,101,9,0,11,8,5,11,9,3,9,15,6,90,0,15,9,2,107,12,5,3,15,11,6,5,12,2,10,11,14,2,11,4,5,5,234,78,221,0,6,13,5,11
3,2,2,223,197,198,185,63,171,142,148,67,60,211,205,142,68,82,162,168,216,8,11,10,11,1,79,14,2,2,7,7,8,3,6,12,11,2,107,15,3,1,9,7,15,9,11,8,10,5,6,5,9,6,166,221,12,15,3,15,5,3,2,11,4,7,4,123,128,12,8,13,3,13,2,15,0,3,2,91,5,2,0,79,242,9,2,0,3,9,7,7,12,10,14,8,10,6,10,12,8,2,0,7,106,14,6,3,7,0
2,8,3,224,198,199,186,64,172,143,149,68,61,212,206,143,69,83,163,169,217,5,14,11,1,174,80,167,10,8,8,7,79,72,79,8,15,7,242,3,1,11,9,14,15,1,2,7,13,4,3,14,7,6,4,235,11,1,14,9,188,167,3,9,2,174,167,58,249,14,15,8,0,5,12,1,12,8,108,119,10,13,222,80,243,0,3,12,7,14,5,5,10,8,12,14,13,15,7,7,10,11,1,116,119,15,15,12,5,12
14,6,14,225,199,200,187,2,173,144,150,69,62,213,207,144,70,84,164,170,218,12,11,15,174,175,81,168,167,4,9,181,80,73,80,167,72,202,243,1,6,6,0,13,13,2,4,13,0,5,4,0,3,13,2,236,132,12,13,195,189,168,160,58,195,175,168,59,250,2,6,10,10,9,7,6,0,5,106,12,11,8,223,81,244,15,10,4,9,4,10,13,5,12,5,11,11,4,8,0,10,13,112,113,3,12,3,10,8,1
10,9,8,226,200,201,0,2,4,145,151,70,63,214,208,145,71,85,165,171,219,4,10,222,175,176,82,169,168,167,188,182,81,74,81,168,73,203,244,12,9,0,2,14,15,15,14,13,13,6,15,10,7,1,8,237,133,132,188,196,190,169,161,59,196,176,169,60,251,1,11,3,15,5,2,8,10,110,109,13,15,7,224,82,245,4,14,8,3,7,0,4,12,8,11,14,2,7,3,11,4,1,235,72,13,15,2,4,6,9
3,14,15,227,201,13,4,6,7,0,152,71,64,215,2,3,15,13,166,172,220,3,3,223,176,177,83,170,169,168,189,183,82,75,82,169,74,204,245,2,13,15,14,15,11,4,12,10,3,1,4,10,12,6,12,238,134,133,189,197,191,170,162,60,197,177,170,61,252,10,0,5,8,4,14,3,13,106,13,0,9,9,225,83,246,6,11,11,10,5,3,12,0,9,9,3,8,5,10,3,13,15,236,73,216,8,13,5,8,6
5,13,8,107,1,15,7,11,8,12,14,12,5,2,11,7,3,14,3,173,221,13,9,224,177,178,84,171,170,169,190,184,83,76,83,170,75,205,246,0,13,14,7,4,4,2,11,15,8,1,3,14,13,1,3,239,135,134,190,198,192,171,163,61,198,178,171,62,253,7,5,10,14,12,1,4,112,115,7,14,13,6,226,84,247,2,9,4,9,12,3,11,3,6,1,2,15,11,11,3,2,8,237,74,217,0,3,12,15,2
9,14,2,127,128,12,7,8,12,13,14,9,11,4,11,7,8,13,9,1,106,7,2,225,178,179,85,172,171,170,191,185,84,77,84,171,76,206,247,8,4,14,4,0,10,0,1,2,0,4,2,12,15,5,7,240,136,135,191,199,193,172,164,62,199,179,172,63,254,1,5,3,7,0,9,14,90,10,5,3,4,6,227,85,248,3,4,15,10,3,8,6,14,11,114,36,124,3,5,10,7,11,238,75,218,1,15,10,12,15
12,7,12,6,102,5,13,6,3,10,2,8,0,2,6,15,2,14,10,108,119,5,7,226,179,180,268,173,172,171,192,186,85,78,85,172,77,207,248,14,3,7,14,8,5,14,5,6,2,2,9,3,3,4,13,241,137,136,192,200,194,173,165,63,200,180,173,64,255,0,6,1,0,10,13,11,91,11,12,7,10,3,123,122,15,7,13,4,5,114,126,8,7,6,86,37,127,130,14,2,3,0,239,76,219,5,13,15,3,10
12,4,7,15,103,3,1,15,10,12,0,10,2,10,2,7,8,15,12,94,4,13,14,227,180,349,269,340,173,172,193,187,9,3,5,173,78,208,7,9,1,4,11,2,11,15,11,11,4,13,15,2,14,10,3,10,138,137,193,201,6,14,166,64,201,2,4,0,6,8,10,8,1,12,5,13,106,2,7,14,1,2,12,107,7,13,14,13,5,94,107,10,12,8,87,5,13,96,2,10,5,9,240,77,220,0,0,3,0,7
15,10,7,14,96,7,13,1,0,12,5,15,11,14,3,6,12,3,15,95,0,14,3,107,366,350,270,341,364,173,194,15,0,6,2,13,5,6,0,0,8,5,6,8,4,4,6,3,10,11,10,9,3,8,0,8,6,138,194,3,5,15,4,4,10,4,7,14,6,7,10,1,12,8,12,11,228,58,4,3,7,1,5,129,128,6,5,7,6,95,129,124,6,108,109,5,1,97,7,11,0,7,241,78,221,15,12,3,6,2
5,12,13,11,97,11,6,15,12,2,5,5,9,6,4,7,10,2,6,106,12,1,7,226,367,351,27,342,365,2,15,11,2,5,13,14,8,5,1,5,5,14,0,2,13,4,1,5,12,1,2,14,14,2,14,5,14,15,5,4,0,4,0,1,5,2,11,3,5,14,4,0,7,1,1,6,229,59,167,79,188,160,3,6,107,14,1,5,11,88,6,123,38,113,4,0,79,242,2,5,3,0,14,0,94,11,0,2,4,0
14,13,9,15,125,40,126,4,3,2,12,15,14,6,15,6,7,13,108,119,9,1,9,227,303,17,24,28,302,3,4,15,6,13,4,8,4,11,0,0,3,2,10,12,4,3,4,11,5,1,7,2,14,15,8,14,5,4,6,8,7,7,1,7,9,3,1,5,15,2,3,6,11,11,15,9,230,60,168,80,189,161,153,51,242,9,11,6,1,89,11,8,39,1,3,195,80,243,2,2,15,0,14,12,95,10,9,7,0,5
13,0,8,10,12,41,98,11,15,8,5,6,4,11,0,10,14,10,92,9,8,1,1,107,321,320,24,314,311,3,14,9,7,4,8,5,14,5,8,8,13,4,2,7,10,0,1,3,8,5,3,3,6,5,6,9,5,12,14,14,10,15,13,0,4,14,3,11,12,9,15,9,13,10,5,10,231,61,169,81,190,162,154,52,243,7,7,12,15,228,11,6,0,6,222,196,81,244,4,0,8,10,5,12,92,7,5,12,7,8
4,2,13,8,8,0,99,0,13,12,14,1,15,13,5,6,0,12,93,1,5,0,7,131,120,319,260,309,2,6,6,11,2,13,114,126,10,3,13,11,1,14,7,0,10,6,6,13,0,1,1,4,1,11,11,3,12,10,116,130,11,15,10,11,11,0,6,0,14,1,5,2,12,13,9,7,232,62,170,82,191,163,155,53,244,6,14,11,1,229,167,8,5,8,223,197,82,245,5,13,1,1,9,8,93,14,13,9,7,14
11,8,12,4,5,0,107,14,6,5,0,14,5,12,8,9,3,12,106,13,12,2,7,13,131,130,261,5,11,15,0,5,3,13,106,129,42,124,5,1,10,14,1,10,0,7,0,2,15,6,15,11,10,5,13,11,14,114,115,102,15,5,3,4,3,2,5,5,3,11,10,6,11,14,11,13,233,63,171,83,192,164,156,54,245,9,3,14,1,230,168,216,5,4,224,198,83,246,12,4,15,13,2,4,106,6,15,4,6,2
5,12,3,2,4,8,127,128,2,3,118,120,3,9,0,1,5,110,111,3,4,6,1,4,10,249,7,6,7,15,3,13,14,112,117,6,43,123,126,14,8,5,6,15,13,7,13,13,0,10,1,11,11,3,3,7,4,106,8,103,4,14,7,12,2,7,5,3,11,10,11,8,1,8,12,10,234,64,172,84,193,165,157,55,246,1,1,4,1,231,169,217,9,11,225,199,84,247,3,5,6,4,0,114,113,15,10,13,8,15
14,1,6,5,15,8,12,123,40,32,111,102,11,8,13,0,13,106,2,3,72,79,79,72,209,250,9,9,9,2,7,13,0,94,9,7,7,5,102,6,11,10,14,2,6,14,15,13,1,8,8,2,5,2,3,2,118,115,12,96,3,15,8,7,14,8,5,5,10,14,8,14,14,10,0,13,8,5,173,85,194,166,158,56,247,14,13,3,1,232,170,218,7,12,226,200,85,248,15,10,14,4,15,92,8,10,6,13,5,5
6,15,4,6,11,6,3,12,41,33,8,103,6,2,2,11,11,235,44,174,73,80,80,73,210,251,10,3,2,5,6,4,13,95,5,6,2,4,103,1,1,7,13,14,8,9,11,9,12,2,9,8,3,0,14,110,119,7,8,97,15,13,5,11,5,13,4,3,6,0,9,2,0,10,0,13,5,12,4,11,11,10,159,57,248,13,13,10,1,233,171,219,7,12,227,201,13,5,15,10,0,9,13,93,14,2,9,11,14,8
13,4,7,11,9,14,9,9,10,7,12,107,15,0,3,8,15,236,45,175,74,81,81,74,211,252,13,1,2,11,6,4,7,90,11,4,2,3,127,128,7,5,8,13,7,7,5,13,13,3,14,4,1,8,0,106,9,5,8,129,124,3,4,5,0,9,7,2,114,124,10,10,5,12,4,5,8,2,10,12,2,14,0,3,4,2,7,1,1,234,172,220,4,0,127,122,15,0,4,2,15,3,6,106,9,7,2,8,2,8
7,6,1,2,6,8,8,3,15,72,72,242,12,0,7,3,11,237,46,176,75,82,82,75,212,253,3,2,9,0,6,13,11,91,7,4,2,13,9,125,38,122,14,5,10,10,9,10,8,13,14,13,12,12,5,228,65,51,0,14,100,5,110,36,130,8,8,11,90,100,15,11,2,3,0,7,8,5,5,1,6,10,6,9,10,1,2,6,8,2,173,221,12,9,7,100,14,3,10,9,2,5,114,111,9,5,12,7,1,4
15,3,5,10,7,12,79,65,202,73,73,243,14,8,10,2,5,238,47,177,76,83,83,76,213,254,0,11,10,9,5,13,108,119,10,5,13,5,8,9,39,96,1,13,6,15,4,1,15,2,15,15,4,1,8,229,66,52,216,9,101,3,106,37,131,126,13,0,91,101,13,1,4,8,13,13,3,5,0,10,15,4,6,0,2,12,9,6,5,8,10,106,5,10,11,101,3,6,9,12,15,13,90,0,14,7,15,11,8,11
6,1,10,14,1,195,80,66,203,74,74,244,8,11,6,11,7,239,48,178,77,84,84,77,214,255,9,3,12,15,112,38,113,7,15,4,11,4,14,6,9,97,5,15,6,7,4,4,3,14,10,5,11,0,10,230,67,53,217,13,123,40,111,7,7,107,15,112,117,125,126,3,7,11,11,5,6,10,4,0,3,14,13,3,5,13,15,12,9,9,116,115,8,9,9,121,124,6,10,9,6,11,91,11,5,7,15,9,5,14
2,6,15,12,202,196,81,67,204,75,75,245,9,12,4,5,1,240,49,179,78,85,85,78,215,11,5,3,14,4,106,39,6,6,1,2,14,2,14,13,5,242,14,7,10,1,8,15,9,12,11,6,15,9,12,231,68,54,218,1,5,41,13,6,1,125,32,109,9,4,100,6,5,7,5,15,1,5,13,12,114,128,12,0,14,6,4,10,6,12,88,7,4,9,13,2,102,6,6,15,14,112,109,13,5,10,0,2,3,9
2,12,11,222,203,197,82,68,205,76,76,246,8,0,15,13,14,241,50,180,12,6,14,0,10,9,0,114,38,34,109,4,4,10,3,1,8,12,8,9,188,243,5,8,12,15,14,15,6,13,11,5,14,6,0,232,69,55,219,5,5,2,0,12,5,9,33,12,12,3,101,6,5,9,4,11,11,1,0,11,90,107,7,11,0,15,11,0,4,14,89,6,11,10,13,0,103,0,11,10,15,106,8,0,11,0,6,6,4,7
10,9,14,223,204,198,83,69,206,77,77,247,7,7,9,12,15,12,9,9,11,14,10,8,10,2,8,106,39,35,2,0,11,12,6,7,209,139,58,202,189,244,10,7,8,0,14,11,15,13,8,15,15,9,7,233,70,56,220,14,8,5,8,15,12,13,3,9,11,7,127,124,5,4,4,3,13,4,7,6,91,131,130,9,5,10,0,2,3,5,106,1,13,5,2,13,107,3,8,14,118,117,10,5,1,11,2,0,7,6
13,13,11,224,205,199,84,70,207,78,78,248,11,13,1,6,4,6,0,6,6,9,5,5,12,10,108,117,4,2,13,2,9,8,14,222,210,140,59,203,190,245,8,5,10,4,0,2,5,1,6,7,14,5,10,234,71,57,221,3,0,2,7,11,12,4,4,2,9,1,12,123,42,120,12,6,8,1,2,3,92,4,96,0,2,4,0,11,0,112,113,4,13,2,4,0,121,40,36,36,111,0,15,14,7,11,6,5,14,12
1,9,14,225,206,200,85,71,208,1,2,8,2,13,4,5,1,1,1,8,12,2,6,0,7,11,228,72,58,0,2,14,2,11,9,223,211,141,60,204,191,246,0,7,13,15,6,7,13,13,0,7,2,5,11,12,1,114,117,3,0,8,11,5,0,7,0,15,11,5,3,5,43,96,13,6,9,1,12,6,93,1,97,13,4,3,114,42,128,106,15,7,14,3,6,11,10,41,37,37,9,10,12,8,8,3,14,2,12,6
6,4,2,226,207,201,271,283,277,361,340,14,3,7,3,3,8,15,8,11,5,13,15,4,9,9,229,73,59,160,15,14,9,7,0,224,212,142,61,205,192,247,6,9,9,6,4,10,5,0,3,5,15,15,1,11,14,106,6,7,7,10,8,3,9,7,6,4,10,6,15,13,13,97,9,4,1,2,8,114,113,9,131,130,7,13,106,43,127,117,7,12,3,4,11,7,13,3,11,12,8,2,6,0,0,0,3,9,12,6
12,8,0,227,208,352,272,284,278,362,341,364,3,3,4,0,7,2,14,0,5,7,10,13,10,4,230,74,60,161,216,3,1,12,0,225,213,143,62,206,193,248,9,6,13,3,4,6,15,9,15,6,118,124,0,4,116,117,10,9,8,5,2,4,13,11,4,2,6,2,5,7,5,102,0,9,15,15,12,106,8,9,14,123,36,40,109,14,4,0,3,15,4,13,10,5,3,13,6,15,13,13,7,12,1,10,12,0,14,15
6,6,9,104,366,353,273,285,279,363,342,365,15,8,12,1,12,0,4,2,12,10,14,15,1,14,231,75,61,162,217,15,7,1,2,226,214,144,63,207,194,6,13,6,11,15,7,10,7,11,15,116,115,127,120,14,106,11,14,9,3,4,6,11,14,11,4,3,9,1,0,11,3,103,2,7,13,9,118,109,4,3,7,7,37,41,0,4,6,5,15,3,11,0,3,9,0,15,14,6,12,5,3,10,11,15,15,6,3,13
9,14,8,105,367,354,26,31,29,28,17,292,1,13,13,9,1,108,38,130,14,11,8,9,4,11,232,76,62,163,218,6,12,15,3,227,215,145,64,208,8,15,4,2,2,8,9,8,4,13,9,92,12,5,125,34,113,6,4,4,11,0,2,7,13,10,7,14,14,0,13,7,65,242,13,0,6,6,106,12,11,14,14,13,4,14,6,3,6,13,9,3,8,79,11,2,6,9,11,5,3,5,13,11,11,2,6,2,3,5
11,3,3,96,303,17,20,29,30,28,20,293,6,3,11,6,110,119,39,107,8,11,2,5,15,4,233,77,63,164,219,6,8,12,2,107,8,7,15,9,9,8,3,8,13,11,14,1,7,2,6,93,3,11,1,35,13,11,3,6,11,1,6,10,7,9,0,7,10,15,11,202,66,243,0,7,0,14,235,5,5,13,0,3,8,0,58,44,174,146,11,15,188,80,132,8,12,2,14,6,1,11,0,10,11,15,13,6,9,11
11,12,14,97,319,320,26,22,18,31,310,315,13,8,4,10,106,13,12,127,126,11,1,1,8,10,234,78,64,165,220,6,11,11,11,125,126,0,14,1,2,14,11,5,10,1,12,11,7,114,130,106,14,7,0,11,9,2,14,14,5,10,3,4,5,1,12,5,0,14,188,203,67,244,10,4,7,10,236,153,1,5,10,5,5,222,59,45,175,147,160,195,189,81,133,153,3,12,10,7,11,10,6,8,2,3,13,14,6,7
5,0,0,131,124,294,30,31,17,18,288,15,5,3,0,4,235,72,13,1,104,5,15,12,2,0,2,2,5,166,221,12,2,9,5,0,107,2,2,15,15,1,6,11,14,8,4,14,118,113,121,109,10,6,5,9,6,1,2,14,13,8,5,1,11,8,6,3,15,222,189,204,68,245,3,13,0,7,237,154,216,15,14,3,10,223,60,46,176,148,161,196,190,82,134,154,132,0,14,10,14,4,8,12,6,12,2,11,15,2
13,4,5,5,102,295,24,25,20,21,289,1,8,0,6,9,236,73,216,13,105,2,7,6,15,9,9,4,13,118,119,2,3,8,12,10,129,128,12,13,3,14,12,3,15,14,8,12,86,5,5,4,15,9,6,14,8,0,6,1,3,2,58,3,10,0,5,14,13,223,190,205,69,246,9,2,2,6,238,155,217,8,5,10,8,224,61,47,177,149,162,197,191,83,135,155,133,167,72,58,14,0,6,11,7,10,11,2,1,3
1,11,4,11,103,319,322,24,30,25,302,3,9,5,0,2,237,74,217,10,129,38,128,7,3,4,14,15,11,86,15,4,13,7,6,11,8,107,6,8,4,4,10,13,1,11,0,12,87,14,14,9,11,11,8,13,0,1,4,7,51,174,59,160,0,12,12,10,7,224,191,206,70,247,4,8,13,11,239,156,218,4,5,3,4,225,62,48,178,150,163,198,192,84,136,156,134,168,73,59,216,4,0,12,13,11,14,5,15,2
12,14,0,0,123,128,298,17,30,308,309,11,1,2,1,12,238,75,218,11,6,39,107,8,5,10,14,8,1,87,6,2,12,10,1,3,13,121,128,11,1,13,15,6,6,3,7,7,235,12,4,6,11,14,11,7,181,146,44,202,52,175,60,161,160,12,4,14,8,225,192,207,71,248,8,10,7,8,240,157,219,2,2,2,2,226,63,49,179,151,164,199,193,85,137,157,135,169,74,60,217,2,0,10,8,6,3,9,4,11
10,13,8,13,15,100,299,20,25,302,10,1,9,8,6,0,239,76,219,4,0,12,125,34,130,5,8,9,5,92,15,3,13,4,7,5,13,8,100,15,4,13,12,13,14,13,8,2,236,160,65,2,8,10,4,188,182,147,45,203,53,176,61,162,161,167,6,1,12,226,193,208,11,8,8,11,1,11,241,158,220,7,7,3,2,227,64,50,180,152,165,200,194,4,138,158,136,170,75,61,218,11,13,2,1,3,4,2,5,1
6,4,3,14,8,101,317,258,266,305,5,4,3,6,9,4,240,77,220,4,10,12,9,35,102,13,14,6,4,93,10,4,11,12,0,8,8,1,101,15,7,7,1,12,10,12,6,8,237,161,66,216,13,10,174,189,183,148,46,204,54,177,62,163,162,168,216,1,2,227,194,0,6,12,10,0,5,1,5,159,221,1,8,13,13,100,9,11,4,1,166,201,7,5,8,159,137,171,76,62,219,9,6,7,11,14,8,7,3,11
1,1,14,11,12,121,120,259,267,118,124,9,10,8,12,5,241,78,221,11,9,1,6,14,103,1,5,15,2,106,5,12,14,7,0,5,15,14,131,128,7,114,42,126,8,5,13,5,238,162,67,217,4,222,175,190,184,149,47,205,55,178,63,164,163,169,217,4,6,107,12,5,12,14,10,13,3,13,13,1,106,3,15,2,10,101,4,13,3,11,7,3,6,7,1,4,138,172,77,63,220,12,14,13,8,8,8,5,8,2
9,15,8,4,10,4,127,32,42,111,98,0,9,0,5,14,10,7,106,7,79,10,7,5,107,4,3,11,118,109,15,2,4,15,11,8,7,0,11,125,38,113,43,129,124,10,4,2,239,163,68,218,13,223,176,191,185,150,48,206,56,179,64,165,164,170,218,3,6,123,42,120,14,7,15,14,15,14,10,108,115,11,5,11,4,107,0,13,8,6,14,0,8,15,14,1,8,173,78,64,221,1,10,7,11,2,10,3,8,7
11,6,3,7,8,15,2,33,43,13,99,0,11,7,6,3,4,114,119,222,80,132,44,11,123,128,0,8,235,51,188,153,4,9,1,14,6,2,11,0,39,7,14,10,249,0,14,0,240,164,69,219,10,224,177,192,186,151,49,207,57,180,8,166,165,171,219,10,15,8,43,96,7,4,3,8,0,8,0,106,5,14,4,7,3,125,120,15,13,7,8,6,2,0,4,11,11,12,9,12,92,13,5,2,14,13,7,0,9,6
14,3,7,8,6,14,15,5,7,11,100,8,15,14,12,11,10,94,4,223,81,133,45,160,44,249,14,2,236,52,189,154,146,58,58,14,10,10,5,7,1,0,44,181,250,6,5,11,241,165,70,220,5,225,178,193,187,152,50,208,0,13,11,9,166,172,220,14,7,6,3,97,11,13,9,0,10,9,108,113,15,0,9,9,58,58,242,14,5,13,10,13,9,5,11,7,5,14,9,6,93,3,3,14,15,14,2,5,8,7
11,0,13,6,4,8,7,5,9,8,101,9,12,1,5,10,12,95,6,224,82,134,46,161,45,250,7,1,237,53,190,155,147,59,59,160,9,8,4,15,5,195,45,182,251,7,6,6,12,166,71,221,14,226,179,194,14,11,9,14,0,8,5,0,2,173,221,0,8,3,12,107,5,11,5,11,9,15,235,51,188,160,79,181,59,59,243,6,7,3,7,1,7,9,8,14,2,3,9,0,106,12,12,15,2,4,12,3,1,0
3,5,1,11,11,1,12,13,14,3,121,126,6,14,7,8,14,106,5,225,83,135,47,162,46,251,3,12,238,54,191,156,148,60,60,161,216,13,3,7,222,196,46,183,252,15,2,14,9,0,11,106,1,227,180,0,13,13,9,6,3,11,7,9,1,6,92,15,10,3,12,129,126,11,13,6,10,14,236,52,189,161,80,182,60,60,244,11,2,8,1,14,5,8,9,13,0,4,12,2,228,14,10,13,9,7,9,7,6,1
13,1,10,4,13,14,3,3,3,9,8,104,15,14,11,11,116,109,10,226,84,136,48,163,47,252,14,14,239,55,192,157,149,61,61,162,217,6,2,12,223,197,47,184,253,6,10,14,12,0,118,109,1,127,42,128,8,11,7,4,0,14,3,0,14,4,93,10,12,11,14,11,107,6,8,8,7,7,237,53,190,162,81,183,61,61,245,1,6,2,3,6,4,3,12,5,8,3,11,13,229,216,13,7,7,7,8,10,15,1
14,1,3,7,0,1,3,0,15,12,0,105,9,8,10,110,115,4,3,227,85,137,49,164,48,253,14,13,240,56,193,158,150,62,62,163,218,3,9,12,224,198,48,185,254,6,10,3,8,110,113,4,9,6,43,102,13,13,5,2,9,15,1,0,14,15,92,12,6,4,14,5,125,126,10,6,2,13,238,54,191,163,82,184,62,62,246,5,0,6,3,4,15,1,7,10,9,0,2,7,230,217,11,6,2,3,13,12,14,10
10,5,0,14,3,12,12,5,6,9,14,107,3,10,9,228,79,79,44,249,11,138,50,165,49,254,13,12,241,57,194,159,151,63,63,164,219,10,13,4,225,199,49,186,255,14,2,2,9,92,4,5,5,8,12,103,8,7,9,6,14,0,3,14,14,6,93,4,8,9,15,8,3,107,8,10,6,14,239,55,192,164,83,185,63,63,247,7,5,5,6,1,3,0,11,2,14,6,7,7,231,218,3,13,8,0,4,2,13,5
3,0,8,9,5,2,209,167,4,0,7,242,4,6,14,229,80,80,45,250,9,2,0,166,50,255,0,12,9,1,3,11,152,64,64,165,220,11,4,13,226,200,50,187,8,1,1,11,8,93,12,13,11,5,12,127,128,15,9,8,10,2,118,122,9,114,115,15,14,2,5,13,4,123,130,12,9,8,240,56,193,165,84,186,64,64,248,3,3,9,6,15,12,2,10,9,8,9,3,7,232,219,8,1,6,14,12,3,15,2
13,14,11,6,11,222,210,168,139,51,174,243,6,8,10,230,81,81,46,251,14,9,3,1,14,8,6,7,6,7,7,4,4,7,13,166,221,6,4,2,227,201,0,3,6,3,6,4,3,106,13,13,15,3,6,2,121,124,6,8,3,4,106,102,0,90,2,15,12,15,0,8,7,6,96,6,5,6,241,57,194,166,85,187,15,3,4,2,3,2,1,14,11,6,9,9,9,5,3,9,233,220,3,13,14,15,14,12,8,8
15,1,7,15,0,223,211,169,140,52,175,244,15,4,3,231,82,82,47,252,0,11,8,15,4,8,1,13,15,5,5,8,7,10,9,10,88,2,14,5,127,124,7,11,11,5,11,14,114,115,14,9,14,2,10,12,1,96,13,2,12,116,115,103,4,91,6,15,65,65,5,3,13,6,97,11,9,4,13,6,6,6,7,5,4,6,1,13,2,11,3,15,8,7,7,0,6,5,7,9,234,221,8,4,7,2,3,2,0,8
13,14,8,8,15,224,212,170,141,53,176,245,3,11,2,232,83,83,48,253,14,13,11,14,12,15,8,9,5,13,6,5,5,14,12,11,89,6,6,1,5,107,13,0,12,2,3,1,228,79,44,51,195,139,13,15,15,97,13,8,12,106,10,123,40,109,1,188,66,66,153,3,12,11,249,1,10,0,12,12,14,4,3,5,14,1,2,4,11,2,6,2,15,12,8,4,0,5,0,1,6,94,2,7,5,4,3,3,5,14
11,3,7,15,7,225,213,171,142,54,177,246,6,15,15,233,84,84,49,254,8,15,6,9,4,13,2,8,10,2,15,5,14,13,4,3,106,11,7,1,15,129,130,1,5,10,0,15,229,80,45,52,196,140,132,13,7,107,0,15,11,235,44,9,41,7,181,189,67,67,154,153,51,174,250,10,15,4,14,0,6,3,2,10,3,15,0,8,4,4,9,10,2,0,10,15,4,7,9,14,9,95,5,6,10,5,15,2,11,6
9,13,5,2,1,226,214,172,143,55,178,247,11,9,2,234,85,85,50,255,7,5,9,7,5,9,4,1,10,11,12,0,4,4,2,116,117,6,10,5,11,0,107,7,13,9,15,4,230,81,46,53,197,141,133,132,58,242,1,11,6,236,45,146,44,195,182,190,68,68,155,154,52,175,251,7,12,10,2,4,0,8,11,7,7,5,12,2,13,3,5,0,12,10,13,5,0,9,6,5,2,86,10,13,15,15,8,8,0,10
13,14,12,4,3,227,215,173,144,56,179,248,6,7,3,14,10,12,8,5,1,3,8,5,4,14,2,3,2,6,12,9,2,3,6,235,65,10,4,1,14,65,249,0,9,0,3,12,231,82,47,54,198,142,134,133,59,243,5,15,4,237,46,147,45,196,183,191,69,69,156,155,53,176,252,9,13,1,12,10,3,14,8,5,4,7,15,13,11,4,11,1,8,12,15,2,4,13,12,4,13,87,12,12,7,14,2,1,14,2
10,6,7,10,5,98,0,5,145,57,180,4,8,7,12,8,15,11,4,12,3,6,7,1,4,0,12,11,9,8,8,6,15,8,10,236,66,132,51,58,174,66,250,15,3,5,14,4,232,83,48,55,199,143,135,134,60,244,13,8,1,238,47,148,46,197,184,192,70,70,157,156,54,177,253,3,7,12,3,12,3,12,12,14,15,1,3,8,2,10,9,8,6,10,6,13,1,13,1,7,116,115,1,15,13,12,4,13,15,13
7,9,15,10,12,99,0,8,3,7,10,6,3,11,4,0,1,11,12,4,10,0,7,3,0,14,1,108,38,130,1,11,7,7,11,237,67,133,52,59,175,67,251,15,12,8,5,5,233,84,49,56,200,144,136,135,61,245,13,15,11,239,48,149,47,198,185,193,71,71,158,157,55,178,254,15,11,5,7,13,4,15,13,4,14,15,15,1,110,130,13,3,2,12,6,10,0,0,2,6,106,7,6,7,11,4,11,15,14,0
15,7,7,9,4,107,15,11,1,5,10,5,1,4,7,6,7,6,13,114,42,120,7,1,3,0,110,115,39,107,0,2,14,5,12,238,68,134,53,60,176,68,252,0,4,14,8,0,234,85,50,57,201,145,137,136,62,246,9,5,11,240,49,150,48,199,186,194,2,7,159,158,56,179,255,1,12,5,1,11,118,34,126,116,126,8,13,114,109,107,9,6,13,8,7,9,9,10,112,36,117,6,1,11,5,14,9,15,2,14
3,11,1,10,0,125,130,4,11,7,10,11,13,14,12,3,10,118,42,119,43,96,13,116,36,122,106,3,12,125,38,128,3,1,12,239,69,135,54,61,177,69,253,15,15,11,10,14,4,5,10,11,7,5,138,137,63,247,14,4,14,241,50,151,49,200,187,11,3,13,1,159,57,180,8,1,1,3,11,6,106,35,125,115,127,40,40,111,5,131,34,34,128,14,1,0,12,12,90,37,13,8,6,14,12,13,6,14,14,13
7,4,15,9,10,14,98,15,11,11,6,9,6,0,1,15,7,106,43,2,4,97,114,113,37,125,111,12,4,2,39,107,5,2,5,240,70,136,55,62,178,70,254,4,10,6,5,1,15,14,1,6,8,9,6,138,64,248,8,13,0,1,2,152,50,201,14,9,7,6,4,1,1,14,6,14,14,10,2,14,235,15,10,2,1,41,41,14,0,9,35,35,127,124,1,8,1,14,91,3,7,4,1,4,13,14,6,10,10,12
14,13,10,0,6,9,99,8,1,8,9,0,5,11,6,6,108,115,9,4,12,125,113,13,15,7,11,7,0,0,15,249,2,7,1,241,71,137,56,63,179,71,255,9,5,15,8,7,1,14,14,5,10,4,4,7,14,13,11,13,12,8,11,1,8,7,12,12,1,6,8,1,12,8,9,3,15,15,8,13,236,139,6,12,2,0,8,5,6,9,7,3,0,125,124,6,15,8,106,10,13,2,5,2,0,15,9,6,1,10
10,10,8,9,12,13,107,6,9,6,3,9,7,11,9,15,106,11,11,11,14,8,8,10,2,12,12,14,13,13,202,250,14,4,15,10,12,138,57,64,180,4,11,6,4,12,8,1,13,2,9,2,0,10,12,2,14,9,9,12,4,2,7,6,1,8,14,12,1,4,10,7,4,2,9,13,5,2,13,5,237,140,216,12,1,11,2,11,11,14,3,7,0,6,104,2,0,116,117,4,10,5,11,13,10,12,2,11,13,10
2,9,3,8,5,1,249,4,7,5,0,0,13,11,3,116,109,2,13,3,1,15,1,11,3,14,9,13,8,209,203,251,7,7,15,0,9,3,12,14,13,0,0,5,9,2,14,6,3,1,9,1,0,14,1,7,7,6,4,9,6,10,4,9,3,5,11,8,0,15,13,0,4,0,7,4,6,3,15,2,238,141,217,4,3,9,7,12,5,8,7,0,0,1,105,118,40,119,8,1,10,5,11,7,4,12,7,6,10,2
9,8,5,6,51,195,250,8,14,5,2,9,2,14,8,106,9,7,10,202,139,14,2,2,15,5,11,1,222,210,204,252,15,12,4,4,12,8,9,4,4,8,2,6,5,4,14,11,0,2,1,0,1,7,6,2,6,7,2,2,15,2,6,15,11,15,12,15,0,9,0,9,0,8,14,2,15,8,0,11,239,142,218,13,11,9,9,15,8,6,0,6,0,5,125,113,41,11,11,8,5,9,12,11,7,13,10,11,13,4
15,11,6,222,52,196,251,5,12,9,7,2,0,13,3,235,58,44,174,203,140,132,5,8,8,7,8,0,223,211,205,253,12,5,8,14,12,3,8,11,0,7,4,10,110,36,122,8,1,7,2,8,3,11,11,14,5,8,10,5,0,8,9,6,2,8,13,2,7,15,11,2,3,5,14,11,12,14,9,9,240,143,219,5,15,7,5,7,10,2,8,1,3,4,8,5,11,7,11,1,3,2,5,14,1,6,274,277,277,283
13,12,8,223,53,197,252,9,4,5,15,10,14,12,1,236,59,45,175,204,141,133,216,10,14,9,7,1,224,212,206,254,15,1,11,1,14,4,13,6,0,8,5,3,92,37,107,3,2,9,10,1,13,108,128,3,10,15,11,10,12,0,12,8,7,4,13,6,8,9,3,0,8,10,14,8,10,13,13,12,241,144,220,0,14,13,6,12,6,2,0,7,0,4,8,15,6,14,15,14,4,1,5,11,8,366,275,278,278,284
6,5,13,224,54,198,253,9,4,9,3,13,6,1,10,237,60,46,176,205,142,134,217,15,8,4,1,6,225,213,207,255,6,5,13,11,1,3,1,6,7,8,0,12,93,2,121,36,36,128,12,15,2,106,125,130,13,5,11,5,15,8,4,3,3,5,10,9,1,108,120,4,9,8,15,5,12,15,0,4,1,145,221,14,15,8,11,12,4,15,7,13,1,4,11,2,2,4,4,14,8,3,3,12,2,367,276,279,279,285
11,14,15,225,55,199,254,1,0,5,5,3,3,6,8,238,61,47,177,206,143,135,218,11,5,15,0,5,226,214,208,15,3,15,8,0,1,2,12,8,8,12,14,118,111,6,0,37,37,107,1,11,118,119,13,107,0,14,5,7,15,14,2,11,11,13,7,2,7,92,127,126,13,12,5,14,12,3,8,10,14,12,90,6,7,9,2,7,13,9,13,8,3,4,12,15,15,3,3,0,13,4,8,10,2,300,314,260,264,266
2,2,8,226,56,200,255,10,2,0,13,12,14,13,3,239,62,48,178,207,144,136,219,7,9,0,9,10,227,215,11,13,2,8,15,4,5,7,2,14,2,3,9,88,10,2,11,1,10,125,130,2,106,6,7,129,120,8,11,2,10,4,6,13,15,6,1,11,1,93,2,107,7,9,1,4,3,14,3,2,14,5,91,2,4,1,15,0,12,15,14,7,13,6,0,0,9,3,3,3,6,0,1,10,6,301,292,261,265,267
14,5,10,227,57,201,3,15,11,15,14,4,0,4,2,240,63,49,179,208,145,137,220,1,8,3,9,6,107,0,14,0,4,9,7,14,9,7,12,12,1,10,10,89,3,2,15,10,8,10,125,38,115,15,5,8,102,5,2,14,2,12,10,12,5,12,13,0,9,92,12,131,124,11,1,5,13,0,10,4,8,7,106,15,11,10,2,5,9,0,15,14,14,13,14,2,0,7,1,9,9,13,7,10,7,294,293,1,0,6
15,0,0,96,2,2,7,10,8,10,14,5,6,10,14,241,64,50,180,13,14,138,221,7,3,0,2,5,125,122,6,12,6,0,4,10,7,4,10,4,4,0,108,111,8,3,12,10,5,2,15,39,0,8,2,2,103,0,10,12,10,6,15,0,11,12,3,5,1,93,7,9,104,11,12,1,1,9,1,4,6,114,115,6,14,1,7,9,1,15,14,4,9,9,3,15,3,10,0,15,15,2,7,11,4,295,288,7,10,4
11,12,3,97,10,8,11,9,6,11,1,1,4,2,12,2,12,13,14,1,3,8,88,12,12,15,5,9,10,125,128,1,0,4,6,14,13,10,7,5,13,12,106,2,1,11,9,0,14,9,1,8,0,8,15,1,100,1,283,2,10,9,4,1,9,15,15,268,6,92,9,12,105,13,15,4,2,11,4,4,108,117,13,4,1,10,13,2,1,15,11,11,10,11,14,12,280,280,271,0,9,6,9,8,6,300,289,14,7,14
6,15,14,107,8,4,9,2,13,12,12,8,14,7,8,2,4,7,8,5,0,12,89,6,1,9,0,9,4,7,100,0,7,7,5,1,10,5,12,0,9,4,228,58,0,0,9,13,2,4,12,10,10,0,1,2,101,366,284,343,277,14,15,1,8,268,352,269,364,93,10,11,125,128,7,7,0,5,14,2,106,14,13,12,9,15,9,2,0,6,3,15,5,3,11,366,281,281,272,364,8,5,3,1,6,301,371,283,268,6
7,0,12,123,122,10,8,3,8,4,7,8,13,1,6,12,5,7,4,12,14,108,113,12,8,3,9,6,8,9,101,12,9,10,9,8,10,6,8,13,1,15,229,59,216,6,10,13,14,3,4,14,14,4,11,11,104,367,285,344,278,328,274,280,355,269,353,270,365,94,12,1,8,100,14,7,12,6,3,114,111,14,4,15,4,3,14,12,3,6,9,7,6,3,14,367,282,282,273,365,15,10,12,15,6,298,372,284,269,343
13,9,7,4,226,8,0,13,8,12,0,14,4,5,0,0,10,4,5,7,108,111,9,0,7,13,7,11,5,51,249,6,7,9,2,6,9,11,6,6,15,15,230,60,217,4,6,3,11,1,8,0,9,5,1,10,105,298,16,345,279,329,275,281,356,270,354,22,288,95,5,3,0,101,2,1,13,15,112,113,2,7,13,11,3,4,11,5,11,12,15,14,15,10,7,294,308,264,316,288,3,0,7,2,0,299,373,285,270,344
10,14,3,13,227,3,7,8,7,7,12,4,9,4,13,11,1,4,10,13,88,14,1,6,6,0,11,65,209,52,250,7,10,13,15,10,11,6,10,11,2,11,231,61,218,8,1,9,14,13,8,12,3,8,9,14,96,299,27,23,26,330,276,282,357,26,20,21,289,86,2,0,2,123,128,9,8,4,106,5,7,6,3,0,9,10,5,11,7,1,6,2,10,10,3,295,286,265,298,289,11,1,3,11,15,298,25,16,26,345
1,3,10,12,107,0,15,9,4,10,12,14,10,13,0,11,3,8,4,4,89,5,1,0,10,1,222,66,210,53,251,14,0,3,2,10,15,5,4,11,0,0,232,62,219,11,7,3,12,15,4,5,6,10,7,10,97,323,324,24,18,18,20,26,21,20,16,314,311,87,2,9,9,13,121,120,118,34,117,13,5,4,2,4,14,6,13,6,3,10,11,1,14,15,0,300,287,6,299,286,12,0,14,14,11,299,314,266,320,20
3,7,14,5,129,130,4,3,11,9,2,11,0,7,10,6,6,9,12,10,106,4,7,14,15,10,223,67,211,54,252,10,15,6,0,2,2,13,10,1,8,0,233,63,220,0,10,13,2,4,15,4,9,11,3,13,123,124,300,30,27,20,31,20,30,21,20,302,114,119,15,15,9,3,6,125,109,35,9,2,12,3,6,10,8,3,11,9,11,8,12,9,13,0,15,301,288,9,294,287,8,15,1,4,15,294,288,267,321,266
12,12,8,0,12,129,126,0,2,10,5,0,8,5,9,9,7,3,12,110,119,13,1,13,10,12,224,68,212,55,253,8,13,10,11,11,13,13,1,12,6,0,234,64,221,5,12,0,13,6,9,9,7,6,8,7,3,98,301,25,20,22,31,30,24,314,266,315,106,9,12,7,14,7,12,7,4,15,12,1,5,4,4,5,15,2,15,11,13,13,3,0,0,10,5,303,289,3,295,368,12,7,10,10,2,295,289,8,9,267
2,0,5,8,7,1,107,15,6,3,112,38,122,14,1,10,15,15,15,106,3,10,13,3,15,15,225,69,213,56,254,7,0,4,6,13,7,5,12,4,13,1,14,118,113,6,13,5,2,5,11,9,3,9,8,3,4,99,325,256,316,24,24,310,264,315,267,118,111,3,9,11,12,3,15,12,7,14,10,6,6,1,12,11,2,11,10,274,274,268,280,277,271,271,277,377,371,277,374,369,337,268,268,277,271,374,302,9,4,1
9,6,12,7,14,10,127,128,9,112,109,39,98,15,15,7,9,8,112,117,12,1,9,8,10,8,226,70,214,57,255,0,11,14,1,10,14,11,2,110,32,130,116,115,6,0,4,12,10,5,15,9,12,10,7,6,5,121,120,257,319,262,256,309,265,114,40,115,13,13,13,1,14,9,1,12,15,7,11,11,14,2,14,14,6,8,366,275,275,269,281,278,272,272,278,378,372,278,375,370,338,269,269,278,272,375,368,280,280,283
14,6,5,0,0,6,10,107,118,111,1,12,99,1,4,3,7,110,111,0,13,6,13,14,9,4,227,71,215,8,14,3,1,10,0,12,5,8,114,117,33,107,106,15,5,13,9,2,2,6,10,9,10,9,0,12,15,15,125,40,124,263,257,110,38,109,41,14,15,10,0,15,12,1,4,12,1,12,13,14,14,6,13,8,10,13,367,276,276,270,282,279,273,273,279,379,373,279,376,20,339,270,270,279,273,376,369,281,281,284
6,8,2,12,2,8,10,127,117,15,12,15,125,36,36,38,38,109,9,15,13,1,0,9,4,2,107,1,0,8,11,14,13,8,7,0,8,2,94,14,13,129,113,3,12,1,10,3,8,12,9,1,6,4,7,11,4,0,1,41,129,36,32,113,39,12,10,14,15,13,12,15,6,4,8,12,7,10,15,8,7,13,2,13,11,14,294,310,256,324,21,308,266,256,316,314,260,260,316,31,310,266,266,324,16,22,370,282,282,285
15,2,11,3,6,4,13,11,13,9,6,15,10,37,37,39,39,0,2,14,12,13,1,10,10,13,121,124,13,2,9,5,8,1,8,7,14,14,95,3,14,5,0,11,6,12,15,0,3,12,0,8,15,0,1,12,9,2,10,1,10,37,33,12,5,2,5,15,14,12,1,7,11,11,9,8,0,1,11,10,14,0,11,9,9,10,295,288,257,294,30,290,267,257,296,290,261,261,294,21,292,267,267,300,24,21,26,27,29,24
2,4,5,11,3,10,12,15,14,4,8,3,12,3,7,6,14,15,10,11,11,11,13,5,4,10,8,107,8,13,6,2,12,10,12,1,9,9,106,11,13,0,12,0,4,7,12,12,7,2,14,4,4,10,4,8,0,2,14,3,12,0,10,12,0,8,13,5,13,11,12,15,3,5,9,15,12,1,2,3,3,7,14,13,7,1,294,289,0,295,23,291,8,5,297,291,3,5,295,27,293,4,7,301,31,27,310,266,258,262
12,10,0,8,13,5,15,6,11,4,15,11,11,12,10,8,10,13,13,12,14,7,5,11,1,15,4,121,128,5,9,8,14,10,12,4,9,114,119,9,11,0,3,12,15,9,12,13,5,8,2,0,12,10,13,10,10,10,10,7,11,14,9,0,13,13,11,3,9,11,15,13,14,1,4,6,2,11,0,9,6,12,12,7,2,7,295,292,7,296,16,288,11,0,294,292,0,4,296,21,286,5,10,319,322,17,288,267,259,263
15,9,9,8,8,12,13,8,10,9,6,15,5,11,14,0,9,14,3,2,5,9,8,0,2,2,9,9,107,7,15,0,5,10,1,0,6,106,10,14,12,13,1,12,11,2,12,11,9,5,12,2,4,1,14,1,3,11,2,5,10,8,12,9,5,8,12,1,8,10,12,1,2,11,12,6,5,9,10,13,5,6,7,2,13,9,303,293,0,297,21,289,10,11,295,293,3,2,297,18,287,11,13,8,298,31,289,7,3,1
2,0,10,14,0,8,8,6,10,13,9,8,1,6,9,7,13,0,4,5,5,8,11,6,13,11,6,6,125,130,8,15,15,11,1,1,110,109,10,4,11,12,11,4,8,1,4,2,0,6,8,12,11,15,1,0,2,10,15,0,11,4,15,14,6,4,0,2,11,15,14,7,14,10,2,1,3,1,0,1,6,14,8,4,6,14,374,288,3,300,20,286,4,15,374,290,5,11,298,26,288,12,13,4,299,25,288,12,4,7
5,3,15,2,14,7,13,2,5,10,13,1,12,3,15,1,14,5,14,9,13,15,13,3,3,6,14,3,7,107,2,15,10,6,15,14,106,11,13,5,12,2,9,7,1,7,15,10,10,5,15,15,3,1,13,15,13,6,15,5,1,14,0,9,5,5,10,12,12,12,4,3,3,4,12,9,15,4,12,9,0,7,0,11,3,358,375,289,3,301,18,287,4,349,375,291,15,0,299,30,289,11,3,3,303,17,289,15,14,8
