19,31,26,19,31,25,20,23,22,20,31,28,31,31,26,17,27,23,26,21,21,16,28,30,25,16,28,30,29,31,22,19,29,28,23,29,18,26,26,21,20,26,17,27,27,19,16,26,30,25,26,17,30,22,26,20,17,19,25,25,21,28,24,22,23,17,18,23,29,18,17,29,27,21,24,25,17,26,17,31,24,30,19,17,24,31,22,27,17,25,18,18,31,31,27,28,16,27,29,21,28,27,19,27,18,22,20,17,25,29,29,21,25,28,25,20,31,22,22,30,20,20,26,19,19,21,23,27,24,19,27,30,29,27,29,28,28,18,23,31,22,28,19,30,27,18,31,24,30,22,31,17,18,28,28,28,18,19,16,19,27,21,30,28,24,17,23,24,28,26,21,19,30,30,18
22,29,23,19,30,17,27,21,17,29,28,28,17,17,29,27,28,16,22,25,24,26,19,21,19,26,27,30,24,17,30,30,23,27,21,20,24,27,28,18,17,23,16,20,16,31,16,17,22,29,24,29,20,16,24,17,26,28,22,26,21,19,23,18,18,25,26,29,23,31,25,28,20,17,28,20,25,31,27,21,21,16,23,19,21,21,24,26,31,30,24,16,29,31,25,17,23,19,30,25,23,20,18,27,22,27,22,17,18,25,22,23,30,24,26,31,26,27,28,27,16,16,17,16,19,22,22,19,24,30,29,24,18,27,30,31,31,23,24,29,25,17,26,19,31,18,20,25,30,22,22,29,16,28,18,16,25,21,29,18,19,30,25,22,23,21,25,26,19,26,21,28,27,29,22
19,25,25,20,28,16,31,18,16,24,19,29,21,30,16,22,30,24,30,30,25,31,16,30,21,20,23,19,17,20,19,31,19,20,18,16,16,16,26,17,21,30,25,17,28,17,16,18,22,19,23,17,23,20,26,31,16,19,30,27,17,19,31,25,17,21,21,27,18,17,22,28,25,18,27,27,16,24,17,17,25,21,28,26,30,19,29,22,27,16,27,25,26,21,27,20,20,29,21,20,22,29,28,24,27,30,17,29,24,25,17,19,31,26,21,31,19,29,23,17,29,25,26,16,17,29,24,19,28,25,18,28,16,20,31,23,21,22,19,16,17,31,26,27,25,25,28,24,28,19,27,20,16,23,24,24,30,23,23,28,25,18,16,24,16,28,16,29,26,18,20,29,22,29,17
19,16,23,30,21,26,20,27,28,26,29,16,17,16,31,26,21,27,19,23,26,31,26,21,29,22,17,30,18,16,19,23,18,27,27,19,21,18,27,25,26,23,23,25,23,24,29,24,19,28,31,19,24,22,25,17,25,23,18,21,29,25,31,22,16,29,20,19,30,29,19,20,23,17,17,18,30,17,20,24,17,22,23,21,21,27,22,20,21,24,18,31,25,25,29,30,31,22,27,20,23,22,22,18,27,16,25,21,19,30,28,23,17,16,27,23,27,16,18,25,31,20,17,28,20,24,17,23,23,19,16,21,25,24,23,20,21,21,28,30,28,30,24,19,28,22,27,19,22,28,29,17,28,27,26,31,16,22,16,26,29,28,17,26,25,25,16,20,24,22,26,20,19,17,24
19,21,21,30,21,28,24,18,17,27,31,20,26,20,24,31,31,26,22,28,25,23,19,19,23,29,24,28,24,17,19,24,26,102,38,108,19,31,30,18,23,31,30,27,29,23,25,24,28,18,30,18,23,19,19,16,31,16,16,30,20,30,28,21,17,30,19,30,24,30,16,20,24,18,18,19,25,30,23,24,22,24,30,30,23,20,26,17,25,21,20,22,27,23,29,29,28,24,25,28,31,27,27,25,30,16,29,28,18,19,29,26,21,31,26,28,30,23,27,29,23,28,29,25,26,29,26,19,27,28,27,18,21,23,20,31,26,25,24,31,26,22,23,28,19,27,16,17,29,18,19,30,28,23,16,23,31,18,20,28,22,19,30,19,25,20,27,30,24,17,16,17,18,25,17
19,25,21,22,25,22,18,18,29,28,26,30,19,17,29,23,21,23,21,29,26,21,18,25,23,21,20,25,25,20,16,102,32,93,39,107,112,17,27,21,30,19,21,19,31,17,29,27,20,28,31,19,28,30,19,25,16,22,18,30,25,24,23,18,29,26,31,24,26,27,22,19,17,22,22,27,28,25,30,24,31,24,16,18,19,30,17,31,24,22,26,24,21,18,20,18,20,23,20,17,30,31,29,31,21,30,29,18,22,23,20,25,18,18,27,24,26,27,26,28,26,17,27,25,28,22,19,24,19,17,20,27,19,26,23,22,22,27,25,16,28,28,27,24,26,25,27,16,27,30,94,36,106,23,30,17,21,26,29,18,29,23,31,22,29,20,21,21,23,16,27,25,24,31,30
21,28,22,22,18,31,22,22,19,18,26,24,30,23,23,24,17,31,21,23,20,20,22,24,31,23,30,19,31,21,24,90,33,13,4,15,113,36,108,24,22,24,30,21,25,19,28,16,18,26,31,22,26,20,25,18,26,22,28,27,19,28,18,31,28,16,28,21,24,24,20,23,27,22,18,31,23,18,16,20,29,21,21,29,25,23,24,26,16,18,26,16,31,20,22,18,31,26,29,27,27,20,30,23,21,31,31,27,20,16,23,30,16,30,25,30,26,16,26,19,21,23,21,27,29,22,19,17,16,18,30,28,30,23,19,28,17,31,31,16,26,22,20,25,17,19,22,23,16,25,90,37,91,28,20,19,18,27,24,29,23,20,25,22,24,16,25,28,20,20,31,16,30,21,17
26,17,26,31,19,28,22,28,29,31,29,17,21,30,21,24,31,16,17,18,27,20,23,18,25,29,29,24,31,29,92,103,1,13,7,11,13,37,91,18,27,28,23,25,21,21,19,30,17,28,26,25,28,17,30,21,25,20,25,17,31,16,29,24,31,18,18,22,22,24,30,28,24,24,17,25,25,19,21,27,26,30,17,29,29,27,26,17,28,17,22,21,24,19,18,19,22,20,30,29,30,31,18,20,17,22,21,27,16,30,28,22,31,25,26,26,20,30,28,17,24,21,23,24,21,30,26,22,30,23,31,30,20,17,25,20,27,16,31,19,27,30,19,31,20,16,24,20,98,40,99,6,109,106,17,20,26,26,31,19,26,24,17,30,21,16,25,24,26,20,24,23,31,21,17
30,31,31,16,16,30,30,26,29,19,24,20,26,16,24,18,31,29,27,24,16,16,29,22,27,26,18,18,22,17,184,8,1,14,10,12,9,7,113,110,20,17,27,18,29,25,22,27,31,25,30,30,27,24,27,30,22,17,20,22,30,30,26,30,29,29,25,21,28,19,22,26,31,16,31,16,18,19,26,27,30,21,24,28,19,28,29,27,16,21,26,20,16,24,26,30,20,31,17,24,29,16,28,25,27,21,17,19,25,22,17,31,19,26,19,26,24,24,21,26,28,22,26,27,31,20,17,31,24,28,23,30,25,30,25,21,29,23,25,27,18,30,22,24,29,23,23,100,95,41,4,6,4,86,24,21,16,30,20,18,24,16,27,19,27,21,19,27,19,16,18,20,29,17,24
28,19,28,25,30,21,29,28,29,21,31,17,28,31,20,26,21,22,19,23,25,20,31,28,29,27,17,17,27,30,185,176,10,2,5,11,9,4,6,91,25,16,30,20,20,24,22,20,30,19,19,21,20,18,27,23,25,27,26,30,18,24,29,19,16,28,17,25,25,22,19,19,22,31,25,30,22,29,25,18,22,28,22,31,31,31,21,28,22,29,26,27,16,28,23,18,27,28,28,28,21,28,30,26,22,17,24,24,22,27,29,21,17,20,16,18,28,27,20,25,30,31,23,22,20,19,20,28,24,30,29,21,30,18,28,16,30,22,26,22,24,31,22,29,92,38,114,90,1,10,7,4,9,87,20,18,19,18,30,17,19,20,20,17,17,21,21,28,21,22,25,31,16,17,31
29,20,26,21,16,22,16,20,30,19,24,21,27,31,20,23,25,27,21,26,29,24,20,30,24,18,21,31,20,21,186,177,14,14,10,1,2,1,13,105,38,36,36,104,20,94,34,34,40,36,106,19,31,18,26,18,27,17,25,20,31,24,26,17,31,25,21,25,17,30,31,29,20,30,25,17,16,27,29,26,17,26,30,16,26,31,29,22,21,18,30,16,19,26,20,17,18,17,28,16,27,22,29,24,22,26,27,27,23,31,26,31,30,18,20,24,31,31,30,22,30,22,26,26,18,16,16,27,16,22,30,92,36,108,17,28,19,19,16,28,20,23,25,94,97,39,109,99,2,7,15,15,3,109,108,21,24,24,29,24,22,26,20,23,20,29,16,27,31,18,29,21,19,27,29
27,19,20,28,17,22,30,25,17,19,29,21,29,22,23,30,21,19,22,18,25,24,30,23,22,26,24,19,29,29,187,178,1,4,12,9,3,7,9,8,39,37,37,115,38,97,35,35,41,37,111,106,24,20,24,17,16,28,19,24,29,31,29,21,31,31,21,19,21,17,30,17,26,25,29,22,16,26,25,17,23,29,27,22,29,21,20,19,25,27,18,28,30,29,22,25,21,31,18,28,23,27,16,31,19,31,24,17,22,30,23,27,30,17,18,24,23,25,21,29,18,18,29,25,28,98,34,104,16,16,22,90,37,91,23,23,27,19,23,31,22,28,102,99,15,4,1,5,4,10,11,11,12,11,109,104,25,25,20,17,17,21,21,31,30,27,27,30,30,20,25,30,27,22,24
22,26,17,24,19,30,28,19,31,27,29,25,31,30,17,23,26,29,17,22,23,23,16,23,30,16,23,25,25,24,188,179,7,5,1,6,10,1,11,14,10,10,4,15,39,12,3,7,11,4,11,91,29,29,16,30,30,25,30,18,94,36,32,104,27,21,22,31,21,23,28,18,16,30,30,28,24,21,23,23,24,16,29,19,25,31,16,28,28,25,20,20,29,31,31,26,17,17,23,30,18,27,31,29,22,18,23,24,28,17,17,18,28,16,28,18,26,26,22,16,22,21,30,31,100,93,35,84,30,19,102,101,2,115,110,28,23,31,22,26,28,21,90,8,4,11,13,14,12,11,13,1,4,14,5,109,112,92,34,104,20,25,17,29,24,20,26,16,21,30,21,30,17,16,17
26,19,17,29,19,23,17,30,16,17,30,17,30,16,31,20,24,16,23,25,18,20,17,21,26,24,31,16,20,23,25,78,0,3,9,8,6,5,9,12,13,13,15,3,1,5,14,1,11,12,9,113,38,108,23,92,40,34,34,40,95,37,33,88,17,19,16,28,30,20,22,22,28,26,24,18,24,17,30,31,18,19,20,16,27,26,19,16,29,29,23,22,21,31,20,16,17,16,28,27,27,30,19,24,18,30,20,31,28,31,19,16,22,31,22,29,21,25,28,31,27,24,17,102,93,8,8,85,21,21,76,5,8,2,115,112,26,24,31,96,40,32,97,3,5,1,9,14,15,0,0,3,9,14,14,12,111,99,35,113,114,28,30,18,28,29,23,26,27,20,26,16,19,17,29
23,20,21,18,25,22,17,29,31,24,19,27,26,25,28,21,21,17,22,29,21,29,24,19,16,21,16,24,27,16,18,79,15,0,10,13,8,14,15,4,1,1,12,5,12,9,6,5,9,11,15,9,39,91,100,97,41,35,35,41,15,14,9,89,29,21,24,23,18,20,20,24,21,25,21,23,31,18,23,25,20,30,19,22,23,20,27,24,17,25,31,19,21,18,18,29,28,29,31,24,28,30,22,17,17,27,26,18,20,24,20,23,21,22,22,30,21,22,19,31,17,26,98,97,14,6,13,115,36,106,77,12,8,1,13,91,28,23,96,99,41,33,0,12,1,2,9,5,1,7,15,4,6,11,8,7,4,8,15,9,115,110,22,19,31,29,29,19,30,22,18,30,21,26,19
25,16,23,28,16,30,25,29,18,23,20,28,26,22,17,30,25,29,26,28,24,28,22,21,24,25,18,18,16,20,23,80,8,5,3,13,5,2,4,14,1,4,1,4,0,4,5,5,5,7,3,5,7,111,101,14,0,12,6,4,0,2,6,109,34,110,22,25,16,24,17,26,24,26,16,22,26,23,23,26,23,18,25,27,19,22,27,20,23,18,16,25,29,17,20,26,18,19,16,22,26,25,21,16,17,21,30,17,31,27,26,24,27,28,29,31,24,18,23,16,94,40,99,10,13,9,5,14,37,113,95,12,9,4,6,107,112,102,101,4,11,5,13,14,7,15,2,5,5,11,5,7,0,9,3,13,15,8,10,6,1,199,27,23,25,18,31,26,26,16,29,19,26,27,23
21,25,19,28,29,19,28,21,23,29,20,27,21,18,30,30,30,20,22,30,27,25,23,24,28,22,18,20,31,16,18,81,2,8,9,8,11,2,11,13,11,14,7,15,2,5,0,14,13,12,2,11,12,4,8,2,12,12,5,5,12,13,15,2,35,107,108,28,31,23,29,17,17,17,24,28,21,26,27,28,28,29,16,26,30,28,20,29,21,18,21,21,25,26,21,21,22,27,22,25,26,23,27,21,29,26,22,30,30,31,28,28,23,26,17,26,27,23,29,94,101,41,3,10,12,7,7,7,11,7,13,4,5,2,3,0,105,99,9,9,12,14,5,9,5,5,14,6,3,4,14,4,11,0,12,14,12,6,3,5,180,200,23,22,22,17,23,18,27,23,16,22,18,20,22
19,24,18,23,28,20,26,21,27,23,17,30,26,28,20,19,17,31,17,21,19,30,24,23,17,22,29,24,27,29,31,76,4,10,2,6,5,2,12,9,9,8,4,3,11,9,1,15,12,1,8,11,2,3,6,14,9,1,0,5,1,10,6,2,12,4,109,112,31,31,18,26,23,22,19,30,30,18,21,30,23,29,25,30,23,19,26,19,24,16,31,19,21,28,22,22,24,26,30,21,19,31,27,28,31,29,29,27,23,26,17,31,30,17,20,21,17,17,94,95,6,15,6,1,14,5,14,10,7,2,0,0,4,6,13,7,4,0,14,5,11,10,2,12,1,11,4,5,12,2,13,1,3,1,0,1,15,7,13,12,181,201,23,21,19,30,18,24,26,28,28,27,18,28,25
24,26,18,26,20,30,25,20,18,30,30,20,29,16,20,31,20,24,21,24,29,30,21,27,22,17,29,24,25,21,26,77,13,5,3,10,5,10,4,15,15,7,9,3,10,14,15,14,1,3,10,1,6,9,0,10,15,15,14,13,5,8,15,12,5,10,6,107,112,18,31,16,28,25,30,20,25,28,18,25,20,19,16,23,27,24,28,26,26,28,31,25,25,16,16,20,23,28,24,21,16,22,17,24,28,27,16,31,17,28,30,16,22,23,25,29,16,92,101,8,6,4,6,14,15,6,11,3,15,8,3,15,3,9,14,13,1,4,2,13,11,8,1,3,1,0,7,15,5,5,11,15,14,7,1,14,10,7,5,2,182,202,17,30,25,23,26,18,23,31,23,20,25,27,25
20,29,24,27,27,24,18,22,17,25,20,18,21,26,19,16,19,29,26,19,24,25,23,20,16,25,19,27,16,19,24,189,14,7,1,11,1,2,11,9,13,4,4,5,8,7,10,11,13,4,8,1,5,3,0,12,15,1,0,8,7,10,9,4,15,6,6,6,107,108,25,18,21,28,25,16,25,30,31,27,31,31,30,25,25,23,20,19,29,16,21,26,30,25,31,22,18,23,26,27,26,24,20,16,29,22,30,27,19,19,24,18,24,16,19,18,100,103,13,9,10,9,14,8,15,11,15,3,15,9,9,7,12,8,15,2,13,5,7,3,13,13,5,2,13,10,3,5,1,12,6,6,8,5,9,11,7,3,5,1,183,203,22,29,27,26,21,31,25,20,26,24,22,24,20
20,23,23,21,29,19,31,21,19,24,19,22,27,24,23,28,23,23,22,23,30,25,19,24,29,23,17,18,31,16,28,190,141,2,2,12,7,7,13,0,1,13,8,4,7,7,1,5,10,11,14,6,9,5,5,7,14,4,2,2,3,3,5,13,12,11,0,1,14,105,112,31,30,18,27,29,18,25,27,25,27,29,17,24,16,16,16,21,25,24,30,18,22,25,28,20,25,17,23,28,17,20,22,30,30,29,21,30,25,23,17,21,30,20,16,92,103,12,13,9,0,9,1,13,12,1,10,6,8,10,9,3,3,4,13,3,13,7,6,10,4,15,11,2,14,8,5,6,11,2,13,11,8,4,10,15,8,13,1,6,91,28,24,19,16,24,18,29,17,21,20,20,21,22,22
31,25,19,28,16,28,29,27,17,27,22,17,23,22,18,28,25,27,18,28,19,29,17,29,28,21,26,22,29,24,26,191,142,131,13,13,14,5,11,5,10,3,11,0,5,13,0,3,12,4,9,6,7,3,10,6,4,3,7,6,11,12,9,10,9,8,0,10,14,9,111,106,25,16,27,22,29,21,24,31,18,18,26,18,30,29,29,18,19,19,24,18,25,30,23,20,29,22,20,22,28,17,29,25,31,17,30,17,25,23,24,26,16,30,102,103,8,1,7,4,11,11,2,5,8,12,10,11,6,11,12,13,6,1,2,4,11,1,10,2,2,8,0,14,6,14,13,8,8,14,2,4,14,5,6,8,7,3,12,1,111,42,114,27,17,30,30,27,26,30,18,24,26,18,27
16,31,19,22,23,24,20,30,24,20,29,16,20,29,18,20,31,28,19,29,26,27,30,16,27,26,23,30,24,28,27,192,143,132,121,7,7,7,6,14,8,7,6,12,7,14,2,3,0,0,15,7,3,8,2,14,2,3,2,9,12,2,8,6,12,3,2,12,2,4,10,113,114,16,23,24,23,24,19,31,18,18,19,26,31,22,16,17,31,22,28,17,27,23,27,21,19,22,22,25,23,16,20,16,23,18,25,31,17,16,26,18,17,98,93,8,10,5,8,7,0,3,3,0,8,5,8,10,4,14,0,9,5,11,9,14,15,13,9,15,5,8,8,4,14,3,0,5,14,11,7,2,10,15,1,13,3,1,6,15,13,43,115,104,16,23,18,22,19,17,30,18,19,26,31
30,25,27,29,26,31,29,19,16,28,20,24,29,19,23,28,16,31,22,30,21,25,20,17,22,22,26,17,22,28,24,193,144,133,122,116,7,13,12,6,9,11,9,13,2,9,5,7,0,9,15,5,13,6,2,12,11,1,9,13,15,11,13,13,13,1,2,0,14,2,6,11,105,110,28,17,25,21,17,27,19,31,19,23,25,20,28,20,25,18,31,24,26,28,25,26,29,29,31,17,20,24,23,30,16,31,17,26,31,27,20,27,94,99,1,10,11,8,0,8,11,12,9,0,13,9,10,11,5,5,2,15,0,2,13,13,9,13,4,11,3,5,14,13,10,2,4,11,10,9,2,11,13,9,14,3,14,5,9,11,7,6,15,84,18,27,18,20,21,25,20,31,18,23,25
17,31,21,19,16,31,25,19,28,28,25,25,18,18,18,27,19,28,31,28,21,22,18,29,17,31,21,30,26,22,19,24,145,134,123,117,176,3,12,1,5,0,10,3,6,15,14,14,8,6,5,1,0,11,2,8,9,12,13,6,12,0,4,12,4,0,8,1,7,14,14,3,11,111,114,22,26,23,16,23,31,17,25,27,30,19,28,17,25,29,20,28,16,29,25,28,31,27,22,29,28,22,31,28,24,24,27,28,19,29,30,96,97,1,12,12,12,6,15,0,5,5,8,0,4,12,15,14,4,15,10,10,15,6,7,13,12,15,0,13,3,15,6,2,4,8,4,1,5,10,5,14,1,14,3,4,4,15,5,9,11,15,14,85,17,28,26,31,25,20,16,31,27,23,26
20,24,31,29,16,16,31,26,17,26,16,30,31,22,25,29,29,21,28,24,19,31,25,26,18,27,24,31,25,17,23,27,26,135,124,118,177,2,13,3,9,15,15,1,7,2,13,15,5,8,1,11,12,15,10,4,6,0,4,5,12,2,3,6,9,14,12,11,6,9,4,7,1,11,107,106,26,31,27,29,31,31,18,21,31,21,24,29,23,21,31,18,19,26,18,17,20,17,23,20,25,28,31,18,28,27,24,20,30,27,102,99,0,14,13,13,13,1,6,4,11,4,0,5,8,11,8,8,4,7,13,7,9,10,2,10,14,12,4,3,3,14,2,9,10,1,11,14,11,2,7,1,4,9,2,5,10,1,11,13,5,3,15,199,17,22,31,21,17,27,25,30,24,22,29
30,20,29,23,21,23,21,29,16,20,20,27,16,28,24,24,18,28,16,17,28,28,26,22,21,17,30,30,22,18,26,17,19,25,125,119,178,7,13,11,8,12,9,0,3,11,5,3,8,2,2,0,2,9,1,1,8,2,14,6,11,1,15,10,15,5,14,13,1,3,3,6,4,6,14,113,110,20,28,19,30,26,20,25,23,16,18,27,21,26,27,25,20,27,16,17,19,26,24,28,31,29,21,19,23,26,19,17,28,98,97,8,2,14,14,1,9,7,2,9,5,2,11,7,1,6,8,5,3,3,9,11,15,3,10,14,5,0,5,4,5,5,13,12,15,6,14,11,1,3,10,1,2,4,3,1,10,4,15,15,1,4,151,200,30,29,20,28,29,27,22,31,27,24,25
27,20,18,17,29,20,28,19,18,25,23,18,18,26,24,21,30,29,21,19,24,29,18,28,17,31,21,28,28,16,20,30,19,22,20,120,179,4,4,14,6,13,2,9,5,3,2,12,5,2,13,5,12,11,1,13,2,6,11,9,11,3,0,13,8,15,9,12,9,15,8,4,7,9,1,10,105,106,31,29,22,30,27,28,21,30,28,18,23,28,18,28,28,27,28,31,18,20,16,27,24,30,23,24,30,23,21,17,94,101,5,7,3,9,0,14,12,6,6,13,3,15,14,11,13,8,13,8,5,3,9,15,13,1,0,9,6,14,11,4,11,11,14,9,0,5,8,2,8,7,11,10,6,11,7,14,5,5,2,11,7,146,152,201,17,22,26,30,30,31,21,16,20,19,26
30,16,18,25,23,31,28,26,31,29,21,27,19,29,21,18,27,25,30,31,27,23,22,24,18,29,20,19,23,30,18,21,20,31,22,26,90,4,2,5,9,2,7,6,11,8,8,12,15,5,10,4,8,2,4,1,13,1,2,4,12,1,4,12,8,3,11,7,0,11,11,13,5,15,5,2,1,109,110,22,25,23,21,16,25,96,106,27,26,16,19,22,26,17,17,16,21,31,30,20,27,28,31,23,27,23,16,96,103,7,6,8,14,11,3,13,10,7,1,1,7,4,1,3,5,7,12,3,14,7,5,7,15,4,10,3,12,6,7,4,5,9,11,11,7,10,1,5,8,10,10,8,3,12,0,7,9,2,12,9,180,147,153,202,25,23,23,27,31,24,27,21,23,22,30
26,21,26,29,17,30,29,25,21,23,27,25,16,18,18,31,27,28,26,27,31,28,28,29,27,29,21,29,18,26,30,20,28,18,31,92,95,14,8,8,6,6,8,15,4,2,2,2,12,5,13,3,15,4,7,14,2,0,6,5,15,12,4,13,0,7,3,8,3,13,3,10,14,2,3,0,11,15,113,106,29,18,23,27,96,99,115,114,17,17,28,23,18,19,18,30,24,23,21,31,27,19,30,21,25,25,92,95,11,7,7,4,13,2,10,13,12,15,6,13,3,7,3,5,0,6,11,13,2,14,0,6,12,15,4,12,3,0,6,14,0,11,6,6,0,2,7,7,11,0,11,11,5,9,7,15,11,6,6,14,181,148,154,203,18,30,29,21,19,31,16,29,31,25,17
28,31,17,24,25,16,24,27,17,19,28,18,22,18,29,21,17,20,16,19,18,31,30,19,16,28,23,30,30,26,19,18,25,21,92,103,3,7,12,0,5,12,11,15,7,3,9,9,15,14,9,6,8,3,15,12,2,8,8,11,15,10,15,11,14,1,3,13,8,1,11,2,13,12,15,6,2,4,0,105,112,25,19,100,97,10,7,115,106,30,26,26,30,18,29,18,26,28,19,29,18,30,31,20,21,96,97,6,2,12,7,14,15,7,5,14,9,11,6,10,14,7,2,12,4,15,2,3,0,9,2,11,6,10,9,7,3,14,15,12,8,13,3,2,7,6,8,13,15,0,7,6,14,8,7,0,14,9,1,9,182,149,155,25,16,25,23,30,22,29,28,23,26,28,29
27,23,22,16,26,24,23,26,19,30,30,22,31,25,17,26,16,22,18,21,29,21,19,19,22,25,30,24,28,22,19,24,96,42,103,11,6,11,4,2,3,12,7,14,13,12,15,8,3,5,2,13,5,6,14,6,11,14,3,4,1,12,6,2,6,9,5,14,1,6,15,3,12,1,3,1,12,1,3,11,111,110,102,103,5,12,5,11,111,104,27,22,19,26,20,28,29,19,19,31,30,28,30,16,96,95,3,1,4,0,15,0,10,15,2,0,15,1,2,8,11,12,9,6,2,9,1,5,11,1,1,6,13,15,7,7,0,2,0,0,2,11,13,4,3,2,2,1,13,15,0,7,6,3,14,13,13,6,8,10,183,150,19,19,22,23,25,30,16,31,20,29,29,17,20
23,20,16,30,26,29,19,24,25,16,29,29,30,31,26,21,27,23,28,31,27,26,29,16,20,20,27,31,25,26,94,34,99,43,5,3,7,11,2,11,4,8,9,8,6,10,10,15,13,14,3,9,1,2,12,4,4,5,11,9,2,12,0,5,8,4,4,13,5,1,8,12,4,15,13,6,10,10,8,10,12,105,101,9,12,7,1,11,9,109,114,26,24,17,26,28,20,31,16,27,31,25,30,92,101,10,1,10,3,5,12,0,8,8,13,7,13,5,14,13,4,10,6,15,11,8,6,10,4,7,2,8,6,15,4,8,8,10,13,11,12,12,15,1,8,3,12,6,14,11,9,4,4,0,9,8,8,2,4,9,91,19,23,16,31,16,16,22,27,20,26,18,16,26,20
24,20,26,23,30,28,31,19,31,19,24,31,27,24,29,17,31,24,28,21,26,27,31,25,28,18,26,21,16,96,101,35,10,2,12,5,1,0,5,9,3,15,3,13,6,6,5,14,15,4,9,3,7,5,2,13,8,0,10,11,3,14,9,7,11,12,6,1,0,2,4,5,9,1,15,14,13,6,7,9,7,0,10,11,3,11,6,9,14,12,115,108,27,27,19,20,92,106,16,28,22,21,94,97,12,14,10,15,5,15,3,5,8,13,14,0,14,15,3,6,1,15,11,0,14,0,13,12,5,8,12,5,10,1,15,1,9,10,2,3,10,12,11,11,8,10,8,6,14,12,11,3,14,7,9,5,12,7,5,1,109,112,19,20,18,23,31,27,31,23,22,17,19,28,18
17,30,26,29,17,23,28,28,30,20,16,28,21,23,24,16,16,30,23,31,25,30,26,28,31,25,20,21,29,78,10,11,6,13,2,6,11,9,2,2,2,12,4,2,6,6,5,6,11,13,3,6,4,14,11,0,8,15,2,0,9,5,15,12,7,10,1,15,1,14,6,3,15,10,3,0,12,6,10,14,1,11,4,14,10,1,14,5,0,14,4,107,108,21,26,92,101,109,104,23,16,102,99,11,9,6,7,0,5,11,4,7,8,4,13,5,7,5,11,3,12,0,12,14,2,14,12,14,5,4,2,13,1,10,7,1,5,8,9,1,15,8,15,0,12,6,12,4,1,1,12,4,10,2,13,6,2,12,7,5,9,109,106,28,31,22,24,27,16,20,26,22,16,23,20
30,25,20,29,25,19,30,17,24,23,24,20,18,21,23,29,17,31,25,21,29,25,29,31,24,17,30,29,24,79,13,8,7,11,15,7,9,6,2,7,13,10,8,7,2,4,10,15,3,6,7,10,2,6,2,5,3,2,5,6,3,8,0,2,8,12,10,3,11,2,8,14,3,10,11,15,5,11,7,14,2,13,8,11,13,9,15,14,7,5,5,8,107,106,98,93,0,2,109,112,96,93,0,14,12,10,4,11,8,14,7,9,14,15,13,4,2,12,11,10,2,2,12,9,7,0,0,12,14,0,8,1,8,3,5,1,3,6,12,11,8,15,6,5,0,4,0,3,4,13,2,6,15,11,0,14,0,8,1,9,5,9,91,27,25,30,22,21,23,22,28,20,26,20,20
28,27,20,23,25,16,24,19,22,27,17,21,27,19,26,18,30,17,30,17,21,29,18,25,19,27,17,30,102,97,4,2,1,8,1,5,8,11,2,7,7,1,12,2,0,7,6,15,4,14,12,14,4,6,14,11,1,4,15,6,5,10,10,4,1,11,10,11,11,0,5,13,1,4,10,6,15,14,15,13,15,13,11,2,5,11,7,8,14,5,14,12,11,115,101,12,15,13,15,115,97,8,4,11,14,6,13,4,10,6,14,9,10,0,0,15,14,9,4,10,15,13,3,13,6,13,1,15,4,8,6,9,1,3,9,0,15,3,2,13,6,11,13,7,6,9,3,5,10,6,6,5,9,11,15,8,64,11,12,7,4,15,199,19,31,27,23,29,28,29,27,28,31,24,27
20,26,26,27,20,18,28,18,19,23,27,17,18,27,22,26,22,21,24,22,21,30,16,29,21,20,16,17,78,5,9,15,0,0,8,3,4,2,9,10,2,12,2,8,14,7,11,6,11,13,4,7,13,10,7,1,10,5,13,11,15,11,5,2,3,0,3,1,1,11,10,10,5,1,11,10,1,8,3,7,11,9,9,9,10,166,126,5,2,6,4,6,11,1,0,2,7,10,4,5,0,0,11,2,5,14,12,14,5,12,4,9,5,0,2,3,8,4,7,1,3,4,8,14,12,13,15,9,11,15,0,3,11,6,7,9,9,4,11,2,11,5,7,0,13,5,7,9,14,2,9,0,2,9,13,171,65,141,14,7,11,161,200,19,22,22,26,29,17,18,20,23,28,30,27
17,23,28,19,19,18,26,28,26,20,23,18,18,24,28,29,29,20,27,30,27,27,16,27,29,27,28,30,79,13,1,4,11,7,11,5,9,5,13,9,2,5,7,13,7,4,9,0,5,11,4,15,3,10,12,9,4,7,5,0,14,1,9,1,12,5,8,14,8,1,4,7,10,2,3,2,13,12,13,4,3,5,14,2,171,167,127,176,3,5,10,0,11,11,6,0,12,7,9,9,2,12,12,8,13,2,7,9,8,9,1,3,0,7,15,10,14,6,4,15,6,86,80,15,2,8,3,13,7,4,3,6,3,15,7,8,9,9,14,6,15,1,14,8,14,11,7,0,1,7,8,12,13,0,166,172,66,142,121,54,146,162,201,29,28,28,29,17,24,16,31,26,31,20,19
31,30,21,30,28,29,24,19,31,17,24,20,22,25,19,26,23,23,16,26,22,22,19,18,25,26,23,31,80,3,5,4,5,1,10,12,14,14,15,2,12,13,2,9,3,15,11,8,1,11,3,13,4,4,15,15,1,9,8,7,5,7,8,13,12,4,11,4,13,7,1,11,13,7,14,6,14,10,6,6,6,8,13,166,172,168,128,177,6,11,0,1,2,7,6,8,5,14,14,2,2,13,5,7,12,0,12,15,2,12,11,4,1,0,11,9,12,7,12,3,4,87,81,6,11,3,1,11,7,2,14,10,1,4,13,5,5,0,2,6,1,9,0,14,14,10,7,4,14,3,3,12,10,171,167,173,67,143,122,55,147,163,202,22,23,22,29,27,17,22,26,23,24,24,19
19,21,17,22,28,21,31,24,27,20,22,19,31,21,25,18,28,28,20,16,25,24,27,24,20,23,30,17,81,7,1,1,10,10,6,8,1,12,9,11,13,4,12,0,4,2,2,4,11,9,14,12,10,14,9,7,1,7,7,7,9,10,8,7,8,4,3,3,5,13,9,11,1,12,2,13,6,1,6,12,13,7,171,167,173,169,129,178,9,11,0,10,6,14,1,2,6,0,0,7,13,8,0,5,13,14,8,7,6,6,14,10,5,2,2,15,3,6,15,12,0,113,95,0,6,6,4,10,7,0,8,7,15,3,5,0,5,13,15,10,11,4,5,15,10,14,7,12,0,8,1,12,166,172,168,174,68,144,123,56,148,164,203,27,18,16,19,19,16,24,26,29,20,29,24
27,17,22,18,25,18,27,26,27,31,30,23,20,17,28,27,30,30,24,25,29,16,28,17,16,17,27,16,90,11,10,4,5,0,13,14,1,10,10,2,9,13,1,2,0,6,12,15,10,1,3,0,5,12,2,7,8,8,5,6,15,13,10,8,0,2,5,4,1,13,9,13,4,9,2,5,2,13,0,12,9,146,172,168,174,170,130,179,14,2,2,7,8,7,6,10,6,3,11,2,7,15,3,15,4,12,14,8,10,11,5,5,11,12,11,0,9,6,12,2,11,14,10,10,180,176,5,5,1,0,6,7,1,0,9,6,11,6,6,12,0,15,3,13,12,12,2,12,15,8,10,156,167,173,169,175,17,145,124,57,149,165,23,16,25,27,16,28,20,18,21,18,30,21,30
19,19,31,25,24,21,25,22,29,31,29,29,20,19,26,24,19,31,19,28,24,31,17,25,28,20,20,26,189,9,1,4,11,11,3,5,13,5,7,4,12,0,9,10,6,1,2,3,2,0,3,2,7,13,4,3,5,6,6,7,14,14,13,8,0,10,3,2,3,9,9,1,12,13,13,5,0,14,4,2,151,147,173,169,175,25,20,90,8,15,13,5,4,7,4,9,0,4,6,0,15,6,4,8,8,7,13,6,3,12,2,4,14,2,1,14,14,2,5,5,15,7,7,7,181,177,9,15,5,10,14,15,15,0,2,1,12,13,1,3,12,11,5,9,12,5,3,13,2,14,161,157,168,174,170,17,28,25,125,58,150,22,20,16,16,18,28,23,19,23,24,28,21,27,19
23,29,24,27,31,28,27,16,29,17,18,22,21,16,17,31,16,27,26,30,27,21,30,28,31,27,21,19,190,131,13,11,6,1,3,7,12,4,0,13,7,7,15,12,12,2,10,15,11,0,13,15,10,10,7,8,10,14,1,7,13,7,0,15,3,5,8,0,13,5,4,12,6,10,13,11,6,0,4,161,152,148,174,170,22,24,92,97,9,11,0,8,14,15,8,4,15,3,15,5,6,15,3,9,3,3,4,7,6,15,1,9,15,6,8,6,5,5,3,0,11,5,13,4,182,178,12,5,6,9,0,2,8,14,10,12,8,2,0,15,0,6,6,14,6,3,15,15,13,171,162,158,169,175,22,19,24,30,30,25,20,17,23,26,18,25,18,21,25,21,24,31,24,16,26
22,19,27,19,16,29,31,26,30,21,29,16,23,26,23,25,27,30,25,28,22,21,24,25,26,20,29,22,191,132,126,14,6,6,5,15,15,5,0,11,15,0,10,10,7,1,4,6,0,12,11,14,7,9,0,1,14,13,7,6,1,8,12,8,10,9,5,11,12,6,8,9,1,8,15,8,0,2,146,162,153,149,175,31,23,100,99,4,5,10,0,12,0,4,11,11,4,8,1,2,15,1,7,0,10,11,9,9,3,1,11,5,0,11,6,7,1,2,4,4,12,9,2,10,183,179,10,12,7,13,10,1,12,6,8,12,8,9,15,11,0,5,0,0,9,0,4,0,161,172,163,159,170,22,31,26,31,16,19,21,18,26,25,21,21,16,16,30,30,18,16,29,31,20,20
31,26,18,30,23,27,26,26,18,27,31,17,27,28,21,22,17,24,28,28,21,29,20,26,29,25,23,22,192,133,127,121,9,10,10,5,11,2,0,11,7,15,0,0,10,13,15,2,0,6,7,12,1,12,2,3,10,7,6,3,13,8,5,13,9,11,7,12,8,10,2,11,12,0,5,7,5,166,147,163,154,150,24,23,96,97,3,3,12,9,0,8,4,2,10,8,5,13,11,3,6,4,8,10,1,3,8,4,13,0,5,3,0,12,4,0,15,13,1,1,13,0,6,4,115,97,12,2,9,11,8,15,1,13,10,5,14,9,7,10,12,6,10,9,4,9,13,171,162,173,164,160,23,27,29,16,28,18,17,22,31,30,21,26,18,17,27,16,29,16,27,23,31,20,24
28,23,30,28,22,31,25,24,23,25,28,19,20,23,18,22,28,25,31,26,25,21,21,16,19,22,21,25,193,134,128,122,116,10,10,12,8,8,8,9,5,11,8,5,7,15,15,7,3,9,2,15,11,7,5,3,49,49,59,64,44,54,1,15,8,9,11,7,13,6,2,5,7,12,2,13,171,167,148,164,155,17,25,98,97,5,4,3,6,11,11,4,9,9,11,15,14,11,13,12,7,5,8,0,5,2,10,4,8,11,1,5,11,8,15,5,12,2,6,11,6,4,0,12,8,7,8,0,10,1,5,9,2,3,11,15,5,7,4,3,12,7,7,3,2,2,180,172,163,174,165,19,24,19,17,22,31,19,18,19,22,31,27,25,19,28,20,20,24,16,31,18,30,16,22
25,30,25,19,24,20,30,23,24,25,26,26,26,29,18,19,18,30,20,20,16,24,20,21,30,29,24,23,17,135,129,123,117,131,1,8,7,6,6,3,3,6,7,12,13,11,8,11,10,7,15,7,9,5,64,146,50,50,60,65,45,55,121,10,3,14,7,9,13,14,11,12,6,4,7,146,172,168,149,165,29,16,96,97,11,6,9,8,10,14,5,9,5,1,5,1,14,9,0,14,9,6,7,6,3,8,13,7,9,3,6,5,9,14,3,0,7,2,15,4,4,10,2,9,11,3,11,15,5,7,15,2,9,11,4,5,4,7,6,3,14,7,8,14,6,1,181,173,164,175,16,29,20,24,18,26,18,18,18,31,31,27,19,27,16,21,26,25,17,23,24,16,17,29,31
22,23,29,26,22,23,27,25,24,26,29,25,30,16,20,25,31,26,17,22,26,29,30,25,16,19,22,24,19,18,130,124,118,132,116,10,2,5,4,4,9,13,6,14,5,2,12,4,0,4,14,5,1,166,65,147,51,51,61,66,46,56,122,121,9,7,6,0,10,9,13,8,13,8,156,147,173,169,150,25,25,98,101,10,4,15,10,8,9,6,0,12,8,3,2,15,1,8,14,10,14,3,14,4,14,9,2,0,9,8,9,7,2,1,10,10,1,15,11,9,10,5,9,10,0,4,0,5,10,7,15,2,8,11,13,3,13,12,11,14,5,2,15,6,1,12,182,174,165,20,21,19,30,28,21,25,19,28,29,25,17,22,28,28,23,21,16,29,27,20,28,16,21,22,31
29,21,31,29,26,29,31,31,24,20,22,21,18,17,27,28,24,16,24,27,18,28,28,29,29,19,18,31,21,26,24,125,119,133,117,116,13,3,2,1,14,6,13,1,6,1,5,6,8,6,2,15,171,167,66,148,52,52,62,67,47,57,123,122,126,44,64,3,8,3,0,8,4,151,157,148,174,170,20,22,94,93,7,12,10,5,5,5,12,8,14,6,12,2,0,15,4,3,4,3,6,8,14,5,4,15,5,13,12,0,12,4,10,10,1,15,9,5,0,3,0,10,7,12,2,14,8,4,11,14,8,8,4,14,2,10,8,5,8,0,2,11,14,5,11,2,183,175,31,28,16,16,29,30,26,17,27,27,19,25,23,19,30,16,31,25,16,29,21,17,21,29,26,24,16
20,24,29,17,20,28,18,26,28,25,29,31,30,31,16,23,17,20,30,26,17,28,23,17,18,26,25,24,23,22,22,22,120,134,118,117,136,12,7,3,9,9,10,8,11,15,5,0,1,7,5,161,172,168,67,149,53,53,63,68,48,58,124,123,127,45,65,121,2,13,1,14,166,152,158,149,175,16,26,94,101,4,8,5,6,13,3,4,14,9,14,7,7,0,9,12,0,11,4,0,11,5,10,12,2,6,5,3,12,13,1,15,6,4,5,3,12,13,8,7,8,9,3,12,14,12,13,10,1,11,11,3,14,9,8,3,14,7,15,4,6,15,0,15,5,7,107,40,112,16,16,27,29,30,23,29,20,17,25,29,31,31,27,20,20,26,19,24,30,16,28,22,22,24,16
26,28,20,25,28,30,26,27,30,18,18,27,25,24,18,18,22,22,21,20,27,30,31,24,21,31,23,17,21,23,19,31,22,135,119,118,137,131,7,1,2,14,14,0,9,10,12,14,12,44,166,162,173,169,68,150,30,18,29,21,18,26,125,124,128,46,66,122,126,59,54,146,167,153,159,150,29,18,27,76,7,15,7,2,8,12,7,10,12,6,0,3,1,12,4,10,14,5,6,0,12,5,3,7,9,5,13,1,1,6,10,4,14,15,2,11,10,7,7,14,6,3,10,1,13,5,15,6,12,6,4,14,9,4,1,8,10,0,0,13,10,0,4,13,13,2,3,41,91,28,25,30,24,27,20,19,22,22,17,28,28,22,31,25,23,31,29,31,31,30,25,30,29,29,16
16,27,18,20,23,18,16,27,18,18,19,27,16,17,26,20,17,27,28,30,27,23,28,26,19,24,27,28,24,23,25,20,31,29,120,119,138,132,136,15,1,6,6,12,44,49,44,54,166,45,167,163,174,170,18,30,21,23,19,23,26,24,28,125,129,47,67,123,127,60,55,147,168,154,160,17,26,24,31,77,11,9,3,11,0,8,8,2,4,6,6,3,4,5,11,7,10,7,3,1,12,11,3,7,3,5,7,14,15,2,0,10,4,9,13,8,12,13,0,15,15,14,9,2,12,6,15,2,12,15,10,15,1,7,0,3,10,12,5,1,13,12,12,5,3,13,9,15,107,108,24,17,30,20,24,23,17,29,18,25,24,17,29,27,20,27,20,18,25,24,21,24,25,21,18
18,29,31,24,19,19,23,19,22,16,27,26,24,16,21,26,24,30,22,24,21,26,28,28,17,24,19,22,28,25,16,30,30,21,31,120,139,133,137,121,64,54,49,151,45,50,45,55,167,46,168,164,175,19,29,29,17,26,20,19,18,22,31,24,130,48,68,124,128,61,56,148,169,155,30,29,29,24,22,76,9,11,3,13,6,8,4,7,1,8,2,2,14,11,6,11,15,2,10,5,10,12,12,14,1,11,0,7,6,11,13,0,6,13,14,12,2,6,2,5,1,8,5,2,13,3,1,4,7,1,2,14,14,5,15,6,11,10,11,0,4,3,2,11,0,1,11,12,7,107,34,110,27,25,31,18,24,29,22,19,17,18,20,16,24,17,18,23,30,20,25,18,26,23,30
25,21,24,29,31,20,30,19,18,20,28,30,27,24,18,24,25,23,27,23,18,19,23,20,29,28,16,18,22,23,20,29,28,18,30,19,140,134,138,122,65,55,50,152,46,51,46,56,168,47,169,165,26,25,18,19,20,25,27,17,16,29,23,25,20,29,26,125,129,62,57,149,170,20,31,25,20,23,26,77,7,5,2,14,7,6,2,4,11,5,13,13,14,2,4,0,10,11,15,6,8,0,2,11,11,7,15,11,0,1,13,10,1,5,11,2,15,4,4,9,1,3,15,9,11,12,14,2,8,3,9,8,1,9,3,180,176,9,1,3,5,2,2,6,1,11,11,1,9,5,35,115,112,24,26,23,30,16,16,19,20,16,19,25,28,31,17,24,20,27,27,19,27,24,22
25,31,28,27,25,29,19,23,27,23,22,28,31,20,22,26,24,21,28,24,29,20,20,21,30,31,19,23,24,18,19,18,17,22,29,21,16,135,139,123,66,56,51,153,47,52,47,57,169,48,170,16,30,18,25,21,16,28,17,30,19,26,31,18,16,17,29,27,130,63,58,150,28,25,30,27,19,22,16,74,15,1,11,7,13,5,2,1,15,1,3,13,0,5,0,10,1,6,11,14,0,1,14,4,9,15,11,13,15,6,9,10,11,7,9,3,13,10,14,6,4,8,0,14,14,9,12,3,12,15,10,1,0,2,0,181,177,2,2,0,8,13,9,14,11,7,4,1,4,5,7,2,82,23,23,26,30,20,17,23,21,17,28,26,19,27,23,28,19,27,17,27,23,21,21
22,22,31,20,31,20,17,17,16,20,22,28,27,29,18,28,17,30,18,23,30,25,28,17,28,25,21,24,27,30,18,18,25,25,26,20,28,17,140,124,67,57,52,154,48,53,48,58,170,30,25,23,20,28,31,24,27,27,21,20,20,21,19,27,21,102,38,110,25,25,22,24,23,30,24,23,28,25,24,75,1,0,3,9,8,6,8,15,6,9,3,5,1,5,6,10,10,5,1,5,7,6,3,2,9,7,8,6,6,3,11,6,0,15,13,1,15,1,6,2,3,12,15,15,8,3,9,3,6,9,0,6,1,0,14,182,178,15,3,0,12,10,14,11,11,9,8,4,13,13,0,11,83,27,22,27,23,29,27,18,21,22,16,18,22,21,16,27,23,27,27,18,30,20,29
20,19,17,25,30,26,31,26,19,17,28,21,18,30,26,17,16,16,21,22,27,24,18,23,18,18,21,25,26,24,31,29,30,30,23,24,21,20,16,125,68,58,53,155,17,24,22,25,24,27,22,27,25,25,31,26,30,26,20,25,21,29,31,29,94,99,39,109,110,25,25,26,20,24,21,16,18,16,26,90,15,5,9,13,14,12,9,8,10,12,8,12,0,9,6,13,12,2,12,0,11,0,0,6,4,7,8,12,9,14,4,12,2,12,2,14,13,11,13,7,0,2,14,1,5,3,3,7,1,12,8,7,13,7,5,183,179,6,3,8,15,5,6,12,1,13,15,4,11,2,10,12,91,27,17,23,18,30,24,16,22,20,21,31,18,30,17,31,26,25,31,16,26,22,31
21,21,24,27,24,26,20,18,22,23,22,23,31,30,19,28,24,22,29,21,24,18,28,23,30,29,24,22,18,28,30,31,24,26,17,22,19,27,19,29,26,19,16,22,17,19,23,16,24,18,17,22,18,20,24,18,22,16,30,24,28,22,96,34,93,12,9,8,91,27,19,23,19,20,31,30,19,17,94,95,8,2,6,10,14,7,9,13,3,4,4,7,8,0,12,9,5,7,6,8,2,13,8,1,10,2,2,11,6,7,10,2,12,9,12,5,8,9,1,11,6,3,2,15,1,13,2,1,13,15,4,1,5,8,3,109,101,2,0,1,2,9,7,1,4,1,3,6,5,3,2,10,105,38,110,21,18,17,23,24,24,16,27,22,31,17,27,31,24,28,29,27,22,23,28
18,16,26,20,27,25,22,31,30,31,19,16,24,31,16,30,21,17,18,27,24,17,31,19,26,19,22,27,21,22,19,17,29,16,17,22,20,23,23,21,19,23,26,27,29,23,24,21,18,18,31,29,18,17,19,25,30,16,22,21,28,102,103,35,14,4,13,2,107,40,114,16,29,30,21,23,92,42,99,2,2,9,3,5,5,8,10,15,2,2,10,5,8,9,5,8,4,9,11,2,0,13,4,9,4,15,6,8,12,3,10,1,2,10,6,8,3,2,11,2,5,6,7,8,15,6,4,7,6,9,15,2,9,13,7,13,5,5,11,4,2,3,13,12,9,7,1,3,11,7,4,9,1,39,86,17,20,27,23,31,19,26,29,29,24,22,22,31,19,27,28,20,23,30,17
22,19,24,18,24,24,23,27,20,31,24,17,29,29,16,19,16,30,18,25,27,18,23,21,30,22,21,23,27,16,31,18,27,16,20,26,18,24,19,28,29,26,31,18,28,29,28,24,20,31,22,23,18,17,18,16,25,31,23,30,102,93,2,7,8,8,8,15,2,41,107,112,30,18,18,17,90,43,13,5,1,14,3,8,9,4,8,15,12,13,13,2,3,14,0,7,12,13,4,5,0,5,7,6,4,15,14,3,7,4,15,6,10,8,9,0,5,3,9,6,4,11,1,7,6,9,14,11,7,3,8,1,5,2,7,13,12,5,4,2,2,2,3,1,11,2,8,12,0,8,9,0,7,8,87,18,19,24,27,23,18,17,21,31,26,29,26,16,24,20,31,31,22,23,26
17,20,21,20,19,28,23,20,28,25,21,26,28,29,22,25,27,26,19,31,23,25,26,22,17,21,31,20,18,31,22,31,16,28,26,31,27,31,19,26,29,27,23,18,27,18,22,20,19,25,31,23,29,23,16,28,27,18,16,92,93,1,2,15,12,13,3,11,2,11,9,105,36,112,29,100,95,0,15,0,14,9,7,11,7,8,6,9,12,13,13,11,8,12,9,7,5,1,9,6,0,6,4,9,15,1,1,13,2,2,3,3,10,3,5,6,11,2,10,7,13,12,14,0,12,9,11,1,10,7,5,4,8,5,5,7,8,11,14,7,7,7,15,14,9,9,14,15,8,13,13,3,6,8,86,20,22,18,26,25,29,21,17,31,30,24,25,28,25,16,30,17,20,26,17
29,16,20,30,30,27,29,29,21,23,29,19,21,26,25,24,28,17,17,31,21,20,26,19,30,19,22,24,24,19,22,18,21,16,22,17,18,20,25,28,21,29,19,22,21,16,22,21,17,28,31,25,16,18,20,30,27,30,102,99,8,9,3,6,4,4,9,7,8,12,3,3,37,105,40,95,2,9,11,14,9,7,4,8,13,13,9,2,2,11,9,6,0,11,2,9,6,8,4,15,14,0,1,5,5,11,7,10,4,4,6,13,1,15,13,15,1,9,2,12,12,1,13,10,1,9,9,11,14,5,2,12,12,4,2,2,4,5,1,2,15,7,8,3,12,0,5,10,3,8,9,7,11,4,87,26,22,20,25,29,17,20,30,16,16,18,30,27,23,30,25,30,20,23,30
31,27,31,19,31,21,31,23,21,18,29,22,23,29,23,31,20,31,29,16,18,19,24,19,21,20,21,25,27,22,26,20,17,18,28,27,28,30,28,19,26,25,26,27,22,21,21,17,24,18,24,28,17,29,16,18,28,98,103,8,8,4,10,14,2,10,10,15,0,11,15,12,12,3,41,15,8,2,9,3,2,7,6,12,10,5,5,4,15,5,14,2,1,10,13,15,6,14,8,4,3,5,9,8,12,13,13,2,3,7,7,4,9,2,3,10,0,14,10,12,6,6,6,9,3,2,5,13,6,12,15,7,0,7,13,13,11,6,3,2,0,9,4,1,9,11,15,13,7,2,6,9,12,2,84,26,26,29,24,29,23,21,17,25,16,18,31,19,31,18,28,31,17,16,27
17,16,29,25,26,16,19,30,20,21,17,27,18,18,19,29,19,20,29,21,26,18,28,18,30,28,29,19,28,29,20,21,16,17,29,26,30,22,25,23,22,18,18,18,27,18,21,23,19,18,20,26,18,26,21,20,23,90,3,7,9,2,4,6,15,3,11,3,9,0,0,11,15,15,4,8,5,12,7,1,14,4,6,0,6,9,13,15,44,11,5,10,9,3,12,9,7,2,6,1,5,10,8,5,7,5,10,9,15,4,12,0,8,4,14,9,12,5,6,12,15,15,2,4,6,4,9,14,1,5,6,10,8,10,11,5,2,4,6,3,7,9,6,9,7,4,13,7,8,8,12,10,0,15,85,16,22,20,20,21,25,30,19,17,16,18,21,18,30,31,30,30,23,17,19
23,20,23,24,19,18,16,31,24,31,17,24,22,18,21,20,22,16,22,16,30,26,26,21,23,29,16,23,27,29,20,22,18,26,30,30,23,19,20,23,24,26,30,22,31,17,27,21,19,23,20,23,17,27,19,23,98,95,11,10,9,1,14,12,13,15,14,0,1,11,1,0,5,11,2,14,12,11,0,13,9,1,6,1,13,2,7,151,45,141,6,12,7,14,13,3,9,10,11,15,15,5,3,15,12,13,10,3,15,11,1,4,9,12,10,0,2,8,9,14,5,10,5,1,7,11,0,10,11,10,15,11,9,13,1,15,4,11,15,11,15,9,10,3,12,14,7,0,5,10,2,11,15,11,109,110,19,25,22,26,31,18,19,31,23,21,30,19,27,25,24,28,21,23,25
27,23,16,28,30,17,17,25,17,18,31,18,16,26,16,23,25,23,26,18,16,29,17,16,18,18,26,21,28,29,17,16,28,24,25,30,27,22,24,24,25,29,28,22,22,24,16,22,30,17,27,22,23,17,25,98,101,11,0,1,1,12,6,5,12,10,13,8,10,1,13,5,3,0,11,9,15,12,11,4,9,4,7,1,9,0,171,152,46,142,121,14,11,6,5,8,2,0,0,4,4,5,5,0,5,9,15,0,1,0,4,12,15,3,12,11,5,1,15,1,11,13,13,11,6,13,10,11,15,8,14,7,7,10,11,7,3,13,10,13,13,8,7,14,12,14,11,7,5,5,1,13,7,14,8,111,104,25,17,19,16,26,27,24,22,18,18,26,24,24,23,17,19,29,27
18,28,23,22,29,20,23,29,26,20,19,27,31,18,30,23,20,19,24,28,22,19,29,20,21,23,29,21,30,29,28,24,30,26,18,29,27,29,27,18,28,27,21,24,20,20,23,21,21,20,18,28,20,18,102,101,11,12,2,13,0,10,15,11,12,8,11,0,6,10,13,6,9,11,14,5,10,8,1,0,0,15,5,3,0,171,172,153,47,143,122,131,1,9,15,12,12,0,1,9,12,3,8,6,8,4,5,6,11,2,15,11,7,11,10,7,7,0,10,1,5,0,4,14,0,1,12,7,5,15,0,9,8,5,15,13,0,11,8,6,0,1,5,2,3,8,11,2,5,3,3,3,4,4,0,2,113,104,22,23,21,28,29,21,21,17,19,18,19,31,28,30,18,29,17
23,31,19,27,29,23,26,29,23,17,17,24,21,25,22,24,22,23,20,30,20,17,18,17,28,19,27,25,20,23,23,23,27,31,16,30,29,18,23,19,22,20,31,25,18,25,27,30,31,22,24,96,38,108,90,10,11,3,3,9,3,9,8,2,5,6,5,3,1,13,1,12,3,13,8,14,0,15,3,15,7,10,15,6,161,172,173,154,48,144,123,132,116,2,10,5,11,10,7,1,15,15,14,13,3,6,6,1,12,12,0,2,9,8,9,12,2,10,3,7,11,1,11,8,3,15,10,14,9,2,0,9,7,0,4,6,13,2,14,8,10,7,5,3,3,14,2,1,13,8,10,5,2,4,8,7,4,115,104,28,24,17,30,20,24,20,18,21,30,29,18,17,26,25,27
16,30,28,23,31,28,25,18,19,23,20,19,19,30,27,23,30,19,19,24,30,25,17,28,17,22,30,31,31,23,23,22,28,20,27,21,20,23,24,23,25,16,28,16,31,21,19,29,22,28,18,90,39,107,95,7,10,3,12,15,4,1,2,3,8,3,15,8,10,4,8,5,5,8,4,9,6,5,15,0,9,0,9,166,162,173,174,155,18,145,124,133,117,126,0,12,6,4,7,6,3,8,13,14,12,10,14,6,1,6,13,1,10,9,10,1,12,10,2,11,8,7,14,0,1,2,1,5,11,9,5,9,11,14,4,0,12,8,9,14,0,11,2,11,15,12,4,6,9,6,6,1,15,10,12,12,6,0,113,104,19,18,16,20,17,18,24,26,29,20,16,24,19,24,20
26,27,28,23,30,29,21,31,25,20,25,30,24,16,26,26,24,16,22,16,16,30,25,19,18,26,19,27,16,21,29,23,26,27,30,17,20,19,25,29,30,22,16,18,29,28,27,27,18,21,20,189,7,12,11,6,6,11,1,12,9,11,6,4,11,8,0,1,14,1,13,11,1,4,13,14,2,9,0,4,14,0,180,167,163,174,175,29,28,17,125,134,118,127,116,14,9,4,7,0,5,6,10,4,3,5,8,4,12,9,10,3,11,15,13,3,8,9,0,9,14,6,15,15,7,2,14,6,2,0,14,0,1,0,4,0,2,15,6,5,15,5,13,14,5,2,12,2,6,9,10,13,4,12,4,4,2,9,8,109,104,20,30,22,24,25,25,20,16,24,17,25,19,20,29
17,25,18,27,21,26,27,24,29,29,24,26,20,17,27,28,17,16,31,18,22,28,23,18,28,20,24,22,27,20,18,17,100,36,42,114,25,30,21,18,21,20,30,21,26,22,28,20,22,16,27,190,141,6,0,0,6,2,3,0,14,14,9,4,15,1,10,1,4,1,7,15,15,1,0,4,11,7,8,5,15,3,181,168,164,175,24,19,16,21,25,135,119,128,117,131,1,4,6,8,6,0,11,5,12,6,13,14,10,0,8,5,0,10,12,9,7,14,6,15,4,12,9,15,12,3,9,4,15,11,3,8,8,11,11,3,2,10,15,7,15,12,4,11,15,8,8,12,6,7,1,13,0,3,13,11,13,12,5,7,105,106,26,27,19,20,17,17,20,18,27,21,30,21,26
25,19,29,17,30,30,20,20,18,31,28,26,20,28,21,20,29,28,30,29,22,26,31,31,16,29,22,16,29,19,29,100,97,37,43,107,108,27,25,25,21,31,21,17,25,22,21,30,21,17,19,191,142,136,1,7,15,9,5,2,4,1,14,1,14,11,15,6,12,14,11,7,4,6,7,7,4,13,4,9,1,14,182,169,165,18,22,25,28,17,26,31,120,129,118,132,116,12,0,2,3,10,15,5,11,8,6,4,9,14,8,2,7,0,7,12,15,6,11,11,3,1,8,1,12,8,4,13,8,1,9,13,8,3,5,4,8,14,2,12,5,1,10,1,0,4,8,2,9,7,15,12,14,8,5,6,11,7,14,6,8,115,114,27,27,19,28,23,27,16,31,30,16,31,21
20,22,18,18,22,31,31,22,21,31,24,22,20,24,16,23,16,27,18,28,21,16,20,17,20,26,26,23,21,21,94,103,1,1,0,14,105,112,24,19,22,31,27,22,31,18,22,29,22,28,20,192,143,137,121,14,10,8,0,10,3,14,2,6,12,8,9,11,0,13,11,13,2,9,1,7,12,4,0,14,12,10,183,170,25,25,17,28,30,16,31,23,16,130,119,133,117,141,15,15,5,6,11,14,9,9,2,6,12,10,7,7,4,6,14,13,5,14,6,10,6,10,7,0,12,10,11,0,4,14,1,8,6,2,8,11,11,0,6,10,0,8,9,11,7,12,4,15,11,4,10,8,0,11,5,15,3,7,12,2,1,7,113,104,23,24,26,19,27,20,18,30,22,24,16
20,25,19,19,24,20,19,18,31,18,17,31,28,19,26,28,27,22,23,18,30,23,20,31,31,26,20,19,21,98,97,12,14,11,6,2,14,111,104,21,26,20,23,23,22,28,29,29,18,22,19,193,144,138,122,126,3,12,10,9,4,8,15,10,10,1,7,0,6,3,9,10,12,2,9,12,9,2,7,14,13,8,107,36,106,17,24,21,28,31,27,30,23,28,120,134,118,142,116,9,0,12,12,0,10,4,15,6,14,8,7,5,3,2,12,4,10,13,5,15,15,14,7,6,8,15,15,15,6,15,10,11,4,13,15,6,5,11,11,0,3,1,15,1,13,9,8,15,2,10,4,11,3,9,10,3,15,9,15,11,12,7,15,105,104,16,28,24,28,20,31,30,29,19,24
23,22,18,22,21,30,21,24,23,19,20,16,31,31,28,22,28,25,23,27,18,27,20,21,25,28,23,22,24,90,1,8,6,6,14,3,5,2,109,114,31,21,29,16,28,26,20,23,21,30,22,19,145,139,123,127,136,14,15,10,6,13,4,11,9,3,2,7,3,15,15,13,15,9,11,7,14,15,7,2,7,10,1,37,107,104,17,18,31,28,17,21,17,29,17,135,119,143,117,131,8,0,11,5,7,14,2,5,15,14,0,13,14,3,1,0,13,8,9,9,9,4,6,0,1,9,2,2,2,10,9,9,14,15,4,7,11,2,6,1,4,5,9,9,9,3,12,3,12,8,3,3,9,7,14,6,6,5,4,6,5,5,0,11,107,112,29,24,21,26,24,25,19,31,27
31,17,29,23,16,25,21,20,21,22,21,26,18,26,26,24,23,25,29,20,29,18,27,30,24,22,22,29,98,93,3,2,8,11,2,4,14,5,7,91,30,16,27,24,27,20,29,17,17,31,26,26,26,140,124,128,137,136,5,10,4,8,10,10,4,14,11,1,8,3,0,15,0,2,13,10,2,10,12,0,9,12,4,2,3,91,25,27,24,21,29,26,24,16,26,18,120,144,118,132,141,10,12,7,4,9,2,6,4,4,13,13,8,10,8,0,6,8,13,14,7,3,13,13,7,6,14,0,10,15,7,2,0,10,11,8,2,7,15,5,3,1,13,1,7,10,7,2,9,7,5,4,9,14,12,10,6,14,13,14,7,5,0,0,4,88,27,28,28,26,22,16,19,31,23
31,29,27,17,16,30,30,24,20,16,23,29,25,30,29,24,19,19,27,25,19,26,21,17,29,27,20,96,95,14,12,7,11,14,6,9,4,14,12,111,40,108,23,21,30,25,20,18,28,22,29,16,20,16,125,129,138,137,136,2,13,14,12,15,8,5,15,2,6,2,13,7,11,11,4,4,10,3,1,9,2,13,7,13,59,194,27,20,23,17,24,16,31,28,28,29,29,145,119,133,142,126,4,4,7,12,1,3,6,6,4,10,5,9,1,6,0,2,9,15,5,4,4,3,0,0,15,14,0,14,12,9,9,6,3,1,11,15,6,5,1,12,9,2,11,13,8,4,12,3,2,2,9,14,7,0,8,2,0,2,13,11,7,2,6,89,30,29,29,22,28,19,20,30,28
25,21,18,30,19,25,31,20,19,23,23,27,17,20,26,25,27,31,19,28,22,19,30,23,16,92,34,99,13,13,14,0,13,12,2,1,12,9,13,13,41,113,110,27,17,28,28,26,29,31,24,20,27,25,29,130,139,138,137,121,2,2,3,7,9,1,7,9,7,6,14,11,13,13,13,10,2,9,5,3,4,10,12,161,60,195,28,19,24,17,16,16,30,24,26,20,21,19,120,134,143,127,126,15,12,6,10,4,5,2,3,13,12,4,9,6,14,5,15,14,9,13,1,13,0,4,12,7,12,6,6,14,15,7,15,0,3,13,14,7,10,5,6,6,0,13,11,2,9,10,15,15,13,9,15,8,8,1,0,11,9,8,15,10,8,199,27,24,25,31,19,26,21,22,23
20,24,22,27,31,23,21,31,28,28,22,30,18,30,17,19,25,31,29,16,16,31,27,28,24,90,35,6,13,2,0,1,14,9,6,4,1,13,4,4,11,7,91,30,25,31,17,24,29,19,17,19,20,26,22,16,140,139,138,122,131,12,12,2,12,13,12,15,4,0,1,12,8,0,13,8,7,6,0,12,10,11,156,162,61,196,21,24,29,24,30,16,23,29,31,27,26,23,25,135,144,128,127,116,6,9,8,15,0,4,14,14,7,1,5,0,3,7,8,4,5,4,1,10,3,9,5,0,13,12,2,15,15,0,14,13,3,11,10,7,8,15,2,7,14,14,5,0,3,0,10,7,5,15,4,0,12,15,9,12,2,14,14,9,180,200,17,20,30,31,21,21,25,29,29
30,16,26,21,19,26,22,26,31,22,17,16,20,27,17,20,17,17,18,26,24,16,22,96,36,99,9,6,5,14,1,0,11,4,13,12,1,15,2,2,2,10,113,112,28,29,16,29,17,20,28,27,30,30,18,23,26,140,139,123,132,126,5,11,11,15,0,9,8,13,0,3,3,10,5,9,1,13,2,12,1,151,157,163,62,197,25,26,26,28,29,23,23,30,26,16,30,24,31,19,145,129,128,117,131,6,7,15,14,13,12,8,12,2,7,7,5,0,11,13,10,6,3,2,1,2,12,3,14,13,14,1,9,1,3,2,3,8,14,5,11,14,1,9,12,5,7,4,1,12,12,1,2,11,8,3,5,9,9,0,9,5,3,14,181,201,22,20,30,27,20,23,21,29,21
29,16,19,26,24,26,18,19,29,30,19,18,26,26,24,21,30,23,19,19,98,38,114,90,37,14,9,6,2,13,1,12,14,2,11,1,10,5,11,12,1,1,13,91,24,21,17,18,27,25,19,16,19,31,23,20,22,31,140,124,133,127,141,12,13,1,2,14,13,14,11,14,11,6,14,14,12,0,14,9,156,152,158,164,63,198,31,28,27,30,17,30,18,22,28,20,30,30,29,28,27,130,129,118,132,136,10,6,10,10,14,10,13,14,13,0,11,10,12,2,9,6,12,7,13,6,14,8,11,12,14,2,6,6,1,7,7,12,13,11,4,7,2,8,6,4,15,13,1,1,12,5,1,6,12,6,1,0,1,0,0,9,5,1,182,202,20,26,17,20,20,21,16,22,19
25,24,22,21,23,27,28,22,27,30,29,17,26,16,26,23,23,22,31,31,90,39,109,103,13,11,8,10,2,2,12,2,15,7,6,6,8,5,4,2,1,3,0,113,114,18,25,16,25,28,17,21,21,31,21,20,24,30,23,125,134,128,142,116,13,14,5,6,13,12,3,10,0,5,4,13,7,13,0,166,157,153,159,165,28,30,28,24,29,28,16,23,27,17,25,27,26,22,28,25,26,19,130,119,133,137,176,14,9,2,5,2,15,5,8,8,5,6,2,12,12,15,15,1,10,11,6,13,6,5,13,10,0,13,14,0,14,4,13,8,1,13,13,0,3,2,14,13,12,13,9,4,11,5,3,6,7,2,5,7,0,12,3,12,183,203,22,22,16,27,31,25,30,25,25
21,29,28,16,17,20,31,30,22,17,24,23,22,23,29,26,19,30,94,38,95,10,6,5,14,2,7,13,11,2,1,8,3,5,10,15,3,0,5,4,13,1,11,15,115,106,23,27,23,30,18,23,28,28,26,31,21,19,19,20,135,129,143,117,121,11,4,4,3,6,3,14,4,1,9,11,5,6,161,167,158,154,160,27,18,98,38,32,104,19,27,17,29,23,25,17,22,30,22,20,24,23,28,120,134,138,177,11,1,1,13,13,15,7,4,9,5,11,1,10,5,4,15,2,6,7,6,9,2,6,7,1,7,8,7,5,5,2,3,0,9,5,8,2,14,9,12,7,10,15,9,12,2,13,9,15,8,14,7,0,13,14,11,0,91,16,19,25,19,27,21,31,18,21,16
24,24,30,28,18,16,26,16,29,17,22,28,26,20,23,24,25,18,90,39,5,13,14,11,2,14,2,13,10,10,1,7,11,14,1,6,10,2,11,0,15,0,15,2,13,91,25,17,16,28,29,21,26,21,27,22,26,22,17,28,16,130,144,118,122,131,14,6,10,8,9,2,14,4,12,5,3,151,162,168,159,155,23,26,21,90,39,33,115,106,22,19,31,24,24,30,27,19,21,23,21,22,17,25,135,139,178,12,5,10,0,8,15,5,11,8,12,9,10,0,7,5,5,14,5,3,10,13,4,14,4,8,1,11,0,14,12,4,11,9,8,10,6,1,12,13,14,5,9,5,6,12,15,8,8,11,10,1,14,12,12,4,10,0,111,108,25,29,18,30,31,19,23,19,17
31,25,22,16,16,22,26,20,27,30,29,20,17,22,24,26,30,100,95,0,10,13,6,9,15,11,14,4,11,3,15,6,0,7,10,13,2,13,6,8,7,5,6,0,9,111,32,114,19,23,26,25,17,30,25,23,20,25,28,21,16,28,145,119,123,132,121,9,11,13,9,4,1,8,12,12,151,152,163,169,160,23,31,21,96,99,6,11,10,91,16,30,26,21,22,26,28,17,27,31,27,30,30,20,28,140,179,13,15,7,2,13,0,10,9,1,15,2,0,13,4,5,6,3,8,9,4,0,3,13,8,8,5,3,7,8,7,4,15,3,13,10,14,4,11,6,1,2,12,2,0,0,13,7,14,8,14,15,8,4,12,13,11,15,9,115,112,26,27,21,21,30,29,27,25
25,22,23,24,27,16,23,17,21,18,28,18,30,22,25,21,96,99,0,0,9,11,4,5,4,14,15,14,8,1,9,15,14,11,6,2,2,6,0,6,8,13,0,3,2,4,33,91,94,38,104,28,24,27,18,18,27,25,26,24,31,25,27,120,124,133,122,121,9,10,8,9,12,3,13,151,152,153,164,170,27,92,34,36,93,2,13,15,11,115,112,24,23,18,30,19,17,25,31,23,19,96,42,42,32,40,97,12,10,6,10,13,15,5,14,4,2,11,3,11,1,2,3,13,12,11,5,7,9,15,13,9,14,7,3,3,12,8,5,7,2,6,14,14,0,9,2,8,5,14,8,2,8,14,4,9,12,14,13,12,10,3,2,6,5,12,109,104,24,28,20,21,28,19,21
16,24,26,17,24,29,27,28,28,31,25,26,22,23,31,19,90,9,5,5,7,12,10,9,2,0,6,0,13,15,6,8,1,8,3,12,7,14,2,8,5,11,3,14,11,10,3,111,93,39,109,114,19,27,23,30,29,31,17,21,18,16,22,17,125,134,123,122,136,4,1,6,5,8,151,152,153,154,165,34,42,97,35,37,2,6,14,9,11,9,105,112,31,20,17,23,23,26,17,24,94,93,43,43,33,41,6,9,10,14,12,0,3,9,0,11,8,4,7,1,11,12,8,6,1,10,5,4,5,13,0,3,10,4,14,2,12,0,0,12,13,1,0,11,4,14,1,9,3,9,10,0,2,2,5,10,11,15,11,9,2,3,7,3,3,2,8,91,31,29,21,23,22,23,20
23,31,19,24,22,19,22,23,29,25,22,21,29,24,100,32,101,3,4,6,12,9,5,8,12,0,0,15,8,12,5,13,9,11,0,0,13,0,4,4,10,12,4,1,11,14,15,15,2,1,4,115,110,19,29,17,19,23,17,18,25,30,28,22,26,135,124,123,137,131,15,8,2,151,152,153,154,155,78,35,43,7,14,12,6,0,2,3,14,0,4,107,114,17,30,26,17,16,30,30,76,14,1,14,2,6,7,9,9,10,10,3,0,7,15,10,7,3,4,8,12,5,0,7,3,10,11,4,5,11,2,7,11,12,1,13,5,9,6,2,12,1,7,8,13,7,5,1,13,12,13,1,2,2,14,13,6,7,7,2,1,10,1,4,12,14,1,199,27,24,20,27,27,25,20
16,22,21,28,18,25,25,16,17,25,24,28,23,96,99,33,9,1,1,8,0,14,2,7,11,5,13,11,7,3,0,4,8,10,3,7,15,3,14,6,7,6,0,2,1,2,11,2,5,8,2,6,115,114,25,27,22,16,17,18,20,22,17,31,24,21,125,124,138,132,131,44,171,152,153,154,155,31,79,10,2,10,5,14,14,3,13,7,4,5,6,6,109,42,106,16,30,31,21,24,77,5,9,1,12,4,13,6,11,11,7,2,14,1,0,0,11,15,7,15,1,8,10,0,8,15,0,12,10,0,4,7,3,13,6,6,10,5,14,7,2,8,0,10,8,6,4,11,5,12,6,0,14,2,0,8,8,3,15,1,1,7,12,14,3,0,156,200,31,26,26,28,28,19,22
19,28,22,18,19,19,16,20,19,18,18,29,98,103,0,7,1,13,11,13,10,8,13,13,2,12,12,4,1,2,2,14,5,3,1,3,7,0,10,13,15,8,2,12,4,13,6,1,1,5,15,5,5,107,104,31,25,16,19,19,16,23,25,17,26,31,16,125,139,133,132,45,172,153,154,155,22,23,76,15,5,6,10,3,3,12,6,3,14,1,1,13,3,43,91,30,25,27,17,31,76,7,0,13,7,7,8,10,2,12,13,15,15,9,11,10,3,5,14,7,12,13,15,11,15,14,14,1,0,9,12,6,10,8,8,12,0,6,11,3,3,10,6,12,15,5,3,6,11,3,11,15,2,6,12,8,4,15,10,12,8,7,6,6,12,180,157,201,31,30,16,18,23,29,20
28,19,16,17,28,28,23,18,28,30,25,27,78,5,0,3,9,8,11,5,12,14,6,14,11,2,0,12,6,13,0,7,10,4,14,9,10,13,10,5,7,1,7,1,15,2,4,3,0,14,9,15,8,3,113,106,26,19,17,23,17,23,19,24,20,19,17,23,140,134,133,46,173,154,155,42,34,108,77,12,11,15,5,7,12,3,4,0,12,7,12,9,11,12,111,34,104,23,19,18,77,11,0,12,14,64,59,64,44,69,69,69,69,54,69,69,0,10,0,14,5,8,13,9,12,13,3,14,10,7,9,6,0,4,13,8,15,11,0,12,7,11,14,1,8,4,14,7,3,15,3,6,11,1,15,2,15,3,7,12,1,7,13,7,3,181,158,202,25,17,23,26,19,29,24
19,19,22,27,26,19,18,31,26,18,22,23,79,3,12,3,5,10,9,0,4,2,4,6,9,3,3,4,14,2,3,6,8,7,13,7,0,2,2,9,11,10,6,0,8,5,12,4,13,2,14,14,0,10,13,111,110,24,25,31,16,23,17,20,16,17,23,17,21,135,134,47,174,155,90,43,35,111,101,1,13,7,9,6,7,13,8,2,9,12,8,12,1,10,13,35,113,104,16,16,76,14,13,10,180,65,60,65,45,70,70,70,70,55,70,70,126,2,12,14,1,12,14,14,3,14,4,8,5,14,6,8,10,7,7,6,12,13,13,3,13,11,12,6,1,0,1,12,1,6,2,5,0,3,8,14,15,2,14,7,0,5,13,9,13,182,159,203,20,31,18,16,30,21,24
19,19,18,27,26,22,19,16,27,28,31,31,90,0,11,12,9,14,2,0,6,9,3,0,15,0,5,5,7,5,10,10,2,15,9,10,3,15,8,3,7,13,1,13,7,1,12,9,6,12,12,6,4,5,13,11,107,108,18,22,20,23,30,23,29,23,19,16,22,29,135,48,175,94,101,0,10,14,11,5,15,5,0,15,15,3,4,15,13,1,14,9,10,13,14,1,15,199,23,31,77,14,9,4,181,66,61,66,46,71,71,71,71,56,71,71,127,131,69,64,44,64,69,7,5,14,3,3,9,7,9,6,9,12,3,0,4,14,7,0,7,3,14,1,0,6,12,0,8,9,11,12,13,9,3,7,2,2,15,180,176,4,11,4,9,183,160,29,17,24,28,31,20,25,22
16,26,31,23,30,20,31,30,21,18,18,21,184,4,8,14,14,14,11,7,0,14,8,1,7,7,9,15,4,1,3,13,9,14,2,0,8,7,4,2,7,14,10,0,4,5,11,14,11,10,2,11,1,11,6,15,2,113,112,20,21,26,28,17,28,25,28,28,30,27,27,17,94,95,15,0,15,7,6,14,10,1,0,11,14,15,0,2,6,8,11,5,12,2,2,14,180,200,29,30,76,10,3,7,182,67,62,67,47,72,72,72,72,57,72,72,128,132,70,65,45,65,70,131,4,10,4,4,14,3,5,12,11,15,9,13,2,2,12,10,14,3,7,1,12,2,4,4,13,13,7,1,0,2,10,4,8,3,1,181,177,12,5,7,1,86,30,23,27,30,23,27,18,31,23
23,31,20,26,31,24,24,19,23,22,27,27,185,121,2,15,15,14,5,9,2,0,5,2,2,13,8,13,9,3,8,14,3,0,5,1,1,12,7,2,12,15,14,0,2,6,5,9,9,3,8,4,15,1,8,14,13,4,107,112,24,31,23,26,28,21,23,26,23,22,21,24,90,9,13,2,5,14,0,5,10,3,11,8,14,7,11,4,1,7,7,13,15,6,0,6,181,201,22,20,77,6,14,3,183,68,63,68,48,73,73,73,73,58,73,73,129,133,71,66,46,66,71,132,116,14,10,13,8,5,1,10,11,11,5,2,5,8,0,9,10,6,4,8,4,6,14,14,3,3,14,0,5,3,8,4,9,13,5,182,178,9,8,11,0,87,17,23,31,24,17,16,26,23,28
25,20,18,27,30,18,22,31,18,28,26,16,186,122,126,15,11,0,13,6,8,14,12,1,5,15,2,10,11,8,6,7,11,9,6,10,7,11,11,2,8,12,14,6,1,9,11,15,8,2,15,5,12,3,14,10,11,13,7,91,23,18,28,23,16,27,18,26,26,92,36,40,95,10,7,11,13,0,4,9,2,4,13,5,11,2,3,13,7,9,1,0,2,13,2,11,182,202,20,21,76,10,0,10,84,17,27,17,24,31,27,29,18,22,22,20,130,134,72,67,47,67,72,133,117,121,5,8,0,13,14,5,9,15,6,7,2,2,13,11,8,10,10,7,4,14,2,7,7,3,15,5,12,2,12,11,13,12,6,183,179,12,3,8,8,84,28,18,27,28,28,28,21,19,28
25,21,29,29,18,17,22,16,20,28,30,23,187,123,127,121,7,15,12,9,12,15,15,15,13,1,9,11,7,1,14,6,1,9,5,1,13,15,13,6,6,5,0,4,14,13,11,11,12,9,11,14,14,9,14,3,3,14,14,199,21,31,21,29,21,20,27,18,29,90,37,41,6,13,7,10,2,1,13,14,0,3,3,1,9,8,11,10,6,12,13,6,10,3,0,13,183,203,26,29,77,11,14,15,85,28,19,30,17,25,29,25,27,18,21,17,30,135,73,68,48,68,73,134,118,122,121,4,15,7,2,15,14,12,11,12,8,11,10,0,2,15,10,0,7,10,4,1,2,14,5,7,11,4,13,4,10,5,8,91,90,0,11,9,10,85,20,22,18,26,23,23,18,19,31
19,17,30,16,29,21,20,26,31,31,29,18,188,124,128,122,121,12,11,12,14,7,7,9,3,10,15,11,6,5,4,3,10,5,15,6,12,5,4,8,6,15,11,4,15,4,8,13,8,1,1,4,3,9,6,2,7,9,166,200,20,24,19,31,24,19,20,25,94,95,10,7,9,4,6,4,8,15,5,4,4,13,6,10,6,6,2,5,6,11,3,8,12,10,10,6,113,36,38,38,101,7,14,10,86,17,20,16,31,24,16,22,26,20,22,31,29,30,26,24,18,20,20,135,119,123,122,141,2,8,6,7,2,9,3,5,1,14,13,0,14,9,8,9,3,3,0,5,8,2,13,11,4,7,5,9,6,2,7,109,103,11,2,3,14,199,28,30,25,31,23,17,21,27,17
29,18,26,23,28,19,18,16,26,21,22,29,22,125,129,123,122,136,4,6,10,14,7,8,5,10,4,12,9,2,9,9,1,6,4,3,1,15,5,13,13,7,3,3,9,15,14,14,0,5,3,5,2,9,12,14,14,161,167,201,23,30,27,27,17,29,30,23,90,13,1,13,1,10,4,7,0,5,10,7,14,6,10,12,5,2,11,6,7,9,11,9,15,11,10,3,11,37,39,39,15,5,3,7,87,22,28,21,22,31,29,20,28,24,28,27,22,24,25,27,19,26,24,21,120,124,123,142,136,6,2,8,0,14,4,2,2,0,0,14,10,13,5,1,15,7,15,146,131,0,14,11,3,5,6,11,1,5,15,12,9,0,7,14,161,200,17,18,21,23,21,17,30,20,17
29,26,23,19,17,22,24,22,28,30,21,19,16,30,130,124,123,137,116,14,9,2,12,15,6,3,2,12,0,15,12,5,9,9,5,1,14,4,13,7,7,1,1,1,6,7,15,6,7,7,8,6,9,3,10,9,156,162,168,202,23,19,19,24,23,28,24,94,103,8,6,15,8,5,13,6,15,3,0,8,13,7,10,6,10,9,13,2,2,1,15,6,14,3,9,3,1,15,1,3,7,13,13,3,91,23,20,22,30,25,23,17,30,18,18,28,19,28,22,22,25,19,29,23,22,125,124,143,137,116,3,12,14,3,14,1,8,3,10,13,0,5,3,15,10,14,180,147,132,116,8,1,0,3,8,7,12,9,6,0,9,15,2,161,162,201,18,28,16,30,19,24,30,17,26
19,29,20,28,19,16,18,28,23,18,25,16,29,30,21,125,124,138,117,116,15,8,0,6,7,2,10,7,9,2,14,9,10,8,1,10,14,6,12,13,0,7,11,5,9,14,11,0,8,9,12,14,7,14,10,151,157,163,169,203,22,22,27,17,24,94,112,90,4,14,7,12,8,2,10,0,15,7,9,12,13,7,3,3,5,2,0,11,11,0,0,13,14,12,8,3,6,7,11,11,0,0,13,7,199,19,30,26,25,29,18,31,18,20,31,29,17,25,18,20,26,17,24,22,20,27,125,144,138,117,131,10,11,14,8,10,13,2,12,10,12,2,12,0,3,9,181,148,133,117,116,3,0,5,6,10,7,1,0,2,8,5,156,162,163,202,16,28,16,23,28,18,19,29,24
17,16,27,28,30,29,29,22,27,17,24,26,17,16,25,19,125,139,118,117,126,2,4,3,11,2,7,7,8,15,7,0,9,7,0,4,0,8,1,5,14,12,13,2,9,8,13,14,5,4,13,6,4,14,151,152,158,164,170,17,19,25,16,98,32,97,111,97,2,7,1,6,5,1,11,3,4,0,8,13,0,4,13,2,9,10,15,10,1,1,6,3,5,14,12,3,2,13,5,4,14,7,14,151,200,21,23,26,29,20,24,23,23,26,19,24,21,19,24,18,16,17,26,17,22,19,18,145,139,118,132,116,15,13,8,14,1,9,8,13,5,11,4,15,12,6,182,149,134,118,117,131,15,6,11,5,9,11,15,7,13,161,157,163,164,203,31,27,25,29,23,30,27,20,23
30,17,24,16,29,27,16,20,16,21,18,20,31,19,28,29,19,140,119,118,127,131,12,7,13,8,13,0,5,11,14,9,4,4,1,7,1,3,12,10,6,14,8,12,4,0,12,8,1,11,2,9,11,166,152,153,159,165,28,19,26,26,96,97,33,14,14,1,9,11,8,3,4,10,12,1,15,6,14,0,7,4,11,1,14,13,8,13,14,15,8,6,3,13,3,7,9,3,1,11,14,1,151,152,201,22,27,18,18,17,26,30,28,18,22,20,16,21,29,17,30,23,27,30,25,21,24,31,140,119,133,117,141,0,4,2,12,9,5,3,15,9,11,14,7,3,183,150,135,119,118,132,126,2,5,10,1,3,0,12,161,162,158,164,165,29,18,29,31,18,31,18,17,21,29
23,18,21,19,26,26,30,18,30,17,20,22,28,26,17,30,27,25,120,119,128,132,141,5,12,2,10,11,2,1,10,1,6,0,3,13,15,8,4,9,5,2,4,12,2,1,8,3,5,6,15,3,151,167,153,154,160,27,17,21,20,28,90,5,2,12,12,13,10,0,8,9,11,10,13,14,7,11,11,15,11,5,6,9,7,8,15,14,4,3,2,5,7,9,13,10,44,64,49,64,64,166,152,153,202,16,16,20,31,17,23,17,27,30,19,25,19,22,22,26,30,31,20,22,20,20,26,26,26,120,134,118,142,116,9,13,3,1,10,8,1,11,9,10,10,3,84,25,17,120,119,133,127,121,15,11,6,2,4,161,162,163,159,165,17,31,25,26,28,16,18,23,26,28,26
27,19,17,27,23,17,22,19,29,23,28,17,30,27,17,28,16,31,20,120,129,133,142,131,14,11,8,14,4,11,14,8,8,11,7,6,1,1,14,11,9,8,12,6,12,15,3,12,15,5,8,166,152,168,154,155,30,28,29,17,23,94,103,8,11,10,8,8,9,8,15,10,2,7,9,5,11,14,9,13,15,12,13,3,0,6,13,2,7,4,6,8,3,10,10,180,45,65,50,65,65,167,153,154,203,19,17,21,18,27,26,20,24,24,27,19,23,31,30,30,27,29,20,22,29,30,16,19,23,30,135,119,143,117,141,0,9,2,10,7,49,2,0,9,13,0,85,26,21,26,120,134,128,122,126,0,13,14,146,162,163,164,160,18,26,21,19,29,19,28,29,16,17,16,20
31,25,17,26,23,30,25,20,16,23,16,29,26,18,17,16,22,27,21,18,130,134,143,132,121,8,9,7,13,14,5,0,3,8,8,10,7,0,0,2,3,4,7,2,0,4,12,2,15,1,180,167,153,169,155,28,27,16,22,17,94,97,14,0,9,7,10,0,5,15,0,14,12,14,15,10,14,6,4,1,7,0,9,13,6,3,15,0,13,10,5,11,8,1,10,181,46,66,51,66,66,168,154,155,20,20,29,24,29,21,26,17,17,26,22,27,18,28,24,29,29,21,20,25,31,19,27,18,23,27,24,120,144,118,142,126,7,13,9,166,50,136,4,3,4,11,86,24,18,18,29,135,129,123,127,121,54,146,147,163,164,165,31,27,22,20,23,26,20,28,21,19,17,25,25
26,30,27,29,19,25,31,22,26,22,26,20,17,19,25,26,17,25,17,27,31,135,144,133,122,131,14,11,7,13,8,13,5,8,8,1,15,8,3,12,13,11,8,15,7,13,12,13,14,2,181,168,154,170,24,23,27,23,98,38,103,0,5,12,9,11,11,2,1,10,13,3,12,0,8,2,5,5,7,5,15,11,7,3,2,3,2,7,15,6,0,6,0,11,8,182,47,67,52,67,67,169,155,26,22,30,19,17,17,19,26,19,19,17,30,28,21,28,24,26,23,22,25,22,27,27,29,28,26,24,16,20,145,119,143,127,141,69,161,167,51,137,176,4,0,7,87,18,17,30,17,30,130,124,128,122,55,147,148,164,165,26,31,20,26,16,18,29,22,30,29,27,24,30,29
26,25,28,30,21,18,31,28,21,24,23,31,29,19,30,27,28,31,26,26,20,23,145,134,123,132,136,1,11,2,12,12,4,15,4,12,0,7,4,12,4,4,2,13,7,8,3,5,11,3,182,169,155,22,19,16,27,23,74,39,15,0,0,4,10,3,4,0,14,9,0,11,13,7,2,12,6,12,1,13,4,14,11,3,1,7,2,8,13,5,3,0,15,11,6,183,48,68,53,68,68,170,28,20,21,17,30,31,23,21,16,17,19,25,31,22,25,31,16,23,26,31,31,18,23,30,26,30,28,31,30,18,18,120,144,128,142,70,162,168,52,138,177,0,9,15,82,26,21,20,22,20,31,125,129,123,56,148,149,165,27,22,17,25,23,18,18,16,27,23,25,16,18,17,18
23,24,31,29,17,17,30,19,16,27,30,21,18,30,29,28,30,29,20,25,22,17,24,135,124,133,137,116,0,10,14,4,13,13,1,11,12,15,15,8,0,8,4,2,1,1,1,4,14,7,183,170,28,28,19,21,17,30,75,1,12,13,6,6,0,6,2,0,12,13,9,15,14,14,2,4,0,4,1,5,8,13,12,12,7,7,2,10,4,6,3,15,14,15,14,82,28,24,27,22,23,17,21,17,22,18,16,28,20,31,25,18,17,17,27,20,28,27,24,27,28,25,22,22,22,17,28,24,17,25,21,30,20,24,145,129,143,71,163,169,53,139,178,10,15,0,83,19,30,27,21,24,16,23,130,124,57,149,150,19,28,29,27,25,28,29,21,28,25,27,31,17,29,23,16
21,20,25,21,21,29,17,29,31,30,27,31,27,16,18,29,29,23,21,19,31,30,22,23,125,134,138,117,126,4,15,9,3,6,0,3,14,14,1,4,6,2,7,14,6,10,12,7,4,10,86,26,22,25,16,30,22,98,99,11,14,0,4,10,7,0,0,10,3,14,1,10,8,3,12,9,6,15,0,8,7,4,14,1,13,9,0,11,15,12,1,4,4,13,7,83,31,29,29,25,21,31,29,24,22,30,25,22,24,22,23,19,27,16,21,22,31,31,17,29,18,25,19,30,18,25,25,19,20,20,17,29,29,21,29,130,144,72,164,170,28,140,179,3,0,12,88,30,22,17,19,19,23,31,19,125,58,150,20,27,25,17,26,16,17,24,25,31,21,18,17,27,16,25,18
30,28,28,23,17,22,28,28,30,25,31,26,28,19,18,24,19,21,27,23,19,29,17,24,17,135,139,118,127,116,2,7,9,1,0,15,13,9,12,10,9,11,10,5,9,2,4,6,1,7,87,21,20,18,20,21,102,97,6,4,9,6,12,5,9,6,8,2,7,10,13,8,1,5,14,12,14,5,11,6,1,10,14,7,13,13,2,9,3,5,5,8,2,2,13,91,25,24,18,18,22,29,28,23,23,31,16,31,23,16,28,20,27,22,28,21,23,18,21,17,30,18,18,24,22,21,23,28,18,16,24,21,16,18,28,16,145,73,165,30,21,28,80,6,15,2,89,25,28,23,25,17,24,19,23,21,16,29,28,19,29,31,22,22,20,31,25,16,23,19,16,20,27,25,20
36,108,16,20,26,30,24,22,29,16,23,25,27,17,21,26,28,18,31,25,24,17,30,29,28,16,140,119,128,117,116,14,9,10,14,14,0,9,8,0,8,7,9,3,64,4,0,5,14,9,84,25,25,20,31,98,101,10,6,0,0,1,5,6,7,14,4,9,15,6,15,14,4,9,15,15,11,9,13,13,2,12,10,8,10,4,13,12,4,2,13,8,2,3,1,111,42,104,21,23,31,26,16,19,19,27,23,24,24,17,20,16,21,29,19,22,25,17,16,16,26,21,28,20,28,29,30,28,18,19,18,18,23,24,20,23,27,27,25,31,30,21,81,4,1,15,88,24,31,24,16,25,17,27,25,19,18,26,25,19,30,22,23,16,31,27,31,31,26,18,17,31,26,21,23
37,115,104,19,17,18,29,19,27,16,31,30,29,23,25,20,16,18,31,17,29,29,30,16,18,25,22,120,129,118,117,126,13,9,9,8,0,11,9,13,15,7,2,161,65,176,13,8,4,4,85,19,19,18,94,99,11,15,13,1,7,0,12,10,5,12,4,2,1,0,15,6,13,14,14,3,10,3,11,4,7,12,5,14,10,2,2,3,7,3,9,15,14,14,7,10,43,82,20,16,26,17,23,16,16,22,25,18,17,26,24,19,30,23,16,18,21,20,21,18,21,27,26,20,27,17,27,18,25,17,16,29,24,24,22,27,27,29,25,19,31,17,80,6,8,3,89,25,31,23,19,19,24,29,31,16,25,29,17,24,22,31,17,27,21,18,29,28,24,17,26,28,22,18,29
10,3,105,112,19,29,30,25,27,29,28,20,29,30,29,18,16,20,19,20,20,19,20,29,31,30,17,19,130,119,118,127,136,6,9,2,15,8,8,14,0,10,161,162,66,177,10,7,4,11,84,21,17,100,93,15,10,14,1,5,2,4,4,13,1,14,2,4,2,8,9,6,1,12,1,13,10,0,3,12,6,9,1,12,15,6,1,10,5,8,13,5,4,12,3,4,11,83,24,27,23,18,25,28,19,16,20,20,29,21,22,31,27,28,23,16,23,22,20,27,28,31,24,27,16,29,24,18,17,26,24,19,16,25,29,26,29,18,22,29,26,31,81,8,8,2,84,22,20,24,21,24,25,20,24,22,23,20,29,23,29,31,23,29,31,31,17,17,17,18,18,30,29,29,31
0,15,15,115,104,31,31,30,19,26,21,22,23,22,25,19,20,26,20,22,29,20,24,20,18,29,26,19,29,120,119,128,137,121,4,0,6,5,3,9,5,156,162,163,67,178,5,1,8,8,85,25,92,95,0,3,13,15,14,4,8,0,5,1,3,15,0,2,15,6,10,5,1,2,5,1,11,4,12,12,1,13,9,0,2,13,15,13,3,12,15,0,5,8,5,12,1,88,21,29,22,21,20,22,21,29,30,30,20,27,23,22,24,21,27,28,26,21,30,25,29,17,28,25,26,16,25,20,20,23,17,28,30,20,31,28,20,20,25,29,21,23,80,9,3,1,85,21,17,16,16,25,28,30,26,18,30,26,19,16,26,23,21,27,17,25,17,16,31,19,20,29,19,20,24
6,12,13,3,105,106,25,29,28,19,25,30,27,20,29,31,21,31,28,29,31,31,22,28,18,17,26,28,23,29,120,129,138,122,116,5,14,15,12,9,161,157,163,164,68,179,2,0,14,8,107,38,93,14,3,6,15,6,6,4,11,7,6,7,0,1,11,9,10,7,10,3,8,4,9,3,9,11,0,12,13,3,15,1,5,3,15,9,5,6,13,7,4,10,1,10,4,89,23,29,18,25,24,21,28,30,20,28,24,25,22,31,22,17,26,22,23,31,28,19,21,22,30,31,25,18,16,29,30,30,29,20,22,22,16,21,18,20,29,28,16,20,81,14,2,0,107,110,18,24,20,21,21,24,20,30,24,19,23,26,30,23,16,28,16,31,23,27,25,23,21,25,18,28,20
8,0,10,3,7,109,114,17,23,19,31,27,16,23,21,19,29,24,17,18,22,19,16,22,26,22,25,23,20,27,26,130,139,123,117,131,15,14,5,146,162,158,164,165,26,76,9,6,2,5,0,39,10,9,0,5,9,8,11,8,3,11,6,5,14,11,13,4,8,9,1,3,5,12,0,13,10,13,12,4,4,6,3,12,5,2,11,7,15,13,11,8,4,1,13,11,15,88,29,29,16,22,23,23,24,30,19,29,18,26,31,18,27,22,18,22,20,31,30,28,21,20,17,22,19,23,23,31,20,23,21,26,28,27,30,21,29,23,28,21,23,19,74,5,3,5,8,91,30,25,24,19,18,21,29,20,24,30,21,30,24,18,30,22,28,22,31,16,26,19,28,28,27,23,22
3,7,4,2,8,2,115,110,18,25,21,22,21,31,16,24,17,17,19,22,21,19,20,25,17,16,19,25,29,31,19,31,140,124,118,132,126,44,166,147,163,159,165,22,22,77,1,15,3,1,14,6,7,1,9,15,10,3,12,9,0,9,11,0,3,12,10,5,12,7,2,8,3,9,15,15,12,3,4,14,2,13,3,5,13,0,15,6,9,14,2,13,10,10,1,15,2,89,28,29,27,30,30,31,23,17,22,24,20,29,31,18,26,17,21,30,24,26,18,24,22,30,29,17,25,20,29,25,27,28,26,16,29,24,28,27,22,17,23,20,31,16,75,0,8,3,7,113,32,114,31,26,19,20,29,31,26,27,31,21,29,25,29,21,26,24,28,21,26,24,16,19,19,20,17
13,14,13,5,6,2,3,84,21,24,17,17,16,24,21,20,23,22,29,21,26,24,25,16,26,31,19,22,28,21,26,29,24,125,119,133,127,45,167,148,164,160,20,28,26,78,15,13,13,8,12,2,7,9,5,7,2,8,3,7,6,7,15,8,7,6,6,8,6,1,6,5,3,15,4,15,11,12,15,13,8,14,3,7,7,5,15,12,6,2,12,7,4,11,8,6,4,86,23,16,27,17,23,21,26,30,24,17,28,27,23,26,28,31,28,29,30,23,31,28,16,23,20,30,22,22,27,21,17,24,28,23,16,30,23,25,27,31,16,29,29,18,74,2,15,7,12,15,33,109,38,110,19,18,30,22,20,30,31,26,23,19,21,19,22,28,19,16,19,21,30,27,28,16,20
1,3,3,15,9,10,12,85,18,26,29,25,16,27,31,31,24,21,23,27,21,31,25,30,17,24,26,20,16,28,24,29,25,22,120,134,128,46,168,149,165,22,31,17,29,79,6,6,8,2,13,12,5,0,6,9,0,7,1,15,2,1,14,10,15,7,7,1,10,0,9,7,3,15,6,1,9,4,14,15,11,12,2,13,15,8,12,3,4,1,12,0,0,0,8,2,0,87,31,25,25,24,18,21,30,20,19,28,30,26,27,30,21,28,31,25,29,20,20,16,23,30,30,25,19,30,30,31,31,28,20,30,24,28,23,30,30,17,17,24,28,24,75,14,0,3,12,5,8,11,39,105,38,110,23,19,26,29,16,22,30,24,28,29,31,23,25,25,21,21,17,17,26,31,30
1,5,12,13,14,9,13,88,22,27,28,29,26,26,23,23,31,19,17,22,16,27,16,21,23,17,26,25,21,25,18,24,18,25,29,135,129,47,169,150,21,24,28,18,96,93,14,3,3,11,1,2,0,4,7,7,8,7,10,2,4,8,10,4,13,12,7,12,0,13,11,13,14,12,11,11,2,10,15,5,9,12,11,7,9,12,4,12,0,4,14,7,8,12,14,2,6,84,27,23,22,20,17,22,27,24,27,25,16,21,29,29,19,28,23,26,31,24,17,30,20,30,17,19,24,29,17,30,16,19,23,19,24,30,28,24,29,27,18,16,31,100,101,6,1,5,10,5,10,8,2,14,39,86,27,20,16,25,26,24,30,27,24,25,19,29,23,21,30,25,26,31,18,24,24
3,6,5,10,12,0,11,89,29,21,21,18,25,20,26,25,18,16,20,16,16,25,30,17,28,17,20,30,17,24,22,23,16,28,17,18,130,48,170,18,16,30,22,100,93,1,14,2,15,11,4,0,13,7,14,3,13,0,3,10,4,0,15,1,9,7,10,10,1,0,4,13,15,7,13,11,10,14,1,11,5,6,4,15,9,4,2,12,6,5,2,14,11,5,6,13,7,85,31,24,28,17,25,22,26,28,30,29,17,19,17,27,31,31,18,25,29,25,16,26,20,21,19,22,31,30,21,17,31,24,28,20,18,18,17,20,25,19,17,22,102,93,5,7,12,4,3,6,14,5,14,6,15,87,21,19,29,31,23,20,21,28,30,20,17,22,19,19,30,16,18,23,23,29,24
15,12,11,8,4,12,6,107,112,18,16,27,21,19,17,19,25,23,18,27,29,18,18,23,22,30,16,27,16,26,31,26,31,18,16,23,26,20,28,18,27,17,96,99,14,15,1,3,7,1,15,6,9,2,7,15,2,10,10,14,11,2,9,1,15,5,7,10,7,1,14,6,10,12,9,7,4,11,4,7,2,2,12,9,2,8,4,10,5,9,2,14,7,14,8,9,14,91,20,24,17,20,24,30,30,20,27,24,23,24,26,30,24,16,27,26,18,25,27,26,29,29,20,18,18,21,18,29,24,31,24,17,23,21,19,18,23,21,28,20,78,10,2,8,4,5,15,11,3,5,6,10,5,105,34,104,30,25,30,23,28,27,23,29,24,17,27,22,27,26,18,20,20,25,23
10,12,2,10,10,14,6,5,109,112,27,22,31,23,20,31,18,25,28,20,23,30,25,28,19,23,21,20,29,27,26,17,30,24,98,36,110,25,20,21,24,94,95,1,9,4,14,14,8,1,6,1,15,0,13,15,14,5,5,7,14,2,3,5,2,9,13,12,15,0,6,5,12,0,4,11,5,12,1,6,12,13,3,1,14,8,0,3,4,6,8,5,14,0,6,12,14,199,22,27,18,30,26,25,31,19,19,24,26,26,20,28,31,18,24,24,29,30,22,16,24,23,18,20,24,19,26,26,31,19,22,18,17,24,29,16,31,27,29,19,79,6,7,7,11,4,12,15,2,0,0,4,1,3,35,91,16,30,30,18,31,18,18,20,28,21,19,19,17,29,17,30,28,30,18
7,0,10,8,15,1,8,14,2,109,106,22,23,30,28,23,25,23,16,27,21,25,24,29,29,31,22,20,17,24,23,30,92,34,103,37,82,30,27,18,98,93,10,13,6,0,10,10,4,13,12,11,5,10,1,8,11,7,11,7,11,5,15,14,3,7,8,7,4,14,14,12,2,5,15,3,10,11,13,1,7,8,0,12,0,13,4,14,5,3,13,14,5,8,10,4,180,200,21,27,25,19,25,25,18,29,31,25,17,21,18,20,20,23,22,31,27,18,24,27,24,19,28,31,27,26,19,29,29,29,19,21,27,22,20,17,25,27,21,94,97,3,10,13,4,4,7,4,7,11,14,1,7,6,7,107,42,38,106,24,31,21,27,28,27,27,30,19,22,26,28,22,21,30,26
131,69,44,15,1,7,8,2,11,5,111,104,28,20,30,16,19,27,26,26,25,19,31,29,31,26,31,30,96,42,108,100,99,35,4,9,83,18,18,92,99,9,11,8,2,7,14,13,8,15,1,8,10,1,4,5,5,4,0,3,8,2,9,6,15,3,12,1,13,14,9,10,7,0,11,0,5,6,12,4,10,15,11,4,5,1,5,14,3,2,8,11,5,5,4,0,181,201,21,16,19,25,26,18,18,24,16,26,29,18,25,27,16,18,17,24,21,29,16,16,24,25,24,30,25,31,30,24,21,27,28,28,20,24,17,24,27,22,21,80,9,6,11,9,11,2,9,14,13,10,9,2,15,0,13,14,43,39,115,112,19,22,22,30,19,20,16,22,29,21,16,25,30,18,28
132,70,45,121,13,12,14,7,13,2,6,105,34,110,25,30,19,29,24,23,19,27,25,29,19,16,28,26,74,43,105,103,12,5,2,13,105,32,34,101,2,5,5,0,3,9,0,0,9,13,5,15,11,6,2,2,13,0,10,12,5,11,9,13,0,13,7,5,4,13,10,13,2,9,10,13,10,5,6,5,15,7,15,3,4,4,14,11,8,13,1,7,4,8,14,7,182,202,25,18,17,16,16,19,31,17,19,17,19,26,19,31,28,22,29,25,20,27,22,30,19,26,23,21,27,27,21,26,28,25,18,31,18,31,21,28,24,26,25,81,15,3,4,2,13,11,14,1,7,15,0,3,5,7,14,3,14,6,3,107,108,21,19,22,19,26,26,27,29,28,30,19,28,19,27
133,71,46,122,121,13,1,2,13,15,10,3,35,107,108,24,25,30,24,24,26,30,27,25,22,24,27,16,75,1,3,15,5,4,10,1,2,33,35,3,14,1,7,12,6,12,10,12,13,3,11,3,0,5,2,5,5,7,1,12,5,12,13,10,2,13,5,8,10,9,3,8,6,1,13,0,5,0,1,12,3,3,13,2,15,1,5,3,5,4,5,9,8,9,0,7,183,203,28,25,18,31,19,22,24,22,27,25,31,29,24,27,27,30,17,21,28,24,27,18,24,25,19,21,31,24,26,24,28,22,29,20,30,21,17,19,27,30,25,76,0,13,11,4,1,6,12,1,10,15,12,11,9,13,3,6,12,13,5,14,115,110,29,24,23,26,18,30,27,23,25,19,26,21,21
134,72,47,123,122,131,2,0,9,11,13,3,13,15,111,110,96,32,114,27,24,26,16,24,21,29,29,94,95,0,15,11,14,6,12,10,8,9,14,10,4,9,8,9,5,0,10,3,15,9,4,8,12,10,1,6,13,9,3,6,13,1,5,2,10,6,1,9,10,13,4,8,9,5,14,10,15,3,13,10,11,3,7,7,5,15,2,11,14,15,13,8,11,3,0,7,86,16,20,24,30,16,23,23,28,22,23,26,17,18,29,20,28,28,22,25,17,24,23,19,23,20,29,27,30,31,27,30,16,25,28,26,16,19,26,22,24,24,18,77,8,3,1,9,1,3,11,5,13,14,1,5,7,9,10,11,3,15,9,0,10,82,16,24,19,21,17,20,25,24,18,19,18,27,18
135,73,48,124,123,132,121,15,5,10,1,9,7,11,5,115,99,33,82,19,31,28,18,16,20,22,100,95,13,13,9,3,13,7,5,15,0,7,0,15,12,11,13,0,3,8,6,5,13,3,15,15,9,0,6,3,2,7,2,2,8,9,7,14,3,12,11,4,3,15,2,8,8,6,1,13,3,5,1,6,5,1,13,14,15,10,8,4,8,15,4,15,5,8,1,0,87,28,19,22,19,28,21,31,27,27,31,30,17,23,19,26,25,25,25,19,27,16,31,25,24,18,18,27,23,20,27,24,26,23,31,18,21,29,18,20,18,25,20,80,6,8,10,13,6,7,11,12,3,10,5,6,5,11,10,1,11,12,8,9,8,83,20,23,16,16,25,25,17,28,26,19,24,28,18
22,17,24,125,124,133,122,136,12,7,15,11,8,0,12,11,14,15,83,17,22,25,16,29,94,38,93,8,3,6,0,3,1,13,13,2,4,12,13,13,6,9,3,1,8,6,0,9,9,4,3,8,13,4,11,6,4,4,5,3,15,4,15,7,2,14,2,12,6,2,12,12,5,1,2,0,9,11,9,13,15,1,2,11,1,12,7,15,2,11,7,8,12,9,5,4,86,24,23,19,16,29,24,20,30,18,30,23,23,27,26,29,19,30,19,17,23,22,20,18,17,19,27,17,20,25,28,17,25,25,17,21,23,23,16,25,16,22,27,81,1,11,6,13,7,6,1,0,12,11,5,13,2,5,11,7,7,0,0,15,7,113,110,28,22,18,31,31,28,26,20,31,24,31,22
19,16,30,30,125,134,123,137,176,2,11,8,9,8,15,8,7,12,88,22,27,26,24,22,76,39,15,7,5,5,15,15,4,10,15,4,1,3,13,14,8,12,7,9,7,1,3,12,12,9,11,13,6,12,1,1,10,14,3,3,5,10,4,8,7,15,0,0,12,13,5,6,6,2,7,6,7,2,4,3,8,7,11,15,4,10,6,2,13,6,9,11,13,0,2,12,87,20,26,27,23,26,26,21,26,25,24,24,21,17,30,29,25,26,29,18,26,27,31,23,17,31,31,30,21,20,16,22,21,25,24,18,16,22,16,31,23,30,20,90,13,6,14,14,6,5,4,4,10,2,7,3,6,7,4,3,12,13,10,9,13,10,91,24,26,31,21,20,29,30,25,22,27,28,27
27,30,18,23,23,135,124,138,177,2,8,3,11,12,14,10,0,7,89,27,96,42,104,16,77,12,13,3,3,14,3,1,15,9,6,5,15,15,2,12,0,1,7,4,4,12,5,14,2,10,3,2,2,14,6,11,5,9,7,9,1,14,15,9,14,1,5,4,13,0,5,9,13,11,3,1,7,15,8,8,1,12,3,6,3,7,15,7,7,9,8,13,3,10,6,5,82,28,31,23,23,30,16,27,17,27,27,20,21,19,26,22,29,28,24,18,29,30,16,18,24,20,31,27,31,19,26,24,27,23,24,20,24,19,20,19,26,30,94,101,12,2,9,11,12,3,1,2,6,12,0,8,12,4,0,13,0,4,10,14,12,3,105,110,22,30,100,34,112,22,18,31,24,16,18
17,23,21,29,27,26,125,139,178,1,12,8,10,14,6,0,4,12,91,100,93,43,113,114,90,10,1,7,14,3,9,8,2,4,5,0,15,10,12,14,6,14,14,12,5,10,11,14,12,2,14,9,6,0,8,1,3,3,1,12,15,1,1,6,0,13,11,0,5,10,8,6,10,1,15,6,4,15,14,0,8,3,6,11,7,7,15,1,13,3,11,6,2,0,6,9,83,19,18,21,27,23,29,16,26,16,20,29,17,18,22,31,18,17,25,24,19,20,16,17,18,31,18,18,31,17,22,28,31,26,21,19,17,17,24,27,23,102,99,11,10,1,6,4,14,12,7,4,7,2,9,3,11,14,7,15,15,2,3,15,8,0,11,105,114,94,95,35,86,19,31,27,17,19,19
22,27,30,16,18,23,28,140,179,5,12,3,10,11,0,9,2,3,109,101,15,14,6,107,103,6,3,11,2,10,9,8,15,12,2,5,13,9,1,5,4,13,7,13,1,9,13,4,12,7,9,8,1,6,6,14,4,4,15,2,9,9,15,6,10,13,4,0,13,8,6,3,54,4,15,13,13,8,6,13,9,8,7,12,15,6,8,4,7,12,4,0,1,10,10,8,84,19,23,26,25,21,27,22,16,24,21,26,28,28,25,30,23,31,29,25,20,24,19,24,27,23,24,20,21,24,30,24,25,17,29,24,19,17,20,29,100,95,6,11,10,4,15,12,3,0,3,5,6,5,9,1,5,14,7,12,10,14,1,10,1,7,3,1,91,90,11,0,87,23,30,28,28,21,28
27,24,21,19,19,21,29,18,90,8,3,11,1,6,11,5,5,1,6,2,6,2,9,1,9,8,4,7,5,0,6,1,10,8,10,14,15,6,12,15,0,3,14,11,2,4,5,3,2,13,11,1,10,1,10,8,15,15,4,15,10,6,12,12,3,6,5,12,1,15,5,161,55,121,4,3,9,3,8,15,15,1,12,7,5,1,6,1,13,15,4,4,4,4,1,0,85,28,28,26,30,20,27,28,26,30,28,26,27,19,19,16,27,29,27,20,29,26,31,20,21,24,29,31,30,16,30,17,31,19,22,29,19,25,31,98,103,14,9,15,2,12,12,2,1,9,7,1,3,6,11,11,14,2,11,11,11,10,14,5,9,7,14,12,113,103,10,12,84,24,23,29,30,25,31
21,22,26,24,23,23,31,98,103,3,2,15,6,12,2,10,15,2,10,2,7,7,8,9,13,8,3,12,3,6,8,6,0,9,6,4,3,2,14,9,6,5,2,1,12,3,10,7,0,4,1,13,10,0,11,10,5,7,9,10,12,13,8,12,10,9,9,11,6,12,156,162,56,122,136,6,6,7,5,13,5,12,6,3,10,1,14,14,11,6,2,6,0,0,4,13,199,29,30,18,21,19,25,26,17,21,30,24,21,17,20,18,21,26,20,24,18,30,22,28,28,21,29,31,17,25,20,16,20,28,30,30,16,25,98,93,3,1,7,7,11,3,12,13,4,9,14,3,13,15,13,14,12,10,4,3,6,15,6,11,8,12,2,7,10,5,3,9,85,25,31,31,20,28,22
22,21,22,20,22,17,102,97,5,8,4,14,15,8,3,8,1,6,0,7,14,4,5,3,15,0,11,4,7,11,0,11,1,6,9,13,3,7,2,2,1,9,11,5,14,6,10,7,14,6,13,9,6,4,5,12,5,10,4,3,4,0,5,1,8,2,5,14,3,161,157,163,57,123,137,136,7,10,8,12,11,5,7,3,4,7,7,14,7,15,1,11,13,5,6,146,200,25,17,22,24,16,17,24,16,17,25,30,18,25,30,26,31,27,25,22,20,22,28,31,31,27,31,17,22,20,26,28,27,17,23,25,25,102,95,4,7,2,15,12,4,13,9,7,8,4,13,6,0,10,7,2,3,0,0,6,6,0,7,12,9,1,10,7,7,0,10,7,199,27,20,28,26,31,30
28,21,31,22,17,100,99,7,8,13,7,2,3,1,3,10,1,0,15,2,7,0,9,6,5,1,11,6,10,7,15,6,1,7,9,12,6,8,11,4,0,9,14,14,15,4,12,8,1,9,13,14,13,2,2,7,9,5,14,1,13,15,14,11,3,4,14,0,180,162,158,164,58,124,138,137,121,12,10,2,4,3,12,1,4,12,5,8,12,2,6,6,9,13,156,147,201,29,19,18,18,21,21,25,26,25,20,21,27,22,16,30,17,31,28,26,29,17,26,25,27,24,24,31,20,25,18,18,18,18,19,28,16,80,7,5,10,1,9,13,12,4,2,6,15,15,0,2,1,15,11,8,5,15,13,10,7,5,1,11,13,0,14,7,3,6,11,171,200,18,22,20,23,19,29
19,29,17,25,100,93,13,7,6,15,13,15,8,10,7,9,11,5,0,6,13,8,15,1,1,3,12,12,6,9,13,11,13,13,14,12,3,7,6,6,13,0,12,11,10,6,2,2,5,12,7,15,11,15,8,11,13,0,15,0,4,5,13,1,14,6,2,10,181,163,159,165,24,125,139,138,122,141,12,8,12,11,2,59,3,1,2,15,13,3,14,14,7,161,157,148,202,22,19,29,29,28,24,22,18,16,22,30,23,23,22,17,23,23,18,31,27,16,17,30,17,20,22,30,28,20,30,29,27,23,24,31,17,81,3,0,4,11,8,11,3,3,4,1,4,15,3,4,9,7,6,12,11,7,7,2,4,4,5,4,1,12,0,10,4,8,156,172,201,28,20,29,23,16,29
26,31,21,94,101,2,0,9,11,2,4,10,7,13,15,11,7,6,1,11,9,10,7,1,9,5,10,8,8,8,8,4,6,13,13,1,10,1,14,3,10,7,1,10,13,6,13,15,2,11,11,2,3,4,13,4,9,0,6,12,10,2,4,3,2,9,5,14,182,164,160,20,31,25,140,139,123,142,116,1,11,12,161,60,136,9,6,11,2,8,8,1,146,162,158,149,203,29,18,20,30,28,16,31,25,30,16,22,22,31,27,22,17,26,27,17,22,29,19,24,27,26,17,18,25,28,16,31,25,18,24,24,21,78,6,5,13,11,6,0,9,1,5,2,5,6,7,8,13,13,13,9,8,11,15,15,0,6,5,2,15,13,14,10,2,146,157,173,202,19,16,31,28,17,28
23,25,22,78,11,10,2,2,3,5,15,3,8,9,1,1,15,6,8,7,14,15,12,6,1,5,12,7,14,4,1,0,5,5,1,14,6,12,9,9,4,7,10,6,9,2,8,13,7,10,9,1,10,8,4,12,5,0,5,0,0,1,2,1,1,4,5,4,183,165,24,18,25,29,17,140,124,143,117,116,44,156,162,61,137,141,13,14,0,5,7,171,147,163,159,150,17,31,30,22,16,17,16,27,30,24,28,16,22,29,21,18,17,16,16,19,29,29,19,17,28,30,30,23,25,20,26,20,19,27,23,21,30,79,9,4,12,10,7,12,14,12,15,12,3,8,15,8,14,10,0,1,4,11,7,15,13,13,5,7,8,15,7,4,180,147,158,174,203,26,22,27,21,21,19
29,31,30,79,13,12,5,13,12,14,13,13,3,0,3,9,6,7,5,13,0,12,9,12,13,14,2,15,7,7,4,10,12,7,14,4,10,8,4,15,13,4,5,14,4,15,0,6,15,9,13,8,7,10,10,15,14,8,7,8,3,10,12,8,9,2,7,9,113,108,26,18,24,29,28,30,125,144,118,117,45,157,163,62,138,142,121,49,54,54,146,172,148,164,160,25,28,29,16,17,21,24,20,26,22,16,25,25,18,28,30,25,28,23,19,16,16,27,19,22,16,28,17,21,20,29,17,25,19,19,24,22,28,76,5,15,3,14,6,3,15,12,2,2,14,7,14,10,11,14,13,4,5,11,1,2,6,7,4,13,4,15,10,14,181,148,159,175,20,31,22,20,18,18,21
28,29,23,76,7,7,5,15,14,3,15,0,4,9,8,2,1,15,8,12,15,15,11,13,8,12,14,13,10,3,14,7,6,9,5,3,6,8,5,9,1,2,13,0,4,9,15,4,10,13,3,10,7,6,5,7,5,15,2,9,5,1,8,5,12,12,12,12,13,199,19,27,21,30,21,26,19,145,119,118,46,158,164,63,139,143,122,50,55,55,147,173,149,165,17,17,26,24,18,29,31,31,18,27,30,18,23,30,16,29,25,20,17,26,18,27,17,21,29,29,17,19,26,27,25,18,31,25,18,24,22,19,18,77,5,5,14,9,4,6,15,3,2,15,13,2,14,10,4,0,5,4,7,13,7,5,7,6,10,7,2,13,15,9,182,149,160,29,20,29,28,22,16,20,23
28,31,30,77,0,2,3,14,1,9,14,1,4,2,3,4,11,14,13,12,2,5,14,10,9,8,5,0,13,13,13,11,9,4,3,14,12,5,5,13,3,14,8,5,13,14,8,12,4,2,14,0,13,6,10,0,5,2,7,8,13,5,15,7,2,15,12,0,156,200,27,29,17,16,28,18,26,22,120,119,47,159,165,20,140,144,123,51,56,56,148,174,150,26,24,20,21,26,19,24,27,21,23,24,17,19,29,26,24,25,18,22,17,26,19,18,17,27,30,23,19,21,23,18,29,30,16,21,22,31,26,23,26,76,1,2,1,5,13,12,0,15,5,15,2,13,2,15,4,2,11,0,2,9,0,14,3,5,4,14,7,9,4,5,183,150,30,29,30,29,24,31,28,31,29
24,31,20,189,3,3,13,1,6,9,8,3,14,14,11,5,8,9,5,4,5,10,1,11,5,5,5,14,4,8,10,12,0,0,9,13,0,9,6,2,2,8,3,2,7,4,11,6,14,12,0,3,6,6,11,9,0,9,13,9,10,6,3,9,10,9,12,146,157,201,31,19,23,17,22,25,16,28,22,120,48,160,22,23,29,145,124,52,57,57,149,175,21,22,26,27,30,19,31,30,28,17,26,29,28,19,29,21,17,28,28,31,28,26,16,29,20,26,19,26,16,22,30,31,18,31,19,18,23,24,26,24,28,77,14,13,14,3,11,0,6,4,7,9,5,13,13,0,7,12,3,0,11,9,9,12,5,1,13,10,5,8,1,15,84,18,20,20,27,16,30,24,26,23,23
26,18,31,190,176,15,15,8,2,7,11,5,11,14,11,15,5,13,12,12,4,5,11,7,0,12,4,12,11,8,14,1,4,1,4,15,15,10,3,7,8,13,3,8,5,15,7,12,9,3,12,9,15,1,0,9,13,6,5,15,14,1,9,14,14,7,156,147,158,202,31,16,23,24,21,24,20,27,28,29,22,22,28,28,21,22,125,53,58,58,150,21,16,16,21,17,19,25,28,23,22,28,21,17,16,30,16,25,27,28,28,20,28,29,25,25,30,20,20,20,17,17,17,21,21,30,22,18,18,29,25,19,18,76,13,15,4,9,13,13,5,8,13,13,12,11,1,4,7,13,11,8,0,10,2,9,3,6,8,5,4,11,12,0,85,30,23,31,24,22,21,29,21,28,30
29,31,31,191,177,3,6,6,4,6,11,1,9,10,10,11,10,0,10,7,0,9,14,6,7,2,9,8,5,2,7,9,13,11,15,14,13,4,12,0,14,8,12,14,14,14,2,0,7,10,0,0,13,10,4,1,2,1,2,12,15,0,1,12,2,161,157,148,159,203,30,21,19,16,22,29,18,17,20,19,31,18,20,19,25,19,23,26,22,31,26,16,29,20,21,25,30,24,30,22,21,31,22,24,24,26,26,24,31,16,23,29,31,31,25,25,31,20,23,23,25,29,26,19,16,27,29,20,17,23,23,21,21,77,13,4,8,14,10,10,0,15,0,9,10,5,7,6,0,13,15,6,5,1,11,2,3,14,10,15,13,11,3,12,86,17,19,24,30,27,18,18,16,30,28
24,26,18,192,178,13,12,12,8,6,15,2,14,10,7,15,10,7,1,12,6,2,15,4,9,7,1,7,9,1,3,1,14,2,12,7,13,0,10,6,1,8,6,4,8,6,1,6,4,14,13,5,1,3,0,1,12,10,10,7,2,9,14,12,156,162,158,149,160,31,29,31,16,29,22,25,22,31,31,17,18,22,29,31,30,27,26,31,17,26,19,24,20,21,21,29,17,19,18,28,22,26,19,30,22,28,26,27,19,30,24,31,24,18,24,26,30,19,29,30,18,26,19,29,18,26,24,26,28,31,29,29,30,184,10,7,10,13,0,9,14,6,14,2,1,9,5,14,14,9,1,1,0,0,14,13,5,4,1,3,4,3,7,1,87,28,22,29,19,17,19,23,17,31,22
28,17,25,193,179,4,13,8,8,6,2,4,3,7,8,7,9,4,15,7,5,4,10,2,14,2,5,15,2,4,9,15,15,9,3,14,1,1,13,15,15,6,10,6,9,10,5,3,10,4,7,15,15,4,2,2,14,6,151,141,6,8,1,166,157,163,159,150,25,28,25,17,29,30,26,25,18,25,20,30,30,29,30,20,19,27,31,22,23,25,20,18,25,20,26,21,30,24,25,20,26,17,19,31,26,28,28,29,22,31,26,23,27,18,16,27,30,21,27,28,18,16,31,25,19,26,20,17,30,30,20,22,31,185,141,8,15,9,11,0,1,11,15,2,12,12,0,15,0,9,6,13,14,15,0,11,1,5,3,7,12,1,5,12,91,28,31,20,20,17,19,27,18,18,19
18,29,20,21,189,7,9,4,6,11,10,1,14,10,8,2,1,15,7,0,1,5,3,9,4,9,7,13,1,2,3,12,5,2,6,9,12,9,2,11,6,7,15,3,2,15,14,10,15,15,3,1,4,13,4,15,13,151,152,142,136,64,161,167,158,164,160,27,26,30,26,25,31,20,29,26,21,31,25,21,30,19,23,18,31,24,30,17,17,21,18,25,16,28,27,31,31,30,25,27,28,22,31,28,22,18,18,30,25,18,18,21,24,21,27,31,27,31,16,18,17,18,29,17,22,20,17,27,17,31,16,22,30,186,142,121,5,6,8,1,3,1,11,10,2,15,11,14,9,3,11,7,11,13,1,15,0,8,15,5,11,7,3,7,199,25,28,16,21,24,27,27,31,18,16
24,22,31,26,190,176,1,2,1,14,0,4,10,5,3,13,2,8,3,0,5,5,3,14,4,9,0,14,11,2,15,3,5,0,11,5,4,59,9,9,2,7,15,3,14,4,8,11,5,9,4,8,4,1,11,2,171,152,153,143,137,65,162,168,159,165,18,31,17,17,20,19,26,21,23,19,18,30,27,17,30,23,23,31,25,16,22,31,27,19,24,25,17,30,19,17,26,30,31,25,24,17,31,30,20,24,31,26,31,21,18,18,28,19,26,27,31,23,19,31,21,24,19,17,16,17,31,23,31,26,16,19,29,187,143,122,116,7,6,2,3,12,3,15,11,9,14,6,11,4,9,1,11,13,3,5,8,5,11,15,6,6,10,161,200,24,27,23,24,29,18,28,19,17,30
24,22,27,24,191,177,13,2,8,1,8,2,15,8,12,2,6,9,7,3,12,8,13,14,15,13,9,2,5,1,3,15,11,13,2,9,146,60,126,4,15,2,14,0,6,14,8,13,4,3,13,6,3,9,9,161,172,153,154,144,138,66,163,169,160,22,21,23,22,16,29,18,26,25,27,16,19,20,18,18,17,25,22,29,17,31,28,17,17,28,18,19,24,30,25,28,31,18,31,20,20,25,18,24,18,26,30,24,16,25,26,27,23,31,27,31,23,21,20,28,24,24,29,25,29,30,26,16,30,22,20,30,25,188,144,123,117,136,9,11,12,10,0,12,14,11,10,8,2,7,6,2,2,13,10,10,8,5,12,14,11,11,156,162,201,23,26,21,25,23,16,29,16,26,20
24,20,22,18,192,178,4,14,1,0,15,9,5,9,13,2,0,10,9,14,3,9,7,8,3,0,8,14,11,12,2,7,6,0,0,156,147,61,127,126,9,11,15,10,7,6,5,12,4,9,14,11,7,5,156,162,173,154,155,145,139,67,164,170,28,28,23,25,24,22,23,20,20,19,29,25,29,18,24,29,21,23,31,29,20,26,25,19,27,18,27,28,23,31,21,29,30,19,26,30,16,25,21,24,23,21,22,23,29,28,28,18,23,30,31,29,31,28,28,31,17,21,17,25,16,25,22,23,18,21,24,18,26,24,145,124,118,137,126,6,10,8,12,5,2,0,7,15,14,12,8,10,12,5,12,13,10,6,5,4,5,171,157,163,202,24,29,23,23,24,29,17,16,24,19
31,21,26,24,193,179,14,7,12,2,5,3,0,1,10,10,13,7,5,6,6,12,3,10,1,15,3,9,4,13,4,0,8,5,171,157,148,62,128,127,126,0,2,4,3,15,15,4,0,3,7,12,0,156,157,163,174,155,19,20,140,68,165,22,28,21,24,23,17,29,24,16,29,28,30,25,16,22,19,31,27,26,23,18,19,29,26,29,20,29,17,23,21,19,27,16,26,16,25,24,26,25,17,27,27,24,17,28,31,19,24,17,28,19,22,18,24,21,31,23,19,24,20,24,18,24,23,16,30,19,21,21,20,20,22,125,119,138,127,136,11,14,15,10,4,9,4,14,11,1,3,5,6,4,13,11,3,11,3,11,171,172,158,164,203,21,30,22,30,21,25,30,31,18,28
19,29,23,98,36,101,13,14,7,11,1,7,8,6,9,7,1,6,0,7,15,14,8,13,3,13,6,13,0,2,10,9,8,151,172,158,149,63,129,128,127,141,6,2,6,3,2,10,9,6,4,10,146,157,158,164,175,18,19,16,16,30,16,18,18,30,29,21,17,18,21,27,23,19,17,19,25,22,24,19,29,17,22,22,20,21,29,22,27,24,18,20,29,31,24,26,27,22,21,16,17,21,21,25,22,30,17,22,27,25,23,21,18,17,27,19,18,21,25,16,22,30,16,19,30,28,22,25,30,16,24,19,26,30,21,23,120,139,128,137,116,12,2,14,3,12,7,6,11,0,8,11,2,12,14,8,2,2,5,151,172,173,159,165,23,28,20,22,16,20,16,26,30,20,31
19,28,98,101,37,3,8,11,15,0,7,2,15,2,12,8,2,12,13,7,3,9,2,15,8,2,0,13,3,11,0,0,166,152,173,159,150,25,130,129,128,142,136,7,13,6,4,6,3,7,0,171,147,158,159,165,20,21,19,31,18,20,23,31,27,18,29,29,25,16,16,17,18,31,17,20,24,25,24,16,26,27,17,22,21,18,23,20,26,29,26,30,26,24,19,19,23,18,30,17,31,27,16,31,27,23,27,29,18,21,22,29,26,27,18,22,28,29,30,23,18,24,18,16,31,28,16,29,20,31,27,26,23,18,23,21,26,140,129,138,117,126,11,10,3,12,0,12,4,6,12,11,5,13,4,3,11,8,146,152,173,174,160,27,16,26,19,28,25,30,17,26,30,31,20
31,29,189,2,13,8,13,7,2,4,11,6,14,6,5,1,9,8,7,9,14,7,6,7,4,15,13,15,12,1,0,156,167,153,174,160,25,31,19,130,129,143,137,141,9,0,10,12,1,1,151,172,148,159,160,26,23,20,22,20,18,31,23,23,21,22,26,21,26,27,24,20,27,29,31,17,22,22,27,31,30,27,27,23,18,28,20,17,21,18,21,19,30,30,20,26,29,20,30,30,26,24,24,26,31,30,23,24,25,27,21,26,28,28,22,27,20,26,30,22,27,18,29,20,25,17,16,22,28,30,26,29,16,22,27,28,26,19,130,139,118,127,141,6,3,13,12,1,15,10,12,10,3,4,2,7,14,171,147,153,174,175,23,30,28,17,22,25,31,30,29,28,27,19,21
23,31,190,131,9,15,7,0,9,7,1,6,0,7,5,11,13,12,2,4,13,9,4,4,10,15,12,1,3,15,151,157,168,154,175,25,24,22,16,25,130,144,138,142,116,12,14,14,2,156,152,173,149,160,19,19,26,20,17,25,29,28,16,27,16,19,19,18,21,31,27,19,22,17,31,16,30,19,16,26,19,24,24,17,18,21,17,17,19,29,19,31,23,17,22,29,16,18,23,27,21,23,22,25,22,20,23,31,21,23,26,17,18,22,20,31,27,29,27,29,18,31,29,23,19,20,17,22,21,30,24,28,16,17,28,28,16,31,29,140,119,128,142,126,4,13,3,1,13,7,3,12,7,0,4,14,161,172,148,154,175,21,28,22,16,17,26,19,23,28,23,17,26,17,17
23,31,191,132,131,10,8,14,5,2,11,13,8,3,3,10,6,12,14,5,12,4,3,10,15,2,12,5,6,166,152,158,169,155,31,21,26,28,22,17,31,145,139,143,117,121,5,13,171,157,153,174,150,30,27,29,29,16,25,20,29,23,27,29,30,19,24,17,20,22,28,20,17,25,24,27,18,29,22,19,26,20,29,23,26,21,30,24,22,24,24,29,27,19,27,18,31,24,31,17,23,27,26,22,17,20,20,30,29,19,20,24,28,23,31,29,24,18,23,24,23,20,19,24,19,19,19,30,25,24,18,31,21,21,18,26,29,24,28,26,120,129,143,127,141,59,54,64,59,49,44,64,49,69,54,151,162,173,149,155,22,29,20,17,28,23,25,18,17,25,31,29,23,29,29
24,28,192,133,132,121,9,8,6,13,5,1,14,1,5,15,7,9,14,44,54,13,1,10,12,9,6,11,151,167,153,159,170,17,24,27,27,28,21,31,22,16,140,144,118,122,136,161,172,158,154,175,17,19,31,16,16,30,22,26,26,27,21,23,21,17,23,29,23,24,24,25,19,25,26,18,30,29,31,19,29,16,23,16,21,22,29,25,19,20,21,24,26,25,18,31,29,16,23,25,21,30,23,16,30,21,22,30,27,28,25,17,30,24,25,17,26,16,20,17,28,18,18,30,20,30,27,30,31,20,29,20,17,21,16,30,27,27,18,26,28,130,144,128,142,60,55,65,60,50,45,65,50,70,55,152,163,174,150,17,24,27,24,19,21,26,26,19,27,30,18,21,31,26,30
27,16,193,134,133,122,141,4,11,1,3,13,6,4,9,2,8,13,171,45,55,121,14,6,14,0,14,151,152,168,154,160,24,16,26,19,24,18,29,18,21,27,28,145,119,123,137,162,173,159,155,27,16,19,27,22,28,26,23,19,28,16,20,22,20,23,27,19,30,20,22,28,16,28,22,24,30,31,26,23,16,27,27,31,22,29,21,26,29,28,31,27,23,25,20,16,23,25,26,25,22,25,30,26,16,31,21,28,16,27,29,17,18,29,17,29,25,29,26,19,18,18,22,21,19,18,29,19,19,28,19,22,24,17,22,21,29,23,19,16,25,24,145,129,143,61,56,66,61,51,46,66,51,71,56,153,164,175,20,23,18,27,30,29,30,30,21,26,19,31,27,29,26,25,16
16,17,27,135,134,123,142,116,10,8,9,3,8,15,0,8,8,146,172,46,56,122,136,6,9,9,151,152,153,169,155,31,29,25,29,17,27,29,19,19,27,28,23,28,120,124,138,163,174,160,16,27,31,21,30,23,21,21,16,17,29,22,22,29,21,25,22,17,17,16,21,26,27,29,20,23,23,16,16,30,17,17,18,26,30,24,26,31,31,25,24,31,29,16,20,17,19,26,26,31,23,31,29,17,25,26,17,27,25,25,25,22,30,26,26,23,29,25,19,30,23,20,18,31,21,20,28,28,21,28,29,31,28,19,18,22,21,27,26,24,21,22,27,130,144,62,57,67,62,52,47,67,52,72,57,154,165,18,28,28,30,18,24,30,23,22,25,31,27,30,21,28,20,21,30
22,23,17,31,135,124,143,117,126,11,13,9,10,0,9,13,171,147,173,47,57,123,137,131,64,156,152,153,154,170,27,31,30,22,27,30,22,26,18,20,21,16,23,24,23,125,139,164,175,31,21,21,23,19,19,27,17,16,31,18,21,21,21,18,22,17,27,28,23,23,22,27,20,24,26,17,25,26,26,27,19,29,30,17,23,21,27,24,24,17,25,18,16,17,27,23,31,24,21,29,23,24,20,24,19,21,29,23,27,29,26,20,25,17,17,22,16,25,21,31,24,24,24,18,17,22,31,25,16,29,20,20,21,19,17,29,31,21,16,16,29,19,20,25,145,63,58,68,63,53,48,68,53,73,58,155,27,22,21,20,28,16,30,28,27,22,22,21,23,17,26,16,24,28,16
27,22,20,17,31,125,144,118,127,141,9,14,14,3,4,161,172,148,174,48,58,124,138,132,65,157,153,154,155,31,28,24,20,21,25,30,20,24,25,27,23,30,29,26,26,27,140,165,31,29,30,27,26,26,29,17,17,25,18,31,16,20,28,23,20,30,18,26,24,28,16,22,16,27,31,31,31,27,30,27,21,24,29,22,23,17,27,21,26,18,30,28,24,22,24,31,28,26,23,26,21,19,19,28,17,22,18,28,20,24,24,31,16,16,17,22,27,21,31,20,22,31,23,16,19,26,17,19,26,16,25,21,19,27,20,23,17,23,20,31,19,18,27,23,20,31,18,20,17,27,17,30,31,20,24,28,30,20,17,25,19,26,22,29,26,29,27,17,23,31,20,19,31,16,25
30,17,30,27,31,20,145,119,128,142,141,49,64,49,161,162,173,149,175,17,30,125,139,133,66,158,154,155,27,26,28,16,31,17,17,24,25,17,28,27,21,25,18,17,23,18,16,23,29,25,21,18,20,23,17,31,21,24,26,24,29,17,21,28,20,18,20,21,19,16,26,16,27,31,26,29,27,29,23,21,19,16,29,23,23,30,24,29,16,19,31,27,28,23,27,18,20,27,20,26,16,22,22,20,23,23,22,21,31,29,18,23,28,22,20,17,23,31,23,24,31,24,21,18,26,27,27,24,26,24,18,26,16,22,18,31,22,27,16,22,18,17,19,18,20,18,19,22,17,24,17,23,18,23,28,26,31,19,21,20,26,22,20,28,28,19,23,27,30,21,30,21,16,24,24
28,22,18,27,22,17,19,120,129,143,142,50,65,50,162,163,174,150,25,31,29,19,140,134,67,159,155,18,31,26,27,27,27,17,17,20,27,24,30,27,18,16,24,19,21,25,30,19,22,20,20,23,27,26,31,21,26,30,29,29,31,23,31,20,22,20,21,22,30,27,20,28,23,21,22,23,30,27,23,24,19,22,28,24,30,19,31,31,24,18,29,24,19,20,20,17,19,18,20,30,24,27,16,30,31,25,28,17,21,28,19,26,28,31,17,16,21,16,27,25,23,29,25,24,24,18,17,18,16,18,30,19,21,20,30,23,31,29,18,30,25,19,29,24,29,30,17,16,30,21,29,18,22,26,26,25,16,30,17,23,25,24,22,16,26,27,27,30,25,25,21,17,21,26,24
17,27,17,16,24,30,24,29,130,144,143,51,66,51,163,164,175,25,20,17,21,19,19,135,68,160,30,20,17,18,29,21,24,26,23,31,29,24,18,24,24,17,23,24,16,24,30,26,18,28,27,23,21,25,29,23,20,18,24,31,28,25,22,27,24,28,26,19,19,18,27,16,26,28,26,25,17,18,25,26,31,27,28,25,16,21,30,17,22,27,21,16,27,25,22,16,26,28,23,17,21,28,17,18,19,23,17,19,31,24,16,24,16,22,25,24,20,24,26,29,17,17,27,17,25,23,22,29,29,16,17,27,24,20,16,28,17,23,25,24,16,25,26,22,22,25,16,20,21,23,28,26,16,25,18,25,28,26,23,28,17,25,17,20,30,19,26,28,22,18,21,26,31,28,26
20,28,23,28,30,29,23,21,24,145,144,52,67,52,164,165,23,29,28,24,28,30,16,23,27,26,28,16,16,24,18,21,25,31,27,31,20,16,21,25,18,19,24,28,28,16,31,26,31,18,19,17,27,18,22,28,19,30,26,24,23,24,17,23,27,19,24,20,26,26,29,25,20,21,21,30,27,30,31,21,27,31,22,22,17,24,23,26,24,21,28,23,24,16,24,26,25,21,23,25,17,27,22,28,31,20,20,27,29,31,30,23,22,28,18,28,21,23,25,23,16,26,26,24,25,29,19,25,16,21,31,16,29,20,21,24,25,29,18,24,19,23,16,30,19,25,25,25,28,17,26,22,20,28,28,27,21,17,19,19,30,24,28,19,31,17,30,23,23,23,18,25,23,16,16
29,18,16,29,31,31,30,27,18,31,145,53,68,53,165,19,30,28,28,31,21,20,22,20,22,17,20,18,28,30,19,17,22,20,21,30,29,18,30,29,16,27,28,21,19,17,25,19,17,26,31,24,20,26,23,24,29,16,23,19,23,19,21,23,28,19,18,29,24,29,26,26,18,29,17,19,26,30,18,21,29,24,30,25,18,25,16,31,24,25,31,21,27,19,27,19,31,25,17,22,18,22,28,27,25,17,21,16,21,23,22,16,31,24,29,25,25,21,30,31,31,29,22,31,27,17,31,17,30,21,25,25,21,27,22,17,21,17,31,27,17,29,23,23,26,26,22,27,18,26,23,27,20,30,16,17,23,29,30,21,21,17,17,31,23,21,18,28,29,19,16,19,23,30,16
25,30,24,21,18,24,21,27,25,29,26,16,29,17,19,23,24,30,19,29,23,17,26,26,21,29,29,18,25,19,20,21,24,26,19,30,24,29,17,28,22,28,19,26,25,22,31,25,19,31,31,24,17,19,26,18,20,21,31,27,21,30,25,21,31,22,27,30,29,29,24,27,18,16,21,20,21,20,16,29,31,21,25,31,31,18,23,30,16,28,18,30,20,26,20,30,29,27,20,31,25,29,21,24,19,28,18,20,21,19,27,28,17,19,26,28,26,17,31,16,20,28,18,27,16,30,26,31,18,26,21,21,25,17,20,27,25,20,27,17,17,20,29,31,17,23,18,28,20,24,20,26,22,22,22,21,23,25,24,16,27,18,25,16,26,16,25,16,22,31,27,23,21,18,19
18,23,20,31,23,28,19,26,21,21,27,26,26,21,16,24,24,29,31,17,27,19,22,20,18,16,28,24,16,27,20,19,24,27,24,22,29,22,21,18,31,21,26,20,23,30,20,29,28,26,17,22,18,27,25,30,17,29,20,29,25,25,18,20,25,16,23,27,28,18,22,21,16,27,27,16,20,16,24,16,22,29,29,20,25,31,26,25,20,27,30,25,27,28,19,23,18,19,22,26,19,29,21,29,17,27,20,17,19,17,18,31,23,19,19,20,23,19,24,24,20,21,18,16,17,28,31,16,19,19,22,25,20,20,17,28,24,21,28,17,19,18,30,31,17,21,29,25,16,17,26,25,29,25,29,20,30,16,22,19,16,30,27,19,16,26,16,23,23,23,24,21,24,25,23
31,27,26,22,21,30,18,24,20,27,27,26,16,25,19,22,20,30,21,24,31,24,19,21,30,26,23,20,31,25,25,30,22,29,19,27,16,17,22,24,24,23,24,16,25,22,20,19,27,24,20,20,24,23,20,25,27,19,23,23,26,16,16,16,23,16,27,20,24,23,19,27,24,25,29,24,21,29,29,26,31,24,21,28,23,26,17,28,16,28,20,24,23,29,30,20,28,19,18,28,21,30,18,29,24,24,24,31,22,21,27,29,28,27,16,22,23,19,30,17,28,28,28,30,23,16,30,17,27,30,23,30,24,25,19,26,16,28,25,23,31,29,31,19,16,22,26,17,20,27,23,24,23,28,29,22,30,23,22,24,26,20,22,28,20,16,21,24,27,23,26,18,27,25,31
30,30,29,31,22,25,22,19,26,18,23,23,17,28,29,21,18,28,19,31,17,31,31,22,24,31,22,30,16,19,27,27,16,26,31,28,25,31,30,31,20,26,27,26,18,25,24,17,25,18,29,18,31,28,31,25,27,17,26,31,25,23,19,21,28,25,21,27,30,28,21,16,26,27,18,22,19,21,30,19,16,31,25,22,25,23,22,26,18,19,17,20,21,21,21,31,21,18,20,22,31,20,18,16,20,24,30,24,18,28,24,17,21,16,29,23,27,25,28,24,30,26,21,25,21,31,27,31,29,16,26,21,27,21,29,23,30,26,23,24,26,27,28,17,17,20,20,17,23,31,16,30,23,31,19,16,18,16,24,25,31,20,29,18,25,16,29,21,17,20,30,17,18,17,25
