3,4,3,2,15,12,9,7,9,542,34,46,42,43,40,39,42,46,46,32,33,38,33,41,41,43,584,590,8,4,5,12,600,611,546,565,152,75,66,74,69,67,78,71,64,78,71,64,71,64,67,64,66,76,68,65,71,69,68,77,64,72,75,64,71,70,66,66,66,70,72,72,78,67,68,68,77,75,76,65,72,68,68,68,78,78,65,64,71,71,68,64,67,66,68,72,77,79,74,66,74,67,66,64,68,64,79,70,74,73,71,68,68,69,69,75,66,78,65,64,66,64,70,65,76,79,67,66,78,69
600,556,556,556,556,557,557,557,557,596,41,41,40,40,41,34,32,34,38,35,41,42,35,32,37,46,35,538,1,9,0,14,543,539,4,7,153,78,67,68,74,70,67,79,76,66,65,77,71,71,78,67,67,79,65,75,71,64,69,75,65,72,70,79,78,69,78,70,75,68,77,77,67,79,64,65,70,69,67,77,64,66,65,79,76,69,76,71,74,75,76,77,70,78,66,65,76,77,71,65,75,74,64,76,67,78,71,77,76,74,69,78,64,65,72,69,69,67,76,79,74,64,65,64,77,65,72,70,72,68
598,43,35,42,34,34,44,563,547,548,548,570,32,45,38,32,34,37,44,32,44,37,46,42,47,35,36,35,40,585,555,593,540,584,590,0,155,65,77,65,74,73,66,66,79,75,70,75,74,73,75,65,66,78,65,68,68,66,74,75,73,68,72,74,77,76,76,69,68,75,68,72,69,69,70,64,68,70,67,79,65,70,73,66,72,65,73,73,70,71,64,69,66,69,65,76,64,64,75,65,66,77,69,72,75,73,78,78,72,79,76,74,64,64,66,76,78,76,69,77,78,78,64,77,68,70,71,71,66,73
44,46,32,43,32,42,37,584,590,14,603,595,38,33,45,43,44,39,35,45,43,39,40,35,36,37,38,39,34,34,36,537,579,548,567,9,173,174,67,69,69,71,76,73,75,65,66,74,72,79,78,75,67,78,71,69,71,70,70,65,64,69,68,71,72,64,69,71,77,75,66,67,77,72,67,65,79,76,75,69,71,76,68,68,78,65,70,72,76,78,76,73,68,69,75,64,71,77,69,69,73,66,70,64,68,66,64,64,70,79,71,76,67,77,77,78,71,74,77,78,76,68,78,76,69,65,77,72,69,65
37,39,37,46,32,42,34,37,534,0,545,43,42,34,33,37,33,35,42,36,38,46,33,47,39,38,32,46,41,37,33,537,3,14,9,14,133,263,73,72,72,73,71,78,74,79,66,71,76,75,79,72,78,75,78,65,76,75,74,70,75,68,67,79,76,66,67,65,79,70,70,71,72,70,68,73,65,65,71,76,67,73,79,74,76,78,76,71,67,70,64,78,69,72,77,78,68,79,74,65,73,73,71,66,65,75,72,72,79,71,79,75,76,64,72,71,69,64,67,73,68,73,69,78,65,72,76,79,64,76
39,47,45,35,36,35,35,563,608,553,594,32,46,43,39,42,36,46,44,39,32,42,34,38,39,39,33,41,40,45,558,568,12,6,9,215,134,264,72,70,64,73,162,106,170,65,79,69,74,79,64,64,67,74,71,71,79,78,72,76,77,158,106,96,106,96,102,102,100,102,98,106,168,71,76,78,71,66,77,65,69,74,76,67,71,156,100,98,100,104,100,100,96,102,102,104,98,100,106,96,104,96,102,96,98,102,102,106,96,98,100,96,168,65,69,77,78,69,65,74,71,68,66,78,75,77,69,69,64,72
44,45,44,36,34,32,561,569,541,33,32,33,43,34,45,40,43,46,33,40,42,46,39,42,34,32,42,34,39,46,536,14,4,15,235,216,135,265,74,71,75,74,154,107,175,104,96,98,96,104,100,98,100,100,100,100,106,106,104,98,100,165,107,97,107,97,103,103,101,103,99,107,169,168,64,70,74,78,78,75,74,66,75,76,166,161,3,4,6,5,6,7,9,4,15,3,10,12,1,5,4,5,2,12,7,2,13,7,11,99,101,97,150,76,67,70,75,69,69,65,68,78,78,71,69,68,66,65,68,72
37,47,41,43,43,34,537,603,598,44,34,42,37,33,559,546,572,42,36,38,40,41,42,35,563,549,549,570,43,560,565,1,1,210,236,217,136,266,68,67,65,162,165,10,15,105,97,99,97,105,101,99,101,101,101,101,107,107,105,99,101,14,3,10,9,12,3,8,1,5,428,432,12,175,176,78,72,73,74,71,68,77,73,162,167,13,603,552,552,552,555,552,589,11,1,4,7,1,5,8,2,5,13,9,8,7,6,4,1,15,428,434,151,71,71,64,76,64,66,66,67,79,70,73,76,69,78,64,66,77
37,47,40,45,39,43,584,598,42,45,33,46,45,561,566,9,579,574,46,561,546,574,40,560,568,426,432,544,40,536,7,12,215,211,237,218,137,267,77,78,160,163,12,1,602,554,553,557,555,556,557,552,553,556,555,555,555,553,591,15,1,0,4,15,13,10,10,9,7,5,414,417,9,3,173,172,75,77,71,68,73,74,160,167,10,2,542,35,46,38,45,37,536,0,14,5,11,10,9,8,3,2,13,7,8,12,4,2,4,0,415,418,146,68,77,73,74,76,77,70,67,65,74,78,78,64,68,72,69,76
41,43,37,42,40,43,43,39,46,42,45,33,43,537,3,1,15,577,549,565,11,543,558,569,9,416,419,579,547,566,0,210,216,212,238,219,71,64,72,162,157,13,10,602,597,35,45,43,40,38,38,43,37,39,34,41,40,39,534,11,15,11,4,5,7,14,4,2,15,9,439,445,427,433,15,169,178,79,70,67,73,160,161,3,603,556,598,39,35,38,46,34,537,13,0,5,2,2,6,5,12,4,1,15,15,3,7,6,10,0,414,417,147,76,77,77,71,64,77,71,73,73,74,65,74,64,67,78,74,75
34,32,40,43,43,42,41,34,43,32,41,47,41,538,427,420,434,5,14,6,14,2,12,14,5,439,444,3,6,13,220,211,217,213,239,67,73,75,166,165,2,12,602,598,44,38,44,41,37,559,549,570,44,34,561,550,570,35,536,3,12,12,11,11,7,13,9,8,12,0,12,15,438,452,433,5,177,176,65,71,160,167,14,600,598,34,43,40,33,40,46,42,537,15,5,4,7,6,3,14,3,9,1,12,13,2,3,0,2,15,414,417,152,79,75,64,75,65,70,72,65,69,77,64,73,79,64,69,65,73
40,47,33,35,38,45,35,46,36,40,35,34,559,567,438,424,444,15,0,3,15,6,1,6,427,433,11,8,3,210,221,212,218,214,70,64,79,160,167,12,605,552,596,35,561,550,570,46,33,538,15,543,34,38,535,10,545,37,538,13,8,7,6,11,6,13,0,14,13,2,428,421,422,431,419,5,5,177,96,106,159,15,603,594,43,37,38,42,33,40,33,45,537,15,0,7,10,2,15,7,12,0,5,1,3,15,1,600,557,555,416,419,153,78,67,67,79,72,72,75,74,67,65,76,74,71,67,68,78,74
46,35,45,47,43,42,46,44,38,47,35,44,538,426,422,433,427,421,421,432,9,426,433,426,431,418,12,8,220,211,222,213,219,72,67,65,160,157,11,603,597,35,45,41,539,11,544,38,38,586,553,599,42,40,584,556,594,45,537,10,1,2,10,7,6,14,6,14,5,426,431,56,60,55,437,422,433,9,97,0,9,4,542,32,43,47,32,37,47,43,32,563,565,1,14,14,15,3,10,9,15,1,7,8,1,0,603,595,42,45,416,417,150,66,74,65,73,74,71,72,75,79,68,79,64,70,72,69,73,66
32,40,34,37,40,47,38,35,40,44,40,43,538,439,424,444,438,424,425,444,15,416,417,440,423,446,15,215,221,212,223,214,67,68,70,160,161,13,602,594,38,46,44,563,569,605,597,40,41,37,42,38,558,573,43,43,44,561,569,15,7,10,2,11,1,1,7,15,428,429,62,56,55,55,61,57,437,433,11,5,605,556,596,44,38,34,32,47,46,42,39,539,14,12,522,472,510,5,10,4,6,7,15,15,5,604,599,44,32,38,414,419,151,78,77,69,79,77,79,74,71,72,77,71,71,71,64,71,64,77
43,46,43,39,36,34,42,46,42,42,33,47,534,10,11,13,14,427,420,434,12,439,445,14,10,1,244,216,222,213,224,70,76,78,162,167,6,2,544,40,560,546,575,539,13,541,37,46,558,551,550,549,569,544,43,38,563,565,2,7,5,5,6,8,12,426,432,428,429,56,54,449,423,442,61,52,50,437,432,1,541,36,37,42,41,38,43,45,33,562,546,566,2,524,515,23,456,8,9,10,13,9,5,1,14,540,35,37,47,562,416,417,150,69,69,77,74,69,76,70,68,68,70,78,73,68,77,77,71,70
43,43,39,35,36,43,44,42,35,33,44,562,566,428,422,432,7,415,56,419,3,0,3,11,10,3,245,217,223,214,66,68,73,166,163,11,15,604,595,39,537,15,544,583,554,597,47,35,537,12,4,14,10,541,40,33,536,8,426,422,434,12,12,7,426,429,437,429,56,448,423,446,7,440,423,443,59,48,419,10,540,39,43,32,40,45,45,563,551,568,9,15,520,514,31,482,489,8,1,13,5,4,11,1,602,597,34,43,38,539,416,417,151,77,76,71,68,75,71,68,71,76,66,67,65,65,76,72,78,69
43,39,40,44,42,41,36,38,44,34,559,569,13,439,423,444,8,438,424,452,422,433,9,3,13,9,246,218,224,78,70,64,158,157,1,5,2,543,32,40,586,556,595,42,563,550,575,35,538,5,14,2,13,545,33,560,565,5,414,61,437,433,9,0,438,441,50,49,55,419,15,3,4,15,15,416,50,57,435,434,576,549,571,41,42,33,34,538,5,12,15,0,496,490,483,486,11,3,8,15,3,15,3,602,599,45,41,39,563,565,416,417,148,71,79,78,72,72,71,78,65,72,77,68,70,76,75,69,64,68
45,45,34,42,36,38,46,38,38,45,536,427,434,12,13,7,428,422,421,451,423,446,8,428,434,5,247,219,66,65,65,162,163,428,421,421,433,576,573,46,33,35,47,35,537,6,540,560,568,11,11,15,1,578,548,569,13,15,439,442,62,418,5,10,3,415,55,448,425,445,605,554,590,11,7,439,441,52,57,417,0,6,541,47,35,45,41,534,6,8,6,10,14,499,489,0,10,13,13,9,2,12,7,544,38,39,34,563,565,2,414,418,149,65,74,74,64,64,64,78,67,69,65,77,74,68,70,69,73,77
34,559,574,46,43,39,37,37,44,40,535,439,446,0,13,5,439,424,441,418,426,422,420,431,437,434,173,168,73,79,158,167,15,416,59,61,435,433,577,571,44,45,39,47,584,556,596,539,7,5,10,2,3,2,1,14,4,12,9,440,443,437,420,421,422,429,62,417,12,4,541,47,534,603,554,592,440,423,441,435,433,14,580,571,47,33,34,583,593,5,1,5,11,7,15,5,1,7,5,10,0,4,604,595,41,46,562,564,9,6,415,419,152,70,79,68,77,64,74,75,71,77,68,67,65,75,76,72,71,73
40,539,581,550,549,574,32,37,38,562,566,13,14,7,5,8,13,11,439,446,414,62,50,51,55,419,3,173,100,96,165,426,420,450,442,56,58,417,7,540,40,34,36,34,46,33,561,568,14,6,15,9,11,6,1,9,11,6,4,426,430,54,55,49,50,60,447,445,11,604,596,560,607,594,45,584,553,588,440,441,435,422,432,581,546,573,44,45,586,588,1,14,13,11,0,15,13,5,6,7,12,3,543,40,37,561,569,0,1,3,415,417,153,70,78,68,72,67,74,64,69,77,77,67,66,77,68,78,73,72
44,536,12,3,4,540,39,562,548,566,9,10,12,14,9,10,6,9,3,1,440,425,441,48,53,435,422,434,101,97,428,430,60,435,451,442,62,418,15,581,574,47,47,561,549,547,567,9,9,13,12,13,0,6,2,3,7,2,10,416,57,448,441,56,55,447,446,604,557,594,46,584,599,36,42,43,46,586,590,438,442,58,437,422,432,580,574,40,45,535,7,11,11,4,12,13,0,0,5,10,11,13,541,35,562,568,1,1,600,557,416,417,148,69,73,68,73,68,69,78,76,75,76,68,75,72,68,64,70,76
33,535,603,554,592,580,550,564,7,427,420,433,604,556,590,8,8,5,6,113,123,8,440,443,56,53,60,437,434,4,415,58,53,62,436,429,58,418,9,13,578,547,547,565,525,509,0,15,11,0,8,2,3,5,15,11,3,426,420,450,425,444,438,423,425,444,602,596,40,560,571,39,46,33,41,45,43,44,536,0,415,57,58,57,419,13,579,550,551,564,0,4,426,422,434,12,10,0,8,6,10,14,579,551,564,14,8,603,599,38,414,419,149,68,65,70,70,74,71,78,74,66,64,67,79,78,75,70,67,75
551,608,596,38,534,11,15,12,4,440,425,445,540,45,535,4,11,12,230,114,124,200,2,416,52,53,54,54,436,433,439,442,60,447,441,53,449,444,10,14,3,11,8,11,496,484,4,8,10,15,11,9,2,12,8,7,15,438,441,418,3,13,15,12,0,603,596,38,561,609,596,36,561,575,38,39,33,47,534,1,439,441,48,53,436,421,433,6,14,1,15,426,430,53,437,432,2,2,8,7,10,0,7,12,2,15,605,598,36,37,415,418,148,71,69,74,70,70,64,70,71,79,75,76,74,68,79,65,72,65
8,542,40,34,534,427,420,421,433,8,604,557,612,547,566,4,7,210,231,115,125,201,240,415,53,54,60,48,60,436,433,439,423,444,439,425,446,9,6,10,8,5,11,1,2,2,15,1,6,8,13,13,12,9,15,604,553,592,440,444,5,13,4,10,7,541,45,561,569,540,45,561,568,579,572,44,32,38,535,3,11,440,443,50,55,54,435,432,13,14,2,439,423,443,58,418,5,12,6,1,15,6,10,13,11,603,594,45,32,43,414,418,149,66,68,71,64,79,73,76,78,70,69,79,70,75,66,72,73,75
15,580,572,43,538,439,423,425,446,600,599,32,534,7,9,12,220,211,232,116,126,202,241,438,441,48,60,55,51,57,435,434,13,15,15,13,5,1,6,1,13,10,13,13,2,0,5,6,9,9,2,5,6,605,556,595,43,584,553,589,8,10,13,9,4,577,547,566,10,540,34,535,6,13,545,41,38,560,569,7,5,11,438,442,50,59,52,436,433,1,6,1,12,416,449,445,5,8,11,9,12,0,3,605,552,598,46,35,45,37,416,417,146,66,64,69,77,76,75,70,74,69,64,69,79,71,65,73,70,75
603,556,595,561,564,10,9,8,7,541,47,42,535,3,15,235,221,212,233,117,127,203,242,4,414,57,60,54,60,48,61,436,432,14,13,13,9,8,7,8,3,0,1,11,7,11,11,15,8,9,4,7,603,598,41,40,47,41,35,534,3,3,5,8,3,8,4,7,9,576,548,566,13,12,579,548,550,567,0,10,8,15,10,439,442,62,59,61,437,432,11,13,1,438,445,5,14,14,14,2,5,11,605,596,41,36,36,37,562,549,414,417,147,64,73,73,78,70,64,78,75,69,78,79,76,71,69,68,69,78
541,34,34,538,3,12,1,1,2,577,570,46,536,8,230,236,222,213,234,77,71,204,243,426,431,52,60,58,56,58,62,48,437,432,0,6,2,15,0,6,5,3,10,2,15,13,8,5,4,5,14,605,598,35,45,40,40,33,47,587,590,1,3,14,9,14,14,2,8,1,12,6,15,3,0,5,7,13,1,15,7,3,7,8,439,441,63,60,58,419,8,11,9,10,11,11,14,3,1,6,7,602,598,32,40,45,33,35,534,428,430,418,150,68,64,75,70,64,77,73,69,67,73,69,65,67,76,65,66,76
576,550,546,566,603,588,3,605,592,0,580,550,566,220,231,237,223,214,72,69,74,162,167,414,61,61,48,62,57,49,48,49,62,435,432,2,1,15,6,0,9,0,0,13,2,6,15,9,11,3,9,545,45,32,33,32,43,35,42,32,586,589,2,10,4,12,11,8,15,0,10,14,10,5,9,0,7,7,6,9,0,4,3,6,0,438,441,60,57,419,6,15,14,8,0,14,11,6,10,7,7,540,45,35,36,45,563,550,568,416,55,417,151,73,64,66,75,78,67,76,67,72,78,79,77,69,78,74,76,66
3,0,1,3,545,536,9,543,534,6,11,9,230,221,232,238,224,71,67,75,162,163,426,431,53,50,448,425,443,61,60,56,59,56,436,433,0,15,3,4,7,4,11,10,10,4,8,12,8,11,602,595,32,46,43,40,42,32,35,37,46,534,12,6,4,8,2,13,2,1,7,3,12,13,1,9,9,5,7,14,8,2,1,3,14,426,431,48,48,435,422,433,2,15,5,14,6,7,9,1,9,576,550,551,546,548,564,7,9,415,51,419,150,79,65,66,71,65,79,79,68,65,72,70,72,74,68,72,75,68
10,10,2,15,581,568,8,580,564,8,11,220,231,222,233,239,76,74,72,160,163,427,429,448,423,424,444,6,439,441,54,57,51,48,52,419,8,12,15,13,15,15,6,4,1,13,6,11,2,603,596,46,35,47,38,47,45,42,45,47,36,534,15,10,13,13,14,6,12,0,3,8,7,0,11,2,8,3,15,8,15,0,7,14,426,430,59,53,62,57,52,418,7,5,5,11,6,13,3,5,8,9,12,7,3,15,4,0,428,429,57,419,151,75,64,69,77,65,65,68,78,69,67,79,79,67,70,79,77,78
7,8,8,7,113,133,128,4,5,12,230,221,232,223,234,70,68,70,162,161,0,439,443,419,12,2,12,4,13,440,443,54,58,51,61,436,422,433,7,4,0,15,2,0,2,11,8,605,557,598,39,560,573,41,40,36,32,35,33,47,560,566,14,13,1,6,10,11,13,12,8,7,8,13,1,3,1,8,9,7,2,12,7,426,430,62,49,62,52,62,52,437,422,421,432,9,428,421,420,420,420,422,420,420,422,421,422,421,430,51,55,418,146,76,77,66,77,77,70,70,72,73,64,77,79,69,76,78,70,69
118,113,108,230,114,134,129,200,113,220,231,222,233,224,67,67,64,160,161,426,433,12,439,445,3,3,10,5,13,13,440,442,50,51,55,55,54,436,434,1,1,10,5,2,9,2,7,543,33,34,37,582,594,38,38,37,43,47,47,560,569,2,2,1,7,8,10,4,15,0,7,4,8,11,15,15,4,12,3,0,1,9,426,429,50,52,52,48,54,52,53,54,62,58,435,422,431,56,55,51,55,60,54,54,50,63,58,55,48,48,447,445,147,69,66,71,65,76,74,76,77,75,78,76,69,77,68,73,66,67
119,114,109,231,115,135,130,201,114,221,232,223,234,67,79,74,158,165,427,430,437,422,434,9,11,9,14,4,12,11,4,439,423,441,55,48,51,56,436,432,8,6,7,3,14,5,600,597,47,46,45,40,46,41,41,43,36,33,558,565,8,12,6,4,2,4,6,5,4,14,11,3,1,13,7,3,605,552,589,2,7,427,430,53,58,55,60,57,52,61,63,54,61,58,54,50,56,53,52,55,58,48,56,51,50,52,63,49,50,448,445,133,263,64,70,78,75,74,75,70,76,70,78,74,66,73,75,75,73,78
120,115,110,232,116,136,131,202,115,222,233,224,72,77,68,156,159,3,438,443,60,448,446,12,12,12,3,7,6,0,9,9,14,414,49,49,50,49,55,437,434,4,1,12,7,4,542,36,41,42,43,40,39,563,572,32,45,562,564,2,7,14,12,9,1,2,4,10,4,12,6,4,11,3,4,4,540,42,539,6,9,416,58,50,48,62,51,55,63,60,50,52,52,54,62,56,61,50,51,50,49,51,51,54,59,58,57,50,62,417,244,134,264,67,74,76,74,74,72,69,76,74,78,78,74,76,66,65,72,65
121,116,111,233,117,137,132,203,116,223,234,79,74,67,160,157,11,6,12,414,447,445,11,15,4,7,12,15,15,14,8,3,5,438,441,51,49,55,63,59,435,433,5,12,4,10,542,41,43,37,38,561,547,568,544,32,559,566,426,434,15,1,1,11,11,10,8,4,0,15,10,6,8,12,9,8,545,561,564,428,421,431,61,59,61,57,59,56,54,51,49,447,423,442,60,53,60,50,447,425,441,52,52,58,56,53,55,49,49,417,245,135,265,79,79,64,69,77,75,74,77,70,73,67,71,77,77,64,79,71
122,117,112,234,66,74,68,204,117,224,66,71,72,160,163,15,3,11,3,439,445,7,3,8,1,1,4,7,602,552,591,3,11,7,438,441,55,52,58,63,57,436,433,7,13,3,578,573,43,33,36,534,12,8,580,551,565,427,430,435,434,15,14,6,8,13,15,4,11,5,5,6,8,8,3,605,598,538,428,431,59,59,51,56,447,425,423,425,425,423,424,444,10,438,423,425,423,424,445,2,440,424,423,424,423,425,425,423,425,444,246,136,266,66,77,74,78,66,70,73,70,76,78,67,66,68,67,75,65,70
78,74,71,66,78,75,66,65,71,78,79,69,158,161,5,426,432,2,0,4,7,9,13,0,13,6,14,2,544,37,582,592,8,14,8,439,441,53,61,52,55,57,437,432,4,11,600,596,35,33,32,534,5,9,3,8,9,438,442,49,436,432,9,9,8,1,11,3,14,13,6,8,2,602,556,613,546,568,415,53,56,51,59,447,444,8,3,12,15,11,11,6,1,13,8,8,5,10,12,11,12,3,13,7,15,1,8,1,13,8,247,137,267,77,78,78,68,66,69,75,79,77,71,69,65,67,71,67,79,77
79,65,64,65,65,74,66,68,75,66,77,160,163,13,6,414,417,8,8,3,7,10,1,3,10,11,600,557,598,46,41,536,2,0,10,11,438,442,52,55,56,51,61,435,433,5,540,42,43,47,43,536,14,10,4,8,8,2,439,442,48,435,433,4,0,7,7,8,13,8,13,4,13,577,548,566,428,422,430,62,52,56,449,444,15,0,15,6,5,9,3,0,12,13,9,6,3,9,12,7,5,14,15,11,10,6,5,5,0,5,155,76,69,74,78,79,78,71,67,79,66,65,69,69,73,71,70,64,74,65
79,76,76,73,65,64,75,69,78,160,96,157,426,420,422,451,445,11,13,12,3,3,10,11,11,605,598,42,42,46,41,535,9,1,1,2,12,439,443,54,59,57,49,62,435,434,543,44,40,41,560,566,1,14,7,10,9,13,5,438,442,52,418,11,9,3,5,15,1,5,11,426,420,420,422,422,429,48,51,59,62,449,444,4,1,8,4,9,4,7,10,6,7,8,11,15,9,0,0,15,0,12,15,13,8,3,1,7,3,3,179,168,70,69,70,75,68,67,67,79,69,71,68,70,76,79,64,77,70,68
77,75,64,66,76,69,76,70,75,140,97,426,429,62,49,418,600,553,556,593,14,1,9,604,556,599,32,37,41,41,47,536,11,15,10,0,2,5,440,424,441,59,63,53,54,419,578,571,35,42,539,14,8,14,5,8,5,10,15,9,416,49,436,422,432,6,13,9,15,7,426,430,51,49,48,51,57,52,60,447,423,445,4,6,14,7,8,8,12,11,2,7,9,1,15,5,0,9,1,5,13,7,14,2,12,5,2,0,9,4,8,150,70,71,65,65,76,79,77,68,67,74,75,76,69,71,70,77,70,72
67,69,70,79,69,77,79,73,69,141,427,429,63,50,448,444,542,35,46,534,2,9,10,541,47,38,42,38,558,549,546,568,6,12,6,3,9,523,473,512,414,58,63,51,63,436,434,578,549,547,564,2,3,1,12,10,12,3,12,14,440,441,63,52,436,433,13,1,2,428,431,56,57,48,63,50,49,55,57,419,12,5,10,1,3,0,9,1,12,5,14,2,13,11,4,0,4,2,11,0,0,12,12,6,2,2,1,9,4,12,6,151,65,72,79,65,76,70,73,73,77,77,76,65,76,72,70,66,65,75
66,74,75,79,73,76,64,64,76,144,415,52,449,425,444,1,543,47,45,585,592,13,604,595,36,36,562,546,568,9,4,1,15,5,2,10,2,462,26,454,440,441,55,60,52,61,435,421,434,2,9,12,6,5,15,9,4,15,14,1,2,438,423,441,58,436,434,8,426,431,59,63,50,49,55,61,62,49,449,444,6,12,14,6,6,10,7,7,9,2,0,10,5,0,0,3,13,0,0,6,3,5,0,1,15,13,6,4,13,11,1,146,69,77,69,77,69,69,64,67,78,64,72,64,74,69,71,65,74,68
64,78,73,65,71,73,79,76,65,145,414,53,418,10,3,1,542,39,39,42,536,9,542,44,563,546,568,10,15,9,15,14,12,8,11,6,10,498,466,486,2,440,424,441,51,59,62,51,435,434,10,11,8,7,4,10,4,1,3,2,6,11,5,440,442,60,435,422,431,58,49,62,59,56,62,56,57,447,446,5,9,6,11,8,5,3,11,5,8,1,4,14,11,12,2,1,14,15,0,7,5,5,0,15,11,11,5,8,7,9,14,147,76,67,73,68,67,67,72,79,68,71,71,66,65,76,64,72,64,65
68,76,65,71,74,70,65,76,66,144,439,443,435,434,3,12,544,40,32,36,582,589,577,546,565,427,421,434,10,600,556,590,12,0,8,8,7,0,11,5,3,2,9,414,62,63,51,61,48,435,434,14,3,2,6,11,6,13,7,2,5,3,12,10,439,442,56,57,53,50,57,50,449,423,424,423,424,445,14,5,8,11,6,6,0,5,1,0,3,7,10,1,7,5,3,4,3,5,1,8,5,7,13,15,15,8,4,7,1,14,5,150,66,68,73,75,76,71,69,78,66,79,70,78,74,69,70,69,68,71
64,66,75,69,75,76,71,65,70,145,3,416,50,419,604,555,596,35,39,43,37,538,7,426,421,431,58,417,2,543,43,536,12,0,7,2,10,14,12,11,3,5,1,440,443,53,49,59,58,60,436,434,12,3,0,4,5,0,8,13,6,15,9,14,1,415,51,59,59,58,49,449,445,605,553,557,553,591,1,10,9,9,13,15,13,2,15,4,1,1,5,9,4,4,9,9,8,4,12,9,6,10,1,3,4,11,10,11,4,10,1,151,64,78,67,67,72,71,75,64,66,72,73,71,77,79,72,66,75,77
68,71,72,79,70,73,76,69,71,138,428,431,48,418,545,44,42,559,574,42,46,582,592,415,447,425,441,419,15,545,34,539,1,15,0,8,11,0,1,6,0,0,6,13,440,441,49,52,51,54,52,435,434,5,2,8,11,13,1,8,3,11,13,14,428,430,62,50,60,53,447,445,604,594,39,46,36,534,15,1,11,7,10,4,4,5,7,13,5,3,5,1,3,9,8,0,14,1,13,8,12,15,3,0,1,12,8,0,11,0,10,148,66,66,78,69,76,67,64,67,76,68,73,65,79,71,73,67,69,74
69,75,76,72,65,64,75,67,73,139,415,61,57,417,577,571,44,586,597,43,42,37,535,414,419,15,416,418,2,579,549,568,6,9,5,4,11,2,7,15,7,15,4,13,8,416,51,56,57,50,56,54,437,433,5,4,0,5,7,4,4,8,14,426,431,55,55,50,55,449,444,603,597,39,39,38,46,535,9,8,15,13,6,10,0,15,13,12,7,2,7,11,8,12,9,8,1,9,13,15,0,0,3,8,2,2,13,14,8,3,7,149,67,66,66,74,72,73,73,78,72,77,65,73,66,75,79,67,78,78
78,77,75,72,71,78,73,64,70,154,416,58,55,417,1,541,43,45,33,40,41,559,566,416,436,422,431,437,432,0,0,6,13,12,5,0,7,11,11,3,0,6,4,4,426,429,53,51,54,48,61,54,54,437,432,6,2,7,0,3,2,15,428,429,56,51,61,52,447,446,602,597,33,40,44,42,561,567,8,2,0,1,15,0,2,14,6,12,15,9,15,5,1,4,10,9,2,1,10,605,554,589,8,14,12,1,15,13,13,8,6,263,78,71,79,66,74,70,67,74,76,70,65,73,72,79,75,77,68,79
74,65,66,73,64,66,66,79,162,159,414,63,448,444,603,594,37,46,558,571,42,538,5,416,447,423,443,53,436,432,11,0,3,1,11,1,2,14,1,3,14,0,7,428,429,53,61,63,54,58,58,61,48,58,436,434,5,13,9,7,1,426,430,49,59,60,48,449,446,12,544,33,33,39,34,43,534,15,12,11,13,5,11,7,3,0,8,14,14,14,10,12,4,1,12,3,9,15,11,545,33,585,593,15,14,3,8,15,4,3,244,264,75,75,70,68,75,70,69,77,65,79,73,77,73,79,73,72,73,70
77,66,64,79,77,70,68,158,165,3,416,56,418,0,545,32,39,34,539,545,43,584,589,439,444,10,440,443,50,437,434,7,14,1,15,2,15,15,7,0,10,10,428,430,57,62,63,63,447,441,54,53,50,51,60,417,12,14,11,4,426,429,54,63,57,56,447,446,8,5,543,43,38,41,38,561,568,12,2,3,3,4,3,13,9,2,9,7,11,1,3,0,5,6,2,14,4,11,3,541,42,35,584,593,0,12,12,13,4,13,245,265,64,78,66,69,77,65,77,70,78,73,71,66,70,71,74,71,74,73
77,73,72,73,76,66,166,159,426,420,430,52,437,434,541,36,43,563,569,542,35,32,582,590,524,473,509,415,54,49,436,432,7,11,6,5,3,14,7,9,14,428,431,61,49,54,58,448,445,439,442,50,52,61,52,435,421,432,15,428,430,59,57,58,59,449,445,13,15,600,594,33,39,45,43,582,591,14,8,1,0,1,12,9,14,7,2,6,13,0,6,11,3,0,1,5,604,554,554,594,43,37,39,583,588,6,15,8,12,3,246,266,70,73,77,74,74,70,70,66,74,69,73,68,77,78,78,79,64,75
67,67,71,73,75,160,163,426,429,51,61,63,48,419,540,40,37,585,591,545,32,35,43,536,461,480,489,438,442,61,48,436,433,13,3,2,9,10,2,11,428,431,57,50,51,49,447,446,5,14,440,442,55,61,60,63,49,437,421,430,57,49,51,48,447,445,7,11,15,541,36,38,33,41,43,47,586,590,15,14,12,0,9,8,6,4,11,13,3,8,4,8,0,6,6,602,599,47,34,36,41,38,36,41,537,428,433,5,1,6,247,267,78,70,69,79,77,76,68,64,74,71,74,75,65,73,71,73,76,78
71,67,75,65,160,157,12,416,55,59,58,59,51,419,541,37,47,38,537,544,45,46,34,536,465,457,6,12,440,442,55,50,436,433,11,7,4,1,9,426,431,53,50,63,57,449,444,14,12,10,4,438,424,441,56,56,48,55,48,48,58,49,55,449,445,7,15,5,15,544,36,36,40,37,34,45,42,582,591,4,3,0,4,1,7,2,2,7,7,5,5,14,12,15,2,544,46,32,41,34,45,42,40,559,569,414,436,433,4,4,150,65,70,66,69,70,76,66,68,78,67,74,79,64,75,71,76,64,64,71
77,76,79,160,161,426,421,431,48,57,448,442,50,417,544,38,46,46,539,541,35,40,38,539,465,457,6,7,8,438,442,49,54,436,433,13,2,12,426,431,54,60,53,62,447,444,4,3,11,7,10,5,2,415,62,60,53,62,48,56,53,57,449,444,8,3,6,5,3,580,548,551,572,38,39,43,33,45,585,588,14,1,4,10,11,0,14,10,12,14,8,15,6,9,10,541,38,33,46,41,46,39,561,567,426,431,52,417,0,14,151,71,70,78,64,70,74,68,68,66,65,78,72,65,71,77,65,75,78,68
78,78,160,157,15,415,61,58,447,424,452,429,60,418,544,33,42,562,569,542,46,46,34,534,496,485,15,9,14,4,439,442,57,59,436,433,12,426,429,53,53,56,54,448,444,4,2,602,556,589,0,4,13,439,443,58,63,61,53,50,51,449,444,6,12,15,13,1,13,4,11,14,579,573,45,41,42,35,34,539,2,8,12,2,9,10,10,1,8,14,9,8,10,0,14,542,32,34,33,34,39,560,567,427,431,51,448,446,600,552,175,170,68,64,79,65,68,78,67,67,65,79,79,75,76,75,65,74,77,66
73,64,144,427,422,429,448,425,445,4,414,51,447,445,544,36,38,538,8,541,45,35,34,536,6,1,8,2,1,10,14,439,441,60,61,435,422,430,49,55,63,50,448,444,14,4,0,541,47,536,2,9,13,11,439,442,61,54,62,62,56,435,434,3,0,12,7,11,6,5,13,1,604,595,42,39,38,36,42,534,4,15,11,1,10,7,8,14,0,6,7,8,428,434,15,541,47,46,41,559,546,564,426,431,55,48,417,604,597,42,0,152,79,64,73,75,76,71,70,72,69,68,75,66,65,75,73,76,68,65
77,74,145,416,63,449,444,10,230,240,416,51,418,2,541,46,39,534,12,579,550,549,551,566,3,7,5,3,3,8,14,4,438,443,61,58,52,54,54,48,56,448,444,15,3,1,602,594,39,536,5,8,7,1,6,439,441,48,52,51,48,49,436,432,10,4,4,13,1,15,9,14,545,37,43,39,41,45,558,568,15,6,9,9,2,10,2,3,4,2,6,428,429,435,434,576,550,574,40,538,427,420,431,61,60,449,445,541,38,45,576,153,74,75,72,78,64,73,66,77,68,66,66,68,64,72,70,65,68,70
64,66,140,415,60,417,9,215,231,241,415,53,437,432,542,32,45,535,7,4,1,13,2,4,3,15,14,15,12,10,13,11,5,438,442,55,63,52,56,63,449,445,10,2,5,603,596,32,43,537,15,10,13,5,12,13,440,442,49,55,53,50,51,437,432,6,9,0,1,4,14,15,543,40,34,40,37,35,537,15,426,432,0,12,2,4,5,9,11,7,1,414,55,48,437,421,434,541,36,537,415,58,55,60,449,446,602,596,43,41,7,148,74,76,65,75,74,69,75,76,70,79,65,69,75,70,78,79,77,72
72,76,141,440,441,418,244,216,232,242,416,50,61,418,545,43,46,534,4,14,4,5,8,13,6,11,3,8,14,1,1,9,10,426,430,63,49,63,63,448,446,602,556,592,9,580,548,546,571,583,557,589,13,9,13,1,7,440,441,53,61,54,57,62,437,434,6,8,11,7,15,4,543,34,46,41,37,559,567,428,429,435,434,6,10,15,11,1,0,15,3,440,441,49,49,59,419,579,548,565,415,62,51,448,444,2,541,46,38,37,15,149,69,68,74,65,67,69,77,73,64,69,75,74,68,72,71,79,70,68
70,73,142,5,415,417,245,217,233,243,415,57,448,445,541,47,38,535,0,11,5,7,14,1,0,2,13,4,0,9,10,0,428,429,62,54,59,57,449,444,9,541,32,535,6,9,7,15,545,45,42,535,523,508,0,7,1,13,438,443,50,57,61,52,51,419,2,13,3,12,11,3,545,45,558,547,547,566,428,429,49,54,437,432,4,11,5,0,15,1,12,2,439,443,55,52,435,420,422,420,431,61,449,445,3,11,576,546,573,37,13,152,65,69,67,70,66,66,69,68,68,71,68,69,75,70,76,70,79,75
69,66,143,426,429,417,246,218,234,140,415,52,437,434,544,35,563,568,8,15,2,13,14,6,12,0,4,6,8,4,12,426,430,58,50,50,61,55,417,0,605,595,560,565,602,553,557,557,595,47,560,569,501,527,509,9,8,15,7,438,441,56,51,55,57,437,421,434,3,11,7,603,595,563,568,9,12,427,430,56,49,55,56,417,1,12,2,11,1,11,14,3,11,440,443,52,52,61,48,63,60,448,445,6,8,4,8,12,541,44,12,153,70,70,76,66,76,66,74,65,74,75,65,76,64,71,74,77,69,68
74,77,144,414,57,418,247,219,73,141,415,63,58,418,579,550,565,10,8,15,2,0,3,3,5,14,5,5,4,11,426,429,48,48,51,55,448,425,446,8,576,547,567,600,594,42,560,551,546,573,585,556,592,500,485,3,8,14,15,2,440,441,62,55,57,54,54,437,434,1,12,545,40,535,0,3,427,430,54,56,57,51,63,419,12,7,0,3,0,1,0,1,14,3,439,443,50,48,53,56,447,444,8,8,10,11,1,5,545,45,2,148,69,79,69,69,78,77,65,64,68,64,66,77,67,77,79,65,71,67
72,70,145,416,57,419,146,73,74,140,416,63,50,419,604,554,592,3,14,4,1,1,14,0,12,13,7,13,15,428,430,48,56,59,54,447,446,13,13,10,4,600,557,598,47,38,535,5,5,576,575,47,537,0,15,6,5,4,0,14,11,439,424,441,48,56,58,48,436,432,13,577,549,569,0,427,431,63,48,55,58,59,49,435,422,420,433,12,11,3,2,14,2,11,426,429,52,59,63,449,444,10,5,6,14,4,1,12,579,550,9,149,67,68,69,77,65,79,74,64,73,67,69,74,73,64,73,78,74,78
75,70,142,414,54,418,147,66,79,141,414,52,59,417,540,37,583,592,5,14,4,2,7,2,0,0,7,0,428,430,50,53,57,52,449,444,3,2,13,5,6,545,46,562,547,570,535,14,2,5,545,558,565,0,14,6,6,7,2,15,8,7,14,414,56,56,63,51,50,437,433,10,14,15,428,431,56,53,52,63,62,50,52,59,60,50,435,433,0,11,10,0,4,426,430,50,63,61,447,444,3,2,7,13,11,11,8,4,6,13,3,146,78,77,77,72,74,68,75,68,71,79,79,79,66,75,68,74,75,69
65,78,143,416,448,446,148,69,76,144,414,63,61,417,544,33,47,585,589,9,1,5,3,7,15,10,5,428,430,55,56,54,51,449,445,14,6,1,603,556,588,579,550,609,554,594,536,604,557,591,543,539,4,9,0,15,11,15,9,15,0,15,2,439,441,49,62,55,58,48,435,432,10,428,431,62,54,54,63,48,59,55,53,53,51,52,60,436,434,7,4,1,428,429,61,49,60,448,444,7,9,12,5,11,603,552,553,590,6,13,5,147,73,77,64,79,77,72,68,67,67,67,76,68,70,74,78,70,64,73
79,67,144,414,418,7,149,69,74,145,414,62,49,419,580,571,40,38,538,5,4,12,3,7,13,10,428,430,58,60,51,52,449,445,1,9,7,600,596,44,586,592,12,541,43,43,583,596,40,537,545,536,6,6,6,15,3,6,10,13,0,8,1,14,438,443,58,48,50,58,55,436,422,429,56,55,50,53,61,53,52,53,58,52,56,59,62,54,437,432,2,426,430,54,48,57,448,444,5,9,7,11,15,603,599,39,45,538,14,10,3,146,76,71,67,72,78,69,68,64,65,64,72,75,65,78,74,69,77,65
74,64,145,414,436,433,146,70,76,144,416,56,55,437,433,578,573,47,534,13,5,7,2,6,15,428,429,51,63,51,51,449,445,8,14,12,11,545,38,33,47,582,554,599,38,33,40,45,562,567,580,568,524,513,3,11,9,7,1,2,7,10,6,15,15,440,441,54,50,56,50,52,57,49,60,53,50,62,62,49,62,59,59,52,61,56,60,49,50,436,420,431,61,61,48,448,444,13,9,14,1,1,600,595,33,39,32,537,2,10,14,147,64,76,75,75,65,70,77,70,72,68,70,74,70,71,74,77,65,72
78,64,140,438,442,419,147,66,75,145,416,59,50,63,437,434,580,551,565,4,4,3,7,2,428,430,52,52,57,55,449,444,15,2,15,9,602,597,34,39,47,36,45,561,549,574,42,46,538,1,5,522,518,457,15,14,8,10,5,11,1,8,15,5,9,4,438,441,62,48,56,53,55,61,56,58,447,423,423,425,425,423,425,424,424,441,51,61,63,54,48,56,63,52,447,445,0,13,14,15,0,602,598,35,42,38,43,538,8,1,3,146,77,79,69,74,76,68,71,79,66,73,76,71,78,77,72,72,73,74
77,67,141,5,416,418,146,69,65,144,416,55,63,50,48,435,421,422,421,420,422,421,422,421,430,63,58,58,57,447,446,2,6,3,3,10,542,38,36,46,32,32,44,535,3,580,546,550,565,1,8,464,479,488,4,0,11,10,10,0,6,12,6,7,10,7,6,438,442,59,61,49,55,50,51,449,444,12,556,557,552,552,552,557,591,438,441,53,60,54,51,53,54,448,446,8,5,14,12,1,602,599,44,45,46,561,551,565,2,12,9,147,68,67,71,73,71,66,78,68,72,77,77,67,64,64,69,75,78,77
71,79,142,427,451,446,147,64,72,145,414,60,62,51,57,56,61,50,52,60,56,58,62,54,56,61,54,54,53,435,433,2,2,6,8,0,577,549,571,41,561,551,548,567,600,589,15,15,5,9,524,530,487,6,9,3,5,9,7,3,12,5,15,0,2,5,14,9,414,53,53,60,51,52,448,445,603,552,33,46,46,45,46,41,586,591,440,441,57,51,59,52,56,419,15,10,6,1,13,0,542,47,34,47,36,536,8,428,421,420,432,177,176,75,67,67,67,79,72,67,67,72,69,75,71,76,66,71,69,72
67,69,143,414,419,10,148,79,74,138,416,447,425,443,51,59,62,61,61,49,54,58,52,61,62,56,59,53,61,61,435,434,6,4,3,14,5,12,545,36,534,9,12,1,544,535,9,1,13,5,501,484,5,9,0,5,9,5,4,14,8,2,3,2,7,8,12,428,429,52,60,60,62,448,444,600,597,45,36,32,35,32,40,36,47,584,588,438,443,57,51,53,62,437,433,14,1,6,11,602,597,43,39,32,563,568,426,429,60,51,435,433,146,66,78,71,70,76,69,66,64,69,69,66,70,75,65,70,78,74
78,79,140,415,437,434,149,76,79,139,416,418,5,415,50,48,56,53,53,52,57,50,51,61,51,60,50,53,63,63,53,437,432,1,10,1,2,3,576,547,607,554,557,556,613,566,523,509,7,12,6,1,13,13,5,1,15,0,2,0,7,14,2,14,0,7,428,431,48,53,52,54,447,446,603,594,38,32,39,39,40,44,37,41,35,38,583,588,438,441,57,50,53,57,436,434,12,15,603,597,44,36,42,560,569,427,429,56,50,56,49,419,147,66,75,78,65,67,79,68,78,68,75,69,70,70,74,68,75,70
78,78,141,415,50,417,148,79,75,144,416,436,422,429,58,57,58,52,59,61,49,57,60,57,51,448,423,441,52,53,54,60,437,433,10,6,7,525,512,11,540,38,563,548,569,6,460,456,8,426,422,434,8,4,11,2,12,4,5,11,0,5,10,1,9,426,431,60,53,63,55,448,445,604,598,34,36,46,36,559,549,575,44,41,35,41,43,586,588,440,443,60,48,52,49,437,433,7,540,44,33,34,562,564,426,429,53,57,53,49,56,418,169,104,178,79,70,73,64,68,69,79,67,77,71,78,67,69,79,76
65,71,138,414,61,419,149,76,69,145,414,62,60,51,63,49,56,56,55,58,54,57,56,57,447,445,14,440,442,48,52,59,49,435,434,9,4,496,487,9,581,546,565,13,12,523,517,458,5,416,50,435,434,12,8,0,15,4,3,7,9,15,7,1,426,430,61,61,49,63,447,444,603,599,47,561,547,549,546,566,1,580,550,549,547,572,46,47,583,588,440,443,51,50,53,62,436,433,577,570,33,558,568,428,430,55,63,49,56,54,62,436,433,105,146,64,77,78,65,71,78,68,69,65,66,64,67,70,74,70
64,67,139,439,424,444,148,64,69,142,416,61,60,50,55,63,53,60,52,51,49,48,57,449,445,5,9,14,439,442,52,63,54,56,435,432,8,8,1,4,7,13,8,3,1,500,466,489,9,438,443,50,437,432,10,13,13,5,13,12,13,7,5,428,430,52,61,56,53,449,445,603,594,47,39,534,427,420,432,428,420,433,10,427,432,544,38,40,37,583,588,439,441,49,55,55,59,437,433,579,548,565,427,431,50,62,61,63,449,423,443,60,435,433,147,76,75,78,71,76,73,70,79,79,75,68,65,64,67,77
77,75,138,8,14,1,149,79,66,143,416,53,53,55,63,448,425,423,423,424,423,424,425,444,4,2,1,14,5,438,443,61,59,55,62,435,434,1,6,4,4,1,5,13,1,12,13,12,15,1,440,441,58,436,434,15,4,1,4,5,10,13,428,431,60,48,61,51,449,445,600,594,41,36,45,535,414,62,437,430,50,437,433,414,418,581,573,42,47,43,583,592,440,443,59,60,63,63,435,434,12,428,430,49,55,53,52,61,417,12,415,53,57,419,152,76,78,79,66,69,70,78,69,68,70,79,73,68,76,67
78,79,139,5,428,432,150,72,73,138,414,51,54,61,448,444,10,5,0,9,11,5,6,2,10,4,14,7,7,1,439,443,57,56,62,53,435,432,2,3,8,15,13,5,1,0,15,3,14,14,1,439,443,61,436,434,8,13,1,5,11,428,430,57,48,50,48,61,418,605,595,38,35,32,33,539,439,423,443,59,57,54,437,431,437,434,545,40,38,46,44,582,589,414,59,60,60,51,63,435,422,429,52,62,59,62,57,57,435,434,416,60,53,419,153,78,75,68,79,73,68,69,75,71,78,66,73,70,75,65
77,76,142,426,430,417,151,78,71,139,414,54,56,448,445,13,6,10,603,553,590,11,7,3,6,0,2,14,7,6,1,439,442,50,51,54,60,437,420,422,421,422,420,420,422,422,422,421,421,422,421,421,429,49,55,436,422,422,421,420,420,430,59,54,55,51,50,51,418,542,44,43,40,47,42,539,8,5,416,63,51,58,49,449,424,446,540,41,42,47,45,34,538,414,56,63,63,54,51,63,56,59,52,63,62,54,53,52,49,436,415,63,49,417,173,176,75,76,67,64,72,71,67,66,75,77,71,65,64,75
67,65,143,416,447,444,148,76,70,140,414,55,50,419,15,9,12,15,544,37,539,13,14,15,0,4,15,6,15,0,8,8,440,441,55,49,63,58,58,54,49,51,54,50,54,53,48,62,53,62,49,62,55,49,56,48,60,55,52,56,56,58,58,58,51,60,54,50,417,545,43,32,41,39,560,568,426,422,430,56,51,57,55,435,420,433,581,573,37,33,35,43,537,415,59,60,58,63,48,51,50,63,53,56,449,425,442,49,53,51,416,55,48,435,434,152,74,75,69,69,64,78,78,72,66,74,67,69,65,74
65,66,138,414,418,3,149,75,70,141,416,54,63,418,15,4,4,3,578,574,584,589,4,14,7,1,5,10,1,5,3,8,12,440,443,60,56,63,53,53,63,52,63,59,55,54,51,62,60,51,52,50,60,52,56,57,52,54,54,49,57,55,58,61,59,48,60,50,417,541,34,35,38,37,538,426,431,53,56,52,54,55,52,61,56,435,434,542,41,47,47,35,537,415,61,51,51,56,62,55,62,63,55,449,445,2,438,441,61,49,414,51,61,56,418,153,75,77,67,64,64,79,71,76,68,75,75,69,70,73
76,79,139,439,444,15,152,65,72,138,415,63,59,418,6,7,10,14,9,545,40,537,7,12,10,9,6,6,11,11,5,3,15,5,440,443,59,54,55,55,59,63,56,57,57,58,53,48,52,59,55,58,55,60,61,48,54,55,59,58,49,53,62,57,58,48,49,57,419,544,36,43,33,38,539,438,443,49,57,63,63,61,57,50,54,447,446,541,38,35,40,38,535,416,55,60,54,60,63,63,49,61,447,445,9,5,9,438,441,49,416,52,60,54,419,152,69,79,67,78,64,69,68,72,76,69,78,79,77,74
71,70,142,7,427,434,153,66,69,139,415,51,50,418,4,15,11,0,15,578,574,584,593,8,7,1,6,11,11,2,12,12,1,15,5,414,59,54,54,50,48,61,57,49,62,57,58,59,57,60,49,61,51,55,50,52,49,50,57,51,53,53,55,55,61,56,62,55,417,544,41,40,41,45,583,591,440,425,442,51,58,48,53,449,423,444,6,543,37,43,32,41,534,415,60,52,52,53,52,60,51,449,445,0,12,7,520,508,440,443,415,48,53,60,418,153,72,69,66,64,73,75,68,74,71,71,76,75,66,76
67,76,143,428,430,417,148,76,69,138,415,50,59,418,15,7,600,552,552,555,594,34,534,4,8,0,600,556,555,593,13,1,3,10,1,414,55,51,449,423,423,423,425,423,425,425,425,423,424,423,425,424,424,424,424,424,424,424,424,424,425,442,56,49,59,53,50,58,418,541,33,36,43,35,36,536,426,421,451,443,58,48,448,453,420,432,605,595,44,36,41,36,538,414,55,62,61,61,63,56,449,444,11,602,554,593,464,504,508,438,414,62,51,49,418,146,72,77,76,69,73,65,76,73,71,73,77,73,69,68
76,76,142,416,59,419,149,69,71,139,415,55,62,419,2,11,595,39,47,41,43,562,567,600,552,592,541,32,37,534,6,14,13,4,9,414,56,51,419,15,1,14,13,1,13,7,10,8,12,14,3,3,4,2,13,7,3,1,7,8,14,438,425,424,442,50,62,55,417,577,572,46,39,35,46,538,416,49,419,414,55,50,419,415,62,418,543,47,45,45,40,558,564,415,49,62,63,449,423,423,444,603,554,594,44,536,501,494,502,511,416,62,56,59,417,147,73,65,78,74,72,71,67,76,71,79,73,72,78,77
76,71,143,438,423,446,146,68,78,140,414,58,55,418,605,552,34,47,44,44,33,536,12,541,46,583,594,32,34,582,552,557,557,588,1,440,441,50,417,12,11,8,5,6,2,605,557,556,556,557,556,557,557,553,557,556,556,554,591,520,472,513,14,8,416,63,61,55,436,433,576,572,40,40,40,539,439,423,444,440,441,449,445,439,423,444,542,47,33,34,561,569,426,430,53,58,48,419,2,13,603,598,44,39,42,537,3,465,20,502,414,60,49,61,418,148,75,78,68,69,65,66,66,75,76,76,78,76,77,71
69,65,144,427,432,1,147,64,64,141,414,61,63,417,542,33,47,33,42,36,563,565,4,543,33,42,37,33,43,39,40,34,34,539,5,4,416,62,419,2,14,5,0,11,2,545,46,32,46,38,43,40,32,38,35,33,42,33,536,500,492,457,11,10,414,53,60,56,51,435,434,579,573,39,37,582,591,5,15,14,438,445,5,13,1,604,596,38,37,558,569,428,430,62,57,55,59,419,7,602,596,44,34,37,38,583,591,465,21,19,415,57,61,56,417,149,70,70,71,66,71,78,64,72,78,67,74,73,75,74
79,79,145,415,418,4,150,65,67,144,414,56,56,419,544,33,44,45,42,45,536,2,12,577,550,547,548,573,37,41,42,33,33,539,1,427,429,54,418,4,1,6,5,10,0,544,40,38,45,36,38,34,45,44,44,36,36,41,534,10,498,488,0,10,439,443,55,58,52,50,435,434,581,574,45,32,587,554,552,592,15,11,1,2,602,596,41,42,559,568,428,431,53,62,50,57,449,445,605,595,42,40,33,33,42,34,537,500,468,491,414,53,58,54,418,148,73,74,73,68,79,68,76,65,70,68,66,69,68,68
73,79,138,439,452,432,151,71,66,145,414,58,55,419,541,44,42,46,39,33,539,8,525,509,520,511,6,579,547,551,574,35,45,535,6,414,48,448,446,6,1,7,13,4,1,544,40,40,46,44,33,38,47,32,41,34,37,38,536,1,4,4,4,13,6,440,442,56,48,62,57,435,433,578,571,36,43,45,35,587,555,552,552,555,599,33,35,558,564,426,430,50,48,56,54,449,446,605,595,42,36,40,36,42,34,43,538,13,4,500,416,56,53,63,417,149,75,68,65,72,77,70,69,75,68,64,68,67,64,69
78,71,139,0,416,418,148,68,74,144,414,63,51,419,544,34,47,35,32,39,537,13,499,528,515,454,4,9,12,13,541,36,558,568,3,416,60,417,5,12,7,6,4,8,603,598,32,34,42,45,36,32,44,39,34,39,38,563,569,2,10,0,2,12,10,14,440,425,423,443,53,53,435,434,581,572,46,38,32,39,36,39,32,33,37,36,560,564,428,430,59,62,447,425,424,444,11,543,40,41,39,32,37,42,43,558,569,5,6,15,415,53,449,443,419,152,74,79,66,76,77,72,67,78,76,64,75,69,71,67
68,70,144,428,430,419,149,77,69,145,416,59,58,418,541,40,37,47,37,563,567,520,510,462,21,457,13,3,14,8,581,546,567,8,7,416,48,435,434,13,6,4,8,13,544,40,41,41,37,40,42,39,40,46,45,39,560,569,521,511,14,7,0,4,7,8,5,0,9,416,57,54,61,435,434,579,571,38,32,43,36,36,47,33,33,559,568,428,429,57,58,63,418,3,13,6,604,598,45,40,33,43,45,40,558,565,13,15,0,4,415,62,435,430,418,153,70,71,69,73,66,77,68,70,73,66,75,69,72,75
78,74,145,415,48,417,152,75,67,138,415,49,62,417,580,571,39,562,548,567,520,519,458,498,466,487,13,7,10,7,1,10,6,10,5,415,63,63,418,13,12,8,7,8,579,571,41,39,47,41,41,44,44,39,44,558,564,12,497,487,6,11,5,11,12,9,5,6,0,415,60,55,59,54,436,434,579,547,551,548,547,550,549,549,546,565,426,429,60,58,50,48,417,4,5,602,596,44,36,44,35,45,46,40,537,8,11,8,6,11,416,54,61,62,419,155,68,74,74,65,67,75,70,75,73,74,71,71,77,69
64,73,138,414,57,418,153,79,69,139,415,57,56,419,6,577,546,569,7,524,516,24,454,15,12,7,7,8,12,6,11,11,0,14,6,415,54,57,417,2,6,2,14,14,6,577,571,46,39,39,38,34,32,47,562,564,525,513,7,10,9,6,11,8,10,14,10,1,3,438,442,62,51,62,53,436,432,15,6,11,13,1,11,1,12,426,431,58,53,59,60,448,446,602,552,598,47,37,45,39,39,37,42,563,568,5,3,5,7,11,415,51,56,52,417,179,172,71,72,75,71,68,78,72,64,72,79,77,68,76
66,69,139,440,441,418,152,69,68,144,415,52,51,418,525,512,523,513,3,497,466,466,487,0,6,7,4,5,4,11,4,2,13,7,5,414,60,57,437,432,6,1,1,12,4,0,542,43,45,46,36,42,33,42,535,5,497,489,10,1,2,13,4,6,11,13,1,12,8,7,440,441,54,56,51,53,436,422,422,422,422,421,421,421,421,431,62,57,53,61,59,418,3,540,47,33,36,40,37,44,46,36,563,569,10,5,1,11,9,10,415,53,62,55,435,432,152,65,69,64,75,72,79,78,65,65,79,77,70,70
74,79,140,15,414,418,153,70,64,145,414,62,63,417,460,457,463,504,511,11,13,11,13,11,14,1,13,15,2,2,5,15,3,8,11,416,49,55,51,436,434,11,7,13,1,7,577,572,43,32,46,36,38,38,587,589,2,3,5,14,15,15,5,4,7,6,7,6,13,3,12,414,55,57,55,49,57,54,53,48,57,52,55,58,49,57,48,58,51,57,54,417,0,544,34,40,45,37,43,42,45,36,537,9,2,7,5,14,10,6,416,57,62,51,61,417,153,66,79,76,65,66,74,67,72,74,70,65,66,79
74,69,141,427,429,417,169,170,68,144,415,53,52,419,498,484,498,467,485,13,6,2,11,1,15,428,420,432,5,5,5,0,13,2,14,440,441,59,61,51,437,434,8,6,12,1,10,576,571,45,35,37,38,44,42,539,10,0,0,10,9,6,3,11,12,0,6,8,5,427,421,431,49,62,51,58,48,60,52,49,53,50,57,57,53,50,54,51,51,58,61,437,433,580,548,575,32,43,33,34,45,563,569,0,5,2,10,12,14,3,415,54,51,56,54,419,150,76,78,69,74,66,73,72,68,64,78,64,69,77
73,73,138,416,49,418,13,179,174,145,415,57,49,419,10,8,11,1,11,0,4,6,1,9,426,430,447,445,0,5,7,5,9,8,2,428,429,57,55,51,54,436,433,10,9,10,9,4,541,43,45,46,37,44,47,535,12,8,8,2,5,7,11,12,14,6,7,14,428,430,55,49,52,59,53,51,55,60,59,57,61,60,49,63,59,48,54,55,59,54,61,57,437,420,432,544,40,33,39,35,562,567,15,7,13,10,6,10,9,12,415,55,53,49,62,418,151,74,71,74,75,64,73,72,66,67,70,79,75,76
64,74,139,414,58,437,421,432,169,163,414,59,62,418,13,7,3,8,12,8,13,9,15,7,415,448,445,14,4,4,2,2,14,0,10,415,52,59,56,62,49,52,436,432,13,5,4,7,576,573,45,35,45,558,546,567,6,12,12,8,12,13,1,9,10,8,9,426,430,62,51,60,55,449,424,441,58,59,62,61,52,57,57,62,49,51,447,424,443,49,54,62,57,60,417,576,571,45,32,36,586,589,13,11,3,13,3,15,6,1,416,56,62,55,59,418,146,64,73,67,75,64,76,73,70,75,77,71,64,66
75,77,248,438,441,58,50,417,0,2,414,48,59,419,5,2,4,8,5,3,9,5,428,421,450,445,12,0,12,15,10,6,11,9,428,431,448,423,425,443,48,57,50,435,432,12,12,4,13,543,45,560,548,569,14,4,4,6,7,2,3,0,6,2,11,7,428,431,59,50,62,53,60,418,4,438,424,425,442,62,59,57,48,448,423,423,445,0,438,443,51,48,63,58,435,433,577,571,38,44,35,534,6,2,1,11,2,3,10,10,414,52,63,53,63,418,147,67,68,73,64,65,70,78,79,71,77,78,64,78
76,72,249,180,439,424,443,436,421,433,414,48,63,419,6,15,9,6,6,4,12,10,438,442,435,432,3,11,15,9,12,2,10,426,431,52,417,3,13,440,442,48,54,52,435,432,10,6,7,578,548,569,5,2,6,3,3,14,9,0,8,0,0,426,434,428,431,63,52,58,58,61,447,445,6,0,12,2,414,50,58,60,54,417,3,9,0,11,9,439,442,51,55,52,52,436,434,577,571,32,560,567,13,4,4,11,13,10,15,4,416,60,57,51,51,417,150,64,79,68,75,74,71,74,67,76,76,71,77,64
66,71,250,181,185,9,416,48,56,436,431,49,57,418,7,4,8,3,2,1,600,554,593,440,424,446,15,8,0,1,5,4,428,430,57,447,446,8,13,2,440,443,52,49,52,435,433,15,1,1,15,15,8,11,0,5,6,5,12,10,6,6,426,430,435,429,59,59,53,59,61,448,446,10,13,7,6,14,414,59,51,54,61,419,11,9,6,3,2,3,440,442,55,54,63,54,437,432,580,550,565,13,12,5,14,6,0,13,14,12,414,61,63,62,48,419,151,65,72,72,73,78,75,79,65,68,72,69,65,71
76,66,251,182,186,200,440,441,56,51,62,50,58,418,605,555,554,590,7,603,598,44,582,593,4,13,428,433,15,7,2,426,430,447,425,444,6,2,13,1,14,438,442,60,53,51,436,433,9,5,10,15,10,5,9,1,3,15,4,8,13,428,431,49,56,49,56,61,55,57,447,444,9,6,8,7,7,1,439,441,58,49,448,444,12,13,6,4,12,2,14,439,442,50,58,55,59,437,432,10,2,426,422,432,9,11,2,8,1,10,416,57,55,49,57,419,152,72,71,72,72,70,77,68,79,76,77,75,73,74
78,79,252,183,187,201,180,438,424,441,58,59,59,417,540,33,33,45,586,596,38,41,47,539,0,7,414,437,432,7,427,429,62,419,14,7,0,8,13,13,3,5,438,443,59,60,53,437,432,10,0,5,13,8,15,4,4,1,0,11,428,431,55,63,54,48,62,51,56,447,446,10,2,13,5,14,13,4,7,438,443,447,446,5,14,11,9,8,12,15,3,7,439,442,56,63,57,52,418,8,428,430,50,435,434,10,12,2,5,4,415,55,53,53,51,417,153,79,66,79,70,68,77,70,69,70,77,64,79,75
67,69,68,184,188,202,181,200,7,438,442,63,59,419,541,34,34,37,41,36,38,39,37,587,593,5,439,443,435,433,414,449,424,445,9,13,9,5,1,8,4,3,2,440,441,52,50,50,435,432,0,8,8,0,8,10,10,11,1,14,440,441,54,48,55,63,49,53,448,445,5,2,10,15,3,5,520,475,475,511,440,444,15,9,15,6,2,3,1,9,11,10,9,439,443,58,57,52,437,420,431,56,58,48,417,8,9,10,7,10,415,51,60,53,448,446,263,68,64,66,79,77,66,70,74,74,74,74,78,79
69,68,68,70,189,203,182,201,195,11,416,53,59,419,540,47,42,44,36,43,37,37,42,43,583,590,9,439,441,435,450,446,15,1,10,10,8,15,11,4,8,10,14,8,440,442,63,50,53,437,434,6,8,12,9,13,12,5,1,11,426,430,50,55,56,53,51,447,446,9,6,2,600,553,555,593,497,494,28,457,14,12,8,15,0,15,3,605,554,589,11,3,7,4,439,441,61,59,62,49,60,56,52,449,444,604,555,591,9,4,416,61,57,50,417,244,264,68,68,77,64,78,72,73,68,67,71,73,72,68
64,73,71,68,70,204,183,202,196,240,414,53,57,419,540,44,45,32,37,47,35,33,33,44,42,536,4,426,431,449,445,0,14,13,5,3,11,4,9,11,2,12,4,7,14,440,442,56,58,52,435,433,13,6,1,5,5,5,5,426,431,54,48,50,56,58,449,445,12,2,10,600,599,35,40,582,593,498,468,488,8,14,10,2,7,10,8,543,46,587,554,593,13,9,5,438,442,58,55,52,50,59,448,445,11,541,39,585,590,8,415,48,49,51,418,245,265,78,73,65,75,76,72,64,77,64,69,64,73,66
67,74,72,71,77,79,184,203,197,241,414,53,59,418,543,33,40,39,34,46,36,42,35,44,42,534,3,416,447,445,602,553,590,9,14,15,9,3,3,8,0,12,3,3,3,14,438,441,56,59,53,436,433,1,3,0,14,11,428,430,51,49,60,56,63,447,444,10,13,11,602,594,34,34,37,43,536,12,13,9,5,4,14,12,0,5,600,596,47,38,42,587,593,6,15,2,440,441,63,58,61,50,417,13,6,541,32,46,587,593,415,61,60,51,417,246,266,71,64,75,76,74,76,75,74,71,74,70,78,65
66,72,73,71,70,72,64,204,198,242,414,56,63,418,577,571,46,44,45,34,35,32,32,42,47,536,11,439,446,603,594,40,539,2,10,1,1,7,12,9,11,1,3,10,3,12,9,440,441,60,55,57,435,432,1,0,9,428,431,54,50,61,62,63,447,446,1,14,9,600,598,47,37,37,40,37,582,590,11,2,10,1,1,11,6,600,594,41,46,42,34,45,537,0,2,9,15,439,442,62,58,59,435,420,434,576,571,41,33,582,415,61,60,56,417,247,267,72,64,71,67,78,74,68,77,71,75,79,67,65
75,68,74,68,69,65,70,70,199,243,415,49,51,417,3,543,46,37,40,38,40,33,41,39,38,535,3,604,557,599,36,47,585,553,591,12,4,8,13,3,13,13,1,14,14,524,509,6,439,441,52,55,60,437,434,14,428,430,62,62,49,51,51,449,445,12,14,5,603,594,44,40,35,32,44,42,40,584,588,8,5,1,7,12,604,596,39,34,47,44,37,42,583,589,0,2,8,4,440,441,53,50,53,63,435,432,576,570,37,34,416,55,61,51,419,150,76,73,70,75,76,78,64,76,65,72,66,78,76,71
64,78,64,78,69,69,66,79,77,140,414,63,57,419,8,544,43,42,46,32,43,40,40,43,561,566,10,543,46,42,40,37,42,34,536,13,9,5,14,12,3,10,7,9,2,498,486,4,7,438,442,54,61,52,435,420,430,63,54,63,48,52,449,446,5,5,1,15,541,44,47,32,39,46,42,43,42,47,582,592,4,1,9,602,596,33,35,40,34,35,35,37,36,586,592,10,11,15,14,440,442,53,62,55,56,437,433,579,551,546,416,58,57,58,419,151,66,74,67,66,73,68,71,68,70,76,67,70,75,75
68,75,73,75,76,68,68,65,65,141,415,63,55,419,14,581,549,549,551,549,548,548,550,551,565,11,11,543,32,44,36,41,39,33,535,3,12,12,11,7,10,12,14,3,5,9,8,13,524,511,439,442,59,56,59,60,49,50,49,52,62,449,445,0,14,8,11,602,596,32,35,36,38,38,44,37,46,46,37,585,593,5,600,594,45,32,37,47,36,32,40,37,34,38,582,593,14,9,11,1,439,442,50,53,55,56,435,421,432,13,415,51,63,48,418,152,70,78,68,76,72,77,69,74,64,79,74,79,74,69
74,75,78,70,69,76,70,75,70,144,416,51,59,418,0,6,7,10,3,2,10,9,426,421,434,14,1,576,547,549,549,549,551,546,568,13,2,4,8,13,10,5,11,9,7,14,0,9,498,486,0,439,443,60,51,63,50,48,61,55,447,444,3,6,14,1,602,597,45,44,34,36,33,45,47,44,43,42,37,45,585,552,594,40,33,39,32,47,33,42,34,39,40,32,42,582,591,11,15,10,15,438,441,58,61,62,56,55,437,420,431,57,55,62,417,153,78,69,68,65,69,68,66,71,64,73,76,64,74,74
76,75,76,79,76,75,75,68,76,145,415,53,52,435,422,422,421,421,422,422,420,422,431,50,436,422,421,421,420,420,422,420,420,420,421,422,422,422,420,421,420,422,421,422,421,421,421,422,422,422,421,420,430,59,52,50,56,50,58,448,446,11,7,0,10,603,596,39,46,40,43,43,40,40,46,36,39,39,42,45,42,37,37,36,39,45,46,37,45,46,43,37,34,45,42,38,586,554,588,10,13,12,438,441,50,52,54,56,60,49,61,55,58,48,418,152,70,70,64,79,74,68,79,79,79,75,66,72,77,78
71,65,71,78,72,67,67,79,67,144,416,53,53,60,52,53,55,48,49,55,51,56,49,54,62,57,54,61,60,63,55,57,48,49,55,63,49,56,60,54,50,48,49,48,52,50,48,54,61,61,50,63,53,61,52,52,56,55,447,446,5,12,2,602,553,597,43,34,47,45,37,36,34,33,32,35,33,46,36,40,32,36,45,40,35,47,32,40,40,42,43,45,36,40,43,33,41,42,586,591,2,3,4,438,442,48,50,50,63,51,51,58,53,59,419,153,77,67,79,65,69,71,65,69,72,79,65,67,75,70
73,66,69,75,78,66,77,69,72,145,415,50,51,57,51,55,62,63,51,57,63,51,59,57,59,61,51,60,49,58,55,63,50,53,53,51,59,53,55,58,62,48,57,48,49,48,55,59,49,61,51,49,61,50,57,61,48,447,446,15,11,600,552,599,33,40,47,44,33,43,39,36,37,42,47,42,33,33,559,546,547,550,546,550,574,32,46,45,46,38,43,38,35,39,40,37,36,42,42,584,591,15,0,8,438,441,57,59,51,63,55,447,442,52,419,148,79,75,79,69,66,67,65,77,68,66,68,70,71,72
66,72,68,64,69,65,69,73,70,154,415,60,61,58,53,53,56,53,56,50,54,56,50,54,50,50,51,52,63,63,52,63,55,50,59,51,50,49,62,57,54,51,53,54,48,49,50,60,50,56,51,50,58,57,49,63,447,446,5,13,604,597,42,44,34,45,45,44,36,45,35,46,41,40,38,35,44,39,537,15,428,422,433,4,543,45,39,40,42,40,43,35,33,35,45,42,39,42,35,44,587,589,6,2,5,440,442,52,58,48,449,445,414,53,417,149,75,72,72,64,75,75,72,70,72,76,77,70,77,73
69,72,78,75,66,79,71,64,156,163,416,48,53,51,61,54,60,61,56,63,63,63,56,53,56,57,59,62,57,48,62,56,56,54,48,56,51,60,48,55,55,59,59,53,49,58,54,49,52,52,57,57,57,59,62,447,444,3,14,5,544,43,37,34,40,37,43,44,36,37,42,32,37,47,42,42,34,44,535,428,429,56,436,434,543,35,37,37,37,36,46,40,39,42,44,35,47,47,44,42,42,536,13,14,10,15,438,424,424,424,444,2,414,54,418,152,68,70,76,74,72,65,66,71,76,75,73,64,66,78
75,77,79,75,70,69,73,162,165,427,429,49,448,424,424,423,423,424,424,424,423,423,425,425,424,425,424,425,423,425,425,425,424,423,423,424,423,423,424,425,424,424,423,425,425,423,425,423,423,423,425,423,425,424,423,446,12,12,3,5,542,45,40,37,43,45,44,36,34,37,36,42,39,34,36,35,38,36,538,416,57,48,49,419,544,38,34,46,43,37,35,41,41,45,46,35,39,560,574,34,44,534,11,11,3,12,9,9,123,113,6,10,414,60,417,153,79,73,69,76,76,68,74,64,74,69,77,67,76,77
100,100,106,106,102,102,102,157,427,430,51,53,417,12,123,123,123,118,123,118,118,128,133,113,123,113,113,118,118,113,133,128,123,128,133,113,123,128,108,113,128,133,123,128,113,133,133,133,108,108,128,113,133,128,118,133,113,128,14,12,581,574,45,41,32,47,44,44,38,33,35,47,42,40,43,46,47,39,538,438,441,62,448,446,541,36,34,37,34,36,36,37,43,45,46,45,44,582,595,563,551,569,1,235,129,124,134,119,124,114,240,11,414,62,417,152,79,74,71,71,65,67,70,71,77,73,67,73,68,77
101,101,107,107,103,103,103,8,414,52,56,448,446,210,124,124,124,119,124,119,119,129,134,114,124,114,114,119,119,114,134,129,124,129,134,114,124,129,109,114,129,134,124,129,114,134,134,134,109,109,129,114,134,129,119,134,114,129,180,9,8,579,574,39,34,38,43,32,44,32,39,32,32,42,42,39,47,41,536,15,439,425,446,3,540,33,39,41,35,33,47,42,43,39,34,34,39,35,44,535,4,11,230,236,130,125,135,120,125,115,241,3,414,53,418,153,67,72,76,79,70,69,77,79,78,78,70,68,65,71
426,420,434,6,428,433,428,422,430,54,56,419,244,211,125,125,125,120,125,120,120,130,135,115,125,115,115,120,120,115,135,130,125,130,135,115,125,130,110,115,130,135,125,130,115,135,135,135,110,110,130,115,135,130,120,135,115,130,181,200,9,0,580,570,37,46,47,39,32,47,44,36,44,46,46,47,38,47,582,555,553,556,556,554,599,35,41,44,44,35,46,32,34,42,43,47,35,47,561,568,2,244,231,237,131,126,136,121,126,116,242,427,429,55,417,148,66,79,72,66,71,72,71,77,66,68,70,75,68,71
430,61,436,420,431,437,429,59,50,62,448,446,245,212,126,126,126,121,126,121,121,131,136,116,126,116,116,121,121,116,136,131,126,131,136,116,126,131,111,116,131,136,126,131,116,136,136,136,111,111,131,116,136,131,121,136,116,131,182,201,195,3,13,543,44,46,47,45,34,32,46,45,41,43,39,38,46,33,43,34,32,41,45,36,39,41,46,40,38,44,33,33,40,32,47,44,39,42,536,7,5,245,232,238,132,127,137,122,127,117,243,416,63,54,419,149,66,65,74,71,72,65,75,76,79,78,72,66,76,70
54,55,49,57,50,57,52,52,52,449,445,8,246,213,127,127,127,122,127,122,122,132,137,117,127,117,117,122,122,117,137,132,127,132,137,117,127,132,112,117,132,137,127,132,117,137,137,137,112,112,132,117,137,132,122,137,117,132,183,202,196,240,1,577,570,39,32,46,34,37,40,37,34,41,34,47,44,46,35,33,46,37,35,559,550,570,36,43,37,41,38,35,33,40,43,558,550,550,568,0,5,246,233,239,78,79,78,65,74,71,142,416,59,56,417,150,71,71,79,68,79,66,75,72,74,75,74,65,74,66
61,48,60,48,55,49,60,58,60,419,11,13,247,214,64,77,66,66,68,70,70,73,68,65,71,68,69,72,76,71,68,67,77,73,68,72,64,74,71,69,75,71,71,74,71,78,64,75,76,79,71,77,70,69,67,74,69,71,184,203,197,241,7,3,578,570,34,43,34,40,41,35,42,42,35,561,548,551,546,550,547,549,550,566,8,580,575,46,32,36,40,44,36,43,44,538,426,421,434,9,4,247,234,65,71,75,65,78,76,75,143,416,53,54,418,151,76,70,75,66,64,77,74,72,73,70,67,69,65,71
57,57,58,61,56,55,62,56,60,419,1,12,148,73,67,79,64,69,77,72,67,73,68,64,71,65,78,71,67,79,74,69,72,70,72,66,79,64,68,78,68,68,73,66,69,77,73,72,72,68,68,72,67,72,65,74,67,72,75,204,198,242,2,1,0,541,35,33,33,45,559,574,34,32,39,537,8,14,8,9,3,14,11,6,7,1,542,45,38,45,45,38,45,33,35,536,416,54,435,421,434,155,73,66,76,69,76,67,73,69,144,415,48,51,417,152,71,75,78,68,76,79,66,76,64,77,64,74,67,78
54,52,54,49,48,62,54,54,49,437,434,1,149,67,73,77,77,72,77,64,76,79,71,77,79,73,71,72,68,77,79,69,79,72,74,78,67,79,77,68,74,79,71,71,64,78,78,66,65,70,74,65,77,73,73,76,70,79,78,75,199,243,7,10,10,579,570,40,39,40,585,597,33,42,558,568,11,14,220,180,9,10,0,220,185,12,577,571,37,40,39,39,34,32,563,564,439,442,58,48,419,173,174,78,78,73,72,79,79,68,145,416,55,53,418,153,78,64,71,76,64,79,75,79,68,65,65,67,79,71
57,449,443,58,448,424,443,59,58,52,435,434,155,76,65,71,78,79,67,68,69,67,70,74,70,71,67,71,79,76,72,73,70,66,78,64,64,69,77,68,77,72,73,71,64,75,78,64,77,67,70,65,70,75,75,79,72,72,68,79,78,248,1,2,14,3,579,572,40,35,42,35,38,558,564,6,4,220,221,181,190,113,235,221,186,200,0,578,571,42,38,44,561,549,569,9,9,439,441,56,437,432,175,170,68,65,76,74,78,65,142,414,57,55,418,148,77,72,64,79,69,78,76,66,67,67,78,67,73,78
424,445,439,424,444,7,438,423,443,62,51,418,177,174,66,66,69,77,66,69,73,67,74,66,73,79,65,70,72,66,71,69,77,70,77,72,78,70,69,76,78,75,79,74,70,68,76,77,67,64,79,70,75,76,72,64,68,75,72,66,72,249,200,0,3,4,0,578,549,574,45,40,563,566,0,11,215,221,222,182,191,114,236,222,187,201,190,9,579,547,551,546,565,4,4,5,118,133,438,442,61,436,432,173,168,69,77,78,71,65,143,416,56,53,417,149,79,74,64,71,79,78,78,75,67,77,74,70,71,76
113,118,118,108,108,133,128,0,416,48,60,437,434,171,100,102,98,104,106,102,96,104,96,96,104,104,106,106,102,106,98,102,102,106,104,100,106,100,100,106,106,98,104,100,96,98,102,100,102,104,104,98,98,102,98,176,72,73,73,74,76,250,201,180,118,133,108,108,15,579,551,547,568,7,4,220,216,222,223,183,192,115,237,223,188,202,191,180,11,10,9,6,13,230,134,124,119,134,180,440,441,55,437,432,169,100,102,104,96,106,163,414,50,49,418,169,178,75,73,70,78,64,65,70,71,77,78,70,74,64
114,119,119,109,109,134,129,185,440,442,49,50,419,12,101,103,99,105,107,103,97,105,97,97,105,105,107,107,103,107,99,103,103,107,105,101,107,101,101,107,107,99,105,101,97,99,103,101,103,105,105,99,99,103,99,173,174,74,77,75,65,251,202,181,119,134,109,109,180,0,1,13,11,12,215,221,217,223,224,184,193,116,238,224,189,203,192,181,205,10,8,3,220,231,135,125,120,135,181,195,438,441,58,435,434,15,15,1,97,107,4,414,56,63,437,433,173,170,66,68,65,74,66,71,73,75,74,72,76,66
115,120,120,110,110,135,130,186,205,440,442,52,436,433,6,7,5,6,604,553,553,556,553,553,556,593,2,3,15,0,8,12,6,9,4,1,1,5,8,1,11,2,4,2,10,2,2,3,12,15,7,14,2,8,6,1,177,170,72,67,77,252,203,182,120,135,110,110,181,180,123,123,123,210,216,222,218,224,78,66,194,117,239,72,68,204,193,182,206,205,13,235,221,232,136,126,121,136,182,196,190,438,442,60,419,10,10,8,3,11,10,414,58,51,57,435,433,179,96,100,172,66,71,65,79,72,71,77,72,65
116,121,121,111,111,136,131,187,206,240,416,53,61,436,420,432,3,10,543,34,37,37,36,34,43,586,589,6,5,9,11,14,7,13,14,602,552,554,553,552,555,590,15,1,11,1,8,2,0,12,14,9,15,9,12,1,14,152,72,76,68,68,204,183,121,136,111,111,182,181,124,124,124,211,217,223,219,65,74,76,66,78,76,67,77,75,194,183,207,206,114,236,222,233,137,127,122,137,183,197,191,240,416,52,436,421,433,4,8,12,7,415,52,59,61,52,435,433,97,101,155,71,69,72,73,77,70,69,67,73
117,122,122,112,112,137,132,188,207,241,439,423,443,54,52,419,4,8,545,43,45,36,33,43,34,32,539,3,6,11,2,0,2,5,6,540,37,34,46,36,44,585,554,556,590,4,2,4,9,2,1,6,14,4,9,8,14,153,64,66,64,65,68,184,122,137,112,112,183,182,125,125,125,212,218,224,76,71,66,158,104,96,98,176,68,67,71,184,208,207,115,237,223,234,75,71,65,71,184,198,192,241,415,59,59,52,436,432,7,2,7,416,60,48,62,50,60,436,422,434,175,98,104,178,75,66,75,71,76,64
77,67,64,73,78,69,65,189,208,242,4,13,415,55,49,436,433,15,545,41,47,40,45,46,47,43,583,593,3,12,8,7,10,6,15,541,41,46,34,43,43,41,47,44,585,593,7,5,14,8,8,14,2,0,11,9,0,150,69,75,68,77,64,78,68,74,74,69,184,183,126,126,126,213,219,79,78,77,162,161,2,10,1,169,174,68,67,72,209,208,116,238,224,72,65,158,96,176,64,199,193,242,439,441,52,60,53,437,432,15,427,429,48,55,58,48,50,61,51,435,434,99,105,146,78,64,79,68,72,76
73,66,76,71,77,67,70,79,209,243,13,11,439,441,55,54,436,432,581,575,35,33,33,41,40,41,37,585,553,589,6,1,10,7,12,540,45,44,38,40,45,45,42,43,35,587,591,14,8,7,4,10,1,12,8,1,11,151,74,67,64,78,77,69,73,64,73,69,69,184,127,127,127,214,71,65,64,75,142,428,420,422,422,432,150,76,75,72,79,209,117,239,70,79,158,161,97,171,176,79,194,243,11,440,442,52,48,57,437,420,430,63,54,61,60,49,63,54,56,50,436,421,433,147,70,77,76,69,78,77
75,70,65,75,65,65,76,77,66,144,605,557,588,440,423,443,61,435,433,577,549,572,32,41,32,44,34,37,45,582,589,2,4,2,5,545,37,36,47,46,44,45,38,32,32,34,584,555,592,7,14,2,15,10,11,3,5,155,79,70,68,79,71,78,64,65,77,70,69,75,66,76,76,72,73,68,77,66,143,415,56,52,50,418,151,70,67,71,70,64,74,64,76,160,161,5,5,4,177,100,104,167,1,12,440,441,49,59,48,62,53,57,449,424,441,59,52,52,59,49,57,57,417,155,64,68,67,77,69,66
78,79,71,64,73,76,67,72,78,145,544,46,582,590,7,414,62,49,435,420,434,543,34,39,39,35,35,34,35,45,538,1,7,15,15,542,45,46,45,47,36,40,37,33,32,47,40,44,585,591,13,7,7,2,2,14,7,169,102,98,104,172,69,76,71,71,68,160,106,178,71,74,79,72,78,78,72,67,140,416,57,61,57,418,146,72,71,72,67,72,74,68,160,167,12,14,12,0,4,101,105,14,11,1,1,416,63,60,50,55,52,447,446,3,440,441,51,52,50,50,59,62,417,175,178,65,76,70,71,70
70,68,78,79,73,64,69,70,71,138,540,37,33,583,592,415,52,62,58,59,419,579,570,36,34,43,44,39,43,559,568,5,426,422,433,576,570,46,47,38,41,33,44,41,44,39,45,35,41,586,591,14,10,7,2,428,420,433,103,99,105,169,174,64,71,69,162,157,107,177,176,70,66,64,74,67,68,75,141,439,443,54,448,445,147,79,70,70,79,65,73,166,167,7,8,8,9,7,2,8,1,15,13,12,428,429,62,60,51,60,448,446,1,3,0,415,49,58,54,61,52,54,418,14,152,72,73,78,69,68
71,74,74,74,76,72,74,74,67,139,541,40,32,41,534,414,61,448,424,443,435,432,577,572,42,38,42,45,559,564,428,422,431,48,435,434,579,573,36,37,41,44,47,35,35,35,42,34,43,34,587,591,0,5,4,415,62,417,11,0,12,14,171,174,72,166,159,2,10,2,171,176,79,78,78,74,68,75,154,6,416,55,418,15,155,71,65,76,65,79,156,159,10,12,9,0,2,11,4,7,8,5,2,426,431,56,58,63,59,54,417,14,0,8,1,415,48,48,62,55,53,53,418,6,153,78,79,74,77,74
73,68,69,76,77,78,72,77,67,138,541,46,559,547,564,416,54,417,9,414,51,435,433,577,570,44,36,561,567,10,416,62,54,62,60,436,433,577,573,43,38,34,43,32,35,34,37,44,40,32,35,583,589,11,15,414,55,437,432,6,6,7,6,179,100,167,15,600,552,556,591,173,168,69,70,70,74,72,248,9,440,423,446,5,263,72,72,76,68,166,165,5,2,3,6,9,15,12,11,4,0,14,428,430,56,61,52,61,50,49,417,9,6,2,5,414,60,63,58,55,58,51,417,7,150,77,73,76,76,65
75,75,75,79,75,75,69,64,67,139,543,38,539,426,421,431,447,444,8,438,423,442,437,432,580,546,548,565,427,420,429,55,447,424,441,60,437,432,579,550,570,32,34,42,37,35,43,39,42,44,40,47,539,7,0,438,424,441,437,434,6,8,6,15,101,9,603,595,34,41,535,9,177,176,75,67,70,72,249,205,10,4,13,215,264,69,74,68,158,163,14,10,5,4,13,15,6,6,15,6,11,428,430,55,61,61,57,54,53,48,419,8,7,15,2,415,61,56,49,61,58,51,418,10,151,68,75,76,70,75
70,77,79,65,79,78,72,72,70,142,577,549,567,416,53,447,444,13,521,508,1,414,61,437,432,1,15,12,416,49,62,449,446,9,439,441,58,436,422,434,579,575,34,45,35,34,39,35,32,41,41,43,582,588,0,1,5,438,442,435,433,1,2,10,3,600,597,35,41,37,538,12,10,175,168,78,70,75,250,206,134,129,109,216,265,75,77,160,165,3,4,15,14,6,3,5,7,3,2,1,9,414,48,63,56,49,63,52,55,49,417,0,2,3,1,416,62,61,60,51,56,54,418,7,152,70,74,79,69,71
65,73,68,65,79,75,70,70,71,143,8,427,422,430,448,444,4,13,498,486,2,438,443,60,437,422,422,420,429,57,449,444,603,552,589,438,443,49,63,419,5,579,574,46,35,36,35,35,32,46,47,46,40,585,557,588,522,512,439,443,418,7,9,13,4,544,47,38,43,35,539,11,15,9,173,176,79,78,251,207,135,130,110,217,266,65,65,140,15,14,11,9,14,4,10,14,13,10,1,428,421,429,51,57,61,52,59,59,61,62,418,6,9,3,1,415,61,58,48,60,63,449,444,11,153,69,75,64,69,66
65,66,64,75,64,71,76,74,68,154,13,416,50,449,445,11,1,6,2,10,1,1,440,441,56,61,63,59,51,447,444,14,545,45,584,589,440,423,442,436,433,11,579,574,33,46,35,38,39,41,44,47,39,36,33,537,465,456,7,414,435,422,433,11,1,544,47,45,41,563,566,2,3,5,11,179,178,72,252,208,136,131,111,218,267,75,75,141,14,15,15,6,2,3,1,9,10,1,427,431,51,449,425,425,425,423,423,423,424,423,446,13,1,13,1,439,425,424,423,425,424,446,3,12,152,76,70,64,67,73
76,65,68,72,64,72,77,79,162,157,427,429,449,445,0,1,0,13,3,4,5,9,2,415,63,48,52,58,448,445,4,1,542,35,43,584,589,8,416,51,437,420,433,543,35,46,35,36,34,32,38,47,563,548,550,565,499,489,428,429,57,50,417,10,604,596,40,33,41,536,2,11,11,9,0,14,173,170,79,209,137,132,112,219,76,77,79,154,3,9,14,3,0,8,7,2,13,428,431,61,447,445,0,6,10,427,422,420,420,421,421,434,7,5,15,3,0,15,1,11,0,7,10,11,153,78,77,75,70,76
73,66,74,68,70,79,64,166,165,427,429,449,444,10,7,6,3,8,9,6,14,2,3,438,425,443,54,448,444,5,10,0,543,32,40,37,539,2,440,441,63,49,418,578,546,571,43,35,32,37,40,560,565,5,13,11,14,426,430,52,448,424,444,13,544,38,38,38,561,569,2,14,0,9,15,0,15,171,102,174,75,73,70,77,69,68,73,248,3,15,0,0,0,10,3,13,426,429,53,448,445,6,10,604,590,414,59,57,57,51,53,436,422,421,421,422,422,421,421,433,15,12,8,2,146,66,71,79,65,74
78,76,78,65,75,66,156,163,10,414,56,418,11,10,522,512,8,9,1,8,9,11,6,15,2,439,425,445,9,3,13,10,580,548,574,38,586,592,0,440,424,443,435,422,432,577,573,37,42,32,558,566,0,15,5,8,426,430,59,60,417,0,5,10,580,572,46,47,536,4,11,12,12,8,7,8,4,7,14,169,170,73,67,68,71,72,77,249,205,2,15,13,8,12,8,426,429,49,448,445,5,9,602,598,537,415,63,56,48,60,60,49,60,48,60,51,55,48,59,418,5,10,7,13,147,65,71,66,72,67
70,73,66,79,64,162,159,10,427,451,424,445,4,525,533,488,7,6,9,13,8,5,11,15,11,2,0,4,13,0,2,5,11,5,542,32,46,587,590,4,6,439,443,61,418,3,577,548,548,549,565,12,3,10,11,426,430,52,449,424,446,2,12,10,0,576,548,549,568,11,13,5,13,15,4,7,15,8,4,1,169,168,69,72,64,74,78,250,206,205,0,13,13,12,428,431,56,449,446,14,7,602,597,43,538,415,55,61,51,61,60,49,60,57,63,56,56,61,59,419,5,5,9,6,146,67,73,70,72,66
72,77,77,74,162,165,5,427,430,417,12,11,0,498,486,9,4,13,7,5,1,4,1,11,5,3,7,4,13,11,4,2,2,1,577,574,46,44,584,590,4,0,415,59,437,433,15,520,475,472,472,473,508,11,428,429,448,423,445,14,1,14,6,2,4,4,428,434,11,14,12,15,12,2,15,15,15,8,6,11,12,155,65,72,72,72,70,251,207,206,190,2,12,0,416,63,447,445,7,605,556,596,32,559,567,416,48,53,50,49,53,62,61,61,61,53,51,49,55,419,0,3,7,7,147,79,65,69,76,78
69,65,73,162,165,1,1,438,424,446,128,118,123,128,118,128,128,118,128,13,8,7,4,12,1,2,10,15,1,9,3,14,12,6,8,579,574,38,41,584,593,10,439,423,441,437,433,497,495,16,17,483,487,426,430,447,444,8,3,4,7,8,426,422,421,421,431,437,434,7,0,1,9,13,521,473,511,9,14,0,12,175,172,68,66,78,76,252,208,207,191,180,4,11,440,425,444,15,604,598,45,43,47,538,6,414,51,52,49,52,60,60,63,49,55,56,60,55,48,418,10,1,11,14,148,70,70,71,77,69
70,71,160,165,1,14,15,14,14,210,129,119,124,129,119,129,129,119,129,190,10,6,8,6,6,14,4,0,0,10,4,0,14,6,2,14,577,574,32,36,585,592,13,3,414,53,435,434,497,493,481,485,426,431,52,419,427,420,421,432,15,427,429,62,51,60,60,51,435,433,9,1,11,7,465,24,457,4,6,2,13,5,179,174,74,78,68,65,209,208,192,181,190,11,3,4,2,600,594,44,44,35,558,564,6,415,48,51,54,50,48,56,56,61,63,48,49,58,54,418,12,12,3,8,149,64,75,65,72,70
65,65,140,12,11,11,2,12,220,211,130,120,125,130,120,130,130,120,130,191,200,2,0,9,9,10,11,7,5,8,12,11,8,10,7,1,15,578,574,42,45,585,593,11,438,423,442,435,433,499,484,428,429,54,55,418,416,56,53,418,426,430,48,55,55,447,442,60,59,436,434,3,1,2,501,469,487,8,10,3,8,14,11,173,176,71,64,79,70,209,193,182,191,195,15,0,7,544,46,33,39,559,565,10,14,415,52,52,53,61,58,58,60,48,49,50,59,53,55,417,15,7,9,7,148,74,78,73,75,66
66,70,141,7,1,8,10,230,221,212,131,121,126,131,121,131,131,121,131,192,201,190,2,11,1,11,7,13,6,3,2,8,7,9,4,5,7,5,542,44,44,33,587,591,11,7,414,54,436,433,428,431,49,63,449,444,415,54,59,417,415,60,48,448,425,445,440,425,441,60,435,422,434,0,5,13,9,14,11,1,10,7,10,12,179,178,75,72,74,65,194,183,192,196,185,4,5,576,550,571,562,566,10,9,12,416,63,63,52,56,51,61,56,57,50,61,53,51,49,419,12,14,8,12,149,79,74,79,78,72
78,67,140,3,3,7,244,231,222,213,132,122,127,132,122,132,132,122,132,193,202,191,205,11,1,14,5,7,4,13,5,6,0,11,9,12,7,11,577,572,40,36,44,535,10,4,439,425,443,435,430,60,447,423,444,5,416,48,51,418,414,59,449,446,5,2,15,7,416,61,54,51,437,420,432,2,4,1,15,7,3,4,15,1,8,175,176,64,77,64,69,184,193,197,186,195,5,0,13,578,569,10,11,11,0,415,55,448,442,52,51,62,53,50,56,63,52,61,50,417,9,10,8,14,148,77,74,65,65,77
66,77,141,11,12,6,245,232,223,214,72,78,64,65,75,70,71,70,69,194,203,192,206,190,4,2,0,15,11,12,0,10,0,15,2,15,3,8,2,578,575,39,32,534,521,509,0,6,416,56,49,61,419,3,8,4,439,425,425,444,416,449,446,603,554,552,553,590,440,423,442,49,58,51,419,13,7,12,5,2,7,3,8,6,13,6,171,178,77,73,71,74,194,198,187,206,185,4,14,2,7,10,2,15,14,414,58,435,431,54,60,59,54,49,62,56,62,58,54,419,15,12,7,14,149,72,78,68,70,64
68,76,140,10,15,6,246,233,224,72,73,68,74,78,64,64,71,66,72,69,204,193,207,191,205,12,0,0,6,8,6,3,12,1,0,4,8,15,13,15,578,551,551,564,465,458,2,428,429,53,61,448,444,10,9,12,2,426,421,420,451,446,603,596,42,39,47,582,554,588,440,442,49,59,418,5,9,5,13,8,9,1,3,13,0,10,14,173,176,76,76,65,70,199,188,207,186,200,11,13,5,604,590,10,428,429,62,50,62,53,54,52,57,54,54,52,56,59,49,417,3,13,0,2,152,69,77,73,73,71
74,77,141,15,11,9,247,234,73,66,69,70,162,104,98,106,104,170,79,66,68,194,208,192,206,180,13,5,5,3,14,8,6,12,3,1,1,3,14,10,11,9,9,524,532,485,426,430,55,448,425,444,10,10,4,11,427,431,50,447,446,605,596,44,32,41,40,39,36,586,590,438,441,52,436,432,0,2,6,11,6,11,6,602,555,552,553,591,177,176,72,77,79,78,189,208,187,201,4,7,8,578,567,428,429,53,52,59,50,54,48,52,60,63,51,59,60,63,57,418,2,15,12,13,153,68,67,68,73,76
67,70,144,1,4,9,146,72,67,71,71,162,159,105,99,107,105,169,170,72,74,65,209,193,207,181,200,6,7,6,4,3,13,5,13,10,2,6,3,9,603,555,591,498,488,428,429,50,59,418,5,9,11,3,6,3,416,50,448,446,600,597,44,37,37,46,38,33,47,42,537,13,414,50,48,437,433,12,9,9,15,15,6,541,40,32,44,586,588,169,172,70,68,79,77,209,188,202,7,8,14,15,15,415,57,53,62,53,62,448,425,425,424,424,425,424,424,423,423,446,14,8,9,10,146,77,77,70,79,64
68,70,145,8,8,1,147,70,72,70,166,165,602,554,555,553,589,0,169,172,67,78,66,194,208,182,201,180,3,0,15,4,10,6,6,8,6,12,10,605,596,37,536,12,10,415,54,59,448,444,1,11,12,12,15,427,431,54,418,4,545,34,33,33,37,36,32,44,44,37,585,593,438,423,443,57,417,14,4,15,1,1,602,598,38,36,44,45,587,588,177,102,168,67,74,68,189,203,1,7,5,2,12,439,442,55,53,56,449,445,4,4,11,0,4,0,5,10,13,12,7,2,13,2,147,79,68,73,75,75
74,73,140,15,6,14,150,68,74,166,159,605,594,34,43,44,584,593,13,173,172,76,67,75,209,183,202,181,190,0,8,13,4,10,8,5,8,6,604,599,42,47,535,426,420,431,447,423,446,13,13,11,5,4,426,429,57,60,418,604,596,45,41,36,33,34,35,36,32,36,32,582,591,7,414,49,419,2,14,12,3,3,540,34,33,45,32,42,46,534,5,103,179,172,66,78,70,204,15,6,2,6,14,1,440,443,58,448,444,604,11,3,4,3,6,9,10,9,9,12,11,11,2,4,150,69,65,64,68,67
79,75,141,2,12,11,151,74,65,140,602,598,35,42,41,45,35,535,5,4,175,168,73,69,71,184,203,182,191,180,14,8,12,9,11,15,602,552,596,43,35,558,566,416,50,60,417,13,4,8,9,11,10,3,414,49,59,449,444,543,44,46,42,38,34,35,32,35,36,43,47,34,587,592,416,52,437,433,15,6,1,0,541,46,47,36,33,562,548,569,13,13,9,263,65,66,70,145,10,5,1,4,0,7,3,439,425,444,604,599,0,15,12,10,3,15,1,6,5,14,4,15,5,0,151,76,76,74,78,72
69,77,142,6,11,0,148,69,76,141,542,44,34,37,43,38,44,537,4,9,9,171,178,68,78,74,204,183,192,181,200,5,0,6,8,600,597,37,42,39,562,564,427,430,448,425,444,14,15,5,0,5,2,8,416,61,49,419,0,540,38,42,39,43,44,43,45,44,42,33,32,33,41,534,415,49,59,417,4,7,8,0,543,39,38,40,558,566,14,4,1,3,220,264,76,66,73,144,12,0,15,12,3,2,14,2,11,602,595,41,7,11,9,14,14,2,13,10,12,11,10,3,8,14,155,74,69,76,74,71
72,65,143,5,6,13,149,65,77,142,577,549,574,46,41,36,45,535,15,8,12,4,175,102,168,68,67,184,193,182,201,190,13,2,600,598,37,35,42,562,567,427,429,52,419,5,10,8,1,10,2,5,12,11,439,443,49,417,605,594,33,36,40,34,32,34,38,47,43,32,42,47,35,537,438,441,51,418,12,12,6,602,598,38,34,563,565,4,3,3,7,235,221,265,66,77,73,145,14,13,11,7,8,3,14,6,0,578,550,570,13,6,0,14,1,14,8,9,13,15,15,10,2,13,263,65,65,70,65,70
73,68,140,14,10,15,148,67,72,143,15,8,576,550,548,550,547,569,6,5,8,0,14,103,175,170,72,73,194,183,202,191,240,2,543,41,47,36,558,567,428,431,56,448,445,2,10,2,10,9,9,9,15,6,426,430,60,417,542,44,33,34,46,38,36,43,34,46,43,35,39,47,41,536,10,415,49,417,13,604,552,597,43,45,559,565,7,0,0,5,235,236,222,266,73,73,73,138,10,1,2,1,7,12,7,15,14,3,12,580,7,12,3,12,9,7,12,3,11,8,4,11,4,235,264,74,78,77,67,66
79,75,141,14,10,7,149,68,75,140,3,244,205,113,118,4,6,1,4,4,12,12,10,8,10,175,178,70,65,184,203,192,241,11,544,37,558,548,565,427,431,56,449,444,5,0,6,7,11,6,2,6,0,7,439,442,53,418,578,570,32,47,46,47,32,42,40,41,45,43,36,33,563,569,426,429,56,418,6,540,45,43,42,558,566,2,5,12,7,244,236,237,223,267,73,77,74,139,14,3,5,9,12,9,13,15,6,14,11,3,1,2,15,6,8,1,12,6,2,2,9,12,215,236,265,64,79,65,68,66
76,70,144,12,10,11,169,176,77,141,0,245,206,114,119,205,12,15,3,0,14,0,4,7,11,15,177,168,65,70,204,193,242,4,577,546,566,426,422,429,447,424,444,10,15,4,4,3,3,8,2,14,6,2,1,415,63,418,8,544,37,45,33,34,32,39,40,35,47,35,35,36,539,427,429,57,447,444,603,596,35,46,36,584,555,590,12,12,7,245,237,238,224,68,64,69,75,96,8,9,1,15,10,8,4,7,5,5,6,15,11,6,1,7,2,6,13,2,3,2,6,235,216,237,266,70,75,67,76,77
65,70,145,9,4,1,7,171,176,154,9,246,207,115,120,206,200,11,13,4,11,8,4,6,5,12,11,175,176,71,77,194,243,2,6,0,6,415,61,53,418,0,12,2,15,4,13,0,603,556,590,7,6,12,4,415,60,435,434,577,573,40,46,46,36,39,38,40,38,34,32,46,535,416,59,61,417,604,597,39,34,46,36,32,34,535,0,2,12,246,238,239,73,77,70,76,166,165,1,13,1,14,15,10,15,4,12,4,11,15,7,7,14,7,5,12,1,8,13,2,235,236,217,238,267,73,78,64,69,66
72,76,248,9,4,3,3,9,177,167,13,247,208,116,121,207,201,195,14,4,10,5,3,0,5,2,11,12,177,100,106,104,167,12,1,428,422,431,63,448,444,113,7,4,10,1,7,2,544,39,539,11,0,13,10,416,51,53,417,1,540,39,40,47,45,41,36,33,42,43,45,563,566,416,62,49,419,541,34,36,43,43,35,47,39,536,11,2,5,247,239,68,78,77,75,156,163,4,0,9,6,1,12,13,14,15,14,12,15,7,14,8,11,14,5,15,1,8,0,220,236,237,218,239,67,75,78,66,70,68
72,69,249,205,14,7,7,9,3,12,15,155,209,117,122,208,202,196,180,15,604,556,590,9,8,426,421,434,15,101,107,105,14,10,428,431,48,56,448,445,235,114,195,15,12,604,555,588,576,571,583,553,591,7,12,439,443,55,436,433,578,575,46,45,40,40,47,39,46,558,550,569,426,429,50,55,419,542,42,40,37,32,37,39,45,582,553,593,6,175,98,174,76,64,79,142,4,8,12,5,11,3,15,0,6,13,10,10,12,11,13,9,13,8,2,7,12,12,235,221,237,238,219,73,66,64,79,77,71,77
74,65,250,206,190,1,12,3,0,12,11,171,178,72,77,209,203,197,181,240,541,46,536,1,2,414,48,419,10,13,14,15,10,428,429,63,57,447,446,230,236,115,196,200,8,545,47,538,1,544,39,37,539,6,13,3,438,441,53,417,0,581,572,45,47,34,46,45,44,536,15,12,416,54,52,448,444,576,570,33,38,34,35,44,34,36,38,534,7,12,99,146,75,65,72,143,603,554,591,12,12,15,5,10,11,2,11,11,9,15,11,1,0,0,14,9,4,210,236,222,238,239,65,75,74,69,73,72,68,75
74,69,251,207,191,200,5,8,1,13,4,11,171,174,64,75,204,198,182,241,545,46,587,591,7,416,50,435,421,432,14,4,0,415,62,49,448,446,244,231,237,116,197,201,240,543,43,536,13,543,41,40,584,588,9,12,15,414,63,419,10,10,580,570,562,549,573,42,40,538,427,420,430,63,447,444,13,9,540,41,46,47,40,35,37,41,43,537,7,1,12,147,74,68,72,138,543,35,583,555,553,589,15,13,4,3,14,11,10,0,11,1,4,8,2,5,215,211,237,223,239,76,66,69,72,69,72,64,77,77
76,73,252,208,192,201,190,0,11,11,9,605,589,177,168,66,69,199,183,242,578,573,46,539,10,440,425,442,50,418,10,14,426,430,448,424,445,5,245,232,238,117,198,202,241,581,546,567,1,544,44,46,45,537,1,5,10,416,55,436,421,420,434,576,564,3,578,547,550,565,415,53,49,447,444,4,6,14,540,47,44,44,35,36,46,32,32,585,589,6,7,263,65,72,71,139,540,42,39,45,45,539,13,15,5,7,0,3,10,2,0,8,13,6,3,220,216,212,238,224,69,76,69,67,73,70,68,64,79,70
70,78,73,209,193,202,191,200,4,14,9,577,569,14,171,178,71,76,184,243,6,576,549,564,0,6,11,415,52,437,422,420,431,447,444,7,11,15,246,233,239,78,199,203,242,10,5,1,12,578,575,37,32,539,0,2,13,438,443,57,50,59,437,420,434,5,12,4,428,420,429,62,61,418,10,0,5,6,542,47,41,37,36,42,38,37,38,44,539,15,235,264,78,69,66,248,581,573,46,47,561,569,13,4,0,15,8,9,6,11,5,15,0,0,235,221,217,213,239,64,79,77,71,75,79,77,76,74,70,72
72,79,65,64,194,203,192,201,185,1,10,3,11,1,6,177,100,102,106,161,4,7,13,8,428,420,420,429,63,62,60,48,449,446,4,10,8,2,247,234,66,78,79,204,243,13,1,604,556,554,599,42,38,586,592,7,13,0,438,423,441,62,56,51,435,421,421,422,430,63,49,55,447,444,5,12,9,4,579,570,42,47,46,44,41,44,563,549,567,210,236,265,78,69,72,249,195,581,572,45,537,6,11,2,0,4,7,15,3,2,1,12,0,230,236,222,218,214,67,70,76,71,76,73,68,71,75,67,65,78
70,74,78,69,69,204,193,202,186,180,5,6,8,14,1,7,101,103,107,8,10,1,426,422,429,49,54,59,61,59,54,63,418,3,5,1,0,3,152,72,79,71,69,76,248,2,7,544,40,39,33,46,36,47,536,15,12,0,6,7,414,50,55,56,58,55,62,55,55,63,449,425,446,12,12,5,0,12,4,576,547,571,38,47,563,548,569,15,215,211,237,266,68,75,69,250,196,180,579,548,564,15,9,11,7,3,4,6,9,7,2,2,210,231,237,223,219,72,78,64,64,74,73,78,74,69,78,78,79,68
69,71,70,66,65,77,194,203,187,181,190,14,13,14,1,5,1,5,3,10,427,422,429,447,441,57,51,54,447,425,423,423,445,12,1,13,5,0,153,65,65,72,69,68,249,180,7,577,573,42,563,549,550,574,535,10,5,4,12,9,440,425,441,60,56,56,53,63,49,447,445,9,235,114,185,6,12,3,15,3,9,540,47,559,566,7,10,210,216,212,238,267,75,79,70,251,197,181,195,13,9,8,14,7,1,8,6,15,10,5,0,225,211,232,238,224,68,70,77,73,64,77,71,66,72,79,66,67,67,65
69,65,67,65,68,71,78,204,188,182,191,180,13,9,12,15,3,2,8,6,438,423,423,446,438,423,424,424,446,1,4,7,8,2,4,9,15,4,155,76,79,77,77,71,250,181,180,13,578,550,567,3,0,581,569,6,11,11,0,14,1,13,440,423,425,424,424,423,423,444,4,235,236,115,186,205,8,4,9,3,15,579,551,568,12,14,230,211,217,213,239,67,69,73,68,252,198,182,196,195,1,4,3,4,3,14,1,0,10,4,230,226,212,233,239,66,75,74,65,68,77,67,68,64,74,66,72,77,64,67
68,78,66,67,69,79,72,79,189,183,192,181,185,113,118,118,118,133,108,118,123,123,113,133,133,123,128,123,133,113,133,133,108,133,113,108,108,118,263,68,74,70,71,77,251,182,181,190,118,133,108,128,133,113,108,14,6,11,1,13,6,3,1,4,6,15,7,8,8,11,220,236,237,116,187,206,190,1,6,9,11,13,0,13,10,215,231,212,218,214,68,78,74,69,75,77,199,183,197,196,200,4,3,3,5,8,9,1,133,230,231,227,213,234,74,78,72,68,71,79,71,67,66,67,78,70,65,69,78,71
79,69,69,64,75,74,74,71,78,184,193,182,186,114,119,119,119,134,109,119,124,124,114,134,134,124,129,124,134,114,134,134,109,134,114,109,109,119,264,68,72,68,69,68,252,183,182,191,119,134,109,129,134,114,109,129,134,109,119,109,124,119,119,119,109,119,109,119,129,134,221,237,238,117,188,207,191,185,12,13,10,6,11,9,235,216,232,213,219,66,76,69,67,68,71,71,74,184,198,197,201,119,124,134,134,114,119,124,134,231,232,228,214,72,72,71,66,78,77,77,72,76,68,67,64,69,71,76,65,65
66,64,79,72,66,68,64,72,78,65,194,183,187,115,120,120,120,135,110,120,125,125,115,135,135,125,130,125,135,115,135,135,110,135,115,110,110,120,265,64,64,70,70,77,78,184,183,192,120,135,110,130,135,115,110,130,135,110,120,110,125,120,120,120,110,120,110,120,130,135,222,238,239,69,189,208,192,186,185,9,2,0,14,215,236,217,233,214,70,68,79,79,79,65,64,66,71,67,199,198,202,120,125,135,135,115,120,125,135,232,233,229,67,75,71,79,70,74,68,70,71,65,66,70,73,69,71,72,71,66
79,77,68,68,67,78,78,65,73,66,76,184,188,116,121,121,121,136,111,121,126,126,116,136,136,126,131,126,136,116,136,136,111,136,116,111,111,121,266,65,72,74,71,76,71,77,184,193,121,136,111,131,136,116,111,131,136,111,121,111,126,121,121,121,111,121,111,121,131,136,223,239,67,78,73,209,193,187,186,205,12,6,225,216,237,218,234,69,73,76,78,77,65,74,73,77,69,67,68,199,203,121,126,136,136,116,121,75,136,233,234,75,74,65,66,76,75,77,79,77,76,64,69,74,64,65,69,66,65,69
78,77,75,69,65,64,65,64,70,79,66,79,189,117,122,122,122,137,112,122,127,127,117,137,137,127,132,127,137,117,137,137,112,137,117,112,112,122,267,75,74,65,68,76,71,66,74,194,122,137,112,132,137,117,112,132,137,112,122,112,127,122,122,122,112,122,112,122,132,137,224,66,77,65,64,69,194,188,187,206,129,109,226,217,238,219,71,64,72,68,74,66,67,75,69,67,76,73,77,68,204,122,127,137,137,117,122,77,137,234,78,76,71,65,74,78,65,73,76,66,79,68,67,78,76,64,78,76,69,71
65,72,76,76,68,65,67,77,73,65,78,66,69,70,69,77,68,68,75,72,78,77,76,78,71,71,74,68,71,79,76,74,76,74,73,73,68,69,78,77,68,65,69,76,78,66,66,75,72,79,68,68,67,66,75,72,68,65,77,69,66,78,64,79,73,65,64,73,66,72,68,70,76,73,74,76,65,189,188,207,130,110,227,218,239,72,67,67,74,67,66,64,71,66,69,78,79,76,65,73,75,67,74,69,67,70,76,70,65,72,79,78,67,70,65,73,66,76,79,70,69,66,79,78,77,65,79,72,72,73
76,70,79,68,79,77,76,66,75,76,78,69,79,68,67,78,67,65,67,76,64,75,79,65,71,66,69,68,71,68,73,76,67,65,70,77,76,77,79,73,72,75,64,64,71,70,75,79,73,65,77,74,77,69,66,78,65,64,77,78,70,71,66,74,67,78,65,76,65,74,69,74,78,69,69,75,73,70,189,208,131,111,228,219,74,67,74,65,79,74,67,74,70,72,69,70,78,72,67,71,76,75,65,64,79,71,65,68,77,67,78,66,68,79,73,64,79,78,69,71,65,74,77,79,64,79,77,67,65,78
66,73,69,68,76,76,78,75,64,69,71,72,75,71,74,70,79,74,76,68,67,79,68,66,79,72,78,70,74,73,77,72,65,77,69,64,64,74,67,77,75,73,79,76,76,75,75,73,77,76,75,68,66,79,78,77,78,77,78,71,78,68,66,67,73,73,66,64,65,73,71,71,74,67,76,69,72,68,76,209,132,112,229,68,69,75,73,79,70,79,71,78,68,75,74,65,77,71,75,72,79,68,74,70,65,79,77,72,70,79,70,66,73,74,66,73,64,70,78,69,69,76,77,78,74,67,65,67,66,65
71,67,68,71,77,70,69,72,64,72,76,76,79,65,68,77,64,79,65,71,75,66,75,65,75,65,65,67,75,67,78,73,73,75,65,67,65,71,72,75,69,77,75,67,74,73,72,68,69,71,69,79,76,79,69,70,77,67,79,73,72,65,74,72,68,64,72,70,69,73,66,69,66,69,76,64,67,71,78,67,71,71,75,64,64,72,68,73,77,75,67,69,72,78,68,71,64,71,75,66,77,73,78,73,66,70,70,70,73,72,64,76,71,67,72,67,66,76,67,70,69,70,65,73,78,75,73,68,70,64
