14,10,15,0,15,2,8,5,1,2,2,12,0,9,13,2,4,1,3,14,5,12,7,7,2,15,11,3,4,3,4,3,14,9,2,13,8,14,10,10,13,0,6,2,1,0,1,4,7,8,11,11,1,15,4,13,9,10,6,5,0,6,3,4,6,3,1,3,9,3,3,12,1,3,11,10,11,9,12,14,4,15,5,4,9,15,10,5,13,0,5,13,11,15,14,0,12,1,6,9,10,8,10,3,6,4,6,12,8,12,8,7,5,14,7,0,5,3,4,5,6,6,15,15,14,5,7,10,13,10,7,14,8,5,415,56,52,61,417,0,14,2,13,6,0,12,11,9,13,416,61,419,10,1,7,12,9,5,8,9,5,7,0,5,12,4,416,56,62,418,3,230,264,65,71
5,9,2,8,6,9,10,13,2,5,9,5,10,13,2,8,7,7,0,5,11,13,11,6,7,11,9,4,15,8,6,14,11,8,7,7,15,0,12,14,14,12,4,1,10,15,5,4,15,9,12,15,1,13,2,6,2,3,0,13,9,11,4,11,0,4,4,14,12,12,2,0,2,8,1,9,8,6,7,4,10,1,4,6,15,5,2,13,11,4,13,5,5,9,4,1,12,10,1,8,5,3,5,13,8,1,8,3,13,11,0,1,1,8,15,3,13,13,2,2,8,6,7,14,3,5,10,0,7,11,6,9,15,14,415,54,50,59,419,9,15,6,7,2,10,6,6,13,3,414,49,417,3,3,11,12,4,1,13,5,9,8,8,14,12,4,415,57,448,444,210,231,265,73,69
9,3,0,0,13,10,13,5,7,2,13,5,9,7,12,5,3,10,15,3,11,9,15,11,1,1,7,5,7,14,14,1,1,7,6,6,9,8,4,7,7,15,1,8,15,11,0,15,10,2,1,14,9,3,5,0,7,11,3,2,15,11,11,4,15,9,9,0,11,6,11,10,5,1,6,8,11,10,7,4,1,9,6,0,1,0,15,10,0,14,4,0,3,6,13,5,1,15,2,5,11,13,10,5,9,0,5,14,7,11,7,12,0,8,5,2,10,10,5,1,3,2,1,9,1,5,12,12,12,4,11,13,13,3,415,61,55,51,417,2,10,6,9,14,0,5,8,11,12,415,57,418,1,9,10,13,11,5,3,4,3,4,9,2,2,6,414,49,419,244,211,232,266,70,66
1,3,1,11,4,0,1,5,3,7,14,3,5,0,10,7,1,2,3,6,9,9,1,7,11,13,10,4,2,7,9,3,3,1,13,5,5,13,14,14,0,9,6,7,9,1,13,1,13,5,5,11,13,13,7,5,8,11,14,5,15,0,2,10,5,1,8,0,5,11,8,3,9,5,14,8,8,5,6,8,15,5,2,14,3,7,14,3,6,7,6,7,9,0,6,3,1,2,1,13,13,3,6,12,6,3,0,13,7,4,13,5,0,9,2,8,6,14,13,9,13,9,11,7,2,1,0,14,8,3,15,4,4,11,414,54,57,62,417,0,1,6,10,0,7,10,13,1,12,416,60,417,8,8,0,13,6,7,10,12,10,5,2,1,12,7,414,54,419,245,212,233,267,70,79
433,11,10,10,5,13,5,3,12,4,1,12,3,8,14,11,10,6,7,8,7,1,1,8,14,10,12,11,11,0,5,7,0,10,15,5,15,3,4,10,10,4,7,9,8,9,11,6,11,13,9,14,0,7,14,6,7,9,3,1,4,6,1,6,4,5,5,1,4,3,0,9,15,13,2,2,6,14,8,4,5,6,4,11,4,12,12,0,11,5,5,8,9,6,1,12,7,6,6,9,8,7,2,8,4,7,12,1,5,2,13,11,1,10,14,7,10,9,3,14,3,6,9,7,15,2,0,12,12,2,0,1,14,7,416,62,48,57,419,12,13,11,0,5,7,0,2,10,11,416,62,418,6,5,6,3,11,2,10,9,5,13,15,9,8,2,415,52,419,246,213,234,70,74,69
435,434,6,9,11,12,10,14,7,14,6,8,3,7,14,4,0,0,2,5,2,13,10,1,8,1,7,0,10,7,13,6,14,1,5,1,6,15,14,2,1,1,4,3,15,0,4,1,14,10,14,8,5,13,12,14,5,6,2,3,13,10,7,7,14,4,3,13,14,0,9,14,0,8,7,1,3,14,11,9,10,9,9,0,12,3,10,3,13,2,7,13,13,5,6,8,15,2,4,1,13,13,4,12,10,11,7,9,8,8,12,5,11,6,10,3,14,8,12,12,4,14,12,4,10,10,3,4,2,4,15,4,12,12,414,61,62,63,418,3,7,7,15,12,11,9,9,11,3,415,53,419,6,4,3,1,4,5,5,8,9,10,13,3,3,3,416,59,419,247,214,76,79,78,71
53,437,432,1,8,3,5,10,0,4,5,7,0,11,11,5,7,1,4,5,0,5,3,3,7,7,11,1,14,15,4,9,12,5,1,4,8,6,15,6,9,11,0,14,2,15,9,10,5,11,9,0,6,1,11,11,1,13,13,3,15,8,2,0,4,15,5,15,12,4,0,6,8,3,11,5,3,8,8,13,11,15,15,6,12,12,6,12,14,12,3,9,2,11,5,9,8,7,0,9,6,5,7,1,4,3,14,4,11,14,0,6,15,5,15,14,10,13,11,12,12,7,5,7,7,3,0,14,3,12,8,10,11,1,415,52,49,62,419,5,1,9,9,12,11,5,1,0,9,414,62,418,0,0,13,6,15,11,8,15,3,2,5,8,9,7,414,61,419,146,65,66,76,72,69
63,50,436,434,1,13,3,15,11,12,1,12,8,10,9,9,12,9,4,1,14,11,11,1,12,5,3,6,7,7,15,13,1,10,4,11,5,7,13,12,10,13,0,2,0,6,0,15,11,10,4,3,2,5,8,7,3,10,3,8,9,8,9,8,0,12,2,2,8,6,11,13,8,0,11,3,5,13,8,2,4,15,11,2,12,12,1,8,0,1,3,10,11,7,9,4,12,5,11,11,5,6,8,1,14,13,10,8,15,6,9,9,14,15,15,7,6,7,12,0,9,5,12,1,11,3,6,1,6,7,4,12,4,14,416,55,54,63,419,5,8,12,11,14,2,2,10,10,5,415,56,418,6,3,8,15,2,0,7,15,14,14,10,3,1,3,416,58,418,147,76,66,73,75,66
52,63,51,437,434,7,1,9,8,13,5,4,15,6,10,6,13,3,13,0,2,11,8,9,12,14,10,0,13,8,0,2,13,6,3,1,9,8,2,1,0,8,1,5,0,11,2,9,13,5,3,1,2,2,9,2,11,2,12,15,1,4,2,8,7,6,0,14,6,12,14,9,4,15,11,13,10,8,1,10,5,14,9,4,12,12,2,3,4,6,15,11,1,13,15,14,15,0,1,0,0,6,6,12,6,10,9,6,2,6,13,0,14,3,7,0,9,0,12,2,1,1,11,4,14,0,2,15,13,0,11,6,0,14,416,54,53,48,417,5,7,9,1,3,0,15,3,15,14,416,60,418,4,6,0,5,5,3,7,14,4,1,12,8,7,427,430,63,418,155,74,77,64,78,71
53,49,58,49,437,432,7,5,7,13,15,0,6,8,2,3,7,2,8,6,13,1,11,10,7,4,15,5,0,12,3,10,0,13,6,10,3,8,12,11,11,7,1,8,2,7,13,9,2,13,8,4,8,3,15,4,6,2,8,9,8,4,3,0,10,10,2,5,8,11,10,6,6,14,10,9,1,10,12,1,6,12,10,13,1,10,2,2,8,6,13,10,9,4,12,12,1,15,4,14,15,8,12,9,9,1,4,12,13,9,8,4,10,9,5,10,0,15,12,12,5,8,5,1,13,13,11,11,0,2,9,7,1,7,416,48,58,51,417,7,1,4,8,8,8,10,2,1,14,415,49,419,4,0,6,8,3,11,7,8,7,3,7,0,426,431,52,449,446,263,76,74,70,78,66
443,57,56,56,63,436,433,8,12,8,15,15,14,12,3,9,8,5,2,10,8,1,10,14,5,11,9,13,13,9,13,7,9,15,11,0,3,2,1,4,9,13,15,12,10,4,2,4,13,1,11,2,15,1,15,10,9,10,6,4,5,5,11,5,12,11,11,9,3,5,3,6,15,10,8,8,0,15,1,0,1,1,4,7,13,10,5,15,14,8,7,3,6,6,13,8,3,10,15,5,2,15,15,5,1,5,13,10,9,8,8,4,12,15,5,2,11,5,5,8,11,13,2,11,3,11,5,1,2,4,4,6,10,11,416,50,57,54,417,10,8,3,12,5,4,1,8,10,0,414,56,419,12,3,2,15,5,2,12,11,7,9,6,427,431,58,448,444,215,264,78,74,76,72,67
439,443,50,55,49,53,436,432,2,10,5,11,14,2,15,9,12,12,6,9,8,4,4,8,14,1,9,4,5,4,4,11,3,1,6,0,4,0,4,5,6,11,12,4,1,5,4,3,1,3,13,1,1,7,1,2,15,12,6,4,5,3,13,1,1,11,8,10,6,15,7,0,4,6,1,3,13,12,12,7,3,5,4,5,4,12,5,9,2,10,10,3,8,6,7,7,1,6,14,11,4,13,6,0,1,2,9,5,12,2,12,8,9,15,11,7,5,5,4,4,4,12,1,14,3,4,9,0,9,0,12,10,8,14,414,61,60,49,419,1,14,13,14,13,11,7,6,5,7,414,56,418,1,0,15,13,10,13,10,2,0,5,427,431,55,449,445,210,216,265,76,64,69,76,68
14,439,441,55,54,56,58,435,434,3,15,6,4,9,1,4,7,9,1,1,2,2,15,12,9,13,12,4,2,7,14,6,1,7,3,12,8,0,4,1,12,0,11,5,2,15,11,4,13,2,13,12,11,7,15,2,15,7,5,7,12,4,10,7,3,10,15,3,9,9,4,2,3,3,8,2,11,9,6,7,9,3,14,5,13,1,14,10,1,9,8,4,6,11,13,4,13,4,8,6,13,15,3,11,6,14,14,9,4,9,12,1,6,9,12,4,0,5,9,4,13,14,13,8,1,7,7,11,3,6,12,5,12,5,414,51,50,51,419,10,7,8,12,9,11,0,4,12,11,414,63,417,5,2,11,2,5,15,0,2,8,4,414,60,448,444,210,211,217,266,75,76,72,75,79
4,13,439,441,50,51,54,51,436,432,3,15,11,7,15,12,3,8,14,12,14,6,6,12,11,3,1,6,6,13,1,14,8,11,0,3,8,13,3,3,14,9,0,15,13,7,3,6,0,3,5,13,8,3,0,10,13,4,5,15,7,10,10,15,14,12,1,15,7,7,4,13,7,12,11,10,8,14,5,15,1,2,1,0,11,5,12,8,9,3,8,10,5,1,11,13,4,11,1,11,8,2,5,8,6,12,12,8,15,6,0,8,8,1,9,13,4,13,2,1,11,10,8,1,7,7,11,5,10,3,15,9,12,1,414,62,54,57,417,12,6,7,15,8,8,11,6,14,12,416,61,419,11,9,6,5,3,2,4,1,1,10,414,51,418,244,211,212,218,267,77,77,64,79,66
2,7,12,438,441,50,50,60,60,436,434,0,13,7,4,1,7,3,5,12,15,2,3,3,12,8,14,15,0,11,15,4,7,15,4,14,4,1,14,6,13,13,10,13,6,13,13,3,11,13,9,11,8,5,5,13,13,12,10,11,11,5,6,11,0,15,1,12,5,13,6,15,13,4,7,3,13,5,1,11,9,0,11,11,7,8,7,8,12,9,3,12,6,11,12,11,10,14,11,8,4,11,2,6,14,13,12,9,4,0,4,8,4,2,14,0,2,10,1,3,10,15,14,7,13,12,1,15,4,9,5,3,7,13,416,51,58,48,419,10,6,2,12,12,5,13,1,12,7,414,56,417,13,5,0,11,0,15,15,8,2,13,414,54,417,245,212,213,219,76,70,73,72,70,70
2,1,14,11,440,443,55,59,56,58,437,433,12,0,13,12,12,5,11,11,1,13,6,2,3,0,14,13,0,2,10,5,13,11,3,0,2,9,8,2,5,11,14,2,10,3,0,8,10,10,9,6,8,15,11,12,10,5,9,13,1,14,7,14,13,7,10,12,14,4,13,9,9,11,6,10,0,10,4,8,3,9,1,0,14,4,3,10,1,13,12,7,6,6,1,10,13,7,9,9,6,4,6,11,0,8,7,3,5,4,4,3,0,3,14,1,12,4,4,1,8,10,3,1,12,9,15,9,10,13,4,10,10,15,416,61,61,51,417,11,13,5,10,5,8,11,11,6,2,416,49,435,433,5,8,11,10,13,13,6,12,8,416,60,418,246,213,214,64,71,79,77,77,75,75
2,2,10,6,12,439,441,55,61,51,55,435,432,9,3,14,0,1,8,2,5,11,9,15,6,11,1,5,9,6,9,13,9,2,0,2,10,11,12,14,10,1,6,12,7,2,4,6,8,6,4,12,14,9,7,2,11,7,14,5,11,10,12,7,6,13,4,9,13,9,13,3,3,8,7,9,8,2,3,11,2,1,1,14,1,1,7,7,14,3,3,9,5,6,2,5,9,13,6,11,14,12,0,0,11,9,7,11,13,7,4,2,7,8,11,8,3,10,6,3,10,15,0,0,0,14,4,12,11,14,12,14,10,428,431,61,55,58,419,1,1,13,7,14,9,7,15,15,427,429,59,48,437,434,2,14,4,12,12,4,4,13,416,55,419,247,214,69,75,77,73,68,71,78,78
5,12,13,10,5,11,439,442,55,63,62,60,435,433,9,4,13,4,13,4,14,13,11,5,11,4,2,1,3,9,7,3,6,14,8,7,7,13,6,9,15,15,5,11,6,8,7,3,8,13,12,14,12,3,14,1,15,9,7,10,14,5,10,12,14,3,6,8,11,4,8,7,12,13,7,1,11,8,6,4,3,1,3,3,7,12,12,4,4,15,6,2,4,13,1,13,14,1,2,11,10,11,7,9,2,9,14,9,14,1,13,7,8,6,2,2,5,5,11,7,5,14,14,9,13,4,7,13,10,15,11,11,426,431,61,62,62,56,418,8,2,7,0,0,8,13,5,427,431,53,56,50,56,435,433,12,5,2,1,1,10,3,416,59,418,152,78,64,77,71,76,66,69,73,64
9,7,9,2,2,14,11,440,441,63,55,53,49,436,432,0,5,2,9,15,12,8,14,15,6,5,5,2,8,15,14,1,11,4,9,11,4,5,5,1,9,12,6,9,14,11,3,3,4,13,1,12,11,12,4,2,8,13,8,15,11,4,6,3,13,2,2,11,12,15,5,15,3,13,3,15,7,1,0,6,11,2,10,9,12,13,0,10,7,7,7,2,2,15,3,7,4,4,5,8,6,11,6,11,5,4,6,9,8,8,0,3,13,9,7,14,6,15,12,7,11,3,9,6,2,10,5,4,9,3,4,427,429,51,49,49,58,449,444,12,5,8,6,15,8,3,428,430,54,50,63,447,443,49,437,433,2,9,10,8,14,7,416,55,419,153,72,71,78,76,64,79,67,67,75
7,6,5,2,0,15,4,2,439,442,49,48,51,51,437,433,0,9,11,3,8,2,5,3,5,15,5,7,2,11,4,12,11,10,5,14,6,13,4,12,11,3,4,2,11,7,3,4,15,13,8,8,14,3,9,12,13,12,3,11,3,10,8,13,8,1,6,7,5,15,3,2,6,10,11,4,6,11,3,4,10,2,3,15,2,10,15,14,8,4,1,2,4,1,5,2,3,6,2,3,8,4,14,15,3,12,8,14,6,8,1,9,11,8,12,10,1,7,14,5,2,0,6,2,6,15,6,13,4,11,426,430,49,62,63,54,447,446,5,4,14,10,10,5,2,428,429,54,447,443,57,418,440,441,48,435,432,10,12,6,1,7,415,48,417,148,78,66,66,65,70,76,69,71,78
9,13,8,5,4,5,1,8,6,439,442,54,58,52,50,435,432,0,0,7,7,5,10,14,8,10,0,15,10,5,15,13,2,15,8,5,7,15,13,10,11,15,1,13,4,6,13,8,9,6,9,12,6,14,2,10,6,14,2,11,9,6,2,7,0,3,6,0,12,4,6,11,5,6,10,15,1,2,11,0,14,9,7,3,9,6,7,3,12,2,15,3,5,5,9,12,7,12,2,1,9,5,9,14,12,15,3,9,0,11,12,14,10,9,6,5,2,8,9,7,12,3,5,11,12,14,9,13,4,426,431,57,53,61,59,447,446,6,7,6,14,4,1,13,427,430,48,448,444,416,49,417,0,438,443,54,435,434,15,5,3,11,416,61,417,149,75,76,69,64,75,74,67,70,64
12,8,0,1,14,9,2,1,0,10,438,441,55,53,58,63,436,433,12,14,8,0,6,7,8,15,5,8,0,14,1,9,14,6,3,13,0,11,9,8,5,7,9,14,14,9,3,6,3,5,8,2,2,3,6,14,0,13,14,12,13,14,4,3,4,1,10,15,0,5,12,8,3,14,7,2,3,14,3,12,9,11,15,6,3,10,7,0,1,11,12,1,2,4,6,15,11,9,3,11,4,9,1,0,8,10,8,0,10,13,6,14,2,3,0,12,14,15,13,9,11,3,11,8,15,9,0,14,426,430,50,51,48,63,448,445,1,5,3,10,14,7,12,426,429,61,449,446,11,416,51,419,10,13,440,441,52,436,433,6,10,10,414,61,418,148,68,77,75,76,68,64,64,68,68
12,10,2,0,5,8,12,3,7,15,15,439,443,62,50,59,49,437,434,1,1,4,0,10,12,11,3,2,3,6,1,15,2,7,8,15,2,5,7,8,2,4,1,12,14,0,14,7,2,12,10,13,2,14,13,2,10,0,7,3,13,11,2,12,4,6,11,4,10,2,2,9,3,5,3,15,4,4,0,15,13,2,7,13,5,9,8,6,12,4,2,1,2,3,15,4,3,10,14,12,6,14,6,1,14,5,0,7,3,8,12,8,7,13,6,4,14,13,7,8,11,4,13,7,3,5,15,427,430,50,54,52,56,448,446,13,4,9,9,12,12,5,428,429,62,448,444,14,15,416,48,418,9,1,13,438,442,51,437,433,0,2,416,61,419,149,64,68,68,78,77,65,65,74,69
14,2,1,3,12,5,10,8,10,7,3,0,439,441,51,56,61,54,436,432,14,0,15,1,15,8,8,5,5,6,15,13,3,5,0,4,14,6,2,11,2,10,11,11,1,12,0,8,14,3,6,2,15,8,13,8,4,10,10,6,6,13,12,14,11,6,0,1,10,15,11,11,1,15,1,11,14,1,14,10,9,4,10,4,14,5,10,4,1,5,3,6,10,11,9,1,4,6,3,13,12,0,10,9,4,9,6,12,11,7,5,4,8,8,4,4,2,0,7,8,5,14,13,9,9,7,428,430,62,52,58,59,447,444,12,13,14,1,4,5,14,426,431,55,447,444,1,1,2,414,58,417,15,14,1,0,438,442,56,436,433,0,415,58,419,146,76,69,69,66,71,66,64,78,77
15,9,8,7,6,2,7,11,8,5,7,6,12,440,443,61,52,60,60,436,432,1,14,3,0,2,6,9,1,15,0,5,15,2,6,4,13,1,15,3,12,11,14,0,1,8,11,0,13,1,2,15,13,14,8,7,7,15,12,14,14,9,11,9,13,13,5,0,12,3,13,3,3,9,4,4,1,4,3,12,3,4,13,1,12,4,9,2,6,14,2,7,3,3,13,1,15,3,10,10,7,5,15,8,2,15,12,6,5,6,6,2,5,8,14,8,1,1,6,2,8,0,9,6,4,428,430,55,55,58,55,447,444,10,10,4,7,11,10,2,426,430,57,447,446,12,0,14,10,414,61,418,0,2,7,4,5,440,441,50,435,432,416,54,419,147,79,67,66,75,64,68,74,67,75
7,6,9,1,4,5,2,12,1,7,2,9,8,2,439,442,60,50,51,57,435,434,14,15,11,7,4,0,8,15,8,12,6,0,11,7,14,10,1,5,3,13,6,2,1,0,3,10,7,9,3,9,1,2,4,8,6,1,4,5,5,9,10,12,12,11,1,1,0,0,14,14,10,2,3,4,3,4,9,5,13,12,0,6,9,5,15,7,3,9,0,13,10,14,1,5,12,7,5,15,13,5,12,14,0,2,9,0,4,1,9,11,3,9,5,3,7,3,1,15,11,5,12,2,426,430,55,58,55,58,447,444,15,5,6,10,10,8,2,426,429,61,447,445,3,10,522,473,512,415,53,417,3,4,1,14,14,2,439,442,48,436,429,51,417,148,71,73,78,69,67,76,64,73,78
6,10,6,11,1,14,13,10,7,4,1,1,9,6,9,438,442,55,55,53,55,437,432,10,10,0,3,3,12,7,2,4,13,12,14,13,10,8,7,4,15,9,1,4,8,11,1,9,4,7,13,0,0,3,9,9,0,12,2,10,8,3,12,0,2,6,6,6,0,13,5,1,11,12,0,3,3,6,0,10,11,15,0,1,13,6,8,4,11,7,3,10,0,6,0,15,10,7,7,13,14,7,0,5,9,8,0,1,9,11,10,6,14,4,1,13,3,13,13,13,5,11,9,426,431,63,60,54,55,447,445,7,14,12,0,2,8,4,427,429,56,449,445,5,15,522,514,23,455,416,55,419,525,477,477,509,11,4,4,439,443,58,61,51,418,149,78,69,68,77,64,71,67,77,68
14,11,6,10,0,9,13,7,10,12,10,15,1,11,2,3,440,442,54,51,63,50,437,434,14,2,7,1,14,10,6,13,15,13,7,15,3,6,2,10,9,4,3,12,2,9,1,9,12,0,9,12,2,13,10,0,6,2,9,5,2,9,11,10,11,6,10,10,5,8,13,15,11,15,2,7,8,4,3,10,8,0,3,3,8,13,5,10,8,2,12,3,15,2,2,3,15,14,6,1,10,3,12,3,9,11,5,15,7,15,0,8,3,1,5,5,1,8,12,7,4,15,427,429,60,58,54,62,49,417,9,6,15,3,0,6,14,428,431,63,448,444,2,7,15,464,22,16,458,414,58,418,460,28,29,507,472,513,1,10,438,442,55,49,418,169,178,77,70,65,73,64,69,72,73
8,11,1,3,14,7,14,6,0,0,13,12,13,0,0,9,11,438,442,49,51,60,57,437,433,0,13,3,7,6,3,7,3,4,9,9,0,15,4,7,5,14,14,7,14,3,7,6,4,10,1,14,5,1,3,14,0,2,9,6,4,13,13,2,11,6,13,14,6,13,1,15,3,1,13,1,3,1,4,10,15,14,8,11,14,12,13,3,7,3,2,2,8,6,7,1,5,3,10,15,13,15,14,12,6,10,7,12,14,5,4,2,1,3,15,3,5,15,10,3,0,428,430,54,51,58,60,61,53,435,433,7,5,5,7,9,426,430,50,448,446,11,4,523,473,518,29,21,454,416,58,417,463,26,18,27,25,505,513,10,4,440,442,53,435,434,179,170,69,70,71,79,70,74,72
0,12,6,9,7,13,13,2,3,1,11,13,4,15,8,2,11,12,440,443,63,48,60,55,435,434,4,12,11,6,9,15,13,4,14,14,15,11,4,3,6,1,6,8,15,8,1,11,3,12,6,2,7,6,0,10,3,9,11,10,13,1,7,0,9,1,7,11,7,2,5,11,9,7,4,12,3,13,12,1,2,14,6,3,14,13,9,13,12,7,4,11,0,14,2,8,3,12,11,1,15,11,10,5,7,0,14,6,6,6,11,8,12,7,9,10,14,1,0,9,428,431,63,63,57,59,449,424,441,48,436,432,10,7,9,428,429,49,447,444,14,523,474,515,27,16,27,30,456,414,54,417,461,17,20,22,24,22,504,474,511,5,440,441,52,435,433,169,172,77,70,69,65,64,78
4,4,10,0,7,8,1,11,15,5,4,4,11,3,2,12,1,12,7,438,443,54,60,61,56,437,420,432,1,13,10,0,1,1,3,3,2,0,9,6,3,12,3,5,4,13,7,4,6,3,3,11,8,2,5,8,8,1,8,2,7,9,0,6,4,14,8,4,8,8,2,3,0,8,10,0,0,2,2,10,15,6,13,10,3,10,5,5,9,0,1,3,3,14,10,13,9,8,14,14,12,0,10,3,3,4,9,11,2,14,2,4,11,12,15,14,4,13,11,428,431,62,59,48,56,448,445,10,438,443,54,436,432,8,427,429,53,448,445,15,9,461,28,16,16,23,22,23,455,414,62,419,465,18,26,30,24,20,25,26,455,7,4,439,443,52,437,432,171,172,74,76,69,64,64
5,8,7,0,7,15,15,8,0,8,13,0,11,12,5,11,13,1,8,7,439,441,53,63,63,59,54,437,434,0,10,0,15,11,9,3,7,2,2,15,9,5,5,8,0,4,6,1,7,6,13,2,6,4,9,8,3,15,5,1,4,5,3,3,8,10,13,2,3,12,13,1,12,14,11,1,2,12,5,11,8,5,15,10,11,12,12,0,1,14,1,11,6,10,11,15,13,1,12,13,15,13,5,3,12,0,8,12,13,11,12,7,13,8,4,8,7,11,426,431,61,53,58,54,447,446,4,12,9,438,441,52,436,420,431,63,447,445,0,9,520,516,18,27,23,16,23,17,454,415,56,419,461,24,31,17,20,21,21,19,502,508,9,11,440,441,52,436,434,175,178,69,70,79,67
5,13,7,2,6,4,9,11,11,12,3,7,7,13,7,5,4,2,5,0,14,439,443,58,50,49,60,60,436,432,6,0,5,8,9,8,15,9,5,13,12,2,8,1,4,11,13,3,3,11,12,11,5,3,8,12,9,2,9,15,8,15,7,3,5,13,6,8,11,8,10,10,15,0,11,4,4,14,15,2,15,7,15,1,10,0,14,2,5,9,3,0,2,9,13,8,3,12,12,2,9,0,12,7,0,3,4,2,11,13,10,7,9,1,9,8,8,428,431,51,53,61,63,447,444,9,5,14,5,6,438,441,59,52,56,449,445,15,0,8,462,31,23,18,18,22,21,27,454,416,57,418,461,24,21,31,28,20,25,19,17,505,509,2,8,439,443,50,435,432,179,174,79,76,65
5,12,6,14,15,11,15,4,13,4,6,13,6,15,5,3,5,15,8,12,1,8,439,443,49,61,50,54,61,436,433,11,15,9,10,14,11,9,10,13,1,12,8,9,10,13,1,7,14,9,3,4,5,7,3,5,1,4,4,10,7,6,3,15,0,1,8,5,11,8,1,15,7,12,4,14,11,4,4,1,5,3,15,1,9,4,12,8,8,3,15,10,4,13,8,7,12,10,9,5,14,8,6,2,5,8,9,8,2,5,10,15,11,6,13,12,426,431,52,62,54,52,447,444,9,12,5,7,3,1,12,416,53,51,49,418,15,2,5,522,516,23,29,30,20,28,31,20,458,415,60,419,464,31,26,31,23,17,18,16,24,21,456,12,3,10,415,61,50,435,434,177,170,67,65
4,14,0,11,7,6,5,2,11,10,8,12,1,3,0,10,15,3,11,4,13,0,3,440,441,61,63,55,59,59,435,433,10,9,5,11,4,11,5,12,12,12,14,4,2,2,10,7,7,6,3,15,1,0,4,3,15,15,3,9,3,3,7,15,1,0,4,6,11,10,4,7,12,2,9,2,8,3,9,14,10,13,11,9,3,1,8,6,5,11,6,11,14,14,0,15,15,4,8,6,1,0,11,7,5,8,9,9,0,7,14,12,3,11,8,428,429,50,62,59,60,447,446,15,15,13,1,1,1,2,426,429,59,52,61,437,432,5,4,465,22,31,26,23,24,27,27,27,454,416,52,419,462,16,18,31,17,29,24,17,21,25,506,508,15,427,429,61,56,60,436,433,177,178,74
6,0,7,4,11,0,0,11,7,9,10,13,3,3,10,14,14,15,14,7,7,9,8,5,439,441,56,54,62,50,51,436,434,12,6,1,3,13,7,4,3,0,0,8,11,1,2,8,14,4,3,13,13,5,3,6,4,9,14,2,15,9,11,6,1,15,14,8,13,4,11,6,4,12,10,9,1,4,14,1,6,2,4,0,3,3,3,12,14,3,1,2,9,11,11,6,3,12,10,0,12,9,2,2,6,3,10,13,4,11,6,11,12,2,428,429,61,55,52,60,448,446,13,11,8,7,1,2,15,427,429,55,448,425,443,58,435,432,15,464,19,21,27,24,19,19,20,24,457,414,59,419,464,30,17,22,25,20,30,29,29,24,482,488,428,430,51,447,423,443,48,435,434,173,176
0,0,0,5,3,9,10,10,15,12,0,15,1,12,4,3,3,12,10,14,8,12,13,8,12,439,423,441,53,59,60,54,435,432,1,15,5,7,15,2,3,11,14,14,4,3,2,12,9,3,8,13,0,13,4,7,9,3,6,3,12,5,14,5,14,8,12,7,10,6,15,2,12,6,5,12,12,6,1,13,14,3,5,4,7,11,1,2,10,5,3,4,13,2,14,7,10,8,12,10,2,12,14,9,7,12,0,2,14,0,12,2,2,426,429,57,57,52,60,447,445,2,12,11,3,13,11,15,427,429,58,447,444,1,439,442,53,437,434,498,491,22,18,24,19,22,30,27,459,416,55,418,463,16,22,20,21,22,19,22,20,480,487,426,431,53,447,444,7,440,441,58,437,433,169
9,2,3,8,5,4,2,7,1,12,13,6,15,11,4,2,10,8,8,5,6,8,5,11,1,15,5,439,442,57,55,55,48,437,434,5,7,2,15,0,5,4,3,0,7,7,6,11,5,9,0,5,11,9,14,1,2,6,1,9,7,11,11,5,8,9,4,12,6,8,6,10,3,13,6,14,8,11,9,8,12,4,5,12,0,2,8,3,8,2,15,12,11,6,12,6,12,0,15,14,15,2,10,2,12,12,6,13,8,8,5,3,426,430,62,62,63,61,449,446,5,0,15,8,2,8,8,427,431,61,447,444,10,14,6,439,441,62,436,433,496,495,16,22,30,23,17,30,458,414,51,417,461,23,17,20,21,18,21,26,483,488,428,429,50,448,445,3,11,6,440,443,61,436,433
3,12,1,12,7,12,13,15,4,1,15,1,7,1,2,5,3,9,7,1,3,2,0,3,0,0,11,15,440,443,48,53,56,53,435,434,2,13,10,5,10,11,9,0,8,4,14,4,9,2,8,3,14,3,2,15,14,10,10,11,5,15,10,15,1,12,4,3,2,7,6,9,2,0,12,10,8,3,14,11,2,3,15,10,11,4,13,11,8,14,9,0,2,4,3,11,1,12,2,7,13,10,4,0,2,12,9,4,14,1,5,427,429,58,63,52,51,447,444,15,13,13,13,6,1,2,426,431,57,449,446,11,8,7,522,510,440,442,56,436,434,498,490,27,31,20,16,30,456,415,54,417,464,17,29,23,30,27,30,481,485,426,429,49,447,445,4,13,8,6,7,440,441,53,435
5,10,3,1,10,11,8,10,14,6,2,9,12,14,4,9,6,6,12,6,10,12,2,15,4,10,6,12,15,439,443,60,63,51,57,437,432,3,4,1,13,5,0,6,7,4,14,4,1,1,2,15,12,7,13,5,15,15,8,0,2,13,4,6,0,6,7,8,5,15,3,12,15,4,10,1,0,8,5,12,6,15,11,0,3,9,6,7,11,13,3,6,3,2,7,15,2,10,6,3,0,5,6,4,11,1,0,11,5,6,428,430,60,56,50,49,449,446,9,4,6,4,9,2,0,428,431,58,448,444,8,13,12,523,515,505,510,440,442,51,437,434,500,490,26,28,26,21,455,416,53,419,464,26,30,16,24,30,483,486,427,431,52,447,446,522,477,512,1,12,2,14,439,443,51
11,3,7,4,4,0,7,1,3,7,6,6,1,7,4,13,2,4,10,7,0,4,8,5,15,14,8,14,2,5,438,442,55,60,63,57,435,433,7,1,7,1,6,6,11,9,8,12,1,0,12,11,10,10,3,0,15,12,7,1,1,4,4,12,7,13,5,1,1,9,15,7,14,2,0,9,11,13,8,8,9,6,11,7,9,4,11,4,13,3,0,14,6,10,13,6,5,10,10,9,12,15,11,9,13,10,2,15,12,427,431,57,51,53,55,448,444,1,1,10,3,15,8,8,426,430,54,448,444,5,5,2,13,465,21,28,502,510,438,441,57,437,432,497,491,25,20,23,455,414,54,417,461,16,29,20,16,478,484,427,429,50,449,445,522,515,24,456,15,3,10,3,2,438,441
11,15,8,14,6,3,2,5,11,7,4,12,13,10,0,8,7,11,8,0,8,5,7,0,6,2,1,5,4,3,4,438,442,50,54,51,51,435,433,8,2,8,1,15,5,1,10,14,8,8,14,12,4,4,11,3,2,10,6,8,13,10,15,13,14,11,6,3,0,10,11,5,7,9,1,5,6,0,5,6,10,1,14,2,10,4,2,4,12,6,2,3,1,2,2,10,3,6,5,5,0,12,14,2,10,10,14,7,427,431,56,49,60,61,449,446,4,11,0,14,6,2,3,426,430,63,447,445,6,7,11,10,4,464,31,20,30,505,508,438,443,51,435,432,496,493,17,18,458,414,50,419,464,28,31,27,483,485,427,431,57,449,444,522,515,20,26,507,512,12,11,2,4,15,439
12,5,12,4,3,1,9,15,1,13,9,11,1,10,12,5,9,2,2,6,1,13,4,11,3,14,3,5,12,2,6,0,440,443,56,48,58,56,435,432,9,8,2,5,4,1,12,5,14,10,11,8,4,5,8,14,13,11,1,12,7,4,6,4,11,2,11,9,3,11,6,6,12,8,5,12,13,4,7,12,5,10,2,3,2,15,11,12,8,5,14,6,6,11,3,5,14,5,9,13,3,14,9,7,12,1,7,427,429,56,61,59,50,449,445,13,7,4,1,10,11,11,426,431,48,447,444,9,12,4,1,12,4,461,20,17,27,24,502,511,438,441,48,437,434,497,494,23,458,414,53,417,462,18,31,481,485,428,430,61,448,444,525,516,29,18,29,20,456,5,3,5,14,1,7
0,7,3,13,5,8,11,0,7,13,12,12,1,1,1,9,8,7,13,3,10,3,9,6,4,3,0,14,4,13,1,10,5,440,443,50,48,51,51,435,434,7,12,0,12,15,0,13,8,0,0,4,15,7,4,0,3,1,2,15,13,5,11,15,1,1,13,2,5,6,10,14,7,4,14,1,9,1,9,7,15,7,1,11,12,0,13,9,3,10,6,14,0,10,15,4,10,11,10,6,9,8,9,14,8,12,426,429,52,48,56,51,448,445,12,15,2,13,3,3,13,428,429,56,448,445,13,0,15,7,13,1,521,516,20,31,25,23,21,503,511,440,441,62,435,434,498,493,458,415,57,417,462,25,483,487,427,429,60,449,445,520,514,20,17,23,21,17,459,5,7,11,3,8,5
5,3,8,11,12,10,0,11,5,8,14,15,11,12,15,6,3,7,8,6,8,12,6,7,8,15,8,0,11,4,3,11,0,1,439,442,54,52,51,60,436,433,10,0,13,12,4,2,6,5,5,0,15,1,9,8,9,9,5,13,15,7,5,10,0,4,2,7,12,9,0,7,10,10,8,15,4,9,15,10,4,1,7,6,7,9,15,9,8,3,12,5,3,13,3,5,15,0,6,7,8,7,6,8,5,1,416,59,63,49,50,448,445,4,1,14,8,7,8,11,426,431,55,448,446,1,8,7,11,15,11,12,463,23,21,17,24,29,21,23,507,512,439,443,61,437,432,500,486,416,52,418,464,481,486,427,430,54,447,446,522,519,18,18,21,17,17,28,455,0,6,5,13,8,13
5,5,9,3,6,5,3,14,9,1,1,1,8,1,4,10,5,7,6,9,12,13,7,7,15,15,9,8,1,9,7,1,6,10,11,440,443,57,61,53,55,435,433,6,0,13,15,6,13,1,11,14,0,6,14,11,9,12,14,9,4,12,10,11,7,4,14,0,8,4,5,0,15,2,12,10,13,4,0,5,1,3,5,6,5,2,11,1,12,4,13,1,9,6,12,3,4,15,5,0,5,9,6,15,3,428,431,53,53,449,424,445,2,4,4,0,3,3,4,426,430,59,447,444,4,2,5,14,0,0,8,521,516,18,24,27,17,16,16,20,17,504,509,440,441,56,437,432,14,414,63,417,501,486,426,429,57,449,444,522,518,19,21,31,29,17,21,27,505,510,6,7,2,3,12
14,6,0,15,11,11,2,13,6,11,13,7,7,10,7,4,4,1,10,12,15,9,1,0,13,6,13,7,0,8,14,2,14,15,13,1,439,443,55,59,61,55,435,432,0,8,11,9,8,10,9,9,15,9,5,3,2,13,5,1,2,13,2,5,11,11,7,13,0,6,4,9,11,1,8,14,12,1,0,12,4,3,11,11,15,7,7,0,9,13,8,0,13,11,4,14,15,4,0,10,14,9,5,428,421,429,60,53,59,436,434,3,7,0,13,14,13,10,428,430,48,448,445,13,1,12,0,10,8,14,13,463,26,19,22,21,28,19,16,20,29,19,503,509,440,443,52,435,434,414,50,417,15,428,429,59,448,446,520,514,16,25,30,27,31,21,29,27,16,459,12,7,8,14,3
15,1,0,0,6,4,15,15,9,10,11,5,1,15,13,3,8,9,5,7,12,11,8,6,15,10,10,3,14,9,15,2,14,15,0,14,7,439,443,59,52,61,53,435,433,3,4,2,9,0,14,10,14,12,1,7,1,0,12,15,2,3,1,10,7,5,12,3,15,3,8,0,2,14,14,6,11,1,9,2,6,10,11,6,3,5,2,0,8,10,2,15,10,2,0,7,0,7,9,12,13,1,12,414,49,57,51,58,49,48,435,433,10,2,4,13,4,427,430,61,447,444,14,13,9,13,10,3,1,1,8,460,19,20,17,24,21,22,24,25,19,19,31,505,511,440,442,55,437,431,58,417,428,430,57,449,445,524,518,26,20,27,29,23,25,25,28,29,25,457,11,5,3,13,15
14,5,14,10,1,11,15,10,6,6,15,3,5,15,4,2,11,15,10,3,7,13,12,7,5,9,14,6,14,1,3,8,1,6,1,10,6,0,440,442,59,62,57,49,436,433,4,9,7,5,5,1,13,9,6,15,6,6,8,12,5,0,14,4,0,14,15,0,3,5,14,12,7,13,6,5,8,11,3,5,11,15,2,0,5,10,11,13,8,1,8,2,4,11,4,15,10,2,1,13,14,13,426,429,54,58,449,424,443,51,61,435,433,12,12,6,426,430,49,448,446,1,6,11,13,8,2,1,14,7,12,460,19,24,22,29,26,29,31,21,20,30,27,31,504,509,440,443,53,60,62,436,431,62,447,445,524,516,17,20,18,28,20,18,30,20,24,21,17,458,15,13,1,5,6
7,4,12,8,11,12,15,0,4,3,2,3,9,1,6,15,7,4,0,9,0,12,12,7,6,14,5,1,8,4,14,4,13,11,5,1,13,1,12,438,443,48,63,52,49,436,422,420,421,432,14,8,11,0,10,1,11,14,2,14,4,1,9,6,0,0,10,10,15,3,6,9,2,10,2,6,12,0,12,4,14,12,0,1,4,6,0,4,15,12,10,4,5,1,1,5,1,8,3,14,6,426,431,53,57,58,418,15,416,53,61,48,435,432,9,427,429,59,447,445,13,14,3,6,4,7,8,8,4,7,7,499,470,467,466,471,469,470,471,469,467,466,468,466,469,484,6,439,441,57,57,51,55,449,445,13,496,466,466,469,469,470,467,471,466,470,470,470,469,487,2,0,12,0,14
14,6,11,3,4,9,14,15,10,2,1,14,8,8,6,15,15,1,0,5,12,2,3,9,7,7,5,12,13,14,13,6,3,7,9,12,9,1,14,8,438,441,49,52,50,52,55,53,53,437,432,9,6,1,11,14,0,10,9,3,3,12,0,13,15,10,4,10,10,1,4,15,10,15,10,0,15,3,14,13,4,3,6,11,13,0,1,5,2,15,4,2,3,1,3,12,9,10,12,2,428,429,59,58,61,447,446,4,440,443,48,52,58,435,421,429,51,54,435,420,422,420,422,422,421,422,422,422,421,422,420,420,420,420,422,421,422,420,420,420,420,422,421,421,420,420,422,433,415,49,50,52,448,453,422,421,421,420,421,420,420,422,420,422,421,422,420,420,422,421,420,422,422,422,422
13,5,6,13,8,3,13,2,12,0,13,10,13,13,11,14,8,3,14,5,6,13,0,7,5,4,6,1,7,2,14,9,9,9,5,3,11,9,1,7,5,439,443,63,52,51,59,48,50,60,437,434,10,3,11,11,5,6,5,3,7,12,10,11,10,12,9,6,13,1,2,15,7,5,10,12,12,5,9,10,11,12,0,0,7,11,9,3,6,10,5,14,9,7,14,3,5,15,2,428,429,51,49,58,449,444,11,2,0,439,425,441,53,60,53,57,61,57,48,54,58,51,51,56,63,51,52,61,49,55,48,49,61,57,60,57,53,55,49,59,56,61,49,59,52,63,54,435,430,49,52,48,418,414,53,52,58,48,55,53,63,60,63,52,49,52,58,62,55,62,51,51,62,58,54
13,1,14,14,5,11,9,12,1,4,5,11,9,13,5,7,9,1,11,0,8,14,8,13,13,14,13,13,5,10,1,10,5,6,5,13,6,13,3,10,9,7,440,443,53,52,60,57,54,63,58,437,432,0,2,0,10,14,6,2,7,0,11,6,14,15,14,6,3,2,11,8,15,15,10,6,6,8,9,10,6,13,8,15,6,1,11,7,6,3,14,6,3,12,4,14,3,10,427,430,59,60,52,447,444,6,5,8,2,10,10,438,442,58,55,62,448,425,425,425,424,423,423,425,423,425,425,424,424,424,424,424,423,424,424,424,425,425,423,424,425,425,424,424,423,423,441,51,55,54,56,61,435,450,425,423,423,423,424,423,425,423,424,424,425,423,425,423,425,425,425,423,423,423,423
4,5,8,13,7,14,12,8,14,8,5,11,3,1,14,9,10,6,13,2,9,0,9,12,11,1,14,10,0,1,133,108,13,8,5,5,12,3,12,7,6,4,12,439,423,443,63,56,60,56,60,59,435,432,9,5,6,4,9,3,7,15,10,4,6,4,13,11,6,5,11,14,12,10,10,12,4,5,7,14,12,11,9,7,6,1,9,3,1,5,12,1,11,14,13,9,15,426,431,48,55,51,447,446,10,2,4,11,13,0,0,8,440,441,59,60,437,433,1,10,0,11,3,1,8,3,0,14,0,10,522,472,473,476,476,473,475,477,477,475,473,475,472,477,509,3,415,54,447,442,58,59,53,435,433,15,521,475,474,474,473,477,475,475,475,472,473,472,473,509,2,4,4,12,15
13,10,7,1,4,5,3,7,4,10,2,0,7,1,0,7,4,13,0,4,15,15,6,8,5,9,2,10,0,235,134,109,190,4,7,3,4,3,3,6,8,5,3,5,14,439,443,49,49,57,49,48,48,436,434,5,0,14,9,15,0,14,7,6,8,1,7,0,3,12,9,6,9,11,9,3,2,3,14,3,10,14,11,9,12,13,14,14,4,14,12,14,5,10,11,6,427,430,60,61,58,61,417,11,0,11,1,11,9,10,3,1,7,438,442,60,54,435,432,11,14,6,6,10,9,12,1,7,1,0,500,494,25,31,20,20,19,20,28,30,21,29,30,482,484,426,429,57,419,416,54,448,442,61,436,434,498,494,31,18,28,26,25,20,31,23,30,31,17,456,10,2,2,2,1
8,14,15,13,12,7,2,15,14,0,7,9,3,3,7,6,4,13,7,10,5,11,3,15,12,9,2,10,225,236,135,110,191,205,1,10,0,3,10,2,5,10,0,2,0,10,440,425,424,425,443,57,59,59,436,432,3,4,15,11,15,7,0,2,12,3,8,4,9,10,13,3,15,12,13,6,8,11,2,0,13,10,7,5,11,9,11,7,15,2,5,5,9,15,10,5,416,51,56,51,48,449,444,10,3,10,4,4,15,9,0,12,12,8,440,443,53,60,436,432,10,0,1,5,3,8,11,14,3,7,7,463,27,24,23,25,29,17,20,23,26,26,479,486,426,430,49,447,445,414,48,417,439,441,59,435,432,501,491,31,17,16,26,31,17,27,24,23,30,456,13,12,9,15,6
0,0,13,10,4,8,8,3,13,14,15,12,8,3,4,8,1,12,14,15,0,0,0,7,2,12,9,230,226,237,136,111,192,206,195,15,7,6,3,15,4,8,1,12,11,12,2,1,8,12,440,443,49,63,56,436,433,13,0,0,12,13,6,7,3,5,15,7,7,7,5,11,9,14,11,9,8,13,12,10,3,7,5,15,3,15,1,6,6,10,0,13,12,13,0,2,416,52,57,59,447,445,1,1,8,3,2,14,1,7,10,13,9,8,5,439,443,51,50,437,434,14,4,6,3,15,1,12,5,1,3,461,28,19,30,19,21,21,31,29,30,481,488,426,429,59,448,445,4,416,52,417,11,439,441,48,436,432,501,494,22,17,18,23,22,16,30,29,18,459,2,9,2,12,15
11,5,2,14,1,5,3,11,0,8,8,3,0,7,14,15,7,5,9,15,12,6,14,4,11,5,210,231,227,238,137,112,193,207,196,180,8,1,6,6,10,6,14,15,1,9,7,11,6,2,7,438,442,60,52,54,437,433,8,0,426,421,421,420,422,432,11,7,5,13,11,0,1,12,14,11,4,11,11,5,3,8,12,14,12,1,3,8,6,8,15,0,13,11,7,13,414,52,59,48,417,12,6,10,0,15,5,7,4,6,0,13,8,0,7,11,438,443,56,54,435,434,5,12,13,12,11,8,6,0,2,496,493,24,25,22,17,28,31,30,482,486,428,429,63,447,446,523,511,416,62,417,520,512,439,442,54,436,434,498,491,21,28,21,23,16,22,26,20,457,11,6,15,0,4
10,10,2,14,3,11,12,12,2,0,11,8,0,6,3,8,12,2,11,7,11,0,3,6,10,220,211,232,228,239,79,68,194,208,197,181,185,15,3,15,0,1,2,5,8,6,8,2,6,11,11,12,438,441,58,49,51,436,434,427,430,61,59,56,55,435,420,434,1,9,13,6,4,9,8,7,5,1,5,8,10,1,9,11,8,6,10,7,1,2,7,13,6,11,13,8,415,54,55,58,418,1,6,12,15,9,15,14,12,3,5,11,8,1,3,9,1,439,443,51,51,437,433,0,13,13,10,8,14,0,11,4,464,27,26,27,31,18,25,478,484,428,431,57,448,445,522,516,454,414,50,418,460,504,513,440,441,53,435,432,500,492,30,16,28,30,25,26,17,458,12,5,1,10,5
6,4,8,2,2,15,0,4,3,0,9,2,0,9,12,15,8,3,8,5,13,14,12,11,210,221,212,233,229,76,156,168,70,209,198,182,186,240,10,8,15,3,12,3,14,15,2,2,11,7,3,10,8,438,442,52,55,52,437,429,62,53,58,62,54,61,54,436,421,432,2,13,14,14,1,6,8,7,4,14,13,7,7,2,3,7,3,9,10,14,0,14,3,5,15,13,416,48,55,56,419,2,2,2,2,6,11,9,11,4,14,3,8,13,10,14,8,10,439,443,51,59,435,433,12,8,13,9,3,7,1,1,461,30,18,26,26,24,482,484,426,431,52,447,445,522,519,30,458,414,61,418,461,17,506,511,438,443,60,435,433,496,494,25,31,20,21,20,479,489,0,1,0,4,0
3,7,12,13,15,13,5,6,8,7,9,2,6,14,5,15,6,10,9,3,2,13,7,225,211,222,213,234,77,162,161,173,168,77,199,183,187,241,8,0,11,6,3,1,3,6,7,12,2,1,7,4,0,0,415,51,60,53,61,57,58,59,58,61,57,56,57,55,62,417,1,15,3,9,9,9,8,4,15,9,13,9,15,11,13,4,13,10,9,9,2,8,8,15,15,427,430,55,51,50,417,11,5,3,7,3,8,13,7,12,0,10,11,6,15,5,8,13,7,440,441,58,57,437,432,9,0,3,2,13,6,1,464,16,29,30,30,482,487,426,431,55,448,445,520,515,18,31,457,416,55,418,463,26,19,502,509,439,441,49,437,433,500,494,25,29,27,18,456,10,4,5,3,7,7
9,4,14,5,14,5,14,9,4,2,6,0,4,3,0,4,7,15,0,9,6,0,235,226,212,223,214,75,156,167,10,7,175,178,71,184,188,242,14,3,9,6,2,2,9,15,12,2,11,4,11,3,1,13,414,54,58,51,62,58,58,55,53,50,63,49,53,50,61,436,434,9,3,12,4,13,10,3,5,8,13,14,11,5,6,6,12,13,3,4,6,1,0,1,427,431,55,61,58,58,419,9,15,2,5,8,14,12,4,4,0,3,0,9,4,0,12,10,2,13,438,442,59,50,437,434,6,10,8,2,3,14,501,492,26,21,478,487,428,430,59,448,445,525,515,27,23,27,457,416,51,418,464,23,19,22,506,509,439,442,56,436,432,497,494,16,24,30,454,4,2,0,1,12,10
10,5,13,8,2,3,14,5,12,2,15,0,7,4,6,10,4,0,10,10,4,220,236,227,213,224,78,160,159,2,2,6,9,177,168,73,189,243,10,8,0,11,6,3,4,9,1,1,4,4,14,5,14,13,416,48,63,49,49,55,49,50,52,48,56,62,63,54,58,56,417,4,4,0,1,5,6,14,1,4,10,7,14,2,12,14,7,10,10,4,6,14,13,427,431,61,55,55,57,448,446,6,5,0,6,3,1,0,7,7,11,6,2,5,7,1,5,10,4,13,12,440,442,60,62,435,434,2,7,1,4,6,2,464,28,478,485,427,430,63,448,446,520,514,28,25,29,22,454,416,49,417,463,26,31,25,30,504,511,439,441,57,437,432,499,492,20,480,489,2,0,7,12,10,428
9,5,5,11,5,6,4,6,0,3,6,8,3,1,10,6,11,9,0,5,215,221,237,228,214,69,160,165,1,10,4,6,7,6,171,170,72,154,15,3,5,2,13,4,7,11,8,5,2,7,13,13,3,14,439,441,59,57,61,61,55,50,49,57,48,56,59,52,59,62,419,10,10,9,9,5,11,4,2,2,10,8,14,7,13,7,11,13,13,7,5,10,427,430,57,59,59,50,56,418,1,6,11,0,4,2,7,14,11,12,14,7,13,14,1,0,12,0,11,13,1,6,440,443,52,48,435,432,11,11,7,1,3,499,469,485,427,431,61,449,444,524,519,26,19,19,25,19,454,414,48,418,462,19,30,29,24,25,504,508,440,443,52,436,433,498,492,454,12,2,0,10,10,426,431
4,5,2,0,8,4,4,7,3,0,3,8,2,6,14,5,9,7,4,230,216,222,238,229,75,158,167,4,1,3,5,13,8,4,5,173,104,159,0,14,7,15,12,7,12,14,10,14,9,8,12,6,9,10,9,414,53,63,52,60,60,49,56,61,55,52,63,60,54,61,418,1,3,0,0,11,2,4,12,8,2,5,5,9,5,11,8,2,0,5,8,428,430,54,60,53,58,60,56,418,7,1,3,1,10,9,11,5,8,12,13,0,3,3,11,11,15,4,3,1,6,7,3,440,441,52,48,436,432,1,8,15,7,11,10,427,429,50,449,445,524,518,22,29,17,18,27,30,456,415,57,417,463,28,19,23,27,19,25,503,508,438,442,52,437,432,501,484,10,3,13,12,428,429,56
14,13,5,3,13,0,5,12,10,13,5,10,10,1,9,0,14,3,230,231,217,223,239,79,160,159,1,12,2,10,4,15,1,15,11,12,105,2,0,8,10,1,5,2,0,9,6,7,14,13,0,4,14,12,427,429,51,57,56,50,53,53,48,57,59,58,51,49,58,63,436,434,6,10,0,14,8,6,2,10,5,11,6,3,14,2,11,4,11,13,427,429,51,56,48,48,52,54,447,445,14,5,15,3,13,14,14,3,6,10,2,13,4,10,8,12,10,0,8,3,1,0,8,11,440,442,53,48,437,433,3,2,1,14,428,430,59,448,444,525,515,17,17,22,19,29,26,24,454,416,60,419,462,16,19,29,29,20,19,29,503,509,439,442,57,435,433,1,13,2,12,426,430,447,425
6,2,6,7,12,3,12,12,7,4,6,2,9,2,7,3,2,244,231,232,218,224,79,166,163,9,10,12,5,13,5,10,4,3,12,4,0,11,12,4,4,15,12,6,6,13,4,4,9,6,8,5,9,426,431,61,61,59,57,58,52,56,49,51,56,62,61,49,53,63,52,417,8,3,3,10,15,2,0,13,8,7,10,11,7,6,9,12,13,427,431,56,52,49,51,448,423,423,445,0,12,0,13,12,9,8,8,3,13,1,1,13,0,0,8,11,3,5,13,7,1,4,8,8,5,440,441,52,57,435,433,15,12,428,429,60,448,445,522,518,19,24,31,21,21,26,23,24,455,415,59,419,461,17,25,22,25,18,18,27,21,504,509,438,443,50,436,434,3,1,427,431,449,446,12
6,3,1,8,11,0,8,3,7,9,3,14,4,2,2,4,6,245,232,233,219,78,156,165,8,9,14,4,15,3,5,15,12,11,14,3,15,6,9,1,5,11,5,4,2,10,7,5,10,14,2,12,428,430,52,51,52,49,56,48,62,55,59,54,56,60,52,50,50,58,60,435,421,434,7,10,13,3,8,1,6,2,2,13,1,1,6,6,428,431,57,55,54,55,449,446,6,3,9,1,0,12,15,12,5,8,7,3,6,12,11,6,12,8,12,6,10,4,3,2,1,1,1,6,11,15,438,442,51,57,437,432,427,430,56,447,446,524,515,21,18,20,22,18,26,30,17,25,457,416,49,418,462,16,27,31,16,19,27,19,16,29,507,508,438,443,58,436,433,428,430,447,446,2,12
7,11,8,5,15,2,8,4,14,7,13,10,1,13,6,1,12,246,233,234,71,166,161,3,9,7,5,6,4,0,10,5,14,14,4,4,8,13,12,10,6,15,11,3,14,3,4,12,15,0,2,428,431,48,54,48,54,57,53,63,49,61,48,48,59,59,62,61,63,52,53,62,52,436,434,5,13,1,1,12,3,7,2,10,10,10,7,428,431,48,60,51,55,449,445,13,5,7,8,10,0,14,1,4,13,11,3,3,9,6,4,13,6,13,9,14,0,6,2,11,9,3,7,12,13,9,15,439,442,54,53,436,431,55,448,444,10,461,30,17,22,31,26,23,26,31,18,27,459,416,52,417,461,17,25,27,20,23,31,18,22,21,23,506,512,440,442,63,436,430,63,419,6,11,244
2,1,6,5,0,8,11,11,1,8,4,4,3,2,13,9,11,247,234,68,166,165,2,8,11,14,1,5,1,7,6,14,9,14,13,14,4,4,7,10,15,3,15,1,14,2,12,7,5,4,427,429,52,63,61,56,48,51,63,49,63,59,48,48,55,61,51,61,50,51,55,53,58,49,435,434,2,14,4,7,8,6,15,7,9,7,427,429,57,48,51,62,449,444,11,13,3,2,3,7,3,5,11,11,4,10,11,13,2,6,2,6,14,10,15,5,14,2,12,15,3,13,13,4,2,15,1,4,439,443,63,61,60,448,444,14,12,501,493,27,29,22,21,22,28,28,31,17,459,415,60,419,465,19,16,26,20,22,23,29,23,30,29,482,485,9,439,441,56,53,447,444,12,10,245
2,12,14,2,14,14,15,8,13,10,1,14,4,9,14,13,4,150,71,64,138,14,10,5,7,6,4,0,12,1,12,4,2,9,15,0,15,14,3,11,14,4,6,6,15,14,6,12,8,428,431,52,48,62,51,449,441,48,52,48,48,59,52,51,61,55,61,57,61,62,50,50,63,58,54,435,433,10,7,1,13,1,11,0,15,428,431,59,57,61,61,448,444,12,0,14,7,3,7,3,11,13,11,4,0,7,14,6,9,11,4,10,7,4,14,2,0,3,6,12,15,3,10,14,12,3,14,7,15,439,443,51,56,437,434,13,10,3,464,17,30,16,21,18,16,26,25,24,454,416,60,417,463,28,16,29,24,29,17,31,26,22,479,487,0,14,428,429,53,58,436,432,12,1,246
0,11,13,9,12,13,14,8,10,7,0,11,10,5,15,4,4,151,70,78,139,9,12,2,4,7,10,15,8,4,13,5,0,11,11,8,11,13,2,8,6,11,7,3,6,6,14,9,427,431,49,49,57,448,424,446,416,50,59,50,58,55,53,52,56,55,53,53,54,61,48,49,53,54,56,52,435,433,4,13,13,14,7,14,428,429,58,60,63,49,447,446,1,15,11,1,14,2,11,5,5,7,13,13,8,1,4,4,10,10,5,15,12,9,6,12,5,12,3,6,4,5,3,9,5,2,0,11,15,9,438,442,50,61,437,432,1,5,497,490,21,21,31,30,24,30,22,21,455,416,63,418,465,27,24,26,17,28,28,21,30,478,487,5,4,426,430,59,448,442,58,436,432,10,247
5,11,8,1,12,4,12,6,0,11,12,10,6,11,5,0,13,152,79,73,144,14,2,4,11,8,6,3,2,5,8,9,14,5,15,5,0,10,15,0,0,1,8,2,8,8,1,428,431,59,48,52,52,418,15,7,440,443,48,57,59,53,59,55,57,62,60,52,57,449,425,442,53,54,52,51,61,435,433,11,14,4,10,428,429,60,57,52,49,447,445,1,2,15,9,6,2,4,8,1,9,9,15,10,6,8,2,2,8,5,3,8,2,7,0,12,1,6,13,6,15,5,4,8,8,1,10,6,8,0,14,438,442,54,57,435,433,9,15,501,495,20,21,16,25,17,16,18,457,416,60,417,465,21,22,31,27,31,24,20,483,484,3,14,428,431,49,447,445,440,442,48,437,433,169
5,2,14,9,8,4,12,1,14,5,1,14,5,4,9,3,2,153,75,64,145,15,5,13,6,8,15,13,3,11,9,9,7,11,5,9,12,7,13,12,14,5,15,15,13,12,428,431,62,58,62,57,449,444,7,2,4,440,441,52,52,49,58,59,50,48,52,55,54,417,1,440,423,443,51,63,52,55,437,434,15,5,427,430,50,56,52,52,449,446,13,12,11,9,12,0,12,8,5,13,12,12,14,5,12,1,1,6,8,4,8,6,9,7,10,13,12,6,4,5,3,11,12,14,10,15,2,5,9,13,4,1,438,442,56,60,437,434,12,4,500,493,30,21,20,16,28,17,454,416,48,419,460,19,25,27,18,19,25,478,484,11,15,427,429,58,447,445,128,123,440,443,57,436,434
7,14,14,8,2,4,6,5,7,8,13,3,10,3,4,2,10,152,74,70,154,0,7,14,4,10,2,13,2,8,8,14,4,7,2,6,5,4,7,10,6,7,3,15,10,428,431,51,56,62,56,449,446,5,12,15,11,13,439,443,60,56,51,49,55,63,62,447,424,444,0,8,6,438,441,52,50,51,51,437,433,427,431,50,48,63,59,447,444,2,6,11,1,14,15,1,13,4,11,1,2,4,11,2,12,10,9,4,15,13,3,1,8,1,9,5,5,14,7,15,7,0,5,9,7,0,11,5,7,3,14,2,9,439,443,56,61,437,433,9,2,497,495,31,18,23,24,31,457,416,51,418,460,16,22,18,24,17,482,487,0,14,427,430,54,448,445,220,129,124,180,438,442,53,436
14,15,8,12,3,12,6,9,15,10,0,15,0,14,2,7,11,153,76,69,253,10,4,14,2,11,13,7,7,12,0,3,11,11,4,1,0,0,10,9,3,1,8,4,426,431,55,50,56,55,447,445,8,5,14,7,0,13,11,439,423,424,443,49,61,63,448,445,6,3,14,3,13,14,438,442,61,61,56,48,435,431,49,58,59,59,448,445,1,14,1,10,4,5,1,2,14,1,4,5,5,12,15,15,5,9,11,9,14,1,8,1,14,11,6,5,6,10,8,15,6,7,5,8,11,1,1,6,10,3,12,11,2,2,440,443,48,50,437,434,10,10,498,492,21,31,31,17,455,415,52,418,462,23,28,31,25,480,489,10,0,428,430,57,447,446,235,221,130,125,181,195,439,442,58
2,3,9,12,1,15,4,8,5,5,8,15,0,6,6,2,15,148,70,73,254,195,1,0,0,15,1,1,10,15,7,9,5,11,9,1,3,13,15,7,8,5,0,428,431,52,63,50,54,448,446,1,6,3,12,3,15,7,12,0,8,4,438,425,423,425,444,0,2,9,4,9,7,1,8,439,443,51,59,58,53,59,51,52,56,449,444,3,12,3,11,6,12,7,12,13,14,2,0,3,1,2,13,5,3,5,12,5,13,14,15,15,8,0,1,15,4,12,15,1,9,7,8,9,15,0,1,4,12,0,12,14,2,14,9,439,443,60,63,435,434,4,8,497,491,29,21,20,457,414,51,419,465,19,19,25,480,487,11,0,427,430,61,62,419,244,236,222,131,126,182,196,180,440,443
7,3,1,0,2,10,11,14,0,7,14,15,12,8,5,14,0,149,75,74,255,196,180,14,11,7,11,8,12,1,1,3,15,0,1,2,1,14,14,4,1,15,426,431,58,51,55,48,448,446,600,590,4,9,15,1,10,15,605,553,588,15,13,5,1,2,11,4,5,15,3,1,13,2,0,5,440,441,51,62,52,53,50,59,449,446,8,4,5,9,15,13,1,12,3,9,7,13,12,14,8,12,6,8,12,4,1,10,0,14,5,11,11,3,5,15,3,1,6,8,1,0,2,11,2,5,8,8,15,7,7,5,0,2,11,4,439,441,60,60,436,432,0,0,497,491,29,21,455,414,51,418,463,28,21,482,485,0,10,426,430,51,49,59,418,245,237,223,132,127,183,197,181,200,440
12,4,9,3,11,9,5,7,15,1,5,5,14,2,1,5,12,148,69,72,256,197,181,200,0,15,14,13,9,8,9,5,4,12,5,8,9,9,14,2,2,428,431,62,52,61,53,447,444,602,594,586,593,5,1,9,10,10,542,42,582,591,3,1,12,2,7,3,15,14,10,14,10,10,15,9,3,440,441,53,49,62,57,58,436,432,14,4,8,3,12,3,4,15,4,6,14,7,10,11,12,11,14,1,1,11,12,9,6,2,9,0,9,1,14,12,6,9,8,4,6,14,15,5,6,8,5,2,9,11,2,12,0,9,3,15,13,439,441,63,50,437,434,1,0,497,467,471,486,415,62,419,499,468,467,484,8,4,428,431,57,56,58,52,417,246,238,224,65,68,184,198,182,201,190
12,14,10,4,6,3,7,7,9,1,11,7,0,2,3,13,5,149,76,67,257,198,182,201,185,7,14,3,12,12,4,3,2,13,3,0,15,0,2,13,428,431,63,52,52,53,449,446,3,579,574,32,582,588,10,9,2,7,579,575,41,535,0,11,3,12,15,0,8,13,6,3,7,5,4,3,12,0,439,443,59,48,59,50,50,435,432,12,10,13,14,1,5,3,7,15,1,0,4,0,15,14,1,5,1,9,10,5,12,1,3,7,15,12,9,3,3,11,9,4,4,14,15,0,0,10,1,11,13,9,13,8,15,2,15,2,0,2,438,442,53,59,436,433,12,8,12,3,4,415,56,419,14,13,3,8,14,427,431,53,61,449,443,63,418,247,239,75,74,70,79,199,183,202,191
3,7,3,11,1,3,2,7,10,4,3,9,11,15,5,7,12,173,168,74,72,199,183,202,186,240,4,2,2,15,12,8,7,1,1,9,3,1,1,428,431,53,57,61,57,447,446,15,8,8,578,572,35,539,5,12,14,8,12,576,548,567,0,8,2,1,15,1,5,15,3,6,11,14,15,0,10,5,13,439,441,52,57,49,48,48,437,433,14,8,11,11,1,3,13,15,8,1,0,5,11,5,7,3,10,4,5,15,11,8,1,10,5,1,7,10,13,11,15,8,15,5,2,12,15,1,10,5,0,8,9,14,5,0,13,1,10,4,15,440,441,52,56,436,433,10,7,6,15,415,60,419,6,14,10,10,426,430,57,60,448,445,416,56,418,152,77,68,79,65,68,71,184,203,192
7,3,2,3,0,8,14,13,8,15,11,11,9,3,1,7,0,10,179,178,75,69,184,203,187,241,13,6,7,11,2,6,1,0,1,1,4,6,427,429,60,49,63,49,448,444,7,10,2,10,10,577,551,569,11,13,1,8,11,13,10,7,8,11,14,1,13,11,0,7,15,14,14,12,15,11,0,0,4,10,438,442,48,61,55,57,58,437,432,2,7,7,15,8,13,4,15,10,5,1,1,5,13,10,6,8,12,7,2,9,13,7,13,13,4,12,11,8,2,6,15,5,7,5,11,7,8,9,11,1,1,13,3,3,12,4,9,15,3,8,438,442,61,56,437,432,2,8,6,414,51,418,7,9,8,426,429,53,52,447,446,0,414,54,417,153,65,72,72,64,73,69,79,204,193
12,11,0,2,13,6,6,15,0,5,2,9,5,9,12,7,2,2,5,171,168,79,73,204,188,242,0,15,11,9,2,12,12,3,12,7,4,427,431,58,58,62,53,448,446,9,5,2,4,1,14,9,0,8,12,12,7,0,5,8,12,6,9,1,3,9,3,3,9,6,2,6,4,12,8,5,1,7,14,8,3,438,441,62,54,63,59,62,437,432,12,10,4,4,1,1,11,14,0,14,8,15,10,6,10,3,11,5,3,9,10,9,6,4,10,8,15,3,14,7,4,4,0,8,10,4,3,3,12,9,7,8,7,4,14,3,9,15,12,13,11,440,442,59,62,436,432,4,8,415,63,418,11,14,426,431,48,63,447,445,0,3,416,60,419,150,76,64,72,75,76,74,65,74,194
12,8,14,9,6,7,7,14,0,3,6,10,13,13,6,13,4,11,4,9,173,174,66,77,189,243,9,8,13,5,4,2,12,5,9,2,426,430,61,57,49,58,448,444,1,6,13,4,8,14,7,14,4,15,11,0,6,6,1,14,0,12,14,5,10,13,15,2,2,13,11,0,3,9,7,0,10,15,9,10,8,3,440,443,48,49,54,60,56,436,433,11,3,3,14,7,14,6,2,5,9,6,6,4,0,10,0,14,0,10,11,9,12,2,6,7,12,2,9,10,9,10,14,12,7,5,13,14,1,3,7,15,12,12,8,15,5,14,3,11,12,14,439,442,57,62,436,433,7,414,60,418,13,427,429,48,61,447,445,15,7,15,416,52,417,151,67,71,66,68,77,79,76,69,76
5,9,6,9,14,5,5,15,1,11,1,2,14,10,0,10,15,4,11,3,8,171,170,70,162,165,11,14,13,5,8,15,15,10,0,427,430,57,63,60,447,423,446,5,5,13,15,13,6,2,4,10,605,556,592,15,2,7,13,9,14,1,1,10,8,1,12,8,9,8,9,7,12,5,14,4,2,7,14,3,4,5,10,438,443,63,49,60,61,49,435,433,8,3,8,6,4,4,7,3,4,6,14,12,14,8,13,5,11,11,1,0,0,4,13,9,14,15,10,4,8,6,12,4,3,3,8,13,2,3,3,12,3,11,13,6,3,8,1,9,7,11,5,439,441,61,54,437,434,415,60,418,428,429,55,56,448,444,1,10,3,428,430,52,417,155,76,69,78,79,73,73,65,77,71
12,2,15,7,1,8,10,0,8,2,4,5,10,7,3,10,10,7,2,7,5,4,171,102,157,2,7,10,4,12,3,12,15,12,426,431,48,48,61,447,445,7,1,15,2,9,4,1,14,7,13,602,594,32,534,15,11,12,0,15,1,1,11,12,0,11,5,2,11,2,5,2,15,1,12,7,6,7,10,14,13,13,2,13,439,443,63,52,51,48,54,435,433,3,6,7,3,4,2,2,7,8,4,5,10,3,14,5,7,14,5,10,14,12,0,10,5,13,0,8,11,2,15,13,13,1,12,6,12,12,5,15,14,13,6,13,4,5,5,7,6,1,0,15,440,442,59,56,437,431,53,436,429,54,55,447,444,9,9,10,426,430,50,447,446,263,67,78,73,70,79,74,68,69,74
15,7,8,14,14,3,6,5,6,10,7,1,4,10,7,0,0,8,11,10,12,10,12,103,12,13,4,6,7,6,9,7,2,426,430,48,49,49,449,444,14,5,11,524,476,508,9,5,5,12,602,594,32,32,535,1,7,6,9,15,14,14,2,11,2,7,10,6,3,14,10,8,8,11,11,5,7,2,11,1,1,13,2,7,6,439,443,52,60,54,55,62,436,434,3,7,1,11,3,6,9,6,13,1,12,5,15,2,7,14,1,14,8,13,6,1,13,0,12,13,0,4,3,2,1,0,1,0,2,0,5,9,9,5,10,10,1,11,15,4,11,1,0,0,13,439,441,61,49,55,62,60,63,61,447,446,0,7,9,426,430,56,449,444,215,264,64,73,71,73,75,75,67,70,71
13,8,6,0,5,14,7,14,7,14,3,12,6,8,13,8,9,5,5,6,5,0,14,11,8,7,0,0,7,13,4,0,426,429,55,52,54,448,445,9,6,1,14,462,27,507,512,1,0,13,542,35,37,560,567,3,1,7,6,5,2,15,9,11,2,5,7,1,3,1,9,11,0,1,2,4,0,1,1,8,11,10,11,15,12,8,439,443,56,55,53,62,62,437,432,13,12,10,5,10,0,0,7,12,14,7,5,12,1,5,2,0,4,14,3,10,3,9,3,7,6,4,7,6,14,9,5,13,14,15,1,9,12,4,8,4,7,10,2,10,13,4,12,13,11,2,438,442,54,49,57,52,59,448,446,9,5,11,426,429,50,449,444,210,216,265,74,65,67,67,77,67,67,73,78
3,14,12,0,6,2,11,5,6,10,7,9,7,12,12,5,2,15,7,3,8,14,9,3,8,12,15,1,13,2,14,426,431,55,60,48,447,444,3,12,10,15,6,496,492,22,456,10,12,604,596,561,551,565,9,13,4,8,2,4,10,10,3,604,554,592,8,7,8,10,15,3,1,11,14,10,8,12,8,9,11,7,12,13,15,11,15,439,441,49,63,55,51,49,435,433,2,3,11,13,1,14,9,0,2,8,8,1,6,11,1,9,6,6,15,7,3,8,0,2,9,10,8,12,7,2,9,1,1,5,1,5,3,13,4,13,6,9,9,12,13,14,13,1,8,1,6,440,442,53,53,52,448,445,15,3,8,426,431,54,447,445,230,211,217,266,72,64,73,71,75,79,78,73,76
11,3,15,0,13,4,4,8,4,9,11,3,4,4,12,7,15,13,2,7,11,4,10,10,4,0,7,14,0,3,428,430,49,51,55,447,445,7,12,14,13,8,0,1,497,469,488,4,6,542,40,535,6,7,8,5,14,4,4,13,5,3,5,545,41,538,15,14,12,13,11,1,2,5,10,3,12,1,9,15,1,12,5,10,10,12,1,1,439,442,52,62,53,60,62,436,421,432,15,2,11,14,0,8,9,9,14,4,0,6,0,0,10,13,3,15,1,11,12,5,7,14,8,15,8,1,13,4,13,7,5,10,3,13,12,11,12,7,7,3,0,8,13,5,15,12,2,10,416,56,63,447,446,15,1,8,12,416,61,447,444,220,231,212,218,267,69,79,69,79,75,74,67,74,74
6,2,9,0,6,4,7,12,15,5,7,2,10,9,14,7,2,13,14,1,2,2,4,7,7,2,0,7,11,428,431,55,59,62,447,446,2,6,7,14,4,1,13,10,4,6,14,15,0,579,550,565,12,11,13,6,15,6,12,5,9,2,12,540,33,539,9,3,11,15,10,4,9,14,3,10,3,13,10,4,9,0,8,3,8,10,3,12,3,438,442,63,63,49,61,51,51,435,422,422,420,420,432,4,15,9,11,1,12,9,9,13,4,12,1,11,0,7,15,1,12,7,15,14,12,3,13,14,13,15,11,12,13,3,4,7,13,6,4,6,0,2,1,14,11,11,3,427,431,53,448,445,10,12,2,7,5,416,63,417,244,221,232,213,219,68,72,78,70,76,75,70,69,67,69
13,1,14,0,15,2,7,13,0,4,5,9,12,1,9,7,9,15,12,14,11,12,15,5,4,13,12,12,426,431,53,58,56,448,444,7,10,1,2,6,6,1,15,12,15,6,5,2,9,0,10,9,3,2,0,4,15,9,13,9,10,10,600,594,34,536,4,2,9,1,7,9,5,11,13,6,10,1,6,14,13,8,13,10,0,8,3,13,12,8,440,442,59,57,61,57,49,58,57,52,61,59,437,433,10,1,6,5,14,3,3,10,2,15,6,12,12,5,0,8,4,8,10,9,12,1,4,8,4,6,14,8,9,13,11,1,14,14,8,14,2,6,1,11,13,2,427,429,59,448,444,15,6,8,2,11,10,414,57,418,245,222,233,214,73,78,75,70,68,66,64,69,66,76,64
1,15,8,5,2,11,9,0,13,7,0,7,8,13,15,11,9,2,5,9,1,15,6,8,0,15,4,9,416,60,53,62,448,445,4,7,13,14,8,4,4,10,524,474,473,476,511,0,522,474,476,508,12,13,12,11,8,1,6,10,5,2,540,41,38,539,9,9,11,0,3,10,6,12,9,7,10,11,15,12,9,4,1,0,13,12,13,13,6,15,2,438,442,59,62,56,57,61,48,58,51,61,53,436,434,0,2,8,1,6,14,4,3,15,6,15,10,5,1,4,2,4,10,6,5,1,2,2,12,14,4,1,8,11,13,3,0,0,0,9,15,0,1,9,13,428,430,57,449,446,9,521,475,513,8,3,12,416,63,419,246,223,234,67,75,69,78,72,78,74,75,65,73,66,70
9,10,11,14,0,11,14,3,8,12,6,4,9,7,7,0,10,7,14,5,14,8,13,5,10,8,11,10,415,51,51,449,446,1,1,10,3,15,8,2,15,9,465,24,29,25,454,1,461,23,31,505,513,9,10,12,4,4,12,10,602,557,597,558,550,567,10,15,602,554,593,4,15,523,474,510,3,8,10,1,7,5,6,6,15,11,5,10,13,9,5,5,438,441,51,61,55,55,48,51,52,57,63,50,435,432,6,5,6,10,5,14,5,15,1,10,14,5,5,8,9,8,1,8,3,0,12,2,3,5,11,9,0,7,2,1,1,12,10,15,4,5,9,8,426,429,51,448,446,5,522,515,21,505,475,509,9,416,56,417,247,224,68,68,71,69,69,68,73,74,77,76,67,68,72
15,8,10,2,5,13,6,6,10,14,6,3,3,14,3,5,0,1,14,13,13,14,1,2,2,14,11,4,416,50,57,417,1,7,5,7,13,13,10,8,12,520,517,28,31,20,456,9,498,467,494,19,459,15,10,10,5,1,3,14,543,40,45,538,13,12,4,5,541,37,534,6,520,515,21,459,7,8,13,7,9,15,14,3,10,0,15,10,3,13,1,12,3,438,424,441,53,49,58,51,48,54,62,54,60,436,420,434,11,6,11,13,6,11,9,9,0,11,9,12,12,7,5,9,2,8,4,11,3,0,13,10,8,0,15,12,11,12,0,13,4,7,6,427,431,49,449,445,523,474,514,26,24,26,24,506,510,416,50,417,152,75,71,68,73,68,76,67,76,77,73,72,79,71,64
15,13,2,12,2,9,9,3,12,2,6,7,15,6,14,15,6,9,11,14,12,12,13,5,15,8,5,426,431,51,57,418,10,2,1,3,5,15,2,5,11,461,18,20,19,479,487,4,10,1,497,467,484,4,2,10,10,11,9,0,576,551,550,569,4,8,8,14,544,41,582,592,460,21,22,505,513,12,12,2,1,11,8,13,11,15,12,5,10,9,2,9,4,1,12,438,425,424,425,423,424,441,56,62,52,61,52,436,433,10,0,15,11,11,15,13,4,9,12,1,8,15,4,4,12,13,11,11,15,9,14,15,10,4,10,12,8,14,12,15,11,5,428,430,49,447,446,15,461,28,18,19,17,19,28,24,458,416,57,418,153,72,66,67,71,75,75,64,67,77,70,71,67,77,67
5,11,10,12,12,6,4,4,14,0,6,1,9,9,13,4,6,5,6,7,10,1,14,9,6,11,426,430,49,57,60,417,11,11,7,2,11,4,12,9,6,464,23,24,21,455,8,9,2,13,8,15,6,0,5,12,6,11,15,4,5,12,6,6,7,9,14,9,544,42,47,534,463,29,28,24,455,6,10,6,4,7,10,12,15,11,10,9,8,5,1,3,11,8,5,10,5,13,0,7,0,439,441,57,53,61,50,60,437,433,2,11,1,0,14,6,5,3,9,8,7,8,7,7,15,8,12,4,2,5,7,6,7,10,15,4,8,6,13,8,9,426,430,57,449,445,2,525,516,24,18,17,25,20,22,19,455,416,55,419,146,67,74,73,71,70,67,72,67,65,65,78,76,71,79
9,12,0,9,13,3,11,12,13,14,0,9,2,15,1,8,1,6,12,10,15,5,12,0,15,428,431,56,59,56,60,417,2,9,8,1,11,13,5,5,501,467,466,468,470,486,7,3,3,4,603,557,591,9,12,12,4,7,12,6,8,7,6,1,7,2,15,10,579,547,548,567,498,491,22,18,454,9,14,4,15,520,473,510,1,15,3,12,14,2,9,13,7,4,1,15,3,13,14,12,3,10,438,442,59,62,58,59,52,435,421,422,421,434,9,3,8,12,3,3,6,7,12,4,8,3,13,1,10,3,12,15,13,15,9,14,5,15,3,4,427,430,56,449,446,521,474,519,21,30,25,18,21,25,20,17,456,415,60,418,147,69,70,71,71,71,69,75,69,77,68,77,77,64,76
15,3,0,14,15,4,15,2,11,5,0,11,13,1,14,11,1,3,1,11,11,6,12,2,426,430,63,48,61,60,448,445,15,13,4,602,552,588,4,6,15,10,10,5,3,8,10,1,9,8,543,563,569,4,3,6,11,1,8,10,2,4,4,603,552,592,15,2,15,5,1,8,15,498,466,467,485,2,0,8,12,461,29,455,10,14,7,3,10,3,15,5,1,6,13,4,9,10,9,6,4,12,13,438,442,61,55,57,62,63,58,61,51,437,433,5,12,12,14,5,11,13,11,1,10,14,9,10,0,3,9,5,6,11,2,6,2,4,12,428,429,56,449,444,522,516,22,22,23,23,20,28,29,23,24,29,459,415,55,417,146,74,76,74,67,77,65,72,65,73,68,65,67,72,75
10,7,15,13,4,8,11,14,6,6,4,15,2,0,4,5,2,0,3,3,3,6,7,428,430,49,58,61,52,448,444,10,11,12,600,597,37,539,15,12,6,11,2,12,0,11,9,15,1,13,580,568,521,473,511,14,523,474,473,513,2,9,8,544,45,534,13,8,2,2,14,2,10,5,0,12,2,2,9,2,0,497,470,488,4,1,9,2,8,5,13,10,8,14,6,2,4,13,2,3,4,10,9,5,440,441,60,54,62,52,54,55,50,52,437,434,5,14,9,5,6,2,4,15,8,13,14,13,13,11,7,0,13,12,7,11,0,0,427,429,56,448,445,522,515,24,18,16,19,18,18,22,31,27,27,17,458,414,57,417,147,73,67,75,79,78,73,79,65,78,65,76,67,72,70
14,6,7,5,12,5,0,1,5,9,10,10,5,1,3,10,0,0,6,1,11,11,427,429,62,56,60,449,424,446,15,4,8,0,541,35,559,568,2,8,15,4,13,7,5,9,6,2,8,5,4,15,462,27,457,12,460,30,19,459,7,7,2,577,547,566,5,3,9,11,4,8,1,4,3,3,13,15,2,2,10,8,3,15,0,15,1,11,11,3,2,5,13,2,9,15,14,0,15,2,5,6,3,0,12,440,442,60,60,57,57,63,59,61,61,436,433,6,10,6,13,7,12,2,14,0,15,1,9,5,5,12,1,4,7,8,9,428,429,59,448,445,4,463,31,16,21,25,19,16,31,28,30,26,23,31,457,416,52,418,150,75,78,65,66,66,77,66,68,70,74,64,68,73,67
15,10,15,1,12,9,8,1,12,3,7,13,9,13,11,10,2,2,8,10,1,428,431,59,49,61,449,445,2,9,0,11,8,3,580,546,568,13,9,11,15,8,14,8,2,14,1,5,12,15,13,1,500,468,486,3,501,493,21,455,11,13,3,4,2,6,11,9,603,554,552,554,592,9,5,12,4,2,5,8,7,2,13,8,4,3,0,13,9,14,1,2,0,3,1,4,7,11,5,1,0,12,12,0,10,13,439,443,55,63,54,62,50,56,59,53,436,434,8,3,9,15,5,12,15,2,6,3,14,10,2,2,10,8,9,8,426,429,62,449,446,12,521,519,23,19,21,30,18,19,18,24,20,22,19,478,488,416,63,419,151,72,73,69,64,66,74,65,77,74,78,78,74,72,72
6,11,14,3,8,10,14,13,11,10,2,14,14,11,15,13,13,6,14,1,428,430,49,57,57,447,445,12,1,7,3,4,7,14,605,552,590,13,2,5,7,11,600,555,591,9,2,7,13,14,1,7,1,10,1,12,9,500,471,484,0,7,15,15,3,14,8,6,540,35,40,45,535,12,3,12,3,12,4,2,9,13,7,14,8,10,4,7,7,11,5,3,9,7,8,4,2,5,6,5,7,4,2,5,5,12,4,439,423,425,425,424,443,61,57,51,49,437,433,10,14,11,8,1,5,1,6,11,12,10,9,2,4,8,1,427,430,60,448,445,523,472,516,28,21,27,27,25,17,17,20,27,19,20,26,458,4,414,54,419,146,78,74,78,66,79,74,67,71,77,69,69,65,68,77
5,11,6,3,2,0,5,14,6,3,6,5,8,12,10,0,4,11,12,426,430,60,58,62,447,444,15,4,11,15,11,3,7,5,541,45,537,3,10,13,15,11,544,41,535,6,4,13,8,0,14,7,3,7,7,5,0,15,15,4,4,604,553,589,6,6,14,15,577,551,548,548,565,7,2,12,8,11,1,14,5,8,11,2,11,5,7,14,3,3,8,12,6,11,0,7,11,6,1,8,13,3,5,2,0,4,14,11,5,10,14,6,440,442,59,53,59,63,435,432,10,12,1,3,9,10,15,7,13,14,14,3,5,15,426,431,52,447,444,524,519,20,21,20,25,19,31,19,25,23,20,24,23,26,31,507,509,414,58,419,147,65,71,69,67,73,69,74,72,79,65,74,74,64,71
15,5,3,7,5,10,4,15,10,0,0,3,3,5,4,2,8,4,4,414,54,57,50,52,417,14,5,11,13,7,6,3,3,8,576,547,569,12,11,7,9,5,581,549,564,3,14,8,10,5,1,3,13,15,5,15,14,13,7,7,11,545,40,538,4,5,0,8,7,5,8,14,13,11,6,6,15,8,7,11,12,14,6,8,15,2,3,3,13,3,3,7,12,11,9,521,472,475,512,1,13,12,8,9,7,11,1,8,13,5,1,7,2,439,441,54,59,52,50,435,432,9,1,4,10,11,14,0,13,11,11,1,1,427,429,48,447,445,523,518,20,31,16,26,22,27,18,20,24,28,21,22,18,24,22,16,458,415,51,417,148,69,66,65,67,70,73,79,70,67,77,73,68,65,73
7,1,5,1,5,15,15,13,12,11,13,8,14,5,14,11,10,6,4,414,56,58,48,448,445,0,4,4,12,7,0,8,8,15,7,3,3,9,8,12,10,1,7,1,1,9,8,11,13,3,12,3,4,14,11,6,2,5,3,5,14,540,37,535,12,14,12,5,3,11,8,3,1,5,600,554,591,5,11,9,15,9,10,8,12,9,3,4,4,10,6,12,15,2,15,461,17,23,504,510,13,0,2,10,8,12,7,15,15,6,1,13,14,8,439,443,60,50,62,60,435,432,4,15,9,8,8,4,11,6,5,6,427,429,61,448,446,523,515,20,30,26,30,28,27,27,17,19,16,26,30,22,17,21,30,21,459,414,51,417,149,64,70,76,70,75,66,65,67,67,79,72,66,75,77
5,0,4,14,8,8,12,3,8,5,6,9,15,9,4,6,0,0,428,430,55,60,447,446,2,6,2,7,11,9,14,3,10,15,2,2,10,8,14,5,8,11,1,4,10,7,6,5,0,11,4,600,556,553,556,591,11,8,4,0,12,578,546,569,4,14,0,8,6,7,6,6,12,605,594,37,535,1,11,0,6,5,15,10,15,14,11,12,12,2,2,10,15,7,9,499,469,495,28,454,6,11,12,13,12,8,13,1,1,11,15,11,4,13,8,440,442,53,57,63,58,436,432,11,10,8,8,13,15,7,11,427,431,62,449,444,522,516,20,30,28,25,28,18,25,18,23,17,27,17,31,22,29,26,17,481,489,414,55,417,148,79,78,78,73,71,76,67,79,68,74,68,79,71,72
0,0,15,7,5,12,7,7,1,0,0,14,13,15,12,12,9,426,429,58,48,52,419,0,11,6,0,6,7,11,9,11,1,14,1,6,9,14,3,4,521,473,508,2,11,6,4,13,9,0,600,612,550,570,35,536,13,7,8,7,5,15,3,15,14,11,5,6,10,8,10,3,15,544,43,562,568,7,5,11,6,0,5,10,13,0,3,15,13,13,4,14,15,15,6,10,4,500,470,486,1,2,2,11,13,0,1,3,9,9,2,6,8,2,14,11,438,443,58,57,59,49,436,433,12,5,8,6,11,1,427,430,61,448,444,520,518,25,24,24,30,24,19,22,28,23,31,26,18,27,29,25,31,24,480,485,428,429,49,417,149,66,66,65,71,77,74,64,64,72,76,76,69,64,74
2,9,0,3,0,12,14,7,11,8,1,11,3,11,10,3,426,430,60,57,60,50,417,9,0,11,9,15,521,472,510,3,12,7,6,4,7,9,4,520,515,21,455,1,0,10,7,0,6,600,596,537,8,545,43,534,0,1,14,9,7,15,0,1,5,3,9,7,10,0,13,3,12,541,41,539,2,6,3,3,1,12,10,5,5,0,14,4,2,5,10,0,11,4,1,2,3,3,15,2,2,9,2,10,10,1,9,10,10,13,11,13,2,1,4,5,2,440,443,55,58,55,60,435,433,8,3,0,12,428,429,62,448,446,522,519,17,31,27,19,26,25,27,24,22,31,31,21,16,19,28,28,28,479,484,427,429,61,448,444,263,79,66,77,68,76,64,77,68,73,79,79,65,67,66
9,4,6,2,1,15,2,3,3,6,12,4,0,11,6,427,430,61,54,63,56,448,446,3,520,473,511,13,462,26,455,5,14,9,5,7,15,15,3,461,20,21,455,15,5,7,1,2,605,599,45,583,553,595,42,536,3,10,1,2,1,0,14,604,553,589,9,2,11,7,10,9,10,576,551,569,0,1,4,9,0,7,1,6,12,10,4,10,8,13,2,7,14,2,7,6,4,12,14,11,11,1,14,10,9,2,7,11,10,14,14,10,2,4,10,4,10,5,439,441,59,48,63,53,435,432,12,6,428,430,58,448,446,523,516,18,20,16,30,30,23,18,31,28,17,25,29,19,23,27,17,27,480,487,427,431,54,447,445,215,264,76,69,71,75,76,72,69,74,74,64,70,71,67,74
7,13,8,6,0,5,15,1,14,15,0,2,10,8,428,431,58,63,53,51,447,444,2,12,462,16,458,15,498,471,484,9,4,0,15,11,2,10,10,498,471,471,486,5,6,2,0,15,543,36,47,36,638,628,650,537,10,11,7,12,7,8,13,541,33,585,554,556,591,8,10,6,13,603,557,591,1,15,5,2,13,4,8,4,9,1,4,7,9,5,12,3,6,5,0,8,2,1,2,3,6,7,7,0,14,7,15,14,8,7,8,9,8,7,5,10,10,13,1,440,441,48,48,51,48,437,433,426,430,61,449,444,525,514,24,29,27,31,20,30,22,21,16,28,19,28,18,20,21,26,483,466,486,427,431,59,448,445,235,216,265,68,65,69,76,79,66,67,72,78,75,64,64,77,73
12,9,9,13,1,9,9,11,12,2,3,3,10,428,430,52,55,53,61,449,446,1,11,10,497,468,487,11,5,6,0,11,2,9,2,8,6,12,10,2,15,11,0,5,11,9,0,8,576,548,546,573,662,637,679,539,7,3,10,0,15,15,4,580,550,572,46,42,534,12,5,12,3,544,33,534,7,10,9,9,0,2,6,0,4,4,11,15,8,13,2,10,8,11,11,15,7,7,1,15,3,3,13,14,12,0,10,12,6,4,8,5,14,9,5,6,3,15,5,1,440,442,58,62,63,61,437,429,52,449,446,522,514,19,27,21,25,22,19,26,17,25,25,23,30,29,28,27,17,24,454,12,426,430,63,449,446,210,236,217,266,67,75,67,69,74,75,66,64,77,71,67,67,75,79
422,432,14,12,6,13,7,5,8,12,6,2,10,415,56,56,53,50,447,445,11,6,13,4,2,12,5,0,1,3,2,2,9,2,7,9,15,7,6,8,3,14,4,15,15,12,8,6,9,11,3,578,547,551,551,567,0,10,2,6,0,12,13,13,0,579,551,547,564,15,4,10,8,577,549,564,14,6,2,4,8,14,11,13,8,0,12,1,6,7,9,7,2,0,8,8,10,0,9,12,14,11,5,4,2,3,3,9,4,14,1,6,15,11,0,1,9,7,7,2,15,438,443,49,49,48,63,57,448,445,9,461,16,24,18,20,29,16,25,16,19,28,17,18,24,25,30,23,28,483,489,427,429,52,448,445,220,211,237,218,267,68,74,71,65,76,76,74,68,69,68,64,64,71,77
51,436,432,4,15,14,8,3,15,0,10,6,13,415,60,57,56,447,445,3,13,1,13,4,12,12,5,7,11,7,13,6,12,10,10,1,14,0,11,4,9,8,3,13,13,10,8,8,10,14,8,14,0,9,12,603,552,593,15,10,7,4,0,5,10,12,6,11,2,5,3,2,12,10,13,0,7,13,9,13,9,14,8,524,476,475,510,2,11,3,2,0,10,14,9,1,3,12,5,11,7,11,12,14,4,14,3,11,12,1,4,2,6,0,1,0,3,6,5,13,0,10,439,443,59,54,50,54,436,434,3,499,490,17,27,27,20,31,20,27,30,23,24,22,24,23,21,21,478,486,426,429,50,447,444,210,221,212,238,219,79,76,79,75,64,74,66,76,71,69,76,66,67,64,69
443,50,436,433,0,4,0,13,11,7,1,11,15,414,58,51,449,445,6,9,11,4,9,10,9,9,12,8,6,6,605,553,552,556,588,7,9,6,5,3,10,525,473,508,9,1,3,14,12,4,2,7,0,9,14,543,39,535,3,5,14,3,5,10,10,1,8,13,4,10,13,5,9,4,13,7,7,10,10,15,13,522,473,514,19,22,507,508,10,14,2,603,554,593,11,2,8,2,0,3,0,9,0,4,3,2,12,12,9,9,0,8,11,15,5,13,11,2,6,5,6,2,8,414,51,60,50,50,63,435,433,1,497,493,24,31,25,19,28,22,25,25,27,30,25,22,16,483,489,428,430,57,447,445,215,211,222,213,239,68,77,65,65,76,70,77,71,68,76,65,65,69,72,77,67
438,441,49,436,432,0,13,15,9,9,5,6,6,415,61,55,419,6,14,12,3,522,477,511,12,15,5,5,2,2,543,643,629,655,535,2,9,3,9,10,12,464,27,502,511,11,3,3,12,6,11,0,7,14,1,544,45,538,7,7,12,1,2,0,10,14,10,14,4,0,6,5,2,12,8,11,15,7,4,2,8,464,23,682,635,670,25,457,2,8,3,543,43,537,7,2,11,1,13,2,11,10,11,8,1,6,7,7,11,2,7,10,8,15,10,8,15,5,5,11,11,6,428,429,63,49,56,60,52,54,436,421,432,498,469,495,25,16,21,28,31,26,23,17,22,27,483,487,427,431,57,447,445,230,216,212,223,214,76,65,65,66,73,76,67,65,67,75,65,70,72,71,67,72,73
200,439,442,55,435,432,2,9,0,11,7,13,6,415,50,55,417,6,5,6,4,461,22,459,1,2,9,4,1,0,545,616,683,675,537,13,14,14,1,14,8,463,31,27,505,509,7,9,6,1,10,5,3,9,605,597,32,535,12,7,0,2,7,10,14,15,4,12,11,8,3,14,10,11,14,15,0,4,2,13,544,662,673,620,47,617,25,456,5,5,13,577,547,606,553,592,15,3,14,10,11,9,13,3,15,4,10,9,12,1,8,14,11,3,0,12,4,5,1,3,15,427,430,60,449,425,443,48,59,56,59,57,436,434,2,500,494,28,24,23,27,27,29,29,23,478,489,428,429,59,448,446,215,231,217,213,224,79,76,66,66,76,68,76,65,64,64,68,75,75,65,73,70,78,64
201,195,440,442,51,435,434,10,13,2,14,10,6,415,57,51,419,14,15,14,15,462,29,456,9,5,11,10,14,12,541,666,675,34,538,9,4,10,7,7,12,499,467,490,25,457,8,14,11,7,13,10,10,6,540,46,47,534,6,14,13,11,6,2,2,11,7,0,13,9,9,15,10,6,14,2,0,6,3,10,581,574,617,661,630,644,25,454,14,10,14,13,12,541,41,538,2,13,8,3,1,7,15,12,8,15,11,1,15,3,12,14,5,14,9,1,12,4,0,1,428,429,56,447,446,13,439,442,62,51,63,55,54,437,421,433,497,492,27,27,28,28,31,21,30,459,427,430,58,448,446,220,216,232,218,214,68,66,73,72,75,78,64,75,73,68,72,79,66,70,77,77,72,76,76
202,196,195,439,442,55,437,434,9,13,7,0,14,414,57,48,418,8,7,3,5,499,467,485,3,1,9,6,4,11,577,549,547,548,568,11,15,8,15,1,8,10,1,498,468,487,5,8,5,15,1,14,9,0,578,547,550,567,1,5,13,14,0,8,5,2,1,1,4,5,3,6,8,15,4,9,11,2,9,13,5,576,566,460,28,20,18,503,509,5,2,13,11,576,547,568,5,6,7,9,2,9,2,11,9,0,3,5,0,0,10,12,7,1,14,9,6,2,4,427,429,53,447,445,520,475,513,438,442,61,61,48,63,51,63,435,432,501,467,470,468,471,468,493,18,455,414,59,448,446,210,221,217,233,219,67,72,71,70,72,65,73,73,70,77,78,66,65,67,71,76,75,64,75,66
203,197,196,180,438,443,50,436,433,6,7,12,13,415,54,51,417,5,3,2,2,12,15,15,5,5,12,7,2,12,0,9,1,3,11,8,2,14,0,10,12,7,14,0,2,5,3,7,8,14,12,15,4,11,0,8,8,11,13,6,15,10,2,13,6,3,0,13,13,4,11,4,14,1,5,0,13,12,12,4,0,3,3,496,490,19,17,23,458,11,3,8,1,11,14,5,12,14,2,7,6,14,9,5,11,8,3,7,0,8,3,10,15,7,11,5,1,1,427,429,61,449,444,521,514,24,502,513,440,425,442,60,52,55,55,62,437,422,420,421,422,422,432,499,492,454,416,60,419,244,211,222,218,234,66,65,68,64,67,78,74,70,73,70,77,71,79,64,77,70,67,75,71,67,79
204,198,197,181,205,440,443,56,436,434,3,7,6,414,48,54,417,2,0,15,9,10,7,4,1,7,14,15,11,14,4,6,1,10,14,2,9,0,9,2,4,7,524,474,509,7,3,5,8,6,13,10,11,14,2,14,14,3,11,14,1,3,10,1,10,15,0,3,8,10,2,5,7,15,13,3,4,8,7,6,1,12,8,11,497,471,467,469,489,1,13,13,7,9,14,1,5,1,8,14,10,14,11,7,13,15,12,9,5,13,14,0,14,4,0,10,0,426,431,48,449,446,521,516,25,22,21,505,509,10,440,441,61,62,52,58,61,56,54,62,53,61,437,433,499,484,414,61,418,245,212,223,219,71,69,72,64,68,75,74,74,69,68,69,69,66,78,75,68,77,68,69,67,74,73
73,199,198,182,206,180,438,441,63,436,432,0,12,416,53,51,418,0,15,13,12,9,11,8,6,14,11,3,2,15,9,14,3,4,4,9,12,2,3,4,7,10,464,18,505,473,474,509,4,5,1,3,15,1,10,2,4,15,9,8,9,15,0,14,1,5,2,13,3,15,6,2,11,7,9,14,0,11,8,1,6,12,14,8,4,4,11,4,9,11,6,14,11,11,5,8,0,3,10,5,0,9,15,11,10,3,5,8,7,8,10,3,12,3,10,5,427,430,55,447,445,521,517,30,16,20,30,23,502,475,513,438,423,443,63,57,63,48,55,48,58,57,52,435,434,13,415,58,418,246,213,224,73,76,66,68,73,68,79,76,67,71,64,77,66,68,79,76,70,74,69,73,78,66,72
68,68,199,183,207,181,205,440,443,54,436,433,6,416,61,50,419,5,4,10,0,13,11,3,2,11,1,0,5,13,14,2,15,14,13,13,6,14,15,10,2,3,460,680,633,672,25,455,6,6,9,8,5,2,12,7,13,7,8,10,4,4,10,5,10,9,7,15,15,6,11,0,6,3,0,11,8,2,1,14,12,3,15,7,5,6,4,10,12,6,6,0,0,4,14,2,12,1,10,6,8,0,0,9,2,11,4,14,14,5,12,6,11,0,1,426,429,59,448,444,520,514,25,21,23,27,31,31,28,16,503,508,4,438,441,63,62,51,58,60,50,58,55,50,435,420,430,59,417,247,214,74,78,67,76,68,76,76,64,74,69,72,71,64,76,74,73,78,65,73,65,79,64,78,76
79,69,68,184,208,182,206,190,439,443,49,436,434,416,57,62,417,8,13,8,13,15,9,11,2,9,11,3,4,8,5,4,8,8,14,6,5,7,2,11,5,4,460,623,39,614,480,484,9,1,2,15,11,5,11,7,5,7,15,2,5,3,7,14,2,1,0,12,4,8,4,8,8,1,6,11,4,14,2,0,8,10,3,6,6,2,7,6,3,5,1,5,14,8,14,12,0,13,10,6,5,4,4,10,10,2,15,10,7,2,10,14,13,7,427,431,52,449,446,14,462,30,20,18,21,31,31,27,22,22,20,504,509,3,439,441,63,52,49,53,56,60,57,51,63,51,61,63,418,146,78,66,72,64,75,72,79,76,68,68,72,77,69,65,64,72,79,67,64,69,75,76,70,77,74
74,65,75,68,209,183,207,191,180,439,442,54,437,429,63,49,418,2,8,1,3,0,13,8,3,7,0,13,0,7,15,2,10,10,14,11,11,9,1,12,1,3,461,661,631,646,455,523,513,7,1,0,1,7,6,1,13,3,2,2,10,9,8,10,5,4,7,13,14,0,11,3,0,13,7,8,4,2,2,5,3,5,0,0,11,8,3,15,4,5,1,2,3,14,7,2,15,14,14,4,2,4,13,3,2,2,15,13,0,0,7,13,7,427,430,57,448,445,11,521,518,26,28,22,28,29,18,17,25,23,17,22,506,510,12,440,425,425,424,425,424,423,441,63,52,49,53,59,418,147,79,67,76,65,70,70,73,73,69,73,75,70,74,65,74,66,74,78,70,75,68,75,65,76,70
68,78,79,67,72,184,208,192,181,240,438,443,50,54,50,57,417,5,6,9,9,3,3,13,1,0,0,8,7,3,8,12,10,14,7,2,10,6,10,7,5,12,461,21,479,469,488,462,459,5,14,9,5,10,14,11,10,8,15,2,8,10,4,6,2,10,11,13,7,9,2,12,10,0,13,11,3,7,5,8,4,6,3,15,14,10,14,9,4,11,1,3,0,12,0,1,5,2,12,1,6,8,4,4,5,2,15,11,14,1,8,1,428,429,58,447,446,11,523,515,18,29,23,20,29,21,17,19,22,23,19,24,25,503,509,0,10,5,522,476,475,511,438,443,60,60,55,53,418,169,178,67,71,79,77,76,71,71,68,64,70,64,68,76,67,68,76,66,77,65,79,73,64,73,73
68,64,78,67,67,68,209,193,182,241,6,438,443,57,51,49,419,6,10,9,14,7,3,4,2,10,11,12,7,0,8,5,3,6,8,14,9,4,3,6,10,4,498,466,485,8,7,499,485,12,8,12,12,10,6,12,8,13,5,8,9,8,13,6,15,7,8,6,7,6,7,10,13,1,1,8,15,12,13,12,3,4,3,3,12,5,14,6,9,14,4,3,15,2,9,3,8,0,0,7,11,5,4,4,14,0,6,1,10,6,8,427,431,63,447,445,525,476,517,25,24,30,28,22,17,28,24,31,27,26,20,26,31,25,506,509,15,10,464,20,24,457,9,415,58,49,49,51,435,434,177,174,66,64,70,74,79,72,75,65,69,66,68,70,72,66,65,65,68,71,74,72,65,65,76
65,65,75,78,71,78,74,194,183,242,4,7,440,443,53,51,419,4,11,7,12,15,1,0,2,0,10,1,11,14,1,8,15,7,12,5,14,4,14,12,13,15,15,11,0,2,9,13,8,2,4,14,15,12,4,0,2,15,1,13,15,10,8,14,14,7,0,11,4,8,15,4,6,0,14,15,12,6,10,3,6,6,13,5,3,8,13,1,15,5,3,11,12,7,14,6,5,0,8,5,15,14,9,0,1,13,12,10,6,14,426,429,56,447,444,522,514,27,25,29,31,24,31,21,24,18,19,26,27,17,18,18,21,30,28,503,472,474,514,23,481,484,427,430,63,447,425,442,53,437,432,169,178,71,69,75,69,71,64,77,65,70,65,65,79,72,74,74,66,69,75,73,71,77,75
76,71,72,68,76,71,70,64,184,243,15,14,14,416,62,48,418,8,4,9,10,11,14,14,2,12,8,8,11,12,0,15,0,3,10,2,15,6,7,1,13,12,8,13,6,14,13,12,4,13,3,2,3,8,14,12,2,14,3,14,12,0,9,0,8,11,0,4,13,5,3,11,10,5,10,9,5,8,4,6,3,2,3,6,8,2,8,11,15,9,0,10,11,11,15,12,15,6,12,5,11,4,13,10,8,12,5,14,7,428,431,62,447,445,520,516,29,28,17,18,20,31,24,29,20,17,31,23,18,16,21,29,30,17,26,29,27,16,26,483,484,427,429,49,448,445,14,438,442,54,436,432,171,174,74,64,67,74,79,70,78,75,70,73,73,67,74,71,64,77,66,67,65,64,70
79,67,72,77,72,76,69,79,66,154,12,6,11,415,51,50,417,10,15,15,10,4,4,0,5,7,2,15,12,5,13,0,2,9,1,0,1,2,6,6,3,1,4,8,6,2,9,0,10,15,9,0,12,1,5,3,8,8,15,7,10,13,12,8,6,6,11,15,10,10,6,11,0,5,7,14,8,14,13,11,5,8,14,14,6,6,14,13,8,2,1,13,10,15,14,9,2,13,6,15,14,14,3,10,14,7,3,7,427,429,58,447,445,524,516,24,18,20,27,16,22,27,19,30,18,19,29,25,31,30,24,17,25,18,30,17,480,468,471,487,426,430,55,447,444,128,128,3,439,441,49,435,433,177,168,72,66,69,69,72,66,67,76,69,64,76,68,73,67,72,69,71,72,72,79
64,71,69,65,71,66,73,65,162,161,7,2,2,416,48,54,419,10,4,2,6,6,0,5,7,13,8,2,7,13,9,13,3,0,0,7,12,14,8,11,2,12,2,3,2,0,10,0,13,7,7,10,11,11,3,4,0,15,12,4,14,13,11,2,11,3,3,15,5,8,12,7,3,5,0,10,13,2,5,7,15,14,13,10,10,4,10,8,11,10,6,8,0,11,2,5,8,8,13,1,11,10,7,12,10,12,7,426,431,60,448,444,9,462,29,24,18,17,16,23,21,31,23,31,24,25,21,18,28,23,21,31,21,27,21,478,488,7,4,428,431,51,447,444,215,129,129,195,5,439,443,56,437,433,171,172,77,69,78,66,67,67,73,71,76,78,72,69,64,64,66,73,66,64,71
68,64,78,77,71,65,67,156,159,9,6,12,2,414,49,51,417,2,11,4,15,13,2,10,15,6,14,0,11,4,0,4,12,9,1,15,6,0,1,12,5,15,1,12,9,9,2,8,3,7,13,9,0,8,4,5,6,6,8,10,13,12,13,0,0,5,11,10,4,5,7,14,8,14,1,5,13,12,15,5,7,2,10,13,5,9,7,0,14,5,8,5,13,11,4,14,14,0,5,9,9,4,0,4,15,15,428,431,52,449,446,525,477,518,29,31,16,25,17,24,21,31,21,31,26,18,18,23,16,29,23,28,31,21,29,455,10,15,426,429,52,449,445,215,216,130,130,196,200,13,438,443,50,435,432,177,174,69,79,76,70,70,77,70,78,69,74,66,68,68,74,66,73,79,75
70,72,66,75,77,73,156,167,3,9,1,9,3,416,52,55,419,9,5,11,5,7,7,5,12,0,0,13,11,12,7,14,15,9,7,12,1,11,1,1,9,3,0,10,9,3,1,4,9,1,2,1,14,10,10,15,1,9,10,11,13,8,2,2,9,6,7,8,7,9,4,12,11,6,14,12,0,15,13,5,8,12,7,14,3,13,15,5,2,15,15,10,11,13,1,11,0,9,4,15,11,11,12,7,13,427,430,57,447,445,0,461,25,25,22,31,29,21,26,19,31,19,31,24,17,20,20,27,26,22,16,23,23,24,16,455,5,428,430,56,448,444,225,216,217,131,131,197,201,205,14,438,442,48,435,433,175,168,77,72,72,70,74,70,67,68,66,64,73,74,76,69,76,67,79
78,68,76,74,78,158,161,3,1,0,13,128,14,416,58,62,418,8,11,3,7,3,7,6,8,1,6,7,3,4,5,5,14,7,2,0,7,1,6,0,5,11,1,7,13,2,7,8,3,11,10,1,11,3,7,4,3,2,12,13,13,15,4,5,1,15,2,7,15,3,15,3,0,15,1,8,11,12,15,3,11,10,4,3,1,10,3,15,7,11,10,10,5,3,9,5,7,1,4,6,14,0,7,8,426,430,61,448,445,524,473,518,31,31,17,25,29,18,26,17,20,21,17,16,31,22,27,26,20,29,28,28,16,25,478,488,428,431,58,448,444,225,226,217,218,132,132,198,202,206,195,12,438,441,51,435,434,146,74,74,77,67,67,68,72,64,67,79,70,66,64,73,71,65,75
75,76,73,72,162,167,2,13,12,2,220,129,240,416,63,52,418,4,2,11,5,6,9,15,14,1,5,2,0,6,5,4,0,6,5,7,6,10,10,6,0,4,3,11,7,4,11,1,5,5,12,8,5,1,2,5,8,7,4,14,4,7,12,1,8,4,14,4,5,8,10,3,6,8,4,9,14,7,2,13,1,9,6,15,6,11,13,4,11,2,7,14,10,1,7,15,10,15,13,15,9,9,2,427,430,55,449,444,524,516,17,29,23,20,23,27,19,19,26,27,25,22,29,30,30,17,17,31,25,31,25,16,28,482,488,427,430,60,448,444,210,226,227,218,219,67,74,199,203,207,196,195,0,439,442,51,418,147,77,73,65,78,64,74,79,68,66,67,69,64,70,65,79,72,69
79,70,67,162,159,10,4,13,13,230,221,130,241,416,51,53,418,7,7,13,9,15,14,2,13,2,7,2,2,13,13,10,8,11,13,5,6,12,11,7,9,8,5,11,9,1,7,7,2,4,1,3,15,4,11,5,5,10,2,1,13,0,15,14,13,12,15,1,10,6,9,8,5,15,12,6,11,3,5,0,7,11,6,7,11,5,3,7,0,7,14,0,10,2,6,3,15,4,11,15,8,1,428,431,51,447,444,4,460,19,29,27,31,27,18,26,24,22,30,26,24,26,20,16,30,26,29,21,27,18,24,16,480,484,426,429,61,448,446,215,211,227,228,219,75,77,79,71,204,208,197,196,180,13,440,425,446,263,65,76,67,68,78,65,72,76,72,75,74,79,68,73,78,73,78
66,78,156,167,10,9,15,13,215,231,222,131,242,415,54,60,418,6,8,12,3,4,3,6,10,2,4,0,3,4,0,15,14,0,9,11,1,14,6,3,3,14,0,8,5,14,13,5,1,2,2,1,9,13,14,15,9,4,12,11,4,10,5,12,1,7,5,11,2,4,13,10,7,4,3,3,14,7,9,14,15,13,2,7,8,7,3,10,15,14,2,1,1,11,5,10,1,6,5,2,1,427,429,48,449,445,521,476,516,19,18,483,468,467,494,16,17,21,19,25,22,20,18,21,29,26,26,16,26,24,20,481,484,428,431,48,447,444,210,216,212,228,229,79,73,65,73,79,79,209,198,197,181,200,123,128,230,264,74,76,74,68,77,64,72,67,79,71,70,64,70,72,76,64,75
70,156,157,2,12,4,4,210,216,232,223,132,243,414,63,48,418,15,15,7,10,1,10,4,7,10,11,8,4,4,9,14,3,11,12,14,6,6,0,6,6,0,13,11,1,11,13,1,15,4,13,3,9,7,0,9,6,8,2,3,9,9,3,7,5,0,14,7,15,14,0,12,2,1,15,3,4,10,13,5,8,11,12,15,3,13,2,1,5,13,10,4,12,15,8,6,4,13,5,0,426,430,59,448,445,5,463,24,23,17,480,485,4,2,461,30,26,30,16,30,18,20,17,30,478,470,490,16,29,31,481,484,427,430,58,447,445,230,211,217,213,229,66,78,72,72,75,65,68,76,199,198,182,201,124,129,231,265,64,75,73,76,67,67,78,75,67,76,79,65,79,79,78,76,75
166,159,9,5,5,1,230,211,217,233,224,77,144,414,58,55,418,2,11,13,5,7,0,10,6,6,15,8,1,11,15,15,8,0,12,10,12,5,13,8,0,10,4,3,4,15,2,2,1,11,9,10,11,10,9,8,5,5,13,13,0,2,10,7,7,1,5,1,4,1,14,14,6,7,3,4,2,5,2,15,2,3,14,5,7,4,1,15,6,15,12,3,8,5,3,6,8,11,2,427,429,53,447,446,1,3,496,471,469,470,484,9,1,15,501,470,469,469,469,468,470,470,469,469,486,12,501,470,471,467,484,426,429,50,447,445,235,231,212,218,214,69,67,75,69,64,66,73,64,68,67,199,183,202,125,130,232,266,71,64,77,74,69,69,75,70,64,75,75,74,75,65,65,73,70
154,8,12,15,10,230,231,212,218,234,76,72,145,416,56,51,417,1,12,6,15,7,10,12,5,11,11,3,8,2,10,15,5,2,14,13,9,6,0,2,7,12,1,6,7,14,0,11,5,6,428,421,422,422,421,420,420,420,422,420,422,422,422,422,421,422,421,422,420,422,420,421,422,420,421,420,420,420,422,420,422,420,422,420,420,420,420,422,420,421,421,420,421,422,420,422,422,421,422,429,51,53,437,420,420,421,420,421,420,421,420,421,422,421,422,422,421,420,422,420,422,422,420,422,421,420,422,422,422,420,420,430,51,448,446,220,236,232,213,219,75,78,65,73,74,68,73,73,79,66,71,79,184,203,126,131,233,267,73,71,69,79,74,79,79,77,67,67,66,64,65,79,74,70,74
248,7,3,15,230,231,232,213,219,68,66,64,142,415,60,63,418,7,3,0,11,4,15,10,1,7,7,12,0,9,13,9,0,10,0,3,9,9,15,13,0,3,9,15,1,0,8,14,12,428,430,49,60,50,58,54,48,48,58,62,57,50,48,63,53,56,49,58,53,58,62,57,55,58,56,59,63,55,57,49,53,49,59,58,49,51,53,60,60,61,55,52,53,50,49,63,52,55,61,59,54,56,61,53,52,63,61,59,50,56,59,61,56,59,48,49,50,50,51,61,49,55,50,62,48,56,63,48,63,60,48,60,448,444,220,221,237,233,214,76,69,64,73,69,65,69,78,79,66,74,78,69,74,204,127,132,234,76,78,74,70,73,74,64,73,75,77,64,67,68,68,69,67,65,72
249,190,118,235,231,232,233,214,69,72,75,71,143,416,48,58,418,10,10,7,11,4,11,0,15,7,1,12,1,3,11,6,15,12,12,3,5,11,8,10,4,15,8,1,13,12,3,4,428,430,63,447,424,423,425,423,423,423,425,425,424,424,425,425,424,425,423,424,425,423,424,425,423,423,424,424,423,443,50,448,424,425,424,425,424,423,424,424,425,423,425,424,423,425,424,423,424,424,425,425,425,425,423,424,423,425,425,423,424,423,424,425,424,425,425,423,425,424,423,424,424,424,424,423,425,424,423,424,425,423,425,425,445,220,221,222,238,234,78,73,75,72,71,64,76,77,79,78,77,72,64,69,72,78,69,78,64,78,79,76,78,75,76,72,75,72,69,68,64,72,69,68,69,78,74
250,191,119,236,232,233,234,70,72,75,76,66,142,414,61,50,417,13,8,5,13,6,13,4,14,0,12,2,14,1,6,13,15,3,14,12,15,13,12,5,11,5,14,5,2,1,13,427,429,48,447,445,8,133,133,123,133,133,128,108,113,108,118,133,128,133,118,128,123,108,108,108,123,123,108,9,8,415,57,419,11,3,133,113,108,118,128,108,123,118,123,113,113,123,133,123,118,113,118,133,108,123,118,113,123,118,123,133,113,133,123,133,118,108,108,118,118,118,133,133,118,123,123,113,113,133,118,123,113,108,113,108,215,221,222,223,239,74,65,70,73,69,68,79,65,77,71,74,66,79,69,65,70,64,73,73,73,68,73,66,74,75,64,75,69,79,67,78,75,77,79,65,70,70,72
251,192,120,237,233,234,69,69,69,64,67,76,143,415,55,62,435,432,7,4,14,6,8,0,13,11,2,10,8,15,2,4,14,13,11,2,8,8,1,10,15,7,7,7,13,13,426,431,49,447,446,13,235,134,134,124,134,134,129,109,114,109,119,134,129,134,119,129,124,109,109,109,124,124,109,240,9,416,62,418,12,244,134,114,109,119,129,109,124,119,124,114,114,124,134,124,119,114,119,134,109,124,119,114,124,119,124,134,114,134,124,134,119,109,109,119,119,119,134,134,119,124,124,114,114,134,119,124,114,109,114,109,216,222,223,224,76,76,77,71,74,72,78,67,77,66,77,70,76,71,67,64,79,71,77,64,67,79,77,79,70,67,69,74,68,75,73,74,70,76,73,74,68,70,79
252,193,121,238,234,69,74,71,79,65,66,73,154,438,442,60,60,436,433,9,9,4,5,9,9,5,9,15,11,3,3,12,8,13,1,0,2,15,15,9,14,6,8,15,8,426,429,50,448,445,8,215,236,135,135,125,135,135,130,110,115,110,120,135,130,135,120,130,125,110,110,110,125,125,110,241,11,414,54,419,14,245,135,115,110,120,130,110,125,120,125,115,115,125,135,125,120,115,120,135,110,125,120,115,125,120,125,135,115,135,125,135,120,110,110,120,120,120,135,135,120,125,125,115,115,135,120,125,115,110,115,110,217,223,224,68,78,75,66,77,78,74,66,73,79,68,70,78,69,72,75,66,67,69,79,71,68,67,75,78,77,71,73,64,66,69,73,66,67,76,73,77,75,73,74
79,194,122,239,71,77,72,79,64,79,77,72,248,6,438,442,56,53,435,434,15,3,5,12,14,2,12,14,11,11,1,12,5,13,8,15,7,9,0,8,10,4,8,5,426,430,63,447,444,5,235,216,237,136,136,126,136,136,131,111,116,111,121,136,131,136,121,131,126,111,111,111,126,126,111,242,11,414,52,419,5,246,136,116,111,121,131,111,126,121,126,116,116,126,136,126,121,116,121,136,111,126,121,116,126,121,126,136,116,136,126,136,121,111,111,121,121,121,136,136,121,126,126,116,116,136,121,126,116,111,116,111,218,224,77,71,77,78,72,72,71,65,71,76,68,69,68,68,66,74,78,67,77,73,71,66,75,78,70,77,64,74,76,76,79,79,79,78,64,71,76,75,73,78,74
65,65,74,64,68,64,72,73,71,74,70,71,249,200,11,438,441,56,50,435,433,4,8,4,0,0,7,0,10,15,5,2,13,5,15,15,9,9,3,10,6,13,6,427,430,57,449,444,11,215,236,217,238,137,137,127,137,137,132,112,117,112,122,137,132,137,122,132,127,112,112,112,127,127,112,243,11,414,59,418,15,247,137,117,112,122,132,112,127,122,127,117,117,127,137,127,122,117,122,137,112,127,122,117,127,122,127,137,117,137,127,137,122,112,112,122,122,122,137,137,122,127,127,117,117,137,122,127,117,112,117,112,219,65,77,78,65,77,67,78,74,78,72,76,70,69,65,73,77,73,71,65,70,67,65,75,69,71,75,79,76,72,72,73,75,74,68,72,65,74,77,73,78,70,65
73,73,74,77,72,64,72,76,74,65,65,70,250,201,180,13,438,443,62,53,437,432,1,2,6,3,4,3,0,1,1,4,4,10,3,7,1,3,11,3,3,9,428,430,62,449,444,9,215,216,237,218,239,73,71,76,72,76,76,65,70,65,75,71,65,76,72,75,71,64,66,78,67,68,79,142,13,416,54,419,7,150,66,78,72,68,69,76,77,72,75,64,78,71,65,72,66,72,67,69,77,70,79,68,72,73,78,69,76,76,68,75,76,66,66,72,78,71,67,64,76,69,77,71,68,79,72,75,76,76,69,64,66,68,68,73,69,74,75,74,78,71,76,70,76,79,78,73,77,69,65,77,68,78,70,66,74,70,66,72,74,64,75,68,75,78,74,79,66,65,72,76,64,64,79
67,69,75,72,77,68,75,66,75,66,69,74,251,202,181,190,8,438,442,60,59,437,432,7,15,13,8,3,0,11,7,9,3,7,6,6,1,13,0,13,1,427,431,61,449,446,4,210,216,217,238,219,68,78,72,75,67,74,77,68,71,74,73,65,72,69,77,73,75,79,76,68,77,72,77,143,11,416,63,419,4,151,74,75,68,78,69,70,73,76,75,72,72,64,68,65,78,70,75,74,68,73,71,76,74,72,76,66,78,74,76,76,76,71,79,72,67,75,75,64,76,64,74,77,67,71,74,76,78,68,69,73,64,78,66,70,79,64,75,71,72,71,70,73,74,77,77,74,67,73,74,64,70,76,69,76,77,65,75,66,71,73,71,79,65,70,72,68,72,65,67,77,77,78,71
65,78,65,72,78,64,69,73,79,76,65,77,252,203,182,191,180,13,440,443,63,63,437,434,1,6,9,1,3,9,1,14,13,12,9,3,4,9,1,0,426,431,59,449,446,13,235,211,217,218,239,72,73,77,65,75,73,74,77,76,67,74,75,66,77,71,68,75,69,65,72,76,68,76,68,154,1,415,49,417,5,155,68,69,70,68,64,70,79,71,70,68,69,66,64,72,66,66,73,72,75,74,69,78,73,70,70,67,71,74,73,75,64,69,70,65,78,64,73,78,66,76,64,66,75,70,77,77,76,70,72,67,76,72,65,69,70,73,72,73,67,67,77,72,67,76,79,78,77,76,72,79,64,68,77,77,67,79,72,68,77,71,73,70,77,68,79,67,66,76,73,69,74,77,68
